nohup: ignoring input
============================================================
藏语文件翻译处理
严格按照用户需求:
1. 读取藏语文件（支持文本和JSON格式）
2. 使用muban.json作为翻译结果保存格式
3. leixing字段：文本文件为'不明'，JSON文件使用原type
4. 自动加id
5. 藏语原文是tibetan字段，翻译结果是chinese字段
6. 统计条数，时间统一写2025-12-29
7. 保存为JSON格式，和muban.json一样
8. 输出文件命名: '原藏语文件'_result.json
============================================================
使用命令行参数指定的文件: tibetan/oral_kham_026.json

加载文件: tibetan/oral_kham_026.json
成功加载JSON文件: tibetan/oral_kham_026.json
文件类型: oral_kham
藏语句子数量: 4500
总字符数: 248531
文件类型: oral_kham
找到 4500 行需要翻译

创建JSON模板...
创建初始文件...
✓ 初始文件已创建: results/oral_kham_026_result.json
  文件位置: /root/myproj/translate/results/oral_kham_026_result.json

开始翻译...
注意: 翻译过程可能需要较长时间，请耐心等待
首次运行可能会自动下载ChromeDriver
即时保存: 每翻译一条就保存一条到文件
============================================================
初始化翻译器...
检查必要的Python包...
✓ selenium已安装 (版本: 4.39.0)
✓ webdriver-manager已安装
正在自动下载和管理ChromeDriver...
✓ ChromeDriver自动配置成功
✓ WebDriver初始化成功
开始逐条翻译 4500 行...
注意: 只访问一次网页，之后重复使用同一个页面进行翻译
即时保存: 每翻译一条就保存一条到文件
============================================================

[1/4500] 翻译进度: 0.0%
藏语原文: དེ་ཡང་རང་ལ་འབུལ་བའི་ནུས་པ་ཡོད་ན།
页面未初始化，正在初始化...
正在访问: http://222.19.82.141:5002/index-Final.html
翻译页面加载成功
页面初始化完成

开始翻译流程 (尝试 1/2):
========================================
步骤1: 输入藏语文本...
已输入藏语文本: དེ་ཡང་རང་ལ་འབུལ་བའི་ནུས་པ་ཡོད་ན།
✓ 文本输入成功
步骤2: 点击智能翻译按钮...
已点击智能翻译按钮
✓ 翻译按钮点击成功
步骤3: 等待翻译处理 (4秒) - 第一次翻译，等待更长时间确保成功...
✓ 翻译处理完成
步骤4: 获取翻译结果...
翻译结果: 只要自己有能力。
✓ 翻译结果获取成功
✓ 第一次翻译成功完成，后续翻译将使用正常等待时间
========================================
✓ 翻译成功
汉语结果: 只要自己有能力。
✓ 已保存到文件: 1/4500 条

[2/4500] 翻译进度: 0.0%
藏语原文: ངེད་རྣམས་ལུས་ངན་འདི་ལྟ་བུ་བླངས་པས་ངོ་ཚ་ནས་འོང་མི་ཕ...

开始翻译流程 (尝试 1/2):
========================================
步骤1: 输入藏语文本...
已输入藏语文本: ངེད་རྣམས་ལུས་ངན་འདི་ལྟ་བུ་བླངས་པས་ངོ་ཚ་ནས་འོང་མི་ཕོད་པར་འདུག་ཟེར།
✓ 文本输入成功
步骤2: 点击智能翻译按钮...
已点击智能翻译按钮
✓ 翻译按钮点击成功
步骤3: 等待翻译处理 (0.5秒) - 后续翻译，等待0.5秒...
✓ 翻译处理完成
步骤4: 获取翻译结果...
翻译结果: 我们生了这么坏的身体，不敢见人了
✓ 翻译结果获取成功
========================================
✓ 翻译成功
汉语结果: 我们生了这么坏的身体，不敢见人了
✓ 已保存到文件: 2/4500 条

[3/4500] 翻译进度: 0.1%
藏语原文: དབུས་ཕྱོགས་མཐར་དང་བྲལ་བའི་ཞིང་ཁམས་སུ་ཏ་ཐཱ་ག་ཏ་ཤྲཱི...

开始翻译流程 (尝试 1/2):
========================================
步骤1: 输入藏语文本...
已输入藏语文本: དབུས་ཕྱོགས་མཐར་དང་བྲལ་བའི་ཞིང་ཁམས་སུ་ཏ་ཐཱ་ག་ཏ་ཤྲཱི་བི་རོ་ཙ་ན་ལ་སོགས་པ་དེ་བཞིན་རིགས་ཀྱི་རྒྱལ་བ་མང་པོ་རྣམས་ལས།
✓ 文本输入成功
步骤2: 点击智能翻译按钮...
已点击智能翻译按钮
✓ 翻译按钮点击成功
步骤3: 等待翻译处理 (0.5秒) - 后续翻译，等待0.5秒...
✓ 翻译处理完成
步骤4: 获取翻译结果...
翻译结果: 在中
✓ 翻译结果获取成功
========================================
✓ 翻译成功
汉语结果: 在中
✓ 已保存到文件: 3/4500 条

[4/4500] 翻译进度: 0.1%
藏语原文: ནངས་པར་རྟོགས་པ་སྐྱེས་ཏེ་མཚོ་ཀུ་ཏྲིའི་འགྲམ་དུ་ཁྲུས་...

开始翻译流程 (尝试 1/2):
========================================
步骤1: 输入藏语文本...
已输入藏语文本: ནངས་པར་རྟོགས་པ་སྐྱེས་ཏེ་མཚོ་ཀུ་ཏྲིའི་འགྲམ་དུ་ཁྲུས་བྱས་ནས་འདུག་པ་ལ།
✓ 文本输入成功
步骤2: 点击智能翻译按钮...
已点击智能翻译按钮
✓ 翻译按钮点击成功
步骤3: 等待翻译处理 (0.5秒) - 后续翻译，等待0.5秒...
✓ 翻译处理完成
步骤4: 获取翻译结果...
翻译结果: 第二天早上，神思恍惚
✓ 翻译结果获取成功
========================================
✓ 翻译成功
汉语结果: 第二天早上，神思恍惚
✓ 已保存到文件: 4/4500 条

[5/4500] 翻译进度: 0.1%
藏语原文: ལོ་ཆེན་བེ་རོ་ཙ་ན་རྣམས་ཀྱིས་ཞུས་པ་སྟེ།

开始翻译流程 (尝试 1/2):
========================================
步骤1: 输入藏语文本...
已输入藏语文本: ལོ་ཆེན་བེ་རོ་ཙ་ན་རྣམས་ཀྱིས་ཞུས་པ་སྟེ།
✓ 文本输入成功
步骤2: 点击智能翻译按钮...
已点击智能翻译按钮
✓ 翻译按钮点击成功
步骤3: 等待翻译处理 (0.5秒) - 后续翻译，等待0.5秒...
✓ 翻译处理完成
步骤4: 获取翻译结果...
翻译结果: 大年叶阔罗札那说。
✓ 翻译结果获取成功
========================================
✓ 翻译成功
汉语结果: 大年叶阔罗札那说。
✓ 已保存到文件: 5/4500 条

[6/4500] 翻译进度: 0.1%
藏语原文: དང་པོ་ཀ་ཁ་ག་ང་ནས་བརྩམས་ཏེ་ཡི་གེའི་ཀློག་སྦྱང་ཚུན་ཆད...

开始翻译流程 (尝试 1/2):
========================================
步骤1: 输入藏语文本...
已输入藏语文本: དང་པོ་ཀ་ཁ་ག་ང་ནས་བརྩམས་ཏེ་ཡི་གེའི་ཀློག་སྦྱང་ཚུན་ཆད་ཕལ་པའི་གང་ཟག་རྣམས་དང་ཁྱད་མེད་དུ་སློབ་དགོས་ཀྱིན་འདུག་པས།
✓ 文本输入成功
步骤2: 点击智能翻译按钮...
已点击智能翻译按钮
✓ 翻译按钮点击成功
步骤3: 等待翻译处理 (0.5秒) - 后续翻译，等待0.5秒...
✓ 翻译处理完成
步骤4: 获取翻译结果...
翻译结果: 从甲乙丙丁学起，凡在字母上不及格者与普通人无异。
✓ 翻译结果获取成功
========================================
✓ 翻译成功
汉语结果: 从甲乙丙丁学起，凡在字母上不及格者与普通人无异。
✓ 已保存到文件: 6/4500 条

[7/4500] 翻译进度: 0.2%
藏语原文: གང་ལྟར་ཡང་གཞན་རྣམས་དང་ཅུང་ཟད་མི་འདྲ་ཙམ་འདུག་པས།

开始翻译流程 (尝试 1/2):
========================================
步骤1: 输入藏语文本...
已输入藏语文本: གང་ལྟར་ཡང་གཞན་རྣམས་དང་ཅུང་ཟད་མི་འདྲ་ཙམ་འདུག་པས།
✓ 文本输入成功
步骤2: 点击智能翻译按钮...
已点击智能翻译按钮
✓ 翻译按钮点击成功
步骤3: 等待翻译处理 (0.5秒) - 后续翻译，等待0.5秒...
✓ 翻译处理完成
步骤4: 获取翻译结果...
翻译结果: 总是和别人有些不一样
✓ 翻译结果获取成功
========================================
✓ 翻译成功
汉语结果: 总是和别人有些不一样
✓ 已保存到文件: 7/4500 条

[8/4500] 翻译进度: 0.2%
藏语原文: དེས་ན་གཞན་ཤི་བོ་དང་འཆི་ཁ་མ་ལ་གདབ་པ་དང་རང་ཉིད་འཆི་བ...

开始翻译流程 (尝试 1/2):
========================================
步骤1: 输入藏语文本...
已输入藏语文本: དེས་ན་གཞན་ཤི་བོ་དང་འཆི་ཁ་མ་ལ་གདབ་པ་དང་རང་ཉིད་འཆི་བའི་ཚེ་ལས་ལ་སྦྱར་བའི་དུས་འདི་མི་དགོས།
✓ 文本输入成功
步骤2: 点击智能翻译按钮...
已点击智能翻译按钮
✓ 翻译按钮点击成功
步骤3: 等待翻译处理 (0.5秒) - 后续翻译，等待0.5秒...
✓ 翻译处理完成
步骤4: 获取翻译结果...
翻译结果: 那就没有了为别人送终，去为自己去世留个面子的时候。
✓ 翻译结果获取成功
========================================
✓ 翻译成功
汉语结果: 那就没有了为别人送终，去为自己去世留个面子的时候。
✓ 已保存到文件: 8/4500 条

[9/4500] 翻译进度: 0.2%
藏语原文: སྐྱོན་མཚང་དེ་དག་རང་ལ་ཡོད་དམ་མེད་ལེགས་པར་བརྟག་པ་ཡོད...

开始翻译流程 (尝试 1/2):
========================================
步骤1: 输入藏语文本...
已输入藏语文本: སྐྱོན་མཚང་དེ་དག་རང་ལ་ཡོད་དམ་མེད་ལེགས་པར་བརྟག་པ་ཡོད་པར་འདུག་ན་སྐྱོན་ངོས་བཟུང་།
✓ 文本输入成功
步骤2: 点击智能翻译按钮...
已点击智能翻译按钮
✓ 翻译按钮点击成功
步骤3: 等待翻译处理 (0.5秒) - 后续翻译，等待0.5秒...
✓ 翻译处理完成
步骤4: 获取翻译结果...
翻译结果: 好好想想，看看自己身上有没有这些毛病。
✓ 翻译结果获取成功
========================================
✓ 翻译成功
汉语结果: 好好想想，看看自己身上有没有这些毛病。
✓ 已保存到文件: 9/4500 条

[10/4500] 翻译进度: 0.2%
藏语原文: དོན་བཟང་རང་གསལ་ཁྲོ་མེད་སློབ་དཔོན་ཡིན།

开始翻译流程 (尝试 1/2):
========================================
步骤1: 输入藏语文本...
已输入藏语文本: དོན་བཟང་རང་གསལ་ཁྲོ་མེད་སློབ་དཔོན་ཡིན།
✓ 文本输入成功
步骤2: 点击智能翻译按钮...
已点击智能翻译按钮
✓ 翻译按钮点击成功
步骤3: 等待翻译处理 (0.5秒) - 后续翻译，等待0.5秒...
✓ 翻译处理完成
步骤4: 获取翻译结果...
翻译结果: 善举自明无怒是善导师。
✓ 翻译结果获取成功
========================================
✓ 翻译成功
汉语结果: 善举自明无怒是善导师。
✓ 已保存到文件: 10/4500 条

[11/4500] 翻译进度: 0.2%
藏语原文: མདུན་དུ་གང་རང་ལ་སྡང་བར་བྱེད་པའི་དགྲ།

开始翻译流程 (尝试 1/2):
========================================
步骤1: 输入藏语文本...
已输入藏语文本: མདུན་དུ་གང་རང་ལ་སྡང་བར་བྱེད་པའི་དགྲ།
✓ 文本输入成功
步骤2: 点击智能翻译按钮...
已点击智能翻译按钮
✓ 翻译按钮点击成功
步骤3: 等待翻译处理 (0.5秒) - 后续翻译，等待0.5秒...
✓ 翻译处理完成
步骤4: 获取翻译结果...
翻译结果: 面对憎恨自己的敌人
✓ 翻译结果获取成功
========================================
✓ 翻译成功
汉语结果: 面对憎恨自己的敌人
✓ 已保存到文件: 11/4500 条

[12/4500] 翻译进度: 0.3%
藏语原文: ནང་བཅུད་ཀྱི་རྡོ་རྗེ་སེམས་དཔའ་ཐམས་ཅད་ཀྱང་རང་གཙོ་བོ་...

开始翻译流程 (尝试 1/2):
========================================
步骤1: 输入藏语文本...
已输入藏语文本: ནང་བཅུད་ཀྱི་རྡོ་རྗེ་སེམས་དཔའ་ཐམས་ཅད་ཀྱང་རང་གཙོ་བོ་རྡོ་རྗེ་སེམས་དཔའ་ལ་ཐིམ།
✓ 文本输入成功
步骤2: 点击智能翻译按钮...
已点击智能翻译按钮
✓ 翻译按钮点击成功
步骤3: 等待翻译处理 (0.5秒) - 后续翻译，等待0.5秒...
✓ 翻译处理完成
步骤4: 获取翻译结果...
翻译结果: 一切内在的菩萨都归入菩萨本体。
✓ 翻译结果获取成功
========================================
✓ 翻译成功
汉语结果: 一切内在的菩萨都归入菩萨本体。
✓ 已保存到文件: 12/4500 条

[13/4500] 翻译进度: 0.3%
藏语原文: ན་མ་མཁའ་ལ་འཕགས་ཏེ་འདུག་པ་དང་།

开始翻译流程 (尝试 1/2):
========================================
步骤1: 输入藏语文本...
已输入藏语文本: ན་མ་མཁའ་ལ་འཕགས་ཏེ་འདུག་པ་དང་།
✓ 文本输入成功
步骤2: 点击智能翻译按钮...
已点击智能翻译按钮
✓ 翻译按钮点击成功
步骤3: 等待翻译处理 (0.5秒) - 后续翻译，等待0.5秒...
✓ 翻译处理完成
步骤4: 获取翻译结果...
翻译结果: 娜玛在空中飘荡着
✓ 翻译结果获取成功
========================================
✓ 翻译成功
汉语结果: 娜玛在空中飘荡着
✓ 已保存到文件: 13/4500 条

[14/4500] 翻译进度: 0.3%
藏语原文: བཅོམ་ལྡན་འད་ས་ཀྱི་སྤྱན་སྔར་འདུག་སྟེ།

开始翻译流程 (尝试 1/2):
========================================
步骤1: 输入藏语文本...
已输入藏语文本: བཅོམ་ལྡན་འད་ས་ཀྱི་སྤྱན་སྔར་འདུག་སྟེ།
✓ 文本输入成功
步骤2: 点击智能翻译按钮...
已点击智能翻译按钮
✓ 翻译按钮点击成功
步骤3: 等待翻译处理 (0.5秒) - 后续翻译，等待0.5秒...
✓ 翻译处理完成
步骤4: 获取翻译结果...
翻译结果: 
✗ 翻译结果获取失败
   将重试...

开始翻译流程 (尝试 2/2):
========================================
步骤1: 输入藏语文本...
已输入藏语文本: བཅོམ་ལྡན་འད་ས་ཀྱི་སྤྱན་སྔར་འདུག་སྟེ།
✓ 文本输入成功
步骤2: 点击智能翻译按钮...
已点击智能翻译按钮
✓ 翻译按钮点击成功
步骤3: 等待翻译处理 (0.5秒) - 后续翻译，等待0.5秒...
✓ 翻译处理完成
步骤4: 获取翻译结果...
翻译结果: 在佛前。
✓ 翻译结果获取成功
========================================
✓ 翻译成功
汉语结果: 在佛前。
✓ 已保存到文件: 14/4500 条

[15/4500] 翻译进度: 0.3%
藏语原文: བཅོམ་ལྡན་འད་ས་ལ་བསིལ་ཡབ་གཡོབ་པར་བྱེད་བཞིན་དུ་འདུག་...

开始翻译流程 (尝试 1/2):
========================================
步骤1: 输入藏语文本...
已输入藏语文本: བཅོམ་ལྡན་འད་ས་ལ་བསིལ་ཡབ་གཡོབ་པར་བྱེད་བཞིན་དུ་འདུག་གོ།
✓ 文本输入成功
步骤2: 点击智能翻译按钮...
已点击智能翻译按钮
✓ 翻译按钮点击成功
步骤3: 等待翻译处理 (0.5秒) - 后续翻译，等待0.5秒...
✓ 翻译处理完成
步骤4: 获取翻译结果...
翻译结果: 佛陀
✓ 翻译结果获取成功
========================================
✓ 翻译成功
汉语结果: 佛陀
✓ 已保存到文件: 15/4500 条

[16/4500] 翻译进度: 0.4%
藏语原文: ས་ར་ས་ར་ས་མནྟ་བེ་རོ་ཙ་ན།

开始翻译流程 (尝试 1/2):
========================================
步骤1: 输入藏语文本...
已输入藏语文本: ས་ར་ས་ར་ས་མནྟ་བེ་རོ་ཙ་ན།
✓ 文本输入成功
步骤2: 点击智能翻译按钮...
已点击智能翻译按钮
✓ 翻译按钮点击成功
步骤3: 等待翻译处理 (0.5秒) - 后续翻译，等待0.5秒...
✓ 翻译处理完成
步骤4: 获取翻译结果...
翻译结果: 
✗ 翻译结果获取失败
   将重试...

开始翻译流程 (尝试 2/2):
========================================
步骤1: 输入藏语文本...
已输入藏语文本: ས་ར་ས་ར་ས་མནྟ་བེ་རོ་ཙ་ན།
✓ 文本输入成功
步骤2: 点击智能翻译按钮...
已点击智能翻译按钮
✓ 翻译按钮点击成功
步骤3: 等待翻译处理 (0.5秒) - 后续翻译，等待0.5秒...
✓ 翻译处理完成
步骤4: 获取翻译结果...
翻译结果: 
✗ 翻译结果获取失败
========================================
✗ 翻译失败，跳过此行
✓ 已保存到文件: 16/4500 条

[17/4500] 翻译进度: 0.4%
藏语原文: བཅོམ་ལྡན་འད་ས་ཀྱི་སྤྱན་སྔར་འདུག་སྟེ།

开始翻译流程 (尝试 1/2):
========================================
步骤1: 输入藏语文本...
已输入藏语文本: བཅོམ་ལྡན་འད་ས་ཀྱི་སྤྱན་སྔར་འདུག་སྟེ།
✓ 文本输入成功
步骤2: 点击智能翻译按钮...
已点击智能翻译按钮
✓ 翻译按钮点击成功
步骤3: 等待翻译处理 (0.5秒) - 后续翻译，等待0.5秒...
✓ 翻译处理完成
步骤4: 获取翻译结果...
翻译结果: 在佛前。
✓ 翻译结果获取成功
========================================
✓ 翻译成功
汉语结果: 在佛前。
✓ 已保存到文件: 17/4500 条

[18/4500] 翻译进度: 0.4%
藏语原文: སྐད་ཅིག་ཡུད་ཙམ་ཐང་ཅིག་དེ་ལ་ཀླུའི་རྒྱལ་པོ་རྒྱ་མཚོ་བ...

开始翻译流程 (尝试 1/2):
========================================
步骤1: 输入藏语文本...
已输入藏语文本: སྐད་ཅིག་ཡུད་ཙམ་ཐང་ཅིག་དེ་ལ་ཀླུའི་རྒྱལ་པོ་རྒྱ་མཚོ་བྲམ་ཟེའི་གཟུགས་ཀྱིས་ཀླུའི་མཚོར་ཉེ་བར་འདུག་སྟེ།
✓ 文本输入成功
步骤2: 点击智能翻译按钮...
已点击智能翻译按钮
✓ 翻译按钮点击成功
步骤3: 等待翻译处理 (0.5秒) - 后续翻译，等待0.5秒...
✓ 翻译处理完成
步骤4: 获取翻译结果...
翻译结果: 
✗ 翻译结果获取失败
   将重试...

开始翻译流程 (尝试 2/2):
========================================
步骤1: 输入藏语文本...
已输入藏语文本: སྐད་ཅིག་ཡུད་ཙམ་ཐང་ཅིག་དེ་ལ་ཀླུའི་རྒྱལ་པོ་རྒྱ་མཚོ་བྲམ་ཟེའི་གཟུགས་ཀྱིས་ཀླུའི་མཚོར་ཉེ་བར་འདུག་སྟེ།
✓ 文本输入成功
步骤2: 点击智能翻译按钮...
已点击智能翻译按钮
✓ 翻译按钮点击成功
步骤3: 等待翻译处理 (0.5秒) - 后续翻译，等待0.5秒...
✓ 翻译处理完成
步骤4: 获取翻译结果...
获取翻译结果时出错: Message: tab crashed
  (Session info: chrome=143.0.7499.169)

✗ 翻译结果获取失败
========================================
✗ 翻译失败，跳过此行
✓ 已保存到文件: 18/4500 条

[19/4500] 翻译进度: 0.4%
藏语原文: གང་ཞིག་དུས་གསུམ་པའི་དེ་བཞིན་གཤེགས་པ་མཆོད་ཅིང་།

开始翻译流程 (尝试 1/2):
========================================
步骤1: 输入藏语文本...
输入文本时出错: Message: tab crashed
  (Session info: chrome=143.0.7499.169)

✗ 输入文本失败

开始翻译流程 (尝试 2/2):
========================================
步骤1: 输入藏语文本...
输入文本时出错: Message: tab crashed
  (Session info: chrome=143.0.7499.169)

✗ 输入文本失败
========================================
✗ 翻译失败，跳过此行
✓ 已保存到文件: 19/4500 条

[20/4500] 翻译进度: 0.4%
藏语原文: དེ་བཞིན་གཤེགས་པ་སྣང་བ་མཐའ་ཡས་ཀྱི་སྤྱན་སྔར་འདུག་པར་...

开始翻译流程 (尝试 1/2):
========================================
步骤1: 输入藏语文本...
输入文本时出错: Message: tab crashed
  (Session info: chrome=143.0.7499.169)

✗ 输入文本失败

开始翻译流程 (尝试 2/2):
========================================
步骤1: 输入藏语文本...
输入文本时出错: Message: tab crashed
  (Session info: chrome=143.0.7499.169)

✗ 输入文本失败
========================================
✗ 翻译失败，跳过此行
✓ 已保存到文件: 20/4500 条

[21/4500] 翻译进度: 0.5%
藏语原文: ཨོཾ་པདྨོ་ལོ་ཙ་ནེ་ཧུ་རུ་ཧཱུྃ།

开始翻译流程 (尝试 1/2):
========================================
步骤1: 输入藏语文本...
输入文本时出错: Message: tab crashed
  (Session info: chrome=143.0.7499.169)

✗ 输入文本失败

开始翻译流程 (尝试 2/2):
========================================
步骤1: 输入藏语文本...
输入文本时出错: Message: tab crashed
  (Session info: chrome=143.0.7499.169)

✗ 输入文本失败
========================================
✗ 翻译失败，跳过此行
✓ 已保存到文件: 21/4500 条

[22/4500] 翻译进度: 0.5%
藏语原文: རྒྱན་ཐམས་ཅད་ཀྱིས་བརྒྱན་པ་པདྨ་དང་ཟླ་བའི་གད་ན་ལ་རྒྱལ...

开始翻译流程 (尝试 1/2):
========================================
步骤1: 输入藏语文本...
输入文本时出错: Message: tab crashed
  (Session info: chrome=143.0.7499.169)

✗ 输入文本失败

开始翻译流程 (尝试 2/2):
========================================
步骤1: 输入藏语文本...
输入文本时出错: Message: tab crashed
  (Session info: chrome=143.0.7499.169)

✗ 输入文本失败
========================================
✗ 翻译失败，跳过此行
✓ 已保存到文件: 22/4500 条

[23/4500] 翻译进度: 0.5%
藏语原文: དེའི་རྗེས་ལ་འཁོར་མང་པོའི་ད་བུས་དེ་ཉིད་དུ་འདུག་སྟེ།

开始翻译流程 (尝试 1/2):
========================================
步骤1: 输入藏语文本...
输入文本时出错: Message: tab crashed
  (Session info: chrome=143.0.7499.169)

✗ 输入文本失败

开始翻译流程 (尝试 2/2):
========================================
步骤1: 输入藏语文本...
输入文本时出错: Message: tab crashed
  (Session info: chrome=143.0.7499.169)

✗ 输入文本失败
========================================
✗ 翻译失败，跳过此行
✓ 已保存到文件: 23/4500 条

[24/4500] 翻译进度: 0.5%
藏语原文: བཱ་༢༢ཙ་ན་སཱ་དྷ་ཡ།

开始翻译流程 (尝试 1/2):
========================================
步骤1: 输入藏语文本...
输入文本时出错: Message: tab crashed
  (Session info: chrome=143.0.7499.169)

✗ 输入文本失败

开始翻译流程 (尝试 2/2):
========================================
步骤1: 输入藏语文本...
输入文本时出错: Message: tab crashed
  (Session info: chrome=143.0.7499.169)

✗ 输入文本失败
========================================
✗ 翻译失败，跳过此行
✓ 已保存到文件: 24/4500 条

[25/4500] 翻译进度: 0.6%
藏语原文: དེར་འདུག་པར་བྱའོ་། ག་ཙང་མར་མཚམས་ལེགས་པར་བྱའོ།

开始翻译流程 (尝试 1/2):
========================================
步骤1: 输入藏语文本...
输入文本时出错: Message: tab crashed
  (Session info: chrome=143.0.7499.169)

✗ 输入文本失败

开始翻译流程 (尝试 2/2):
========================================
步骤1: 输入藏语文本...
输入文本时出错: Message: tab crashed
  (Session info: chrome=143.0.7499.169)

✗ 输入文本失败
========================================
✗ 翻译失败，跳过此行
✓ 已保存到文件: 25/4500 条

[26/4500] 翻译进度: 0.6%
藏语原文: ན་ད་མེད་པར་འདོད་པ་དེས་དོན་ཡོད་པའི་ཞགས་པ་ཐོགས་པའི་ལ...

开始翻译流程 (尝试 1/2):
========================================
步骤1: 输入藏语文本...
输入文本时出错: Message: tab crashed
  (Session info: chrome=143.0.7499.169)

✗ 输入文本失败

开始翻译流程 (尝试 2/2):
========================================
步骤1: 输入藏语文本...
输入文本时出错: Message: tab crashed
  (Session info: chrome=143.0.7499.169)

✗ 输入文本失败
========================================
✗ 翻译失败，跳过此行
✓ 已保存到文件: 26/4500 条

[27/4500] 翻译进度: 0.6%
藏语原文: རྡོ་རྗེ་ཐོགས་པའི་ལག་པ་ལ་བལྟས་ཏེ་འདུག་པར་བྱའོ།

开始翻译流程 (尝试 1/2):
========================================
步骤1: 输入藏语文本...
输入文本时出错: Message: tab crashed
  (Session info: chrome=143.0.7499.169)

✗ 输入文本失败

开始翻译流程 (尝试 2/2):
========================================
步骤1: 输入藏语文本...
输入文本时出错: Message: tab crashed
  (Session info: chrome=143.0.7499.169)

✗ 输入文本失败
========================================
✗ 翻译失败，跳过此行
✓ 已保存到文件: 27/4500 条

[28/4500] 翻译进度: 0.6%
藏语原文: རྡོ་རྗེ་ཅན་གྱི་གཏུ་ན་ཤིང་ཐོགས་པའི་ལག་པ་ལ་བལྟས་ཏེ་འ...

开始翻译流程 (尝试 1/2):
========================================
步骤1: 输入藏语文本...
输入文本时出错: Message: tab crashed
  (Session info: chrome=143.0.7499.169)

✗ 输入文本失败

开始翻译流程 (尝试 2/2):
========================================
步骤1: 输入藏语文本...
输入文本时出错: Message: tab crashed
  (Session info: chrome=143.0.7499.169)

✗ 输入文本失败
========================================
✗ 翻译失败，跳过此行
✓ 已保存到文件: 28/4500 条

[29/4500] 翻译进度: 0.6%
藏语原文: ཕུབ་ཐོགས་པའི་ལག་པ་ལ་བལྟས་ཏེ་འདུག་པར་བྱའོ་། སུ་ཕྱོག...

开始翻译流程 (尝试 1/2):
========================================
步骤1: 输入藏语文本...
输入文本时出错: Message: tab crashed
  (Session info: chrome=143.0.7499.169)

✗ 输入文本失败

开始翻译流程 (尝试 2/2):
========================================
步骤1: 输入藏语文本...
输入文本时出错: Message: tab crashed
  (Session info: chrome=143.0.7499.169)

✗ 输入文本失败
========================================
✗ 翻译失败，跳过此行
✓ 已保存到文件: 29/4500 条

[30/4500] 翻译进度: 0.7%
藏语原文: ད་གྲ་སྟ་ཐོགས་པའི་ལག་པ་ལ་བལྟས་ཏེ་འདུག་པར་བྱའོ་། སུ་...

开始翻译流程 (尝试 1/2):
========================================
步骤1: 输入藏语文本...
输入文本时出错: Message: tab crashed
  (Session info: chrome=143.0.7499.169)

✗ 输入文本失败

开始翻译流程 (尝试 2/2):
========================================
步骤1: 输入藏语文本...
输入文本时出错: Message: tab crashed
  (Session info: chrome=143.0.7499.169)

✗ 输入文本失败
========================================
✗ 翻译失败，跳过此行
✓ 已保存到文件: 30/4500 条

[31/4500] 翻译进度: 0.7%
藏语原文: པབྨ་ད་ཀར་པོ་ཐོགས་པའི་ལག་པ་ལ་བལྟས་ཏེ་འདུག་པར་བྱའོ།

开始翻译流程 (尝试 1/2):
========================================
步骤1: 输入藏语文本...
输入文本时出错: Message: tab crashed
  (Session info: chrome=143.0.7499.169)

✗ 输入文本失败

开始翻译流程 (尝试 2/2):
========================================
步骤1: 输入藏语文本...
输入文本时出错: Message: tab crashed
  (Session info: chrome=143.0.7499.169)

✗ 输入文本失败
========================================
✗ 翻译失败，跳过此行
✓ 已保存到文件: 31/4500 条

[32/4500] 翻译进度: 0.7%
藏语原文: པདྨ་སྔོན་པོ་ཐོགས་པའི་ལག་པ་ལ་བལྟས་ཏེ་འདུག་པར་བྱའོ།

开始翻译流程 (尝试 1/2):
========================================
步骤1: 输入藏语文本...
输入文本时出错: Message: tab crashed
  (Session info: chrome=143.0.7499.169)

✗ 输入文本失败

开始翻译流程 (尝试 2/2):
========================================
步骤1: 输入藏语文本...
输入文本时出错: Message: tab crashed
  (Session info: chrome=143.0.7499.169)

✗ 输入文本失败
========================================
✗ 翻译失败，跳过此行
✓ 已保存到文件: 32/4500 条

[33/4500] 翻译进度: 0.7%
藏语原文: པདྨ་ཐོགས་པའི་ལག་པ་ལ་བལྟས་ཏེ་འདུག་པར་བྱའོ།

开始翻译流程 (尝试 1/2):
========================================
步骤1: 输入藏语文本...
输入文本时出错: Message: tab crashed
  (Session info: chrome=143.0.7499.169)

✗ 输入文本失败

开始翻译流程 (尝试 2/2):
========================================
步骤1: 输入藏语文本...
输入文本时出错: Message: tab crashed
  (Session info: chrome=143.0.7499.169)

✗ 输入文本失败
========================================
✗ 翻译失败，跳过此行
✓ 已保存到文件: 33/4500 条

[34/4500] 翻译进度: 0.8%
藏语原文: ཚོན་སྣ་ལྔའི་སྤྲིན་ཐོགས་པའི་ལག་པ་ལ་བལྟས་ཏེ་འདུག་པར་...

开始翻译流程 (尝试 1/2):
========================================
步骤1: 输入藏语文本...
输入文本时出错: Message: tab crashed
  (Session info: chrome=143.0.7499.169)

✗ 输入文本失败

开始翻译流程 (尝试 2/2):
========================================
步骤1: 输入藏语文本...
输入文本时出错: Message: tab crashed
  (Session info: chrome=143.0.7499.169)

✗ 输入文本失败
========================================
✗ 翻译失败，跳过此行
✓ 已保存到文件: 34/4500 条

[35/4500] 翻译进度: 0.8%
藏语原文: ༩༢པའི་ལག་པ་ལ་བལྟས་ཏེ་འདུག་པར་བྱའོ།

开始翻译流程 (尝试 1/2):
========================================
步骤1: 输入藏语文本...
输入文本时出错: Message: tab crashed
  (Session info: chrome=143.0.7499.169)

✗ 输入文本失败

开始翻译流程 (尝试 2/2):
========================================
步骤1: 输入藏语文本...
输入文本时出错: Message: tab crashed
  (Session info: chrome=143.0.7499.169)

✗ 输入文本失败
========================================
✗ 翻译失败，跳过此行
✓ 已保存到文件: 35/4500 条

[36/4500] 翻译进度: 0.8%
藏语原文: དུང་ཐོགས་པའི་ལག་པ་ལ་བལྟས་ཏེ་འདུག་པར་བྱའོ།

开始翻译流程 (尝试 1/2):
========================================
步骤1: 输入藏语文本...
输入文本时出错: Message: tab crashed
  (Session info: chrome=143.0.7499.169)

✗ 输入文本失败

开始翻译流程 (尝试 2/2):
========================================
步骤1: 输入藏语文本...
输入文本时出错: Message: tab crashed
  (Session info: chrome=143.0.7499.169)

✗ 输入文本失败
========================================
✗ 翻译失败，跳过此行
✓ 已保存到文件: 36/4500 条

[37/4500] 翻译进度: 0.8%
藏语原文: ཁྲིའི་ཟུར་ཤིང་ལྟ་བུ་ཐོགས་པའི་ལག་པ་ལ་བལྟས་ཏེ་འདུག་པ...

开始翻译流程 (尝试 1/2):
========================================
步骤1: 输入藏语文本...
输入文本时出错: Message: tab crashed
  (Session info: chrome=143.0.7499.169)

✗ 输入文本失败

开始翻译流程 (尝试 2/2):
========================================
步骤1: 输入藏语文本...
输入文本时出错: Message: tab crashed
  (Session info: chrome=143.0.7499.169)

✗ 输入文本失败
========================================
✗ 翻译失败，跳过此行
✓ 已保存到文件: 37/4500 条

[38/4500] 翻译进度: 0.8%
藏语原文: བགྲང་བའི་ནོར་བུ་ཐོགས་པའི་ལ་ག་པ་ལ་བལྟས་ཏེ་འདུག་པར་བ...

开始翻译流程 (尝试 1/2):
========================================
步骤1: 输入藏语文本...
输入文本时出错: Message: tab crashed
  (Session info: chrome=143.0.7499.169)

✗ 输入文本失败

开始翻译流程 (尝试 2/2):
========================================
步骤1: 输入藏语文本...
输入文本时出错: Message: tab crashed
  (Session info: chrome=143.0.7499.169)

✗ 输入文本失败
========================================
✗ 翻译失败，跳过此行
✓ 已保存到文件: 38/4500 条

[39/4500] 翻译进度: 0.9%
藏语原文: ལྕགས་ཀྱུ་ཐོགས་པའི་ལག་པ་ལ་བལྟས་ཏེ་འདུག་པར་བྱའོ།

开始翻译流程 (尝试 1/2):
========================================
步骤1: 输入藏语文本...
输入文本时出错: Message: tab crashed
  (Session info: chrome=143.0.7499.169)

✗ 输入文本失败

开始翻译流程 (尝试 2/2):
========================================
步骤1: 输入藏语文本...
输入文本时出错: Message: tab crashed
  (Session info: chrome=143.0.7499.169)

✗ 输入文本失败
========================================
✗ 翻译失败，跳过此行
✓ 已保存到文件: 39/4500 条

[40/4500] 翻译进度: 0.9%
藏语原文: འཁར་གསིལ་ཐོགས་པའི་ལག་པ་ལ་བལྟས་ཏེ་འདུག་པར་བྱའོ།

开始翻译流程 (尝试 1/2):
========================================
步骤1: 输入藏语文本...
输入文本时出错: Message: tab crashed
  (Session info: chrome=143.0.7499.169)

✗ 输入文本失败

开始翻译流程 (尝试 2/2):
========================================
步骤1: 输入藏语文本...
输入文本时出错: Message: tab crashed
  (Session info: chrome=143.0.7499.169)

✗ 输入文本失败
========================================
✗ 翻译失败，跳过此行
✓ 已保存到文件: 40/4500 条

[41/4500] 翻译进度: 0.9%
藏语原文: སྤྲུལ་པའི་གཞལ་མེད་ཁང་ཐོགས་པའི་ལག་པ་ལ་བལྟས་ཏེ་འདུག་...

开始翻译流程 (尝试 1/2):
========================================
步骤1: 输入藏语文本...
输入文本时出错: Message: tab crashed
  (Session info: chrome=143.0.7499.169)

✗ 输入文本失败

开始翻译流程 (尝试 2/2):
========================================
步骤1: 输入藏语文本...
输入文本时出错: Message: tab crashed
  (Session info: chrome=143.0.7499.169)

✗ 输入文本失败
========================================
✗ 翻译失败，跳过此行
✓ 已保存到文件: 41/4500 条

[42/4500] 翻译进度: 0.9%
藏语原文: གླེགས་བམ་ཐོགས་པའི་ལག་པ་ལ་བལྟས་ཏེ་འདུག་པར་བྱའོ།

开始翻译流程 (尝试 1/2):
========================================
步骤1: 输入藏语文本...
输入文本时出错: Message: tab crashed
  (Session info: chrome=143.0.7499.169)

✗ 输入文本失败

开始翻译流程 (尝试 2/2):
========================================
步骤1: 输入藏语文本...
输入文本时出错: Message: tab crashed
  (Session info: chrome=143.0.7499.169)

✗ 输入文本失败
========================================
✗ 翻译失败，跳过此行
✓ 已保存到文件: 42/4500 条

[43/4500] 翻译进度: 1.0%
藏语原文: སང་ས་རྒྱས་ཉིད་ཀྱི་བར་དུ་ཡིད་མི་ལྡོག་༢པར་འདོད་པ་དེས...

开始翻译流程 (尝试 1/2):
========================================
步骤1: 输入藏语文本...
输入文本时出错: Message: tab crashed
  (Session info: chrome=143.0.7499.169)

✗ 输入文本失败

开始翻译流程 (尝试 2/2):
========================================
步骤1: 输入藏语文本...
输入文本时出错: Message: tab crashed
  (Session info: chrome=143.0.7499.169)

✗ 输入文本失败
========================================
✗ 翻译失败，跳过此行
✓ 已保存到文件: 43/4500 条

[44/4500] 翻译进度: 1.0%
藏语原文: སུ་མི་འཇིགས་པ་ལ་སོགས་པ་སྦྱིན་པ་རྣམ་པ་བཞིས་འགྲོ་བ་ཚ...

开始翻译流程 (尝试 1/2):
========================================
步骤1: 输入藏语文本...
输入文本时出错: Message: tab crashed
  (Session info: chrome=143.0.7499.169)

✗ 输入文本失败

开始翻译流程 (尝试 2/2):
========================================
步骤1: 输入藏语文本...
输入文本时出错: Message: tab crashed
  (Session info: chrome=143.0.7499.169)

✗ 输入文本失败
========================================
✗ 翻译失败，跳过此行
✓ 已保存到文件: 44/4500 条

[45/4500] 翻译进度: 1.0%
藏语原文: མགོ་ལ་སང་ས་རྒྱས་སྤྲུལ་པ་བཞུགས་པ་ལ་བལྟས་ཏེ་འདུག་པར་...

开始翻译流程 (尝试 1/2):
========================================
步骤1: 输入藏语文本...
输入文本时出错: Message: tab crashed
  (Session info: chrome=143.0.7499.169)

✗ 输入文本失败

开始翻译流程 (尝试 2/2):
========================================
步骤1: 输入藏语文本...
输入文本时出错: Message: tab crashed
  (Session info: chrome=143.0.7499.169)

✗ 输入文本失败
========================================
✗ 翻译失败，跳过此行
✓ 已保存到文件: 45/4500 条

[46/4500] 翻译进度: 1.0%
藏语原文: ད་གུན་གྱི་སྙེ་མ་ཐོགས་པའི་ལག་པ་ལ་བལྟས་ཏེ་འདུག་པར་བྱ...

开始翻译流程 (尝试 1/2):
========================================
步骤1: 输入藏语文本...
输入文本时出错: Message: tab crashed
  (Session info: chrome=143.0.7499.169)

✗ 输入文本失败

开始翻译流程 (尝试 2/2):
========================================
步骤1: 输入藏语文本...
输入文本时出错: Message: tab crashed
  (Session info: chrome=143.0.7499.169)

✗ 输入文本失败
========================================
✗ 翻译失败，跳过此行
✓ 已保存到文件: 46/4500 条

[47/4500] 翻译进度: 1.0%
藏语原文: ལུས་འཇིག་ཅིང་དེར་འདུག་མི་ནུས་པར་འགྱུར་རོ།

开始翻译流程 (尝试 1/2):
========================================
步骤1: 输入藏语文本...
输入文本时出错: Message: tab crashed
  (Session info: chrome=143.0.7499.169)

✗ 输入文本失败

开始翻译流程 (尝试 2/2):
========================================
步骤1: 输入藏语文本...
输入文本时出错: Message: tab crashed
  (Session info: chrome=143.0.7499.169)

✗ 输入文本失败
========================================
✗ 翻译失败，跳过此行
✓ 已保存到文件: 47/4500 条

[48/4500] 翻译进度: 1.1%
藏语原文: ཡུང་ས་ཀར་༢༤ད་ང་ལན་ཚྭ་ལ་ལན་ཉི་ཤུ་རྩ་གཅིག་སྔགས་ཀྱིས་...

开始翻译流程 (尝试 1/2):
========================================
步骤1: 输入藏语文本...
输入文本时出错: Message: tab crashed
  (Session info: chrome=143.0.7499.169)

✗ 输入文本失败

开始翻译流程 (尝试 2/2):
========================================
步骤1: 输入藏语文本...
输入文本时出错: Message: tab crashed
  (Session info: chrome=143.0.7499.169)

✗ 输入文本失败
========================================
✗ 翻译失败，跳过此行
✓ 已保存到文件: 48/4500 条

[49/4500] 翻译进度: 1.1%
藏语原文: ལ་རི་ཙ་ན་མ་ཧཱ་དུ་ན།

开始翻译流程 (尝试 1/2):
========================================
步骤1: 输入藏语文本...
输入文本时出错: Message: tab crashed
  (Session info: chrome=143.0.7499.169)

✗ 输入文本失败

开始翻译流程 (尝试 2/2):
========================================
步骤1: 输入藏语文本...
输入文本时出错: Message: tab crashed
  (Session info: chrome=143.0.7499.169)

✗ 输入文本失败
========================================
✗ 翻译失败，跳过此行
✓ 已保存到文件: 49/4500 条

[50/4500] 翻译进度: 1.1%
藏语原文: གཡུང་པེ་ཨ་ཇོ་ཡམ།

开始翻译流程 (尝试 1/2):
========================================
步骤1: 输入藏语文本...
输入文本时出错: Message: tab crashed
  (Session info: chrome=143.0.7499.169)

✗ 输入文本失败

开始翻译流程 (尝试 2/2):
========================================
步骤1: 输入藏语文本...
输入文本时出错: Message: tab crashed
  (Session info: chrome=143.0.7499.169)

✗ 输入文本失败
========================================
✗ 翻译失败，跳过此行
✓ 已保存到文件: 50/4500 条

[51/4500] 翻译进度: 1.1%
藏语原文: ལན་གསུམ་བསྐོར་བ་བྱས་ན་ས་ཕྱོགས་གཅིག་ཏུ་འདུག་སྟེ།

开始翻译流程 (尝试 1/2):
========================================
步骤1: 输入藏语文本...
输入文本时出错: Message: tab crashed
  (Session info: chrome=143.0.7499.169)

✗ 输入文本失败

开始翻译流程 (尝试 2/2):
========================================
步骤1: 输入藏语文本...
输入文本时出错: Message: tab crashed
  (Session info: chrome=143.0.7499.169)

✗ 输入文本失败
========================================
✗ 翻译失败，跳过此行
✓ 已保存到文件: 51/4500 条

[52/4500] 翻译进度: 1.2%
藏语原文: གཡུང་འདུག་༨༢ གཡུང་པེ་སྣར་པ།

开始翻译流程 (尝试 1/2):
========================================
步骤1: 输入藏语文本...
输入文本时出错: Message: tab crashed
  (Session info: chrome=143.0.7499.169)

✗ 输入文本失败

开始翻译流程 (尝试 2/2):
========================================
步骤1: 输入藏语文本...
输入文本时出错: Message: tab crashed
  (Session info: chrome=143.0.7499.169)

✗ 输入文本失败
========================================
✗ 翻译失败，跳过此行
✓ 已保存到文件: 52/4500 条

[53/4500] 翻译进度: 1.2%
藏语原文: བད་ག་ངེས་པར་མྱུར་དུ་འདུས་མ་བྱས་ཀྱི་ཁྱིམ་དུ་འདུག་པར...

开始翻译流程 (尝试 1/2):
========================================
步骤1: 输入藏语文本...
输入文本时出错: Message: tab crashed
  (Session info: chrome=143.0.7499.169)

✗ 输入文本失败

开始翻译流程 (尝试 2/2):
========================================
步骤1: 输入藏语文本...
输入文本时出错: Message: tab crashed
  (Session info: chrome=143.0.7499.169)

✗ 输入文本失败
========================================
✗ 翻译失败，跳过此行
✓ 已保存到文件: 53/4500 条

[54/4500] 翻译进度: 1.2%
藏语原文: བཱ་ཙ་ན་༡༣།

开始翻译流程 (尝试 1/2):
========================================
步骤1: 输入藏语文本...
输入文本时出错: Message: tab crashed
  (Session info: chrome=143.0.7499.169)

✗ 输入文本失败

开始翻译流程 (尝试 2/2):
========================================
步骤1: 输入藏语文本...
输入文本时出错: Message: tab crashed
  (Session info: chrome=143.0.7499.169)

✗ 输入文本失败
========================================
✗ 翻译失败，跳过此行
✓ 已保存到文件: 54/4500 条

[55/4500] 翻译进度: 1.2%
藏语原文: འདུག་པའམ་ནི་ལངས་ཀྱང་རུང་།

开始翻译流程 (尝试 1/2):
========================================
步骤1: 输入藏语文本...
输入文本时出错: Message: tab crashed
  (Session info: chrome=143.0.7499.169)

✗ 输入文本失败

开始翻译流程 (尝试 2/2):
========================================
步骤1: 输入藏语文本...
输入文本时出错: Message: tab crashed
  (Session info: chrome=143.0.7499.169)

✗ 输入文本失败
========================================
✗ 翻译失败，跳过此行
✓ 已保存到文件: 55/4500 条

[56/4500] 翻译进度: 1.2%
藏语原文: འདུག་པ་བསམ་པར་བྱའོ།

开始翻译流程 (尝试 1/2):
========================================
步骤1: 输入藏语文本...
输入文本时出错: Message: tab crashed
  (Session info: chrome=143.0.7499.169)

✗ 输入文本失败

开始翻译流程 (尝试 2/2):
========================================
步骤1: 输入藏语文本...
输入文本时出错: Message: tab crashed
  (Session info: chrome=143.0.7499.169)

✗ 输入文本失败
========================================
✗ 翻译失败，跳过此行
✓ 已保存到文件: 56/4500 条

[57/4500] 翻译进度: 1.3%
藏语原文: བེ་རོ་ཙ་ནཱ་༩ཡ།

开始翻译流程 (尝试 1/2):
========================================
步骤1: 输入藏语文本...
输入文本时出错: Message: tab crashed
  (Session info: chrome=143.0.7499.169)

✗ 输入文本失败

开始翻译流程 (尝试 2/2):
========================================
步骤1: 输入藏语文本...
输入文本时出错: Message: tab crashed
  (Session info: chrome=143.0.7499.169)

✗ 输入文本失败
========================================
✗ 翻译失败，跳过此行
✓ 已保存到文件: 57/4500 条

[58/4500] 翻译进度: 1.3%
藏语原文: བདེ་བའི་སྟན་ལ་ཉེར་འདུག་སྟེ།

开始翻译流程 (尝试 1/2):
========================================
步骤1: 输入藏语文本...
输入文本时出错: Message: tab crashed
  (Session info: chrome=143.0.7499.169)

✗ 输入文本失败

开始翻译流程 (尝试 2/2):
========================================
步骤1: 输入藏语文本...
输入文本时出错: Message: tab crashed
  (Session info: chrome=143.0.7499.169)

✗ 输入文本失败
========================================
✗ 翻译失败，跳过此行
✓ 已保存到文件: 58/4500 条

[59/4500] 翻译进度: 1.3%
藏语原文: བེ་རོ་ཙ་ན།

开始翻译流程 (尝试 1/2):
========================================
步骤1: 输入藏语文本...
输入文本时出错: Message: tab crashed
  (Session info: chrome=143.0.7499.169)

✗ 输入文本失败

开始翻译流程 (尝试 2/2):
========================================
步骤1: 输入藏语文本...
输入文本时出错: Message: tab crashed
  (Session info: chrome=143.0.7499.169)

✗ 输入文本失败
========================================
✗ 翻译失败，跳过此行
✓ 已保存到文件: 59/4500 条

[60/4500] 翻译进度: 1.3%
藏语原文: བདེ་བའི་སྟན་ལ་ཉེར་འདུག་སྟེ།

开始翻译流程 (尝试 1/2):
========================================
步骤1: 输入藏语文本...
输入文本时出错: Message: tab crashed
  (Session info: chrome=143.0.7499.169)

✗ 输入文本失败

开始翻译流程 (尝试 2/2):
========================================
步骤1: 输入藏语文本...
输入文本时出错: Message: tab crashed
  (Session info: chrome=143.0.7499.169)

✗ 输入文本失败
========================================
✗ 翻译失败，跳过此行
✓ 已保存到文件: 60/4500 条

[61/4500] 翻译进度: 1.4%
藏语原文: བེ་རོ་ཙ་ནཱ་ཡ།

开始翻译流程 (尝试 1/2):
========================================
步骤1: 输入藏语文本...
输入文本时出错: Message: tab crashed
  (Session info: chrome=143.0.7499.169)

✗ 输入文本失败

开始翻译流程 (尝试 2/2):
========================================
步骤1: 输入藏语文本...
输入文本时出错: Message: tab crashed
  (Session info: chrome=143.0.7499.169)

✗ 输入文本失败
========================================
✗ 翻译失败，跳过此行
✓ 已保存到文件: 61/4500 条

[62/4500] 翻译进度: 1.4%
藏语原文: བེ་རོ་ཙ་ནཱ་ཡ།

开始翻译流程 (尝试 1/2):
========================================
步骤1: 输入藏语文本...
输入文本时出错: Message: tab crashed
  (Session info: chrome=143.0.7499.169)

✗ 输入文本失败

开始翻译流程 (尝试 2/2):
========================================
步骤1: 输入藏语文本...
输入文本时出错: Message: tab crashed
  (Session info: chrome=143.0.7499.169)

✗ 输入文本失败
========================================
✗ 翻译失败，跳过此行
✓ 已保存到文件: 62/4500 条

[63/4500] 翻译进度: 1.4%
藏语原文: བྱང་དུ་འདུག་སྟེ་ལས་འདི་བརྩམ།

开始翻译流程 (尝试 1/2):
========================================
步骤1: 输入藏语文本...
输入文本时出错: Message: tab crashed
  (Session info: chrome=143.0.7499.169)

✗ 输入文本失败

开始翻译流程 (尝试 2/2):
========================================
步骤1: 输入藏语文本...
输入文本时出错: Message: tab crashed
  (Session info: chrome=143.0.7499.169)

✗ 输入文本失败
========================================
✗ 翻译失败，跳过此行
✓ 已保存到文件: 63/4500 条

[64/4500] 翻译进度: 1.4%
藏语原文: བེ་རོ་ཙ་ནཱ་ཡ།

开始翻译流程 (尝试 1/2):
========================================
步骤1: 输入藏语文本...
输入文本时出错: Message: tab crashed
  (Session info: chrome=143.0.7499.169)

✗ 输入文本失败

开始翻译流程 (尝试 2/2):
========================================
步骤1: 输入藏语文本...
输入文本时出错: Message: tab crashed
  (Session info: chrome=143.0.7499.169)

✗ 输入文本失败
========================================
✗ 翻译失败，跳过此行
✓ 已保存到文件: 64/4500 条

[65/4500] 翻译进度: 1.4%
藏语原文: བེ་རོ་ཙ་ནཱ་༩ཡ།

开始翻译流程 (尝试 1/2):
========================================
步骤1: 输入藏语文本...
输入文本时出错: Message: tab crashed
  (Session info: chrome=143.0.7499.169)

✗ 输入文本失败

开始翻译流程 (尝试 2/2):
========================================
步骤1: 输入藏语文本...
输入文本时出错: Message: tab crashed
  (Session info: chrome=143.0.7499.169)

✗ 输入文本失败
========================================
✗ 翻译失败，跳过此行
✓ 已保存到文件: 65/4500 条

[66/4500] 翻译进度: 1.5%
藏语原文: དུག་འདིར་མ་འདུག་ཅིག་༡༢།

开始翻译流程 (尝试 1/2):
========================================
步骤1: 输入藏语文本...
输入文本时出错: Message: tab crashed
  (Session info: chrome=143.0.7499.169)

✗ 输入文本失败

开始翻译流程 (尝试 2/2):
========================================
步骤1: 输入藏语文本...
输入文本时出错: Message: tab crashed
  (Session info: chrome=143.0.7499.169)

✗ 输入文本失败
========================================
✗ 翻译失败，跳过此行
✓ 已保存到文件: 66/4500 条

[67/4500] 翻译进度: 1.5%
藏语原文: ༡༢གཡུང་པེ་འདུག་ཁུ་གདུགས།

开始翻译流程 (尝试 1/2):
========================================
步骤1: 输入藏语文本...
输入文本时出错: Message: tab crashed
  (Session info: chrome=143.0.7499.169)

✗ 输入文本失败

开始翻译流程 (尝试 2/2):
========================================
步骤1: 输入藏语文本...
输入文本时出错: Message: tab crashed
  (Session info: chrome=143.0.7499.169)

✗ 输入文本失败
========================================
✗ 翻译失败，跳过此行
✓ 已保存到文件: 67/4500 条

[68/4500] 翻译进度: 1.5%
藏语原文: གཅིག་པུ་ར་བ་ཏུ་ད་བེན་པར་འདུག་སྟེ།

开始翻译流程 (尝试 1/2):
========================================
步骤1: 输入藏语文本...
输入文本时出错: Message: tab crashed
  (Session info: chrome=143.0.7499.169)

✗ 输入文本失败

开始翻译流程 (尝试 2/2):
========================================
步骤1: 输入藏语文本...
输入文本时出错: Message: tab crashed
  (Session info: chrome=143.0.7499.169)

✗ 输入文本失败
========================================
✗ 翻译失败，跳过此行
✓ 已保存到文件: 68/4500 条

[69/4500] 翻译进度: 1.5%
藏语原文: ཡིད་ཙམ་ཞིག་འཆ་ག་ཅིང་འདུག་ལ་ཡིད་ལ་བརྗོད་ན་བསྐལ་པ་བྱ...

开始翻译流程 (尝试 1/2):
========================================
步骤1: 输入藏语文本...
输入文本时出错: Message: tab crashed
  (Session info: chrome=143.0.7499.169)

✗ 输入文本失败

开始翻译流程 (尝试 2/2):
========================================
步骤1: 输入藏语文本...
输入文本时出错: Message: tab crashed
  (Session info: chrome=143.0.7499.169)

✗ 输入文本失败
========================================
✗ 翻译失败，跳过此行
✓ 已保存到文件: 69/4500 条

[70/4500] 翻译进度: 1.6%
藏语原文: སྤོས་ཀྱིས་བསྟི་སྟང་བྱས་ཏེ་དེ་ཉིད་དུ་འདུག་ལ་ལན་བརྒྱ...

开始翻译流程 (尝试 1/2):
========================================
步骤1: 输入藏语文本...
输入文本时出错: Message: tab crashed
  (Session info: chrome=143.0.7499.169)

✗ 输入文本失败

开始翻译流程 (尝试 2/2):
========================================
步骤1: 输入藏语文本...
输入文本时出错: Message: tab crashed
  (Session info: chrome=143.0.7499.169)

✗ 输入文本失败
========================================
✗ 翻译失败，跳过此行
✓ 已保存到文件: 70/4500 条

[71/4500] 翻译进度: 1.6%
藏语原文: དེ་ན་ས་འཁོར་འདུས་པ་དེར་འཇམ་ད་པལ་གཞོན་ནུར་གྱུར་པ་འད...

开始翻译流程 (尝试 1/2):
========================================
步骤1: 输入藏语文本...
输入文本时出错: Message: tab crashed
  (Session info: chrome=143.0.7499.169)

✗ 输入文本失败

开始翻译流程 (尝试 2/2):
========================================
步骤1: 输入藏语文本...
输入文本时出错: Message: tab crashed
  (Session info: chrome=143.0.7499.169)

✗ 输入文本失败
========================================
✗ 翻译失败，跳过此行
✓ 已保存到文件: 71/4500 条

[72/4500] 翻译进度: 1.6%
藏语原文: བ་ཙ་ནེ་ན།

开始翻译流程 (尝试 1/2):
========================================
步骤1: 输入藏语文本...
输入文本时出错: Message: tab crashed
  (Session info: chrome=143.0.7499.169)

✗ 输入文本失败

开始翻译流程 (尝试 2/2):
========================================
步骤1: 输入藏语文本...
输入文本时出错: Message: tab crashed
  (Session info: chrome=143.0.7499.169)

✗ 输入文本失败
========================================
✗ 翻译失败，跳过此行
✓ 已保存到文件: 72/4500 条

[73/4500] 翻译进度: 1.6%
藏语原文: དེ་བི་མ་ཧཱ་དེ་བི་སཏྱ་བ་ཙན་དེ་བི་བྷི་མ་སཏྱ་བ་ཙ་ན་པྲ...

开始翻译流程 (尝试 1/2):
========================================
步骤1: 输入藏语文本...
输入文本时出错: Message: tab crashed
  (Session info: chrome=143.0.7499.169)

✗ 输入文本失败

开始翻译流程 (尝试 2/2):
========================================
步骤1: 输入藏语文本...
输入文本时出错: Message: tab crashed
  (Session info: chrome=143.0.7499.169)

✗ 输入文本失败
========================================
✗ 翻译失败，跳过此行
✓ 已保存到文件: 73/4500 条

[74/4500] 翻译进度: 1.6%
藏语原文: དྲ་ང་པོར་འདུག་ནས་སེམས་ཅ་ན་རྣམས་ལ་ཐུགས་རྗེ་ཆེན་པོའི...

开始翻译流程 (尝试 1/2):
========================================
步骤1: 输入藏语文本...
输入文本时出错: Message: tab crashed
  (Session info: chrome=143.0.7499.169)

✗ 输入文本失败

开始翻译流程 (尝试 2/2):
========================================
步骤1: 输入藏语文本...
输入文本时出错: Message: tab crashed
  (Session info: chrome=143.0.7499.169)

✗ 输入文本失败
========================================
✗ 翻译失败，跳过此行
✓ 已保存到文件: 74/4500 条

[75/4500] 翻译进度: 1.7%
藏语原文: ན་མ་ས་མནྟ་བུཛྙཱ་ནཱ་ཱ་ཾ་ཨ་ཙིནྟྲ་ུ་ཏ་རཱུ་པི་ཎཱཾ་༡༢ཨོ...

开始翻译流程 (尝试 1/2):
========================================
步骤1: 输入藏语文本...
输入文本时出错: Message: tab crashed
  (Session info: chrome=143.0.7499.169)

✗ 输入文本失败

开始翻译流程 (尝试 2/2):
========================================
步骤1: 输入藏语文本...
输入文本时出错: Message: tab crashed
  (Session info: chrome=143.0.7499.169)

✗ 输入文本失败
========================================
✗ 翻译失败，跳过此行
✓ 已保存到文件: 75/4500 条

[76/4500] 翻译进度: 1.7%
藏语原文: ཨ་ཙིནྟྲ་ུ་༢ཏ་རཱུ་པི་ཎཱཾ་༢།

开始翻译流程 (尝试 1/2):
========================================
步骤1: 输入藏语文本...
输入文本时出错: Message: tab crashed
  (Session info: chrome=143.0.7499.169)

✗ 输入文本失败

开始翻译流程 (尝试 2/2):
========================================
步骤1: 输入藏语文本...
输入文本时出错: Message: tab crashed
  (Session info: chrome=143.0.7499.169)

✗ 输入文本失败
========================================
✗ 翻译失败，跳过此行
✓ 已保存到文件: 76/4500 条

[77/4500] 翻译进度: 1.7%
藏语原文: ད་ཀྱིལ་འཁོར་ལ་གཡས་སུ་བསྐོར་བ་བྱས་ན་ས་ཁ་ཤར་དུ་ཕྱོགས...

开始翻译流程 (尝试 1/2):
========================================
步骤1: 输入藏语文本...
输入文本时出错: Message: tab crashed
  (Session info: chrome=143.0.7499.169)

✗ 输入文本失败

开始翻译流程 (尝试 2/2):
========================================
步骤1: 输入藏语文本...
输入文本时出错: Message: tab crashed
  (Session info: chrome=143.0.7499.169)

✗ 输入文本失败
========================================
✗ 翻译失败，跳过此行
✓ 已保存到文件: 77/4500 条

[78/4500] 翻译进度: 1.7%
藏语原文: དེ་ན་ས་ཀུ་ཤའི་ཁྲེས་ལ་ཉེ་བར་འདུག་སྟེ་དེ་ཉིད་དུ་བཟླས...

开始翻译流程 (尝试 1/2):
========================================
步骤1: 输入藏语文本...
输入文本时出错: Message: tab crashed
  (Session info: chrome=143.0.7499.169)

✗ 输入文本失败

开始翻译流程 (尝试 2/2):
========================================
步骤1: 输入藏语文本...
输入文本时出错: Message: tab crashed
  (Session info: chrome=143.0.7499.169)

✗ 输入文本失败
========================================
✗ 翻译失败，跳过此行
✓ 已保存到文件: 78/4500 条

[79/4500] 翻译进度: 1.8%
藏语原文: གཞོན་ནུ་ད་གའ་བྱེད་ཕང་ན་འདུག་པ།

开始翻译流程 (尝试 1/2):
========================================
步骤1: 输入藏语文本...
输入文本时出错: Message: tab crashed
  (Session info: chrome=143.0.7499.169)

✗ 输入文本失败

开始翻译流程 (尝试 2/2):
========================================
步骤1: 输入藏语文本...
输入文本时出错: Message: tab crashed
  (Session info: chrome=143.0.7499.169)

✗ 输入文本失败
========================================
✗ 翻译失败，跳过此行
✓ 已保存到文件: 79/4500 条

[80/4500] 翻译进度: 1.8%
藏语原文: ཀུ་ཤའི་ཁྲེས་ལ་ཉེ་བར་འདུག་སྟེ།

开始翻译流程 (尝试 1/2):
========================================
步骤1: 输入藏语文本...
输入文本时出错: Message: tab crashed
  (Session info: chrome=143.0.7499.169)

✗ 输入文本失败

开始翻译流程 (尝试 2/2):
========================================
步骤1: 输入藏语文本...
输入文本时出错: Message: tab crashed
  (Session info: chrome=143.0.7499.169)

✗ 输入文本失败
========================================
✗ 翻译失败，跳过此行
✓ 已保存到文件: 80/4500 条

[81/4500] 翻译进度: 1.8%
藏语原文: དེ་ནས་དེར་ཉེ་བར་འདུག་སྟེ་རིག་པ་རྩ་བའི་སྔགས་བརྒྱ་རྩ...

开始翻译流程 (尝试 1/2):
========================================
步骤1: 输入藏语文本...
输入文本时出错: Message: tab crashed
  (Session info: chrome=143.0.7499.169)

✗ 输入文本失败

开始翻译流程 (尝试 2/2):
========================================
步骤1: 输入藏语文本...
输入文本时出错: Message: tab crashed
  (Session info: chrome=143.0.7499.169)

✗ 输入文本失败
========================================
✗ 翻译失败，跳过此行
✓ 已保存到文件: 81/4500 条

[82/4500] 翻译进度: 1.8%
藏语原文: རི་དེའི་འོག་ཏུ་རྡོའི་སྟེང་དུ་ཉེ་བར་འདུག་པ།

开始翻译流程 (尝试 1/2):
========================================
步骤1: 输入藏语文本...
输入文本时出错: Message: tab crashed
  (Session info: chrome=143.0.7499.169)

✗ 输入文本失败

开始翻译流程 (尝试 2/2):
========================================
步骤1: 输入藏语文本...
输入文本时出错: Message: tab crashed
  (Session info: chrome=143.0.7499.169)

✗ 输入文本失败
========================================
✗ 翻译失败，跳过此行
✓ 已保存到文件: 82/4500 条

[83/4500] 翻译进度: 1.8%
藏语原文: བཀའ་ནོད་ཅིང་འདུག་པ།

开始翻译流程 (尝试 1/2):
========================================
步骤1: 输入藏语文本...
输入文本时出错: Message: tab crashed
  (Session info: chrome=143.0.7499.169)

✗ 输入文本失败

开始翻译流程 (尝试 2/2):
========================================
步骤1: 输入藏语文本...
输入文本时出错: Message: tab crashed
  (Session info: chrome=143.0.7499.169)

✗ 输入文本失败
========================================
✗ 翻译失败，跳过此行
✓ 已保存到文件: 83/4500 条

[84/4500] 翻译进度: 1.9%
藏语原文: དཀར་པོའི་ཕྱོགས་ཀྱི་ཉ་ལ་ར་ས་ཀྱི་སྣོད་ཀྱི་མདུན་དུ་ཁ་...

开始翻译流程 (尝试 1/2):
========================================
步骤1: 输入藏语文本...
输入文本时出错: Message: tab crashed
  (Session info: chrome=143.0.7499.169)

✗ 输入文本失败

开始翻译流程 (尝试 2/2):
========================================
步骤1: 输入藏语文本...
输入文本时出错: Message: tab crashed
  (Session info: chrome=143.0.7499.169)

✗ 输入文本失败
========================================
✗ 翻译失败，跳过此行
✓ 已保存到文件: 84/4500 条

[85/4500] 翻译进度: 1.9%
藏语原文: དེ་ན་ས་ཡང་སེམས་ད་པའ་ཆེན་པོས་ཐམས་ཅད་དང་ལྡན་པའི་འཁོར...

开始翻译流程 (尝试 1/2):
========================================
步骤1: 输入藏语文本...
输入文本时出错: Message: tab crashed
  (Session info: chrome=143.0.7499.169)

✗ 输入文本失败

开始翻译流程 (尝试 2/2):
========================================
步骤1: 输入藏语文本...
输入文本时出错: Message: tab crashed
  (Session info: chrome=143.0.7499.169)

✗ 输入文本失败
========================================
✗ 翻译失败，跳过此行
✓ 已保存到文件: 85/4500 条

[86/4500] 翻译进度: 1.9%
藏语原文: འདུག་པ་དང་ནི་ཆུ་ཀླུང་མཆོག།

开始翻译流程 (尝试 1/2):
========================================
步骤1: 输入藏语文本...
输入文本时出错: Message: tab crashed
  (Session info: chrome=143.0.7499.169)

✗ 输入文本失败

开始翻译流程 (尝试 2/2):
========================================
步骤1: 输入藏语文本...
输入文本时出错: Message: tab crashed
  (Session info: chrome=143.0.7499.169)

✗ 输入文本失败
========================================
✗ 翻译失败，跳过此行
✓ 已保存到文件: 86/4500 条

[87/4500] 翻译进度: 1.9%
藏语原文: ཅུང་ཟད་དུས་སུ་འདུག་པར་བྱ།

开始翻译流程 (尝试 1/2):
========================================
步骤1: 输入藏语文本...
输入文本时出错: Message: tab crashed
  (Session info: chrome=143.0.7499.169)

✗ 输入文本失败

开始翻译流程 (尝试 2/2):
========================================
步骤1: 输入藏语文本...
输入文本时出错: Message: tab crashed
  (Session info: chrome=143.0.7499.169)

✗ 输入文本失败
========================================
✗ 翻译失败，跳过此行
✓ 已保存到文件: 87/4500 条

[88/4500] 翻译进度: 2.0%
藏语原文: དེར་འདུག་བྱ་ཡི་གཞན་དུ་མིན།

开始翻译流程 (尝试 1/2):
========================================
步骤1: 输入藏语文本...
输入文本时出错: Message: tab crashed
  (Session info: chrome=143.0.7499.169)

✗ 输入文本失败

开始翻译流程 (尝试 2/2):
========================================
步骤1: 输入藏语文本...
输入文本时出错: Message: tab crashed
  (Session info: chrome=143.0.7499.169)

✗ 输入文本失败
========================================
✗ 翻译失败，跳过此行
✓ 已保存到文件: 88/4500 条

[89/4500] 翻译进度: 2.0%
藏语原文: ས་སྟེང་ས་རྣམས་སུ་ཀུན་དུ་འདུག།

开始翻译流程 (尝试 1/2):
========================================
步骤1: 输入藏语文本...
输入文本时出错: Message: tab crashed
  (Session info: chrome=143.0.7499.169)

✗ 输入文本失败

开始翻译流程 (尝试 2/2):
========================================
步骤1: 输入藏语文本...
输入文本时出错: Message: tab crashed
  (Session info: chrome=143.0.7499.169)

✗ 输入文本失败
========================================
✗ 翻译失败，跳过此行
✓ 已保存到文件: 89/4500 条

[90/4500] 翻译进度: 2.0%
藏语原文: སྔགས་ཀྱི་མཐུ་༤ར་བ་འབྱམ་༥ད་ང་ལྡན་པ་ར་ས་རིས་ཐུ་བོ་སྤ...

开始翻译流程 (尝试 1/2):
========================================
步骤1: 输入藏语文本...
输入文本时出错: Message: tab crashed
  (Session info: chrome=143.0.7499.169)

✗ 输入文本失败

开始翻译流程 (尝试 2/2):
========================================
步骤1: 输入藏语文本...
输入文本时出错: Message: tab crashed
  (Session info: chrome=143.0.7499.169)

✗ 输入文本失败
========================================
✗ 翻译失败，跳过此行
✓ 已保存到文件: 90/4500 条

[91/4500] 翻译进度: 2.0%
藏语原文: ཀུ་ཤའི་ཁྲེས་ལ་ཉེ་བར་འདུག།

开始翻译流程 (尝试 1/2):
========================================
步骤1: 输入藏语文本...
输入文本时出错: Message: tab crashed
  (Session info: chrome=143.0.7499.169)

✗ 输入文本失败

开始翻译流程 (尝试 2/2):
========================================
步骤1: 输入藏语文本...
输入文本时出错: Message: tab crashed
  (Session info: chrome=143.0.7499.169)

✗ 输入文本失败
========================================
✗ 翻译失败，跳过此行
✓ 已保存到文件: 91/4500 条

[92/4500] 翻译进度: 2.0%
藏语原文: སྔགས་རིག་གཉིས་ཀ་འདུག་ན་ས་ནས་ནི།

开始翻译流程 (尝试 1/2):
========================================
步骤1: 输入藏语文本...
输入文本时出错: Message: tab crashed
  (Session info: chrome=143.0.7499.169)

✗ 输入文本失败

开始翻译流程 (尝试 2/2):
========================================
步骤1: 输入藏语文本...
输入文本时出错: Message: tab crashed
  (Session info: chrome=143.0.7499.169)

✗ 输入文本失败
========================================
✗ 翻译失败，跳过此行
✓ 已保存到文件: 92/4500 条

[93/4500] 翻译进度: 2.1%
藏语原文: སྒྲུབ་པ་པོའི་མདུན་དུ་འདུག་སྟེ།

开始翻译流程 (尝试 1/2):
========================================
步骤1: 输入藏语文本...
输入文本时出错: Message: tab crashed
  (Session info: chrome=143.0.7499.169)

✗ 输入文本失败

开始翻译流程 (尝试 2/2):
========================================
步骤1: 输入藏语文本...
输入文本时出错: Message: tab crashed
  (Session info: chrome=143.0.7499.169)

✗ 输入文本失败
========================================
✗ 翻译失败，跳过此行
✓ 已保存到文件: 93/4500 条

[94/4500] 翻译进度: 2.1%
藏语原文: བད་ག་ཉིད་ཁ་ཤར་དུ་ཕྱོགས་པས་གན་ས་ན་ས་ཀུ་ཤའི་ཁྲེས་ལ་ཉ...

开始翻译流程 (尝试 1/2):
========================================
步骤1: 输入藏语文本...
输入文本时出错: Message: tab crashed
  (Session info: chrome=143.0.7499.169)

✗ 输入文本失败

开始翻译流程 (尝试 2/2):
========================================
步骤1: 输入藏语文本...
输入文本时出错: Message: tab crashed
  (Session info: chrome=143.0.7499.169)

✗ 输入文本失败
========================================
✗ 翻译失败，跳过此行
✓ 已保存到文件: 94/4500 条

[95/4500] 翻译进度: 2.1%
藏语原文: དེ་བཞིན་རྟག་ཏུ་འདུག་པར་བྱ།

开始翻译流程 (尝试 1/2):
========================================
步骤1: 输入藏语文本...
输入文本时出错: Message: tab crashed
  (Session info: chrome=143.0.7499.169)

✗ 输入文本失败

开始翻译流程 (尝试 2/2):
========================================
步骤1: 输入藏语文本...
输入文本时出错: Message: tab crashed
  (Session info: chrome=143.0.7499.169)

✗ 输入文本失败
========================================
✗ 翻译失败，跳过此行
✓ 已保存到文件: 95/4500 条

[96/4500] 翻译进度: 2.1%
藏语原文: ཀུ་ཤའི་ཁྲེས་ལ་ཉེར་འདུག་ནས།

开始翻译流程 (尝试 1/2):
========================================
步骤1: 输入藏语文本...
输入文本时出错: Message: tab crashed
  (Session info: chrome=143.0.7499.169)

✗ 输入文本失败

开始翻译流程 (尝试 2/2):
========================================
步骤1: 输入藏语文本...
输入文本时出错: Message: tab crashed
  (Session info: chrome=143.0.7499.169)

✗ 输入文本失败
========================================
✗ 翻译失败，跳过此行
✓ 已保存到文件: 96/4500 条

[97/4500] 翻译进度: 2.2%
藏语原文: ཁ་ཤར་དུ་ཕྱོགས་པས་ཉེ་བར་འདུག་ལ་ཀུ་ཤ་བཏིང་ཞིང་བཀྲམ་ན...

开始翻译流程 (尝试 1/2):
========================================
步骤1: 输入藏语文本...
输入文本时出错: Message: tab crashed
  (Session info: chrome=143.0.7499.169)

✗ 输入文本失败

开始翻译流程 (尝试 2/2):
========================================
步骤1: 输入藏语文本...
输入文本时出错: Message: tab crashed
  (Session info: chrome=143.0.7499.169)

✗ 输入文本失败
========================================
✗ 翻译失败，跳过此行
✓ 已保存到文件: 97/4500 条

[98/4500] 翻译进度: 2.2%
藏语原文: པབྨ་ལ་ཉེ་བར་འདུག་པ་འདྲིར་གཞུག་པར་བྱའོ།

开始翻译流程 (尝试 1/2):
========================================
步骤1: 输入藏语文本...
输入文本时出错: Message: tab crashed
  (Session info: chrome=143.0.7499.169)

✗ 输入文本失败

开始翻译流程 (尝试 2/2):
========================================
步骤1: 输入藏语文本...
输入文本时出错: Message: tab crashed
  (Session info: chrome=143.0.7499.169)

✗ 输入文本失败
========================================
✗ 翻译失败，跳过此行
✓ 已保存到文件: 98/4500 条

[99/4500] 翻译进度: 2.2%
藏语原文: འོ་ཐུག་ཁམ་ཕོར་བཅུ་ཀུ་ཤའི་ཁྲེས་ལ་འདུག་སྟེ།

开始翻译流程 (尝试 1/2):
========================================
步骤1: 输入藏语文本...
输入文本时出错: Message: tab crashed
  (Session info: chrome=143.0.7499.169)

✗ 输入文本失败

开始翻译流程 (尝试 2/2):
========================================
步骤1: 输入藏语文本...
输入文本时出错: Message: tab crashed
  (Session info: chrome=143.0.7499.169)

✗ 输入文本失败
========================================
✗ 翻译失败，跳过此行
✓ 已保存到文件: 99/4500 条

[100/4500] 翻译进度: 2.2%
藏语原文: དོན་རིག་གཉིས་དང་རང་རིག་དང་།

开始翻译流程 (尝试 1/2):
========================================
步骤1: 输入藏语文本...
输入文本时出错: Message: tab crashed
  (Session info: chrome=143.0.7499.169)

✗ 输入文本失败

开始翻译流程 (尝试 2/2):
========================================
步骤1: 输入藏语文本...
输入文本时出错: Message: tab crashed
  (Session info: chrome=143.0.7499.169)

✗ 输入文本失败
========================================
✗ 翻译失败，跳过此行
✓ 已保存到文件: 100/4500 条

[101/4500] 翻译进度: 2.2%
藏语原文: ཁྱེད་རང་ལྟར་ན།

开始翻译流程 (尝试 1/2):
========================================
步骤1: 输入藏语文本...
输入文本时出错: Message: tab crashed
  (Session info: chrome=143.0.7499.169)

✗ 输入文本失败

开始翻译流程 (尝试 2/2):
========================================
步骤1: 输入藏语文本...
输入文本时出错: Message: tab crashed
  (Session info: chrome=143.0.7499.169)

✗ 输入文本失败
========================================
✗ 翻译失败，跳过此行
✓ 已保存到文件: 101/4500 条

[102/4500] 翻译进度: 2.3%
藏语原文: ཁྱེད་རང་ལྟར་ན་རྟགས་དངོས་འགལ་ལོ།

开始翻译流程 (尝试 1/2):
========================================
步骤1: 输入藏语文本...
输入文本时出错: Message: tab crashed
  (Session info: chrome=143.0.7499.169)

✗ 输入文本失败

开始翻译流程 (尝试 2/2):
========================================
步骤1: 输入藏语文本...
输入文本时出错: Message: tab crashed
  (Session info: chrome=143.0.7499.169)

✗ 输入文本失败
========================================
✗ 翻译失败，跳过此行
✓ 已保存到文件: 102/4500 条

[103/4500] 翻译进度: 2.3%
藏语原文: ཡང་རང་གཞན་༧ གཉིས་ཀའི་དོན་སོགས་ཁུར་ཆེན་པོ་དང་ལྡན་པས...

开始翻译流程 (尝试 1/2):
========================================
步骤1: 输入藏语文本...
输入文本时出错: Message: tab crashed
  (Session info: chrome=143.0.7499.169)

✗ 输入文本失败

开始翻译流程 (尝试 2/2):
========================================
步骤1: 输入藏语文本...
输入文本时出错: Message: tab crashed
  (Session info: chrome=143.0.7499.169)

✗ 输入文本失败
========================================
✗ 翻译失败，跳过此行
✓ 已保存到文件: 103/4500 条

[104/4500] 翻译进度: 2.3%
藏语原文: ངས་ལྟ་བ་རང་ངོ་ཤེས་ཙ་ན།

开始翻译流程 (尝试 1/2):
========================================
步骤1: 输入藏语文本...
输入文本时出错: Message: tab crashed
  (Session info: chrome=143.0.7499.169)

✗ 输入文本失败

开始翻译流程 (尝试 2/2):
========================================
步骤1: 输入藏语文本...
输入文本时出错: Message: tab crashed
  (Session info: chrome=143.0.7499.169)

✗ 输入文本失败
========================================
✗ 翻译失败，跳过此行
✓ 已保存到文件: 104/4500 条

[105/4500] 翻译进度: 2.3%
藏语原文: སྤྱོད་པ་རང་རྒྱུད་ཟིན་ཙ་ན།

开始翻译流程 (尝试 1/2):
========================================
步骤1: 输入藏语文本...
输入文本时出错: Message: tab crashed
  (Session info: chrome=143.0.7499.169)

✗ 输入文本失败

开始翻译流程 (尝试 2/2):
========================================
步骤1: 输入藏语文本...
输入文本时出错: Message: tab crashed
  (Session info: chrome=143.0.7499.169)

✗ 输入文本失败
========================================
✗ 翻译失败，跳过此行
✓ 已保存到文件: 105/4500 条

[106/4500] 翻译进度: 2.4%
藏语原文: འབྲས་བུ་རང་སར་གྲོལ་ཙ་ན།

开始翻译流程 (尝试 1/2):
========================================
步骤1: 输入藏语文本...
输入文本时出错: Message: tab crashed
  (Session info: chrome=143.0.7499.169)

✗ 输入文本失败

开始翻译流程 (尝试 2/2):
========================================
步骤1: 输入藏语文本...
输入文本时出错: Message: tab crashed
  (Session info: chrome=143.0.7499.169)

✗ 输入文本失败
========================================
✗ 翻译失败，跳过此行
✓ 已保存到文件: 106/4500 条

[107/4500] 翻译进度: 2.4%
藏语原文: སེམས་རིག་པ་རང་ངོ་ཤེས་ཙ་ན།

开始翻译流程 (尝试 1/2):
========================================
步骤1: 输入藏语文本...
输入文本时出错: Message: tab crashed
  (Session info: chrome=143.0.7499.169)

✗ 输入文本失败

开始翻译流程 (尝试 2/2):
========================================
步骤1: 输入藏语文本...
输入文本时出错: Message: tab crashed
  (Session info: chrome=143.0.7499.169)

✗ 输入文本失败
========================================
✗ 翻译失败，跳过此行
✓ 已保存到文件: 107/4500 条

[108/4500] 翻译进度: 2.4%
藏语原文: ད་ཁྱེད་རྣམས་ལ་ཚེགས་མེད་དུ་སྐྱེ་བར་འདུག་སྟེ།

开始翻译流程 (尝试 1/2):
========================================
步骤1: 输入藏语文本...
输入文本时出错: Message: tab crashed
  (Session info: chrome=143.0.7499.169)

✗ 输入文本失败

开始翻译流程 (尝试 2/2):
========================================
步骤1: 输入藏语文本...
输入文本时出错: Message: tab crashed
  (Session info: chrome=143.0.7499.169)

✗ 输入文本失败
========================================
✗ 翻译失败，跳过此行
✓ 已保存到文件: 108/4500 条

[109/4500] 翻译进度: 2.4%
藏语原文: གཅེར་མཐོང་རང་ངོ་ཤེས་པར་བྱིན་གྱིས་རློབས།

开始翻译流程 (尝试 1/2):
========================================
步骤1: 输入藏语文本...
输入文本时出错: Message: tab crashed
  (Session info: chrome=143.0.7499.169)

✗ 输入文本失败

开始翻译流程 (尝试 2/2):
========================================
步骤1: 输入藏语文本...
输入文本时出错: Message: tab crashed
  (Session info: chrome=143.0.7499.169)

✗ 输入文本失败
========================================
✗ 翻译失败，跳过此行
✓ 已保存到文件: 109/4500 条

[110/4500] 翻译进度: 2.4%
藏语原文: རྒྱུན་དུ་འགྲོགས་ཀྱང་རང་སེམས་ངོ་མ་ཤེས།

开始翻译流程 (尝试 1/2):
========================================
步骤1: 输入藏语文本...
输入文本时出错: Message: tab crashed
  (Session info: chrome=143.0.7499.169)

✗ 输入文本失败

开始翻译流程 (尝试 2/2):
========================================
步骤1: 输入藏语文本...
输入文本时出错: Message: tab crashed
  (Session info: chrome=143.0.7499.169)

✗ 输入文本失败
========================================
✗ 翻译失败，跳过此行
✓ 已保存到文件: 110/4500 条

[111/4500] 翻译进度: 2.5%
藏语原文: དེ་ལྟར་བརྩོན་པས་ཉམས་བཟང་ངན་སྣ་ཚོགས་ཅི་ཤར་ཐམས་ཅད་དེ...

开始翻译流程 (尝试 1/2):
========================================
步骤1: 输入藏语文本...
输入文本时出错: Message: tab crashed
  (Session info: chrome=143.0.7499.169)

✗ 输入文本失败

开始翻译流程 (尝试 2/2):
========================================
步骤1: 输入藏语文本...
输入文本时出错: Message: tab crashed
  (Session info: chrome=143.0.7499.169)

✗ 输入文本失败
========================================
✗ 翻译失败，跳过此行
✓ 已保存到文件: 111/4500 条

[112/4500] 翻译进度: 2.5%
藏语原文: སེམས་ཀྱི་བཞག་ས་ཞིག་དེ་ན་གདའ།

开始翻译流程 (尝试 1/2):
========================================
步骤1: 输入藏语文本...
输入文本时出错: Message: tab crashed
  (Session info: chrome=143.0.7499.169)

✗ 输入文本失败

开始翻译流程 (尝试 2/2):
========================================
步骤1: 输入藏语文本...
输入文本时出错: Message: tab crashed
  (Session info: chrome=143.0.7499.169)

✗ 输入文本失败
========================================
✗ 翻译失败，跳过此行
✓ 已保存到文件: 112/4500 条

[113/4500] 翻译进度: 2.5%
藏语原文: བློས་བྱས་སྒོམ་གྱིས་གནས་ལུགས་ཀྱི་དོན་ལ་གོལ་ཞིང་འབྲས...

开始翻译流程 (尝试 1/2):
========================================
步骤1: 输入藏语文本...
输入文本时出错: Message: tab crashed
  (Session info: chrome=143.0.7499.169)

✗ 输入文本失败

开始翻译流程 (尝试 2/2):
========================================
步骤1: 输入藏语文本...
输入文本时出错: Message: tab crashed
  (Session info: chrome=143.0.7499.169)

✗ 输入文本失败
========================================
✗ 翻译失败，跳过此行
✓ 已保存到文件: 113/4500 条

[114/4500] 翻译进度: 2.5%
藏语原文: བསམ་གཞིག་ཐོང་བས་ཕན་པ་མི་གདའ་ལགས།

开始翻译流程 (尝试 1/2):
========================================
步骤1: 输入藏语文本...
输入文本时出错: Message: tab crashed
  (Session info: chrome=143.0.7499.169)

✗ 输入文本失败

开始翻译流程 (尝试 2/2):
========================================
步骤1: 输入藏语文本...
输入文本时出错: Message: tab crashed
  (Session info: chrome=143.0.7499.169)

✗ 输入文本失败
========================================
✗ 翻译失败，跳过此行
✓ 已保存到文件: 114/4500 条

[115/4500] 翻译进度: 2.6%
藏语原文: མི་ལུས་ཐོབ་པས་ཕན་པ་མི་གདའ་ལགས།

开始翻译流程 (尝试 1/2):
========================================
步骤1: 输入藏语文本...
输入文本时出错: Message: tab crashed
  (Session info: chrome=143.0.7499.169)

✗ 输入文本失败

开始翻译流程 (尝试 2/2):
========================================
步骤1: 输入藏语文本...
输入文本时出错: Message: tab crashed
  (Session info: chrome=143.0.7499.169)

✗ 输入文本失败
========================================
✗ 翻译失败，跳过此行
✓ 已保存到文件: 115/4500 条

[116/4500] 翻译进度: 2.6%
藏语原文: གསལ་ལྷག་གེ་སྔར་འདྲེས་བཞིན་དུ་གདའ།

开始翻译流程 (尝试 1/2):
========================================
步骤1: 输入藏语文本...
输入文本时出错: Message: tab crashed
  (Session info: chrome=143.0.7499.169)

✗ 输入文本失败

开始翻译流程 (尝试 2/2):
========================================
步骤1: 输入藏语文本...
输入文本时出错: Message: tab crashed
  (Session info: chrome=143.0.7499.169)

✗ 输入文本失败
========================================
✗ 翻译失败，跳过此行
✓ 已保存到文件: 116/4500 条

[117/4500] 翻译进度: 2.6%
藏语原文: སྐབས་དེ་འདྲ་ཙ་ན་ཐུགས་ཡིད་བསྲེས།

开始翻译流程 (尝试 1/2):
========================================
步骤1: 输入藏语文本...
输入文本时出错: Message: tab crashed
  (Session info: chrome=143.0.7499.169)

✗ 输入文本失败

开始翻译流程 (尝试 2/2):
========================================
步骤1: 输入藏语文本...
输入文本时出错: Message: tab crashed
  (Session info: chrome=143.0.7499.169)

✗ 输入文本失败
========================================
✗ 翻译失败，跳过此行
✓ 已保存到文件: 117/4500 条

[118/4500] 翻译进度: 2.6%
藏语原文: དུག་ལྔ་མ་སྤང་རང་སར་གྲོལ།

开始翻译流程 (尝试 1/2):
========================================
步骤1: 输入藏语文本...
输入文本时出错: Message: tab crashed
  (Session info: chrome=143.0.7499.169)

✗ 输入文本失败

开始翻译流程 (尝试 2/2):
========================================
步骤1: 输入藏语文本...
输入文本时出错: Message: tab crashed
  (Session info: chrome=143.0.7499.169)

✗ 输入文本失败
========================================
✗ 翻译失败，跳过此行
✓ 已保存到文件: 118/4500 条

[119/4500] 翻译进度: 2.6%
藏语原文: དེ་བས་མ་འདུག་ཕྱིར་དེངས་ཤིག།

开始翻译流程 (尝试 1/2):
========================================
步骤1: 输入藏语文本...
输入文本时出错: Message: tab crashed
  (Session info: chrome=143.0.7499.169)

✗ 输入文本失败

开始翻译流程 (尝试 2/2):
========================================
步骤1: 输入藏语文本...
输入文本时出错: Message: tab crashed
  (Session info: chrome=143.0.7499.169)

✗ 输入文本失败
========================================
✗ 翻译失败，跳过此行
✓ 已保存到文件: 119/4500 条

[120/4500] 翻译进度: 2.7%
藏语原文: འདུག་ས་འདི་ཉིད་དུ་དག་པར་བྱིན་གྱིས་བརླབ་ཏུ་གསོལ།

开始翻译流程 (尝试 1/2):
========================================
步骤1: 输入藏语文本...
输入文本时出错: Message: tab crashed
  (Session info: chrome=143.0.7499.169)

✗ 输入文本失败

开始翻译流程 (尝试 2/2):
========================================
步骤1: 输入藏语文本...
输入文本时出错: Message: tab crashed
  (Session info: chrome=143.0.7499.169)

✗ 输入文本失败
========================================
✗ 翻译失败，跳过此行
✓ 已保存到文件: 120/4500 条

[121/4500] 翻译进度: 2.7%
藏语原文: འདུག་ས་འདི་ཉིད་དུ་གྲོལ་བར་བྱིན་གྱིས་བརླབ་ཏུ་གསོལ།

开始翻译流程 (尝试 1/2):
========================================
步骤1: 输入藏语文本...
输入文本时出错: Message: tab crashed
  (Session info: chrome=143.0.7499.169)

✗ 输入文本失败

开始翻译流程 (尝试 2/2):
========================================
步骤1: 输入藏语文本...
输入文本时出错: Message: tab crashed
  (Session info: chrome=143.0.7499.169)

✗ 输入文本失败
========================================
✗ 翻译失败，跳过此行
✓ 已保存到文件: 121/4500 条

[122/4500] 翻译进度: 2.7%
藏语原文: འདུག་ས་འདི་ཉིད་དུ་སྐྱེ་བར་བྱིན་གྱིས་བརླབ་ཏུ་གསོལ།

开始翻译流程 (尝试 1/2):
========================================
步骤1: 输入藏语文本...
输入文本时出错: Message: tab crashed
  (Session info: chrome=143.0.7499.169)

✗ 输入文本失败

开始翻译流程 (尝试 2/2):
========================================
步骤1: 输入藏语文本...
输入文本时出错: Message: tab crashed
  (Session info: chrome=143.0.7499.169)

✗ 输入文本失败
========================================
✗ 翻译失败，跳过此行
✓ 已保存到文件: 122/4500 条

[123/4500] 翻译进度: 2.7%
藏语原文: འདུག་ས་འདི་ཉིད་དུ་སྐྱེ་བར་བྱིན་གྱིས་བརླབ་ཏུ་གསོལ།

开始翻译流程 (尝试 1/2):
========================================
步骤1: 输入藏语文本...
输入文本时出错: Message: tab crashed
  (Session info: chrome=143.0.7499.169)

✗ 输入文本失败

开始翻译流程 (尝试 2/2):
========================================
步骤1: 输入藏语文本...
输入文本时出错: Message: tab crashed
  (Session info: chrome=143.0.7499.169)

✗ 输入文本失败
========================================
✗ 翻译失败，跳过此行
✓ 已保存到文件: 123/4500 条

[124/4500] 翻译进度: 2.8%
藏语原文: ཕྱི་ནང་མཚམས་བཅད་བདེ་བའི་སྟན་འདུག་སྟེ

开始翻译流程 (尝试 1/2):
========================================
步骤1: 输入藏语文本...
输入文本时出错: Message: tab crashed
  (Session info: chrome=143.0.7499.169)

✗ 输入文本失败

开始翻译流程 (尝试 2/2):
========================================
步骤1: 输入藏语文本...
输入文本时出错: Message: tab crashed
  (Session info: chrome=143.0.7499.169)

✗ 输入文本失败
========================================
✗ 翻译失败，跳过此行
✓ 已保存到文件: 124/4500 条

[125/4500] 翻译进度: 2.8%
藏语原文: ཐོག་མེད་ནས་བསགས་བཅས་དང་རང་བཞིན་གྱི

开始翻译流程 (尝试 1/2):
========================================
步骤1: 输入藏语文本...
输入文本时出错: Message: tab crashed
  (Session info: chrome=143.0.7499.169)

✗ 输入文本失败

开始翻译流程 (尝试 2/2):
========================================
步骤1: 输入藏语文本...
输入文本时出错: Message: tab crashed
  (Session info: chrome=143.0.7499.169)

✗ 输入文本失败
========================================
✗ 翻译失败，跳过此行
✓ 已保存到文件: 125/4500 条

[126/4500] 翻译进度: 2.8%
藏语原文: ཨོཾ་བཛྲ་བེ་རོ་ཙ་ནཱི་ཡེ་ཧཱུཾ་ཧཱུཾ་ཕཊ་སྭཱ་ཧཱ།

开始翻译流程 (尝试 1/2):
========================================
步骤1: 输入藏语文本...
输入文本时出错: Message: tab crashed
  (Session info: chrome=143.0.7499.169)

✗ 输入文本失败

开始翻译流程 (尝试 2/2):
========================================
步骤1: 输入藏语文本...
输入文本时出错: Message: tab crashed
  (Session info: chrome=143.0.7499.169)

✗ 输入文本失败
========================================
✗ 翻译失败，跳过此行
✓ 已保存到文件: 126/4500 条

[127/4500] 翻译进度: 2.8%
藏语原文: མིའུ་ཐུང་གེལ་པའི་འདུག་སྟངས་ཀྱིས་རོ་ཡི་གདན་ལ་བཞུགས་...

开始翻译流程 (尝试 1/2):
========================================
步骤1: 输入藏语文本...
输入文本时出错: Message: tab crashed
  (Session info: chrome=143.0.7499.169)

✗ 输入文本失败

开始翻译流程 (尝试 2/2):
========================================
步骤1: 输入藏语文本...
输入文本时出错: Message: tab crashed
  (Session info: chrome=143.0.7499.169)

✗ 输入文本失败
========================================
✗ 翻译失败，跳过此行
✓ 已保存到文件: 127/4500 条

[128/4500] 翻译进度: 2.8%
藏语原文: མ་ཧཱ་མཾ་ས་རཀྟ་ཙིཏྟ་ཀོ་རོ་ཙ་ན་བ་སུ་ཏ་བ་ལིནྟ་ཁ་ཁ་ཁཱ་...

开始翻译流程 (尝试 1/2):
========================================
步骤1: 输入藏语文本...
输入文本时出错: Message: tab crashed
  (Session info: chrome=143.0.7499.169)

✗ 输入文本失败

开始翻译流程 (尝试 2/2):
========================================
步骤1: 输入藏语文本...
输入文本时出错: Message: tab crashed
  (Session info: chrome=143.0.7499.169)

✗ 输入文本失败
========================================
✗ 翻译失败，跳过此行
✓ 已保存到文件: 128/4500 条

[129/4500] 翻译进度: 2.9%
藏语原文: རང་རང་ཕྱོགས་སུ་ལེགས་པར་བཞུགས་ནས་ཀྱང་།

开始翻译流程 (尝试 1/2):
========================================
步骤1: 输入藏语文本...
输入文本时出错: Message: tab crashed
  (Session info: chrome=143.0.7499.169)

✗ 输入文本失败

开始翻译流程 (尝试 2/2):
========================================
步骤1: 输入藏语文本...
输入文本时出错: Message: tab crashed
  (Session info: chrome=143.0.7499.169)

✗ 输入文本失败
========================================
✗ 翻译失败，跳过此行
✓ 已保存到文件: 129/4500 条

[130/4500] 翻译进度: 2.9%
藏语原文: ཆོ་གའི་འགྲོས་སྐབས་མ་ཕྱེད་པར་ཡི་གེའི་ནང་དུ་ཡོད་ཚད་བ...

开始翻译流程 (尝试 1/2):
========================================
步骤1: 输入藏语文本...
输入文本时出错: Message: tab crashed
  (Session info: chrome=143.0.7499.169)

✗ 输入文本失败

开始翻译流程 (尝试 2/2):
========================================
步骤1: 输入藏语文本...
输入文本时出错: Message: tab crashed
  (Session info: chrome=143.0.7499.169)

✗ 输入文本失败
========================================
✗ 翻译失败，跳过此行
✓ 已保存到文件: 130/4500 条

[131/4500] 翻译进度: 2.9%
藏语原文: ཨོཾ་བཛྲ་བེ་རོ་ཙ་ནི་ཡེ་ཧ་རི་ནི་ས་ཧཱུཾ་ཧཱུཾ་ཕཊ་སྭཱ་ཧ...

开始翻译流程 (尝试 1/2):
========================================
步骤1: 输入藏语文本...
输入文本时出错: Message: tab crashed
  (Session info: chrome=143.0.7499.169)

✗ 输入文本失败

开始翻译流程 (尝试 2/2):
========================================
步骤1: 输入藏语文本...
输入文本时出错: Message: tab crashed
  (Session info: chrome=143.0.7499.169)

✗ 输入文本失败
========================================
✗ 翻译失败，跳过此行
✓ 已保存到文件: 131/4500 条

[132/4500] 翻译进度: 2.9%
藏语原文: དཔའ་བོ་འདུག་སྟངས་ཀྱིས་སྣ་ཚོགས་པདྨ་ཉི་མ་མི་རོའི་གདན...

开始翻译流程 (尝试 1/2):
========================================
步骤1: 输入藏语文本...
输入文本时出错: Message: tab crashed
  (Session info: chrome=143.0.7499.169)

✗ 输入文本失败

开始翻译流程 (尝试 2/2):
========================================
步骤1: 输入藏语文本...
输入文本时出错: Message: tab crashed
  (Session info: chrome=143.0.7499.169)

✗ 输入文本失败
========================================
✗ 翻译失败，跳过此行
✓ 已保存到文件: 132/4500 条

[133/4500] 翻译进度: 3.0%
藏语原文: མ་ཧཱ་གོ་རོ་ཙ་ན་ལ་ཁཱ་ཧི།

开始翻译流程 (尝试 1/2):
========================================
步骤1: 输入藏语文本...
输入文本时出错: Message: tab crashed
  (Session info: chrome=143.0.7499.169)

✗ 输入文本失败

开始翻译流程 (尝试 2/2):
========================================
步骤1: 输入藏语文本...
输入文本时出错: Message: tab crashed
  (Session info: chrome=143.0.7499.169)

✗ 输入文本失败
========================================
✗ 翻译失败，跳过此行
✓ 已保存到文件: 133/4500 条

[134/4500] 翻译进度: 3.0%
藏语原文: ཧཱ་ཧཱ་ཊྛ་བྷཱུ་ཞེས་བཞད་གང་ཞིག་དུས་ཀུན་ཏུ་ནི་ཤིན་ཏུ་...

开始翻译流程 (尝试 1/2):
========================================
步骤1: 输入藏语文本...
输入文本时出错: Message: tab crashed
  (Session info: chrome=143.0.7499.169)

✗ 输入文本失败

开始翻译流程 (尝试 2/2):
========================================
步骤1: 输入藏语文本...
输入文本时出错: Message: tab crashed
  (Session info: chrome=143.0.7499.169)

✗ 输入文本失败
========================================
✗ 翻译失败，跳过此行
✓ 已保存到文件: 134/4500 条

[135/4500] 翻译进度: 3.0%
藏语原文: མ་ཧཱ་གོ་རོ་ཙ་ན་ལ་ཁཱ་ཧི།

开始翻译流程 (尝试 1/2):
========================================
步骤1: 输入藏语文本...
输入文本时出错: Message: tab crashed
  (Session info: chrome=143.0.7499.169)

✗ 输入文本失败

开始翻译流程 (尝试 2/2):
========================================
步骤1: 输入藏语文本...
输入文本时出错: Message: tab crashed
  (Session info: chrome=143.0.7499.169)

✗ 输入文本失败
========================================
✗ 翻译失败，跳过此行
✓ 已保存到文件: 135/4500 条

[136/4500] 翻译进度: 3.0%
藏语原文: མཐུ་རྩལ་ཅི་འདུག་ད་ལྟའོ།

开始翻译流程 (尝试 1/2):
========================================
步骤1: 输入藏语文本...
输入文本时出错: Message: tab crashed
  (Session info: chrome=143.0.7499.169)

✗ 输入文本失败

开始翻译流程 (尝试 2/2):
========================================
步骤1: 输入藏语文本...
输入文本时出错: Message: tab crashed
  (Session info: chrome=143.0.7499.169)

✗ 输入文本失败
========================================
✗ 翻译失败，跳过此行
✓ 已保存到文件: 136/4500 条

[137/4500] 翻译进度: 3.0%
藏语原文: ཞག་དང་ཞག་དུས་ཆགས་པ་བཟོད་པར་གསོལ།

开始翻译流程 (尝试 1/2):
========================================
步骤1: 输入藏语文本...
输入文本时出错: Message: tab crashed
  (Session info: chrome=143.0.7499.169)

✗ 输入文本失败

开始翻译流程 (尝试 2/2):
========================================
步骤1: 输入藏语文本...
输入文本时出错: Message: tab crashed
  (Session info: chrome=143.0.7499.169)

✗ 输入文本失败
========================================
✗ 翻译失败，跳过此行
✓ 已保存到文件: 137/4500 条

[138/4500] 翻译进度: 3.1%
藏语原文: ལོ་ཟླ་ཞག་དུས་མ་རྩི་བར།

开始翻译流程 (尝试 1/2):
========================================
步骤1: 输入藏语文本...
输入文本时出错: Message: tab crashed
  (Session info: chrome=143.0.7499.169)

✗ 输入文本失败

开始翻译流程 (尝试 2/2):
========================================
步骤1: 输入藏语文本...
输入文本时出错: Message: tab crashed
  (Session info: chrome=143.0.7499.169)

✗ 输入文本失败
========================================
✗ 翻译失败，跳过此行
✓ 已保存到文件: 138/4500 条

[139/4500] 翻译进度: 3.1%
藏语原文: ཡར་ཡུལ་སྟོད་དུ་བྱོན་ཙ་ན།

开始翻译流程 (尝试 1/2):
========================================
步骤1: 输入藏语文本...
输入文本时出错: Message: tab crashed
  (Session info: chrome=143.0.7499.169)

✗ 输入文本失败

开始翻译流程 (尝试 2/2):
========================================
步骤1: 输入藏语文本...
输入文本时出错: Message: tab crashed
  (Session info: chrome=143.0.7499.169)

✗ 输入文本失败
========================================
✗ 翻译失败，跳过此行
✓ 已保存到文件: 139/4500 条

[140/4500] 翻译进度: 3.1%
藏语原文: མར་ཡུལ་སྨད་དུ་བྱོན་ཙ་ན།

开始翻译流程 (尝试 1/2):
========================================
步骤1: 输入藏语文本...
输入文本时出错: Message: tab crashed
  (Session info: chrome=143.0.7499.169)

✗ 输入文本失败

开始翻译流程 (尝试 2/2):
========================================
步骤1: 输入藏语文本...
输入文本时出错: Message: tab crashed
  (Session info: chrome=143.0.7499.169)

✗ 输入文本失败
========================================
✗ 翻译失败，跳过此行
✓ 已保存到文件: 140/4500 条

[141/4500] 翻译进度: 3.1%
藏语原文: ད་ལྟ་འདི་རུ་གཤེགས་ཙ་ན།

开始翻译流程 (尝试 1/2):
========================================
步骤1: 输入藏语文本...
输入文本时出错: Message: tab crashed
  (Session info: chrome=143.0.7499.169)

✗ 输入文本失败

开始翻译流程 (尝试 2/2):
========================================
步骤1: 输入藏语文本...
输入文本时出错: Message: tab crashed
  (Session info: chrome=143.0.7499.169)

✗ 输入文本失败
========================================
✗ 翻译失败，跳过此行
✓ 已保存到文件: 141/4500 条

[142/4500] 翻译进度: 3.2%
藏语原文: རང་རང་ཅི་བཅོལ་ལས་རྣམས་འགྲུབ་པར་མཛོད།

开始翻译流程 (尝试 1/2):
========================================
步骤1: 输入藏语文本...
输入文本时出错: Message: tab crashed
  (Session info: chrome=143.0.7499.169)

✗ 输入文本失败

开始翻译流程 (尝试 2/2):
========================================
步骤1: 输入藏语文本...
输入文本时出错: Message: tab crashed
  (Session info: chrome=143.0.7499.169)

✗ 输入文本失败
========================================
✗ 翻译失败，跳过此行
✓ 已保存到文件: 142/4500 条

[143/4500] 翻译进度: 3.2%
藏语原文: ས་ཆ་གར་འགྲོ་གར་འདུག་ཁ་འཛིན་མཛོད།

开始翻译流程 (尝试 1/2):
========================================
步骤1: 输入藏语文本...
输入文本时出错: Message: tab crashed
  (Session info: chrome=143.0.7499.169)

✗ 输入文本失败

开始翻译流程 (尝试 2/2):
========================================
步骤1: 输入藏语文本...
输入文本时出错: Message: tab crashed
  (Session info: chrome=143.0.7499.169)

✗ 输入文本失败
========================================
✗ 翻译失败，跳过此行
✓ 已保存到文件: 143/4500 条

[144/4500] 翻译进度: 3.2%
藏语原文: ལོ་ཟླ་ཞག་དུས་མ་འགྱང་ད་ལྟ་ཉིད།

开始翻译流程 (尝试 1/2):
========================================
步骤1: 输入藏语文本...
输入文本时出错: Message: tab crashed
  (Session info: chrome=143.0.7499.169)

✗ 输入文本失败

开始翻译流程 (尝试 2/2):
========================================
步骤1: 输入藏语文本...
输入文本时出错: Message: tab crashed
  (Session info: chrome=143.0.7499.169)

✗ 输入文本失败
========================================
✗ 翻译失败，跳过此行
✓ 已保存到文件: 144/4500 条

[145/4500] 翻译进度: 3.2%
藏语原文: ས་ཆ་གང་དུ་འདུག་ཀྱང་སྲུང་སྐྱོབ་མཛོད།

开始翻译流程 (尝试 1/2):
========================================
步骤1: 输入藏语文本...
输入文本时出错: Message: tab crashed
  (Session info: chrome=143.0.7499.169)

✗ 输入文本失败

开始翻译流程 (尝试 2/2):
========================================
步骤1: 输入藏语文本...
输入文本时出错: Message: tab crashed
  (Session info: chrome=143.0.7499.169)

✗ 输入文本失败
========================================
✗ 翻译失败，跳过此行
✓ 已保存到文件: 145/4500 条

[146/4500] 翻译进度: 3.2%
藏语原文: གཞི་ལ་འདུག་ན་སྡོང་གྲོགས་མཛོད།

开始翻译流程 (尝试 1/2):
========================================
步骤1: 输入藏语文本...
输入文本时出错: Message: tab crashed
  (Session info: chrome=143.0.7499.169)

✗ 输入文本失败

开始翻译流程 (尝试 2/2):
========================================
步骤1: 输入藏语文本...
输入文本时出错: Message: tab crashed
  (Session info: chrome=143.0.7499.169)

✗ 输入文本失败
========================================
✗ 翻译失败，跳过此行
✓ 已保存到文件: 146/4500 条

[147/4500] 翻译进度: 3.3%
藏语原文: ཤེལ་དཀར་རྨོག་ཞུ་གསོལ་ཙ་ན།

开始翻译流程 (尝试 1/2):
========================================
步骤1: 输入藏语文本...
输入文本时出错: Message: tab crashed
  (Session info: chrome=143.0.7499.169)

✗ 输入文本失败

开始翻译流程 (尝试 2/2):
========================================
步骤1: 输入藏语文本...
输入文本时出错: Message: tab crashed
  (Session info: chrome=143.0.7499.169)

✗ 输入文本失败
========================================
✗ 翻译失败，跳过此行
✓ 已保存到文件: 147/4500 条

[148/4500] 翻译进度: 3.3%
藏语原文: སོ་སོ་རང་རང་གནས་སུ་གཤེགས།

开始翻译流程 (尝试 1/2):
========================================
步骤1: 输入藏语文本...
输入文本时出错: Message: tab crashed
  (Session info: chrome=143.0.7499.169)

✗ 输入文本失败

开始翻译流程 (尝试 2/2):
========================================
步骤1: 输入藏语文本...
输入文本时出错: Message: tab crashed
  (Session info: chrome=143.0.7499.169)

✗ 输入文本失败
========================================
✗ 翻译失败，跳过此行
✓ 已保存到文件: 148/4500 条

[149/4500] 翻译进度: 3.3%
藏语原文: རང་རང་དགྱེས་པའི་གདན་ལ་བཞུགས།

开始翻译流程 (尝试 1/2):
========================================
步骤1: 输入藏语文本...
输入文本时出错: Message: tab crashed
  (Session info: chrome=143.0.7499.169)

✗ 输入文本失败

开始翻译流程 (尝试 2/2):
========================================
步骤1: 输入藏语文本...
输入文本时出错: Message: tab crashed
  (Session info: chrome=143.0.7499.169)

✗ 输入文本失败
========================================
✗ 翻译失败，跳过此行
✓ 已保存到文件: 149/4500 条

[150/4500] 翻译进度: 3.3%
藏语原文: འཁོར་ཡང་རང་འདྲ་འབུམ་གྱིས་བསྐོར།

开始翻译流程 (尝试 1/2):
========================================
步骤1: 输入藏语文本...
输入文本时出错: Message: tab crashed
  (Session info: chrome=143.0.7499.169)

✗ 输入文本失败

开始翻译流程 (尝试 2/2):
========================================
步骤1: 输入藏语文本...
输入文本时出错: Message: tab crashed
  (Session info: chrome=143.0.7499.169)

✗ 输入文本失败
========================================
✗ 翻译失败，跳过此行
✓ 已保存到文件: 150/4500 条

[151/4500] 翻译进度: 3.4%
藏语原文: རང་རང་ཝེར་མས་ཁ་འཛིན་མཛོད།

开始翻译流程 (尝试 1/2):
========================================
步骤1: 输入藏语文本...
输入文本时出错: Message: tab crashed
  (Session info: chrome=143.0.7499.169)

✗ 输入文本失败

开始翻译流程 (尝试 2/2):
========================================
步骤1: 输入藏语文本...
输入文本时出错: Message: tab crashed
  (Session info: chrome=143.0.7499.169)

✗ 输入文本失败
========================================
✗ 翻译失败，跳过此行
✓ 已保存到文件: 151/4500 条

[152/4500] 翻译进度: 3.4%
藏语原文: ཨ་ཇོ་ཆེན་པོས་ཁ་འཛིན་མཛོད།

开始翻译流程 (尝试 1/2):
========================================
步骤1: 输入藏语文本...
输入文本时出错: Message: tab crashed
  (Session info: chrome=143.0.7499.169)

✗ 输入文本失败

开始翻译流程 (尝试 2/2):
========================================
步骤1: 输入藏语文本...
输入文本时出错: Message: tab crashed
  (Session info: chrome=143.0.7499.169)

✗ 输入文本失败
========================================
✗ 翻译失败，跳过此行
✓ 已保存到文件: 152/4500 条

[153/4500] 翻译进度: 3.4%
藏语原文: ད་གཅིག་པུར་འདུག་པའི་དུས་ལ་བབ།

开始翻译流程 (尝试 1/2):
========================================
步骤1: 输入藏语文本...
输入文本时出错: Message: tab crashed
  (Session info: chrome=143.0.7499.169)

✗ 输入文本失败

开始翻译流程 (尝试 2/2):
========================================
步骤1: 输入藏语文本...
输入文本时出错: Message: tab crashed
  (Session info: chrome=143.0.7499.169)

✗ 输入文本失败
========================================
✗ 翻译失败，跳过此行
✓ 已保存到文件: 153/4500 条

[154/4500] 翻译进度: 3.4%
藏语原文: གང་འདུག་དེར་གནས་ལྷ་འདྲེ་གཉན་སའི་གདོན།

开始翻译流程 (尝试 1/2):
========================================
步骤1: 输入藏语文本...
输入文本时出错: Message: tab crashed
  (Session info: chrome=143.0.7499.169)

✗ 输入文本失败

开始翻译流程 (尝试 2/2):
========================================
步骤1: 输入藏语文本...
输入文本时出错: Message: tab crashed
  (Session info: chrome=143.0.7499.169)

✗ 输入文本失败
========================================
✗ 翻译失败，跳过此行
✓ 已保存到文件: 154/4500 条

[155/4500] 翻译进度: 3.4%
藏语原文: ཤུགས་འབྱུང་རང་གྲོལ་སྤྱོད་པ་སྐྱོང་པ་ར།

开始翻译流程 (尝试 1/2):
========================================
步骤1: 输入藏语文本...
输入文本时出错: Message: tab crashed
  (Session info: chrome=143.0.7499.169)

✗ 输入文本失败

开始翻译流程 (尝试 2/2):
========================================
步骤1: 输入藏语文本...
输入文本时出错: Message: tab crashed
  (Session info: chrome=143.0.7499.169)

✗ 输入文本失败
========================================
✗ 翻译失败，跳过此行
✓ 已保存到文件: 155/4500 条

[156/4500] 翻译进度: 3.5%
藏语原文: རང་རང་ཡིད་མཐུན་བཟའ་བཏུང་དགྲ་བགེགས་གདོལ་པའི་ཀླུར།

开始翻译流程 (尝试 1/2):
========================================
步骤1: 输入藏语文本...
输入文本时出错: Message: tab crashed
  (Session info: chrome=143.0.7499.169)

✗ 输入文本失败

开始翻译流程 (尝试 2/2):
========================================
步骤1: 输入藏语文本...
输入文本时出错: Message: tab crashed
  (Session info: chrome=143.0.7499.169)

✗ 输入文本失败
========================================
✗ 翻译失败，跳过此行
✓ 已保存到文件: 156/4500 条

[157/4500] 翻译进度: 3.5%
藏语原文: འདུག་ས་འདི་རུ་བྱིན་གྱིས་རློབས།

开始翻译流程 (尝试 1/2):
========================================
步骤1: 输入藏语文本...
输入文本时出错: Message: tab crashed
  (Session info: chrome=143.0.7499.169)

✗ 输入文本失败

开始翻译流程 (尝试 2/2):
========================================
步骤1: 输入藏语文本...
输入文本时出错: Message: tab crashed
  (Session info: chrome=143.0.7499.169)

✗ 输入文本失败
========================================
✗ 翻译失败，跳过此行
✓ 已保存到文件: 157/4500 条

[158/4500] 翻译进度: 3.5%
藏语原文: འཁོར་འདས་མགྲོན་རྣམས་རང་སར་ཅི་འདོད་དུ་རང་རང་།

开始翻译流程 (尝试 1/2):
========================================
步骤1: 输入藏语文本...
输入文本时出错: Message: tab crashed
  (Session info: chrome=143.0.7499.169)

✗ 输入文本失败

开始翻译流程 (尝试 2/2):
========================================
步骤1: 输入藏语文本...
输入文本时出错: Message: tab crashed
  (Session info: chrome=143.0.7499.169)

✗ 输入文本失败
========================================
✗ 翻译失败，跳过此行
✓ 已保存到文件: 158/4500 条

[159/4500] 翻译进度: 3.5%
藏语原文: རང་རང་རྗེས་མཐུན་དངོས་གྲུབ་སྩོལ་བར་བསྒོམ།

开始翻译流程 (尝试 1/2):
========================================
步骤1: 输入藏语文本...
输入文本时出错: Message: tab crashed
  (Session info: chrome=143.0.7499.169)

✗ 输入文本失败

开始翻译流程 (尝试 2/2):
========================================
步骤1: 输入藏语文本...
输入文本时出错: Message: tab crashed
  (Session info: chrome=143.0.7499.169)

✗ 输入文本失败
========================================
✗ 翻译失败，跳过此行
✓ 已保存到文件: 159/4500 条

[160/4500] 翻译进度: 3.6%
藏语原文: ཕུང་པོ་རང་རང་ཡིད་དང་མཐུན་པ་ཡི།

开始翻译流程 (尝试 1/2):
========================================
步骤1: 输入藏语文本...
输入文本时出错: Message: tab crashed
  (Session info: chrome=143.0.7499.169)

✗ 输入文本失败

开始翻译流程 (尝试 2/2):
========================================
步骤1: 输入藏语文本...
输入文本时出错: Message: tab crashed
  (Session info: chrome=143.0.7499.169)

✗ 输入文本失败
========================================
✗ 翻译失败，跳过此行
✓ 已保存到文件: 160/4500 条

[161/4500] 翻译进度: 3.6%
藏语原文: ཚར་ཚད་ལེགས་པར་བྱུང་ནས་འདུག་མི་རུང་སྟེ་མྱུར་དུ་འགྲོ...

开始翻译流程 (尝试 1/2):
========================================
步骤1: 输入藏语文本...
输入文本时出错: Message: tab crashed
  (Session info: chrome=143.0.7499.169)

✗ 输入文本失败

开始翻译流程 (尝试 2/2):
========================================
步骤1: 输入藏语文本...
输入文本时出错: Message: tab crashed
  (Session info: chrome=143.0.7499.169)

✗ 输入文本失败
========================================
✗ 翻译失败，跳过此行
✓ 已保存到文件: 161/4500 条

[162/4500] 翻译进度: 3.6%
藏语原文: ཨོཾ་བཛྲ་ཌཱ་ཀི་ནཱི་སརྦ་དྷརྨ་པཱ་ལ་ས་པཱ་རི་ཝཱ་ར་དགྲ་བ...

开始翻译流程 (尝试 1/2):
========================================
步骤1: 输入藏语文本...
输入文本时出错: Message: tab crashed
  (Session info: chrome=143.0.7499.169)

✗ 输入文本失败

开始翻译流程 (尝试 2/2):
========================================
步骤1: 输入藏语文本...
输入文本时出错: Message: tab crashed
  (Session info: chrome=143.0.7499.169)

✗ 输入文本失败
========================================
✗ 翻译失败，跳过此行
✓ 已保存到文件: 162/4500 条

[163/4500] 翻译进度: 3.6%
藏语原文: རང་རང་རིགས་མཐུན་འཁོར་ཚོགས་རྣམས་མང་བཅས།

开始翻译流程 (尝试 1/2):
========================================
步骤1: 输入藏语文本...
输入文本时出错: Message: tab crashed
  (Session info: chrome=143.0.7499.169)

✗ 输入文本失败

开始翻译流程 (尝试 2/2):
========================================
步骤1: 输入藏语文本...
输入文本时出错: Message: tab crashed
  (Session info: chrome=143.0.7499.169)

✗ 输入文本失败
========================================
✗ 翻译失败，跳过此行
✓ 已保存到文件: 163/4500 条

[164/4500] 翻译进度: 3.6%
藏语原文: རང་རང་རིགས་མཐུན་འཁོར་ཚོགས་རྒྱ་མཚོར་བཅས།

开始翻译流程 (尝试 1/2):
========================================
步骤1: 输入藏语文本...
输入文本时出错: Message: tab crashed
  (Session info: chrome=143.0.7499.169)

✗ 输入文本失败

开始翻译流程 (尝试 2/2):
========================================
步骤1: 输入藏语文本...
输入文本时出错: Message: tab crashed
  (Session info: chrome=143.0.7499.169)

✗ 输入文本失败
========================================
✗ 翻译失败，跳过此行
✓ 已保存到文件: 164/4500 条

[165/4500] 翻译进度: 3.7%
藏语原文: དགྱེས་བཞིན་རང་རང་སོ་སོའི་གཤེགས།

开始翻译流程 (尝试 1/2):
========================================
步骤1: 输入藏语文本...
输入文本时出错: Message: tab crashed
  (Session info: chrome=143.0.7499.169)

✗ 输入文本失败

开始翻译流程 (尝试 2/2):
========================================
步骤1: 输入藏语文本...
输入文本时出错: Message: tab crashed
  (Session info: chrome=143.0.7499.169)

✗ 输入文本失败
========================================
✗ 翻译失败，跳过此行
✓ 已保存到文件: 165/4500 条

[166/4500] 翻译进度: 3.7%
藏语原文: གཉན་ཁྲོད་རྟག་འདུག་ཕུང་པོ་མཆོད་སྦྱིན་འབུལ།

开始翻译流程 (尝试 1/2):
========================================
步骤1: 输入藏语文本...
输入文本时出错: Message: tab crashed
  (Session info: chrome=143.0.7499.169)

✗ 输入文本失败

开始翻译流程 (尝试 2/2):
========================================
步骤1: 输入藏语文本...
输入文本时出错: Message: tab crashed
  (Session info: chrome=143.0.7499.169)

✗ 输入文本失败
========================================
✗ 翻译失败，跳过此行
✓ 已保存到文件: 166/4500 条

[167/4500] 翻译进度: 3.7%
藏语原文: གཉན་ས་རི་ཁྲོད་འགྲིམས་ཙ་ན།

开始翻译流程 (尝试 1/2):
========================================
步骤1: 输入藏语文本...
输入文本时出错: Message: tab crashed
  (Session info: chrome=143.0.7499.169)

✗ 输入文本失败

开始翻译流程 (尝试 2/2):
========================================
步骤1: 输入藏语文本...
输入文本时出错: Message: tab crashed
  (Session info: chrome=143.0.7499.169)

✗ 输入文本失败
========================================
✗ 翻译失败，跳过此行
✓ 已保存到文件: 167/4500 条

[168/4500] 翻译进度: 3.7%
藏语原文: གདོན་གནོད་སྦྱིན་ཆོ་འཕྲུལ་བྱུང་ཙ་ན།

开始翻译流程 (尝试 1/2):
========================================
步骤1: 输入藏语文本...
输入文本时出错: Message: tab crashed
  (Session info: chrome=143.0.7499.169)

✗ 输入文本失败

开始翻译流程 (尝试 2/2):
========================================
步骤1: 输入藏语文本...
输入文本时出错: Message: tab crashed
  (Session info: chrome=143.0.7499.169)

✗ 输入文本失败
========================================
✗ 翻译失败，跳过此行
✓ 已保存到文件: 168/4500 条

[169/4500] 翻译进度: 3.8%
藏语原文: ལུས་ལ་ན་ཚ་བྱུང་ཙ་ན།

开始翻译流程 (尝试 1/2):
========================================
步骤1: 输入藏语文本...
输入文本时出错: Message: tab crashed
  (Session info: chrome=143.0.7499.169)

✗ 输入文本失败

开始翻译流程 (尝试 2/2):
========================================
步骤1: 输入藏语文本...
输入文本时出错: Message: tab crashed
  (Session info: chrome=143.0.7499.169)

✗ 输入文本失败
========================================
✗ 翻译失败，跳过此行
✓ 已保存到文件: 169/4500 条

[170/4500] 翻译进度: 3.8%
藏语原文: རིག་པ་རྟེན་དང་ཕྲོལ་ཅིག་བུ་གཡའ་རི་གངས་ཁྲོད་འགྲིམ་ཙ་...

开始翻译流程 (尝试 1/2):
========================================
步骤1: 输入藏语文本...
输入文本时出错: Message: tab crashed
  (Session info: chrome=143.0.7499.169)

✗ 输入文本失败

开始翻译流程 (尝试 2/2):
========================================
步骤1: 输入藏语文本...
输入文本时出错: Message: tab crashed
  (Session info: chrome=143.0.7499.169)

✗ 输入文本失败
========================================
✗ 翻译失败，跳过此行
✓ 已保存到文件: 170/4500 条

[171/4500] 翻译进度: 3.8%
藏语原文: རང་ཉིད་གཅིག་པུར་འདུག་ཙ་ན།

开始翻译流程 (尝试 1/2):
========================================
步骤1: 输入藏语文本...
输入文本时出错: Message: tab crashed
  (Session info: chrome=143.0.7499.169)

✗ 输入文本失败

开始翻译流程 (尝试 2/2):
========================================
步骤1: 输入藏语文本...
输入文本时出错: Message: tab crashed
  (Session info: chrome=143.0.7499.169)

✗ 输入文本失败
========================================
✗ 翻译失败，跳过此行
✓ 已保存到文件: 171/4500 条

[172/4500] 翻译进度: 3.8%
藏语原文: རིག་པ་འཕྲོ་རྒོད་བྱུང་ཙ་ན།

开始翻译流程 (尝试 1/2):
========================================
步骤1: 输入藏语文本...
输入文本时出错: Message: tab crashed
  (Session info: chrome=143.0.7499.169)

✗ 输入文本失败

开始翻译流程 (尝试 2/2):
========================================
步骤1: 输入藏语文本...
输入文本时出错: Message: tab crashed
  (Session info: chrome=143.0.7499.169)

✗ 输入文本失败
========================================
✗ 翻译失败，跳过此行
✓ 已保存到文件: 172/4500 条

[173/4500] 翻译进度: 3.8%
藏语原文: བྱིངས་རྨུགས་འཐིབས་གསུམ་བྱུང་ཙ་ན།

开始翻译流程 (尝试 1/2):
========================================
步骤1: 输入藏语文本...
输入文本时出错: Message: tab crashed
  (Session info: chrome=143.0.7499.169)

✗ 输入文本失败

开始翻译流程 (尝试 2/2):
========================================
步骤1: 输入藏语文本...
输入文本时出错: Message: tab crashed
  (Session info: chrome=143.0.7499.169)

✗ 输入文本失败
========================================
✗ 翻译失败，跳过此行
✓ 已保存到文件: 173/4500 条

[174/4500] 翻译进度: 3.9%
藏语原文: ཉམས་ལེན་ལ་ཐེ་ཚོམ་བྱུང་ཙ་ན།

开始翻译流程 (尝试 1/2):
========================================
步骤1: 输入藏语文本...
输入文本时出错: Message: tab crashed
  (Session info: chrome=143.0.7499.169)

✗ 输入文本失败

开始翻译流程 (尝试 2/2):
========================================
步骤1: 输入藏语文本...
输入文本时出错: Message: tab crashed
  (Session info: chrome=143.0.7499.169)

✗ 输入文本失败
========================================
✗ 翻译失败，跳过此行
✓ 已保存到文件: 174/4500 条

[175/4500] 翻译进度: 3.9%
藏语原文: གེགས་དང་གོལ་ས་བྱུང་ཙ་ན།

开始翻译流程 (尝试 1/2):
========================================
步骤1: 输入藏语文本...
输入文本时出错: Message: tab crashed
  (Session info: chrome=143.0.7499.169)

✗ 输入文本失败

开始翻译流程 (尝试 2/2):
========================================
步骤1: 输入藏语文本...
输入文本时出错: Message: tab crashed
  (Session info: chrome=143.0.7499.169)

✗ 输入文本失败
========================================
✗ 翻译失败，跳过此行
✓ 已保存到文件: 175/4500 条

[176/4500] 翻译进度: 3.9%
藏语原文: འཇིགས་པའི་ས་རུ་ཉལ་ཙ་ན།

开始翻译流程 (尝试 1/2):
========================================
步骤1: 输入藏语文本...
输入文本时出错: Message: tab crashed
  (Session info: chrome=143.0.7499.169)

✗ 输入文本失败

开始翻译流程 (尝试 2/2):
========================================
步骤1: 输入藏语文本...
输入文本时出错: Message: tab crashed
  (Session info: chrome=143.0.7499.169)

✗ 输入文本失败
========================================
✗ 翻译失败，跳过此行
✓ 已保存到文件: 176/4500 条

[177/4500] 翻译进度: 3.9%
藏语原文: ལྷ་འདྲེའི་ཆོ་འཕྲུལ་བྱུང་ཙ་ན།

开始翻译流程 (尝试 1/2):
========================================
步骤1: 输入藏语文本...
输入文本时出错: Message: tab crashed
  (Session info: chrome=143.0.7499.169)

✗ 输入文本失败

开始翻译流程 (尝试 2/2):
========================================
步骤1: 输入藏语文本...
输入文本时出错: Message: tab crashed
  (Session info: chrome=143.0.7499.169)

✗ 输入文本失败
========================================
✗ 翻译失败，跳过此行
✓ 已保存到文件: 177/4500 条

[178/4500] 翻译进度: 4.0%
藏语原文: སྙེམས་དང་རྟོག་པ་བྱུང་ཙ་ན།

开始翻译流程 (尝试 1/2):
========================================
步骤1: 输入藏语文本...
输入文本时出错: Message: tab crashed
  (Session info: chrome=143.0.7499.169)

✗ 输入文本失败

开始翻译流程 (尝试 2/2):
========================================
步骤1: 输入藏语文本...
输入文本时出错: Message: tab crashed
  (Session info: chrome=143.0.7499.169)

✗ 输入文本失败
========================================
✗ 翻译失败，跳过此行
✓ 已保存到文件: 178/4500 条

[179/4500] 翻译进度: 4.0%
藏语原文: རིགས་དྲུག་གཡང་ལ་བསྐྱུར་ཙ་ན།

开始翻译流程 (尝试 1/2):
========================================
步骤1: 输入藏语文本...
输入文本时出错: Message: tab crashed
  (Session info: chrome=143.0.7499.169)

✗ 输入文本失败

开始翻译流程 (尝试 2/2):
========================================
步骤1: 输入藏语文本...
输入文本时出错: Message: tab crashed
  (Session info: chrome=143.0.7499.169)

✗ 输入文本失败
========================================
✗ 翻译失败，跳过此行
✓ 已保存到文件: 179/4500 条

[180/4500] 翻译进度: 4.0%
藏语原文: དུར་ཁྲོད་ཀྱི་ཀིང་རུས་མཐོང་ཙ་ན།

开始翻译流程 (尝试 1/2):
========================================
步骤1: 输入藏语文本...
输入文本时出错: Message: tab crashed
  (Session info: chrome=143.0.7499.169)

✗ 输入文本失败

开始翻译流程 (尝试 2/2):
========================================
步骤1: 输入藏语文本...
输入文本时出错: Message: tab crashed
  (Session info: chrome=143.0.7499.169)

✗ 输入文本失败
========================================
✗ 翻译失败，跳过此行
✓ 已保存到文件: 180/4500 条

[181/4500] 翻译进度: 4.0%
藏语原文: དགེ་སྦྱོར་ཡོན་ཏན་འཕེལ་ཙ་ན།

开始翻译流程 (尝试 1/2):
========================================
步骤1: 输入藏语文本...
输入文本时出错: Message: tab crashed
  (Session info: chrome=143.0.7499.169)

✗ 输入文本失败

开始翻译流程 (尝试 2/2):
========================================
步骤1: 输入藏语文本...
输入文本时出错: Message: tab crashed
  (Session info: chrome=143.0.7499.169)

✗ 输入文本失败
========================================
✗ 翻译失败，跳过此行
✓ 已保存到文件: 181/4500 条

[182/4500] 翻译进度: 4.0%
藏语原文: གནས་ལ་ཞེན་ཆགས་བྱུང་ཙ་ན།

开始翻译流程 (尝试 1/2):
========================================
步骤1: 输入藏语文本...
输入文本时出错: Message: tab crashed
  (Session info: chrome=143.0.7499.169)

✗ 输入文本失败

开始翻译流程 (尝试 2/2):
========================================
步骤1: 输入藏语文本...
输入文本时出错: Message: tab crashed
  (Session info: chrome=143.0.7499.169)

✗ 输入文本失败
========================================
✗ 翻译失败，跳过此行
✓ 已保存到文件: 182/4500 条

[183/4500] 翻译进度: 4.1%
藏语原文: ང་རང་ནམ་ཡང་མི་འབྲལ་བར།

开始翻译流程 (尝试 1/2):
========================================
步骤1: 输入藏语文本...
输入文本时出错: Message: tab crashed
  (Session info: chrome=143.0.7499.169)

✗ 输入文本失败

开始翻译流程 (尝试 2/2):
========================================
步骤1: 输入藏语文本...
输入文本时出错: Message: tab crashed
  (Session info: chrome=143.0.7499.169)

✗ 输入文本失败
========================================
✗ 翻译失败，跳过此行
✓ 已保存到文件: 183/4500 条

[184/4500] 翻译进度: 4.1%
藏语原文: བུམ་ནང་རང་འདྲའི་རྣམ་པར་འཇོམས།

开始翻译流程 (尝试 1/2):
========================================
步骤1: 输入藏语文本...
输入文本时出错: Message: tab crashed
  (Session info: chrome=143.0.7499.169)

✗ 输入文本失败

开始翻译流程 (尝试 2/2):
========================================
步骤1: 输入藏语文本...
输入文本时出错: Message: tab crashed
  (Session info: chrome=143.0.7499.169)

✗ 输入文本失败
========================================
✗ 翻译失败，跳过此行
✓ 已保存到文件: 184/4500 条

[185/4500] 翻译进度: 4.1%
藏语原文: འོད་འཕྲོས་རང་རང་ལས་དང་དངོས་གྲུབ་ཀུན།

开始翻译流程 (尝试 1/2):
========================================
步骤1: 输入藏语文本...
输入文本时出错: Message: tab crashed
  (Session info: chrome=143.0.7499.169)

✗ 输入文本失败

开始翻译流程 (尝试 2/2):
========================================
步骤1: 输入藏语文本...
输入文本时出错: Message: tab crashed
  (Session info: chrome=143.0.7499.169)

✗ 输入文本失败
========================================
✗ 翻译失败，跳过此行
✓ 已保存到文件: 185/4500 条

[186/4500] 翻译进度: 4.1%
藏语原文: བདག་སོགས་གར་འགྲོ་གར་འདུག་བསམ་དགུ་འགྲུབ།

开始翻译流程 (尝试 1/2):
========================================
步骤1: 输入藏语文本...
输入文本时出错: Message: tab crashed
  (Session info: chrome=143.0.7499.169)

✗ 输入文本失败

开始翻译流程 (尝试 2/2):
========================================
步骤1: 输入藏语文本...
输入文本时出错: Message: tab crashed
  (Session info: chrome=143.0.7499.169)

✗ 输入文本失败
========================================
✗ 翻译失败，跳过此行
✓ 已保存到文件: 186/4500 条

[187/4500] 翻译进度: 4.2%
藏语原文: བསླང་ཞིང་རང་ཕམ་གཞན་རྒྱལ་བྱེད།

开始翻译流程 (尝试 1/2):
========================================
步骤1: 输入藏语文本...
输入文本时出错: Message: tab crashed
  (Session info: chrome=143.0.7499.169)

✗ 输入文本失败

开始翻译流程 (尝试 2/2):
========================================
步骤1: 输入藏语文本...
输入文本时出错: Message: tab crashed
  (Session info: chrome=143.0.7499.169)

✗ 输入文本失败
========================================
✗ 翻译失败，跳过此行
✓ 已保存到文件: 187/4500 条

[188/4500] 翻译进度: 4.2%
藏语原文: མཐའ་དམག་དུས་ཀྱི་འཚུབས་འགྱུར་དང་

开始翻译流程 (尝试 1/2):
========================================
步骤1: 输入藏语文本...
输入文本时出错: Message: tab crashed
  (Session info: chrome=143.0.7499.169)

✗ 输入文本失败

开始翻译流程 (尝试 2/2):
========================================
步骤1: 输入藏语文本...
输入文本时出错: Message: tab crashed
  (Session info: chrome=143.0.7499.169)

✗ 输入文本失败
========================================
✗ 翻译失败，跳过此行
✓ 已保存到文件: 188/4500 条

[189/4500] 翻译进度: 4.2%
藏语原文: རང་བྱུང་རང་ཤར་རང་ཐིམ་ཚུལ

开始翻译流程 (尝试 1/2):
========================================
步骤1: 输入藏语文本...
输入文本时出错: Message: tab crashed
  (Session info: chrome=143.0.7499.169)

✗ 输入文本失败

开始翻译流程 (尝试 2/2):
========================================
步骤1: 输入藏语文本...
输入文本时出错: Message: tab crashed
  (Session info: chrome=143.0.7499.169)

✗ 输入文本失败
========================================
✗ 翻译失败，跳过此行
✓ 已保存到文件: 189/4500 条

[190/4500] 翻译进度: 4.2%
藏语原文: ལོ་ཟླ་ཞག་དུས་ཀེག་རྩུབ་དུས་བཞིའི་ཁྲམ

开始翻译流程 (尝试 1/2):
========================================
步骤1: 输入藏语文本...
输入文本时出错: Message: tab crashed
  (Session info: chrome=143.0.7499.169)

✗ 输入文本失败

开始翻译流程 (尝试 2/2):
========================================
步骤1: 输入藏语文本...
输入文本时出错: Message: tab crashed
  (Session info: chrome=143.0.7499.169)

✗ 输入文本失败
========================================
✗ 翻译失败，跳过此行
✓ 已保存到文件: 190/4500 条

[191/4500] 翻译进度: 4.2%
藏语原文: ཧེ་རུ་ཀ་ཡང་རང་གཤེད་འབེབས

开始翻译流程 (尝试 1/2):
========================================
步骤1: 输入藏语文本...
输入文本时出错: Message: tab crashed
  (Session info: chrome=143.0.7499.169)

✗ 输入文本失败

开始翻译流程 (尝试 2/2):
========================================
步骤1: 输入藏语文本...
输入文本时出错: Message: tab crashed
  (Session info: chrome=143.0.7499.169)

✗ 输入文本失败
========================================
✗ 翻译失败，跳过此行
✓ 已保存到文件: 191/4500 条

[192/4500] 翻译进度: 4.3%
藏语原文: མ་ཧཱ་གོ་རོ་ཙ་ན་ལ་ཁཱ་ཧི

开始翻译流程 (尝试 1/2):
========================================
步骤1: 输入藏语文本...
输入文本时出错: Message: tab crashed
  (Session info: chrome=143.0.7499.169)

✗ 输入文本失败

开始翻译流程 (尝试 2/2):
========================================
步骤1: 输入藏语文本...
输入文本时出错: Message: tab crashed
  (Session info: chrome=143.0.7499.169)

✗ 输入文本失败
========================================
✗ 翻译失败，跳过此行
✓ 已保存到文件: 192/4500 条

[193/4500] 翻译进度: 4.3%
藏语原文: ན་མཱལོ་ཟླ་ཞག་དུས་སྐག་རིགས་སུམ་བརྒྱ་དང་

开始翻译流程 (尝试 1/2):
========================================
步骤1: 输入藏语文本...
输入文本时出错: Message: tab crashed
  (Session info: chrome=143.0.7499.169)

✗ 输入文本失败

开始翻译流程 (尝试 2/2):
========================================
步骤1: 输入藏语文本...
输入文本时出错: Message: tab crashed
  (Session info: chrome=143.0.7499.169)

✗ 输入文本失败
========================================
✗ 翻译失败，跳过此行
✓ 已保存到文件: 193/4500 条

[194/4500] 翻译进度: 4.3%
藏语原文: རང་བྱུང་རང་ཤར་བསྐྱེད་རིམ་རྫོགས

开始翻译流程 (尝试 1/2):
========================================
步骤1: 输入藏语文本...
输入文本时出错: Message: tab crashed
  (Session info: chrome=143.0.7499.169)

✗ 输入文本失败

开始翻译流程 (尝试 2/2):
========================================
步骤1: 输入藏语文本...
输入文本时出错: Message: tab crashed
  (Session info: chrome=143.0.7499.169)

✗ 输入文本失败
========================================
✗ 翻译失败，跳过此行
✓ 已保存到文件: 194/4500 条

[195/4500] 翻译进度: 4.3%
藏语原文: རང་བྱུང་རང་ཐིམ་མཆོད་ཚོགས་འབུལ

开始翻译流程 (尝试 1/2):
========================================
步骤1: 输入藏语文本...
输入文本时出错: Message: tab crashed
  (Session info: chrome=143.0.7499.169)

✗ 输入文本失败

开始翻译流程 (尝试 2/2):
========================================
步骤1: 输入藏语文本...
输入文本时出错: Message: tab crashed
  (Session info: chrome=143.0.7499.169)

✗ 输入文本失败
========================================
✗ 翻译失败，跳过此行
✓ 已保存到文件: 195/4500 条

[196/4500] 翻译进度: 4.4%
藏语原文: ཁོ་རང་གཤེད་དུ་འབེབས་པར་ནུས

开始翻译流程 (尝试 1/2):
========================================
步骤1: 输入藏语文本...
输入文本时出错: Message: tab crashed
  (Session info: chrome=143.0.7499.169)

✗ 输入文本失败

开始翻译流程 (尝试 2/2):
========================================
步骤1: 输入藏语文本...
输入文本时出错: Message: tab crashed
  (Session info: chrome=143.0.7499.169)

✗ 输入文本失败
========================================
✗ 翻译失败，跳过此行
✓ 已保存到文件: 196/4500 条

[197/4500] 翻译进度: 4.4%
藏语原文: ཧཱུཾ་དང་ཕཊ་ཀྱི་འབྲུག་སྒྲ་སྒྲོག་མི་རྟག་དུས་ཀྱི་མཐའ་...

开始翻译流程 (尝试 1/2):
========================================
步骤1: 输入藏语文本...
输入文本时出错: Message: tab crashed
  (Session info: chrome=143.0.7499.169)

✗ 输入文本失败

开始翻译流程 (尝试 2/2):
========================================
步骤1: 输入藏语文本...
输入文本时出错: Message: tab crashed
  (Session info: chrome=143.0.7499.169)

✗ 输入文本失败
========================================
✗ 翻译失败，跳过此行
✓ 已保存到文件: 197/4500 条

[198/4500] 翻译进度: 4.4%
藏语原文: ལྟས་ངན་ཡེ་འདྲོག་དུས་མིན་འཆི

开始翻译流程 (尝试 1/2):
========================================
步骤1: 输入藏语文本...
输入文本时出错: Message: tab crashed
  (Session info: chrome=143.0.7499.169)

✗ 输入文本失败

开始翻译流程 (尝试 2/2):
========================================
步骤1: 输入藏语文本...
输入文本时出错: Message: tab crashed
  (Session info: chrome=143.0.7499.169)

✗ 输入文本失败
========================================
✗ 翻译失败，跳过此行
✓ 已保存到文件: 198/4500 条

[199/4500] 翻译进度: 4.4%
藏语原文: མཐའ་དམག་དུས་ཀྱི་འཚུབས་འགྱུར་ཞི

开始翻译流程 (尝试 1/2):
========================================
步骤1: 输入藏语文本...
输入文本时出错: Message: tab crashed
  (Session info: chrome=143.0.7499.169)

✗ 输入文本失败

开始翻译流程 (尝试 2/2):
========================================
步骤1: 输入藏语文本...
输入文本时出错: Message: tab crashed
  (Session info: chrome=143.0.7499.169)

✗ 输入文本失败
========================================
✗ 翻译失败，跳过此行
✓ 已保存到文件: 199/4500 条

[200/4500] 翻译进度: 4.4%
藏语原文: གནས་འདིར་མ་འདུག་གཞན་དུ་དེངས།

开始翻译流程 (尝试 1/2):
========================================
步骤1: 输入藏语文本...
输入文本时出错: Message: tab crashed
  (Session info: chrome=143.0.7499.169)

✗ 输入文本失败

开始翻译流程 (尝试 2/2):
========================================
步骤1: 输入藏语文本...
输入文本时出错: Message: tab crashed
  (Session info: chrome=143.0.7499.169)

✗ 输入文本失败
========================================
✗ 翻译失败，跳过此行
✓ 已保存到文件: 200/4500 条

[201/4500] 翻译进度: 4.5%
藏语原文: དེ་བས་རང་རང་གནས་སུ་དེངས།

开始翻译流程 (尝试 1/2):
========================================
步骤1: 输入藏语文本...
输入文本时出错: Message: tab crashed
  (Session info: chrome=143.0.7499.169)

✗ 输入文本失败

开始翻译流程 (尝试 2/2):
========================================
步骤1: 输入藏语文本...
输入文本时出错: Message: tab crashed
  (Session info: chrome=143.0.7499.169)

✗ 输入文本失败
========================================
✗ 翻译失败，跳过此行
✓ 已保存到文件: 201/4500 条

[202/4500] 翻译进度: 4.5%
藏语原文: གཞན་ལ་ཕན་གདགས་ཤིང་རང་སྨིན་པར་བྱེད་པའི་ཞལ་གདམས་བརྒྱ...

开始翻译流程 (尝试 1/2):
========================================
步骤1: 输入藏语文本...
输入文本时出错: Message: tab crashed
  (Session info: chrome=143.0.7499.169)

✗ 输入文本失败

开始翻译流程 (尝试 2/2):
========================================
步骤1: 输入藏语文本...
输入文本时出错: Message: tab crashed
  (Session info: chrome=143.0.7499.169)

✗ 输入文本失败
========================================
✗ 翻译失败，跳过此行
✓ 已保存到文件: 202/4500 条

[203/4500] 翻译进度: 4.5%
藏语原文: ལྟ་བ་སྟོང་རང་གྲོལ་དུ་ཐོང་།

开始翻译流程 (尝试 1/2):
========================================
步骤1: 输入藏语文本...
输入文本时出错: Message: tab crashed
  (Session info: chrome=143.0.7499.169)

✗ 输入文本失败

开始翻译流程 (尝试 2/2):
========================================
步骤1: 输入藏语文本...
输入文本时出错: Message: tab crashed
  (Session info: chrome=143.0.7499.169)

✗ 输入文本失败
========================================
✗ 翻译失败，跳过此行
✓ 已保存到文件: 203/4500 条

[204/4500] 翻译进度: 4.5%
藏语原文: རྣམ་པ་གསལ་བ་ཉམས་སུ་མྱོང་བ་ཅིག་འདུག་པ་དེ་ལྟ་བ།

开始翻译流程 (尝试 1/2):
========================================
步骤1: 输入藏语文本...
输入文本时出错: Message: tab crashed
  (Session info: chrome=143.0.7499.169)

✗ 输入文本失败

开始翻译流程 (尝试 2/2):
========================================
步骤1: 输入藏语文本...
输入文本时出错: Message: tab crashed
  (Session info: chrome=143.0.7499.169)

✗ 输入文本失败
========================================
✗ 翻译失败，跳过此行
✓ 已保存到文件: 204/4500 条

[205/4500] 翻译进度: 4.6%
藏语原文: རང་ཇི་ལྟར་འདུག་ཀྱང་གསལ་སྟོང་དང་མི་འབྲལ་བ་དེ་སྤྱོད་...

开始翻译流程 (尝试 1/2):
========================================
步骤1: 输入藏语文本...
输入文本时出错: Message: tab crashed
  (Session info: chrome=143.0.7499.169)

✗ 输入文本失败

开始翻译流程 (尝试 2/2):
========================================
步骤1: 输入藏语文本...
输入文本时出错: Message: tab crashed
  (Session info: chrome=143.0.7499.169)

✗ 输入文本失败
========================================
✗ 翻译失败，跳过此行
✓ 已保存到文件: 205/4500 条

[206/4500] 翻译进度: 4.6%
藏语原文: རིག་སྟོང་རང་གསལ་སྐྱི་སེར་འདྲ་སྟེ་འབྲས་བུ་ཡིན།

开始翻译流程 (尝试 1/2):
========================================
步骤1: 输入藏语文本...
输入文本时出错: Message: tab crashed
  (Session info: chrome=143.0.7499.169)

✗ 输入文本失败

开始翻译流程 (尝试 2/2):
========================================
步骤1: 输入藏语文本...
输入文本时出错: Message: tab crashed
  (Session info: chrome=143.0.7499.169)

✗ 输入文本失败
========================================
✗ 翻译失败，跳过此行
✓ 已保存到文件: 206/4500 条

[207/4500] 翻译进度: 4.6%
藏语原文: སྣང་ལ་མ་འགག་པར་རང་གསལ་དུ་འདུག་པས་གཟུགས་བརྙན་ནམ་ཆུ་...

开始翻译流程 (尝试 1/2):
========================================
步骤1: 输入藏语文本...
输入文本时出错: Message: tab crashed
  (Session info: chrome=143.0.7499.169)

✗ 输入文本失败

开始翻译流程 (尝试 2/2):
========================================
步骤1: 输入藏语文本...
输入文本时出错: Message: tab crashed
  (Session info: chrome=143.0.7499.169)

✗ 输入文本失败
========================================
✗ 翻译失败，跳过此行
✓ 已保存到文件: 207/4500 条

[208/4500] 翻译进度: 4.6%
藏语原文: གཟུགས་བརྙན་དང་ཆུ་ཟླ་སྣང་ཡང་རང་བཞིན་མེད་པ་ངོ་བོ་སྟོ...

开始翻译流程 (尝试 1/2):
========================================
步骤1: 输入藏语文本...
输入文本时出错: Message: tab crashed
  (Session info: chrome=143.0.7499.169)

✗ 输入文本失败

开始翻译流程 (尝试 2/2):
========================================
步骤1: 输入藏语文本...
输入文本时出错: Message: tab crashed
  (Session info: chrome=143.0.7499.169)

✗ 输入文本失败
========================================
✗ 翻译失败，跳过此行
✓ 已保存到文件: 208/4500 条

[209/4500] 翻译进度: 4.6%
藏语原文: རྣམ་རྟོག་རང་བྱུང་རང་གྲོལ་ཆུ་ལ་ཆུ་བུར་ཐིམ་པ་ལྟ་བུ།

开始翻译流程 (尝试 1/2):
========================================
步骤1: 输入藏语文本...
输入文本时出错: Message: tab crashed
  (Session info: chrome=143.0.7499.169)

✗ 输入文本失败

开始翻译流程 (尝试 2/2):
========================================
步骤1: 输入藏语文本...
输入文本时出错: Message: tab crashed
  (Session info: chrome=143.0.7499.169)

✗ 输入文本失败
========================================
✗ 翻译失败，跳过此行
✓ 已保存到文件: 209/4500 条

[210/4500] 翻译进度: 4.7%
藏语原文: རྐྱེན་སྣང་རང་སར་ཡལ་བ་ནམ་མཁའ་ལ་ཁུག་རྣ་ཡལ་བ་ལྟ་བུའོ།

开始翻译流程 (尝试 1/2):
========================================
步骤1: 输入藏语文本...
输入文本时出错: Message: tab crashed
  (Session info: chrome=143.0.7499.169)

✗ 输入文本失败

开始翻译流程 (尝试 2/2):
========================================
步骤1: 输入藏语文本...
输入文本时出错: Message: tab crashed
  (Session info: chrome=143.0.7499.169)

✗ 输入文本失败
========================================
✗ 翻译失败，跳过此行
✓ 已保存到文件: 210/4500 条

[211/4500] 翻译进度: 4.7%
藏语原文: འགྲོ་འདུག་ཉལ་ལངས་སྤྱོད་ལམ་ཡིན་ཡང་ཐ་མལ་གྱི་ལུས་སུ་མ...

开始翻译流程 (尝试 1/2):
========================================
步骤1: 输入藏语文本...
输入文本时出错: Message: tab crashed
  (Session info: chrome=143.0.7499.169)

✗ 输入文本失败

开始翻译流程 (尝试 2/2):
========================================
步骤1: 输入藏语文本...
输入文本时出错: Message: tab crashed
  (Session info: chrome=143.0.7499.169)

✗ 输入文本失败
========================================
✗ 翻译失败，跳过此行
✓ 已保存到文件: 211/4500 条

[212/4500] 翻译进度: 4.7%
藏语原文: མར་མེ་དེ་གསལ་ལ་རྟོག་མེད་དུ་འདུག་པ་ལྟར།

开始翻译流程 (尝试 1/2):
========================================
步骤1: 输入藏语文本...
输入文本时出错: Message: tab crashed
  (Session info: chrome=143.0.7499.169)

✗ 输入文本失败

开始翻译流程 (尝试 2/2):
========================================
步骤1: 输入藏语文本...
输入文本时出错: Message: tab crashed
  (Session info: chrome=143.0.7499.169)

✗ 输入文本失败
========================================
✗ 翻译失败，跳过此行
✓ 已保存到文件: 212/4500 条

[213/4500] 翻译进度: 4.7%
藏语原文: ཐུགས་རྗེ་ཆེན་པོའི་ཐུགས་ཀྱང་རྟོག་མེད་དུ་འདུག་པའོ།

开始翻译流程 (尝试 1/2):
========================================
步骤1: 输入藏语文本...
输入文本时出错: Message: tab crashed
  (Session info: chrome=143.0.7499.169)

✗ 输入文本失败

开始翻译流程 (尝试 2/2):
========================================
步骤1: 输入藏语文本...
输入文本时出错: Message: tab crashed
  (Session info: chrome=143.0.7499.169)

✗ 输入文本失败
========================================
✗ 翻译失败，跳过此行
✓ 已保存到文件: 213/4500 条

[214/4500] 翻译进度: 4.8%
藏语原文: མར་མེ་དེ་གསལ་ལ་མ་བསྒྲིབས་པར་འདུག་པ་ལྟར།

开始翻译流程 (尝试 1/2):
========================================
步骤1: 输入藏语文本...
输入文本时出错: Message: tab crashed
  (Session info: chrome=143.0.7499.169)

✗ 输入文本失败

开始翻译流程 (尝试 2/2):
========================================
步骤1: 输入藏语文本...
输入文本时出错: Message: tab crashed
  (Session info: chrome=143.0.7499.169)

✗ 输入文本失败
========================================
✗ 翻译失败，跳过此行
✓ 已保存到文件: 214/4500 条

[215/4500] 翻译进度: 4.8%
藏语原文: ཐུགས་རྗེ་ཆེན་པོའི་ཐུགས་ཡེ་ཤེས་དེ་ཡང་གསལ་ལ་མ་བསྒྲིབ...

开始翻译流程 (尝试 1/2):
========================================
步骤1: 输入藏语文本...
输入文本时出错: Message: tab crashed
  (Session info: chrome=143.0.7499.169)

✗ 输入文本失败

开始翻译流程 (尝试 2/2):
========================================
步骤1: 输入藏语文本...
输入文本时出错: Message: tab crashed
  (Session info: chrome=143.0.7499.169)

✗ 输入文本失败
========================================
✗ 翻译失败，跳过此行
✓ 已保存到文件: 215/4500 条

[216/4500] 翻译进度: 4.8%
藏语原文: སེམས་ཉིད་རང་ལས་བྱུང་ཞིང་རང་ལ་ཐིམ་པས་ལྷན་ཅིག་སྐྱེས་...

开始翻译流程 (尝试 1/2):
========================================
步骤1: 输入藏语文本...
输入文本时出错: Message: tab crashed
  (Session info: chrome=143.0.7499.169)

✗ 输入文本失败

开始翻译流程 (尝试 2/2):
========================================
步骤1: 输入藏语文本...
输入文本时出错: Message: tab crashed
  (Session info: chrome=143.0.7499.169)

✗ 输入文本失败
========================================
✗ 翻译失败，跳过此行
✓ 已保存到文件: 216/4500 条

[217/4500] 翻译进度: 4.8%
藏语原文: སེམས་གསལ་ལ་མ་བསྒྲིབས་པ་རང་བྱུང་རང་ཤར་ངོ་བོ་སྟོང་པ་...

开始翻译流程 (尝试 1/2):
========================================
步骤1: 输入藏语文本...
输入文本时出错: Message: tab crashed
  (Session info: chrome=143.0.7499.169)

✗ 输入文本失败

开始翻译流程 (尝试 2/2):
========================================
步骤1: 输入藏语文本...
输入文本时出错: Message: tab crashed
  (Session info: chrome=143.0.7499.169)

✗ 输入文本失败
========================================
✗ 翻译失败，跳过此行
✓ 已保存到文件: 217/4500 条

[218/4500] 翻译进度: 4.8%
藏语原文: གསེར་གཡུའི་རྒྱན་གྱིས་སྨྲས་ཀྱང་མི་གཙང་རང་བཞིན་ཡིན།

开始翻译流程 (尝试 1/2):
========================================
步骤1: 输入藏语文本...
输入文本时出错: Message: tab crashed
  (Session info: chrome=143.0.7499.169)

✗ 输入文本失败

开始翻译流程 (尝试 2/2):
========================================
步骤1: 输入藏语文本...
输入文本时出错: Message: tab crashed
  (Session info: chrome=143.0.7499.169)

✗ 输入文本失败
========================================
✗ 翻译失败，跳过此行
✓ 已保存到文件: 218/4500 条

[219/4500] 翻译进度: 4.9%
藏语原文: རྣམ་རྟོག་དུག་ལྔ་ལ་ཟད་པ་མེད་པས་ཐ་མལ་ཤེས་པ་རང་དགར་མི...

开始翻译流程 (尝试 1/2):
========================================
步骤1: 输入藏语文本...
输入文本时出错: Message: tab crashed
  (Session info: chrome=143.0.7499.169)

✗ 输入文本失败

开始翻译流程 (尝试 2/2):
========================================
步骤1: 输入藏语文本...
输入文本时出错: Message: tab crashed
  (Session info: chrome=143.0.7499.169)

✗ 输入文本失败
========================================
✗ 翻译失败，跳过此行
✓ 已保存到文件: 219/4500 条

[220/4500] 翻译进度: 4.9%
藏语原文: དེ་ལྟ་བུའི་དུས་ངན་པ་ཅིག་དུས་ཀྱི་མཐའ་ལ་འོང་བས།

开始翻译流程 (尝试 1/2):
========================================
步骤1: 输入藏语文本...
输入文本时出错: Message: tab crashed
  (Session info: chrome=143.0.7499.169)

✗ 输入文本失败

开始翻译流程 (尝试 2/2):
========================================
步骤1: 输入藏语文本...
输入文本时出错: Message: tab crashed
  (Session info: chrome=143.0.7499.169)

✗ 输入文本失败
========================================
✗ 翻译失败，跳过此行
✓ 已保存到文件: 220/4500 条

[221/4500] 翻译进度: 4.9%
藏语原文: སྣང་བ་རང་ཁར་མ་བཏང་བར་ཆགས་སྡང་རང་སར་གྲོལ་དུ་ཆུག།

开始翻译流程 (尝试 1/2):
========================================
步骤1: 输入藏语文本...
输入文本时出错: Message: tab crashed
  (Session info: chrome=143.0.7499.169)

✗ 输入文本失败

开始翻译流程 (尝试 2/2):
========================================
步骤1: 输入藏语文本...
输入文本时出错: Message: tab crashed
  (Session info: chrome=143.0.7499.169)

✗ 输入文本失败
========================================
✗ 翻译失败，跳过此行
✓ 已保存到文件: 221/4500 条

[222/4500] 翻译进度: 4.9%
藏语原文: དུག་ལྔ་རང་ཁ་མར་མ་བཏང་རང་ཤར་རང་གྲོལ་དུ་ཐོང་།

开始翻译流程 (尝试 1/2):
========================================
步骤1: 输入藏语文本...
输入文本时出错: Message: tab crashed
  (Session info: chrome=143.0.7499.169)

✗ 输入文本失败

开始翻译流程 (尝试 2/2):
========================================
步骤1: 输入藏语文本...
输入文本时出错: Message: tab crashed
  (Session info: chrome=143.0.7499.169)

✗ 输入文本失败
========================================
✗ 翻译失败，跳过此行
✓ 已保存到文件: 222/4500 条

[223/4500] 翻译进度: 5.0%
藏语原文: ཟེར་ལ་འདུག་ལོའི་སྨྲ་མཆུ་ཚུམས་ལ།

开始翻译流程 (尝试 1/2):
========================================
步骤1: 输入藏语文本...
输入文本时出错: Message: tab crashed
  (Session info: chrome=143.0.7499.169)

✗ 输入文本失败

开始翻译流程 (尝试 2/2):
========================================
步骤1: 输入藏语文本...
输入文本时出错: Message: tab crashed
  (Session info: chrome=143.0.7499.169)

✗ 输入文本失败
========================================
✗ 翻译失败，跳过此行
✓ 已保存到文件: 223/4500 条

[224/4500] 翻译进度: 5.0%
藏语原文: ཆགས་སྡང་རྗེས་ཕྱི་མ་འབྲང་རང་སེམས་གློད་ལ་ཞོག།

开始翻译流程 (尝试 1/2):
========================================
步骤1: 输入藏语文本...
输入文本时出错: Message: tab crashed
  (Session info: chrome=143.0.7499.169)

✗ 输入文本失败

开始翻译流程 (尝试 2/2):
========================================
步骤1: 输入藏语文本...
输入文本时出错: Message: tab crashed
  (Session info: chrome=143.0.7499.169)

✗ 输入文本失败
========================================
✗ 翻译失败，跳过此行
✓ 已保存到文件: 224/4500 条

[225/4500] 翻译进度: 5.0%
藏语原文: ཟེར་ལོ་འདུག་ལོའི་སྨྲ་མཆུ་༢༤ན་ཚུམས་ཤིག།

开始翻译流程 (尝试 1/2):
========================================
步骤1: 输入藏语文本...
输入文本时出错: Message: tab crashed
  (Session info: chrome=143.0.7499.169)

✗ 输入文本失败

开始翻译流程 (尝试 2/2):
========================================
步骤1: 输入藏语文本...
输入文本时出错: Message: tab crashed
  (Session info: chrome=143.0.7499.169)

✗ 输入文本失败
========================================
✗ 翻译失败，跳过此行
✓ 已保存到文件: 225/4500 条

[226/4500] 翻译进度: 5.0%
藏语原文: གསུམ་པ་རྐྱེན་སྣང་རང་གྲོལ་དུ་བཞག་པ་ནི།

开始翻译流程 (尝试 1/2):
========================================
步骤1: 输入藏语文本...
输入文本时出错: Message: tab crashed
  (Session info: chrome=143.0.7499.169)

✗ 输入文本失败

开始翻译流程 (尝试 2/2):
========================================
步骤1: 输入藏语文本...
输入文本时出错: Message: tab crashed
  (Session info: chrome=143.0.7499.169)

✗ 输入文本失败
========================================
✗ 翻译失败，跳过此行
✓ 已保存到文件: 226/4500 条

[227/4500] 翻译进度: 5.0%
藏语原文: དགའ་བ་དང་མི་དགའ་བ་སྐྱེ་བའི་སེམས་བཏང་སྙོམས་གང་ལྟར་ས...

开始翻译流程 (尝试 1/2):
========================================
步骤1: 输入藏语文本...
输入文本时出错: Message: tab crashed
  (Session info: chrome=143.0.7499.169)

✗ 输入文本失败

开始翻译流程 (尝试 2/2):
========================================
步骤1: 输入藏语文本...
输入文本时出错: Message: tab crashed
  (Session info: chrome=143.0.7499.169)

✗ 输入文本失败
========================================
✗ 翻译失败，跳过此行
✓ 已保存到文件: 227/4500 条

[228/4500] 翻译进度: 5.1%
藏语原文: སྟོང་པར་འདུག་པས་ད་ལྟར་གྱི་སྣང་བ་སྣ་ཚོགས་འདི་ཉིད་བད...

开始翻译流程 (尝试 1/2):
========================================
步骤1: 输入藏语文本...
输入文本时出错: Message: tab crashed
  (Session info: chrome=143.0.7499.169)

✗ 输入文本失败

开始翻译流程 (尝试 2/2):
========================================
步骤1: 输入藏语文本...
输入文本时出错: Message: tab crashed
  (Session info: chrome=143.0.7499.169)

✗ 输入文本失败
========================================
✗ 翻译失败，跳过此行
✓ 已保存到文件: 228/4500 条

[229/4500] 翻译进度: 5.1%
藏语原文: ལུས་སེམས་འདུག་ཚུགས་པར་བྱས་ནས་འདོན་པ་བཟོད་པའི་ཕ་རོལ...

开始翻译流程 (尝试 1/2):
========================================
步骤1: 输入藏语文本...
输入文本时出错: Message: tab crashed
  (Session info: chrome=143.0.7499.169)

✗ 输入文本失败

开始翻译流程 (尝试 2/2):
========================================
步骤1: 输入藏语文本...
输入文本时出错: Message: tab crashed
  (Session info: chrome=143.0.7499.169)

✗ 输入文本失败
========================================
✗ 翻译失败，跳过此行
✓ 已保存到文件: 229/4500 条

[230/4500] 翻译进度: 5.1%
藏语原文: ལེགས་པ་སྣ་ཚོགས་གང་ན་འདུག་པ་དང་།

开始翻译流程 (尝试 1/2):
========================================
步骤1: 输入藏语文本...
输入文本时出错: Message: tab crashed
  (Session info: chrome=143.0.7499.169)

✗ 输入文本失败

开始翻译流程 (尝试 2/2):
========================================
步骤1: 输入藏语文本...
输入文本时出错: Message: tab crashed
  (Session info: chrome=143.0.7499.169)

✗ 输入文本失败
========================================
✗ 翻译失败，跳过此行
✓ 已保存到文件: 230/4500 条

[231/4500] 翻译进度: 5.1%
藏语原文: སྟོན་ཀའི་དུས་སུ་འབྲུ་སྣ་ལ་སོགས་པ་འབྲས་བུ་གང་ན་འདུག...

开始翻译流程 (尝试 1/2):
========================================
步骤1: 输入藏语文本...
输入文本时出错: Message: tab crashed
  (Session info: chrome=143.0.7499.169)

✗ 输入文本失败

开始翻译流程 (尝试 2/2):
========================================
步骤1: 输入藏语文本...
输入文本时出错: Message: tab crashed
  (Session info: chrome=143.0.7499.169)

✗ 输入文本失败
========================================
✗ 翻译失败，跳过此行
✓ 已保存到文件: 231/4500 条

[232/4500] 翻译进度: 5.2%
藏语原文: སྐྱེ་འགགས་གཉིས་མེད་དུ་འདུག་པ་གཏོར་རྒྱན།

开始翻译流程 (尝试 1/2):
========================================
步骤1: 输入藏语文本...
输入文本时出错: Message: tab crashed
  (Session info: chrome=143.0.7499.169)

✗ 输入文本失败

开始翻译流程 (尝试 2/2):
========================================
步骤1: 输入藏语文本...
输入文本时出错: Message: tab crashed
  (Session info: chrome=143.0.7499.169)

✗ 输入文本失败
========================================
✗ 翻译失败，跳过此行
✓ 已保存到文件: 232/4500 条

[233/4500] 翻译进度: 5.2%
藏语原文: སྐུ་གསུམ་ངོ་བོར་འདུག་པས་མ།

开始翻译流程 (尝试 1/2):
========================================
步骤1: 输入藏语文本...
输入文本时出错: Message: tab crashed
  (Session info: chrome=143.0.7499.169)

✗ 输入文本失败

开始翻译流程 (尝试 2/2):
========================================
步骤1: 输入藏语文本...
输入文本时出错: Message: tab crashed
  (Session info: chrome=143.0.7499.169)

✗ 输入文本失败
========================================
✗ 翻译失败，跳过此行
✓ 已保存到文件: 233/4500 条

[234/4500] 翻译进度: 5.2%
藏语原文: ཉམས་མྱོང་རང་སར་གྲོལ་ན་གཏོར་མ་ཐེངས་པའོ།

开始翻译流程 (尝试 1/2):
========================================
步骤1: 输入藏语文本...
输入文本时出错: Message: tab crashed
  (Session info: chrome=143.0.7499.169)

✗ 输入文本失败

开始翻译流程 (尝试 2/2):
========================================
步骤1: 输入藏语文本...
输入文本时出错: Message: tab crashed
  (Session info: chrome=143.0.7499.169)

✗ 输入文本失败
========================================
✗ 翻译失败，跳过此行
✓ 已保存到文件: 234/4500 条

[235/4500] 翻译进度: 5.2%
藏语原文: ཆགས་སྡང་རང་སར་གྲོལ་ན་ཡུལ་ལ་བཟང་ངན་མེད།

开始翻译流程 (尝试 1/2):
========================================
步骤1: 输入藏语文本...
输入文本时出错: Message: tab crashed
  (Session info: chrome=143.0.7499.169)

✗ 输入文本失败

开始翻译流程 (尝试 2/2):
========================================
步骤1: 输入藏语文本...
输入文本时出错: Message: tab crashed
  (Session info: chrome=143.0.7499.169)

✗ 输入文本失败
========================================
✗ 翻译失败，跳过此行
✓ 已保存到文件: 235/4500 条

[236/4500] 翻译进度: 5.2%
藏语原文: བྱམས་སྡང་རང་སར་གྲོལ་ན་དགྲ་གཉེན་ཉེ་རིང་མེད།

开始翻译流程 (尝试 1/2):
========================================
步骤1: 输入藏语文本...
输入文本时出错: Message: tab crashed
  (Session info: chrome=143.0.7499.169)

✗ 输入文本失败

开始翻译流程 (尝试 2/2):
========================================
步骤1: 输入藏语文本...
输入文本时出错: Message: tab crashed
  (Session info: chrome=143.0.7499.169)

✗ 输入文本失败
========================================
✗ 翻译失败，跳过此行
✓ 已保存到文件: 236/4500 条

[237/4500] 翻译进度: 5.3%
藏语原文: དགའ་བདེ་དང་རང་དགས་མི་འོང་དཀའ་ཐུབ་ལག་ཏུ་བླང་།

开始翻译流程 (尝试 1/2):
========================================
步骤1: 输入藏语文本...
输入文本时出错: Message: tab crashed
  (Session info: chrome=143.0.7499.169)

✗ 输入文本失败

开始翻译流程 (尝试 2/2):
========================================
步骤1: 输入藏语文本...
输入文本时出错: Message: tab crashed
  (Session info: chrome=143.0.7499.169)

✗ 输入文本失败
========================================
✗ 翻译失败，跳过此行
✓ 已保存到文件: 237/4500 条

[238/4500] 翻译进度: 5.3%
藏语原文: འབྲས་བུ་ཕྱི་དུས་ཀྱིས་མི་འོང་རང་སེམས་ཐུགས་རྗེ་ཆེན་པ...

开始翻译流程 (尝试 1/2):
========================================
步骤1: 输入藏语文本...
输入文本时出错: Message: tab crashed
  (Session info: chrome=143.0.7499.169)

✗ 输入文本失败

开始翻译流程 (尝试 2/2):
========================================
步骤1: 输入藏语文本...
输入文本时出错: Message: tab crashed
  (Session info: chrome=143.0.7499.169)

✗ 输入文本失败
========================================
✗ 翻译失败，跳过此行
✓ 已保存到文件: 238/4500 条

[239/4500] 翻译进度: 5.3%
藏语原文: ཅེར་ལོང་དུ་འདུག་པ་ལྟར།

开始翻译流程 (尝试 1/2):
========================================
步骤1: 输入藏语文本...
输入文本时出错: Message: tab crashed
  (Session info: chrome=143.0.7499.169)

✗ 输入文本失败

开始翻译流程 (尝试 2/2):
========================================
步骤1: 输入藏语文本...
输入文本时出错: Message: tab crashed
  (Session info: chrome=143.0.7499.169)

✗ 输入文本失败
========================================
✗ 翻译失败，跳过此行
✓ 已保存到文件: 239/4500 条

[240/4500] 翻译进度: 5.3%
藏语原文: འདུག་པ་བཞི་ལ།

开始翻译流程 (尝试 1/2):
========================================
步骤1: 输入藏语文本...
输入文本时出错: Message: tab crashed
  (Session info: chrome=143.0.7499.169)

✗ 输入文本失败

开始翻译流程 (尝试 2/2):
========================================
步骤1: 输入藏语文本...
输入文本时出错: Message: tab crashed
  (Session info: chrome=143.0.7499.169)

✗ 输入文本失败
========================================
✗ 翻译失败，跳过此行
✓ 已保存到文件: 240/4500 条

[241/4500] 翻译进度: 5.4%
藏语原文: རྩལ་རྩོལ་མེད་པར་སྟོང་ལ་སྤྲོས་པ་པར་འདུག།

开始翻译流程 (尝试 1/2):
========================================
步骤1: 输入藏语文本...
输入文本时出错: Message: tab crashed
  (Session info: chrome=143.0.7499.169)

✗ 输入文本失败

开始翻译流程 (尝试 2/2):
========================================
步骤1: 输入藏语文本...
输入文本时出错: Message: tab crashed
  (Session info: chrome=143.0.7499.169)

✗ 输入文本失败
========================================
✗ 翻译失败，跳过此行
✓ 已保存到文件: 241/4500 条

[242/4500] 翻译进度: 5.4%
藏语原文: བཟུང་ས་མེད་པས་ཤེས་པ་ཡུལ་ལ་མ་འཆུགས་པར་གསལ་ལ་ཞེན་མེད...

开始翻译流程 (尝试 1/2):
========================================
步骤1: 输入藏语文本...
输入文本时出错: Message: tab crashed
  (Session info: chrome=143.0.7499.169)

✗ 输入文本失败

开始翻译流程 (尝试 2/2):
========================================
步骤1: 输入藏语文本...
输入文本时出错: Message: tab crashed
  (Session info: chrome=143.0.7499.169)

✗ 输入文本失败
========================================
✗ 翻译失败，跳过此行
✓ 已保存到文件: 242/4500 条

[243/4500] 翻译进度: 5.4%
藏语原文: ཡེངས་པ་མེད་པར་སེམས་རང་ལུགས་སུ་གློད་ལ་འདུག།

开始翻译流程 (尝试 1/2):
========================================
步骤1: 输入藏语文本...
输入文本时出错: Message: tab crashed
  (Session info: chrome=143.0.7499.169)

✗ 输入文本失败

开始翻译流程 (尝试 2/2):
========================================
步骤1: 输入藏语文本...
输入文本时出错: Message: tab crashed
  (Session info: chrome=143.0.7499.169)

✗ 输入文本失败
========================================
✗ 翻译失败，跳过此行
✓ 已保存到文件: 243/4500 条

[244/4500] 翻译进度: 5.4%
藏语原文: འགྲོ་འདུག་སྤངས་ན་ཉེས་པ་ཉུང་ངོ།

开始翻译流程 (尝试 1/2):
========================================
步骤1: 输入藏语文本...
输入文本时出错: Message: tab crashed
  (Session info: chrome=143.0.7499.169)

✗ 输入文本失败

开始翻译流程 (尝试 2/2):
========================================
步骤1: 输入藏语文本...
输入文本时出错: Message: tab crashed
  (Session info: chrome=143.0.7499.169)

✗ 输入文本失败
========================================
✗ 翻译失败，跳过此行
✓ 已保存到文件: 244/4500 条

[245/4500] 翻译进度: 5.4%
藏语原文: རྟག་ཏུ་འགྲོ་འདུག་མ་བྱེད།

开始翻译流程 (尝试 1/2):
========================================
步骤1: 输入藏语文本...
输入文本时出错: Message: tab crashed
  (Session info: chrome=143.0.7499.169)

✗ 输入文本失败

开始翻译流程 (尝试 2/2):
========================================
步骤1: 输入藏语文本...
输入文本时出错: Message: tab crashed
  (Session info: chrome=143.0.7499.169)

✗ 输入文本失败
========================================
✗ 翻译失败，跳过此行
✓ 已保存到文件: 245/4500 条

[246/4500] 翻译进度: 5.5%
藏语原文: སྐྱེ་བོ་ཐ་མལ་པའི་ནང་དུ་མ་འདུག་ཅིག།

开始翻译流程 (尝试 1/2):
========================================
步骤1: 输入藏语文本...
输入文本时出错: Message: tab crashed
  (Session info: chrome=143.0.7499.169)

✗ 输入文本失败

开始翻译流程 (尝试 2/2):
========================================
步骤1: 输入藏语文本...
输入文本时出错: Message: tab crashed
  (Session info: chrome=143.0.7499.169)

✗ 输入文本失败
========================================
✗ 翻译失败，跳过此行
✓ 已保存到文件: 246/4500 条

[247/4500] 翻译进度: 5.5%
藏语原文: རང་སེམས་ལ་ངོས་གཟུང་འདུག་གམ་མི་འདུག་ལྟོས་ཤིག།

开始翻译流程 (尝试 1/2):
========================================
步骤1: 输入藏语文本...
输入文本时出错: Message: tab crashed
  (Session info: chrome=143.0.7499.169)

✗ 输入文本失败

开始翻译流程 (尝试 2/2):
========================================
步骤1: 输入藏语文本...
输入文本时出错: Message: tab crashed
  (Session info: chrome=143.0.7499.169)

✗ 输入文本失败
========================================
✗ 翻译失败，跳过此行
✓ 已保存到文件: 247/4500 条

[248/4500] 翻译进度: 5.5%
藏语原文: ངན་པའི་མི་དང་རང་མི་མཐུན་པའི་མི་ལ་གྲོས་མི་གདབ།

开始翻译流程 (尝试 1/2):
========================================
步骤1: 输入藏语文本...
输入文本时出错: Message: tab crashed
  (Session info: chrome=143.0.7499.169)

✗ 输入文本失败

开始翻译流程 (尝试 2/2):
========================================
步骤1: 输入藏语文本...
输入文本时出错: Message: tab crashed
  (Session info: chrome=143.0.7499.169)

✗ 输入文本失败
========================================
✗ 翻译失败，跳过此行
✓ 已保存到文件: 248/4500 条

[249/4500] 翻译进度: 5.5%
藏语原文: འདུག་པ་བཅུ་ལ།

开始翻译流程 (尝试 1/2):
========================================
步骤1: 输入藏语文本...
输入文本时出错: Message: tab crashed
  (Session info: chrome=143.0.7499.169)

✗ 输入文本失败

开始翻译流程 (尝试 2/2):
========================================
步骤1: 输入藏语文本...
输入文本时出错: Message: tab crashed
  (Session info: chrome=143.0.7499.169)

✗ 输入文本失败
========================================
✗ 翻译失败，跳过此行
✓ 已保存到文件: 249/4500 条

[250/4500] 翻译进度: 5.6%
藏语原文: སྣང་བ་ཐམས་ཅད་སྐུ་རུ་འདུག།

开始翻译流程 (尝试 1/2):
========================================
步骤1: 输入藏语文本...
输入文本时出错: Message: tab crashed
  (Session info: chrome=143.0.7499.169)

✗ 输入文本失败

开始翻译流程 (尝试 2/2):
========================================
步骤1: 输入藏语文本...
输入文本时出错: Message: tab crashed
  (Session info: chrome=143.0.7499.169)

✗ 输入文本失败
========================================
✗ 翻译失败，跳过此行
✓ 已保存到文件: 250/4500 条

[251/4500] 翻译进度: 5.6%
藏语原文: སྒྲ་སྐད་ཐམས་ཅད་གསུང་དུ་འདུག།

开始翻译流程 (尝试 1/2):
========================================
步骤1: 输入藏语文本...
输入文本时出错: Message: tab crashed
  (Session info: chrome=143.0.7499.169)

✗ 输入文本失败

开始翻译流程 (尝试 2/2):
========================================
步骤1: 输入藏语文本...
输入文本时出错: Message: tab crashed
  (Session info: chrome=143.0.7499.169)

✗ 输入文本失败
========================================
✗ 翻译失败，跳过此行
✓ 已保存到文件: 251/4500 条

[252/4500] 翻译进度: 5.6%
藏语原文: དྲན་རྟོག་ཐམས་ཅད་ཐུགས་སུ་འདུག།

开始翻译流程 (尝试 1/2):
========================================
步骤1: 输入藏语文本...
输入文本时出错: Message: tab crashed
  (Session info: chrome=143.0.7499.169)

✗ 输入文本失败

开始翻译流程 (尝试 2/2):
========================================
步骤1: 输入藏语文本...
输入文本时出错: Message: tab crashed
  (Session info: chrome=143.0.7499.169)

✗ 输入文本失败
========================================
✗ 翻译失败，跳过此行
✓ 已保存到文件: 252/4500 条

[253/4500] 翻译进度: 5.6%
藏语原文: སྒུལ་བསྐྱོད་ཐམས་ཅད་ཕྱག་རྒྱར་འདུག།

开始翻译流程 (尝试 1/2):
========================================
步骤1: 输入藏语文本...
输入文本时出错: Message: tab crashed
  (Session info: chrome=143.0.7499.169)

✗ 输入文本失败

开始翻译流程 (尝试 2/2):
========================================
步骤1: 输入藏语文本...
输入文本时出错: Message: tab crashed
  (Session info: chrome=143.0.7499.169)

✗ 输入文本失败
========================================
✗ 翻译失败，跳过此行
✓ 已保存到文件: 253/4500 条

[254/4500] 翻译进度: 5.6%
藏语原文: སྣང་སྲིད་ཐམས་ཅད་ཕྱག་རྒྱ་ཆེན་པོར་འདུག།

开始翻译流程 (尝试 1/2):
========================================
步骤1: 输入藏语文本...
输入文本时出错: Message: tab crashed
  (Session info: chrome=143.0.7499.169)

✗ 输入文本失败

开始翻译流程 (尝试 2/2):
========================================
步骤1: 输入藏语文本...
输入文本时出错: Message: tab crashed
  (Session info: chrome=143.0.7499.169)

✗ 输入文本失败
========================================
✗ 翻译失败，跳过此行
✓ 已保存到文件: 254/4500 条

[255/4500] 翻译进度: 5.7%
藏语原文: བྱ་བྱེད་ཐམས་ཅད་ཚོགས་སོག་ཏུ་འདུག།

开始翻译流程 (尝试 1/2):
========================================
步骤1: 输入藏语文本...
输入文本时出错: Message: tab crashed
  (Session info: chrome=143.0.7499.169)

✗ 输入文本失败

开始翻译流程 (尝试 2/2):
========================================
步骤1: 输入藏语文本...
输入文本时出错: Message: tab crashed
  (Session info: chrome=143.0.7499.169)

✗ 输入文本失败
========================================
✗ 翻译失败，跳过此行
✓ 已保存到文件: 255/4500 条

[256/4500] 翻译进度: 5.7%
藏语原文: རྟགས་སེམས་ཉིད་དུ་འདུག།

开始翻译流程 (尝试 1/2):
========================================
步骤1: 输入藏语文本...
输入文本时出错: Message: tab crashed
  (Session info: chrome=143.0.7499.169)

✗ 输入文本失败

开始翻译流程 (尝试 2/2):
========================================
步骤1: 输入藏语文本...
输入文本时出错: Message: tab crashed
  (Session info: chrome=143.0.7499.169)

✗ 输入文本失败
========================================
✗ 翻译失败，跳过此行
✓ 已保存到文件: 256/4500 条

[257/4500] 翻译进度: 5.7%
藏语原文: འགྲོ་འདུག་གཉིས་ཀྱང་དབྱེར་མེད་མཉམ།

开始翻译流程 (尝试 1/2):
========================================
步骤1: 输入藏语文本...
输入文本时出错: Message: tab crashed
  (Session info: chrome=143.0.7499.169)

✗ 输入文本失败

开始翻译流程 (尝试 2/2):
========================================
步骤1: 输入藏语文本...
输入文本时出错: Message: tab crashed
  (Session info: chrome=143.0.7499.169)

✗ 输入文本失败
========================================
✗ 翻译失败，跳过此行
✓ 已保存到文件: 257/4500 条

[258/4500] 翻译进度: 5.7%
藏语原文: ཆགས་སྡང་རང་སར་གྲོལ་ནས་སྡུག་བསྔལ་གྱི་སྐར་མ་མི་སྣང་ས...

开始翻译流程 (尝试 1/2):
========================================
步骤1: 输入藏语文本...
输入文本时出错: Message: tab crashed
  (Session info: chrome=143.0.7499.169)

✗ 输入文本失败

开始翻译流程 (尝试 2/2):
========================================
步骤1: 输入藏语文本...
输入文本时出错: Message: tab crashed
  (Session info: chrome=143.0.7499.169)

✗ 输入文本失败
========================================
✗ 翻译失败，跳过此行
✓ 已保存到文件: 258/4500 条

[259/4500] 翻译进度: 5.8%
藏语原文: སེམས་ཉིད་མ་བཅོས་༨༡ན་མ་བསླད་པ་རང་བྱུང་རང་གསལ་གྱི་ངང...

开始翻译流程 (尝试 1/2):
========================================
步骤1: 输入藏语文本...
输入文本时出错: Message: tab crashed
  (Session info: chrome=143.0.7499.169)

✗ 输入文本失败

开始翻译流程 (尝试 2/2):
========================================
步骤1: 输入藏语文本...
输入文本时出错: Message: tab crashed
  (Session info: chrome=143.0.7499.169)

✗ 输入文本失败
========================================
✗ 翻译失败，跳过此行
✓ 已保存到文件: 259/4500 条

[260/4500] 翻译进度: 5.8%
藏语原文: དངོས་པོ་དང་རང་རིག་གཉིས་དབྱེར་མེད་པར་གསལ་བ་དང་།

开始翻译流程 (尝试 1/2):
========================================
步骤1: 输入藏语文本...
输入文本时出错: Message: tab crashed
  (Session info: chrome=143.0.7499.169)

✗ 输入文本失败

开始翻译流程 (尝试 2/2):
========================================
步骤1: 输入藏语文本...
输入文本时出错: Message: tab crashed
  (Session info: chrome=143.0.7499.169)

✗ 输入文本失败
========================================
✗ 翻译失败，跳过此行
✓ 已保存到文件: 260/4500 条

[261/4500] 翻译进度: 5.8%
藏语原文: ཕྱིན་ཙ་ན་ལྕགས་ཀྱི་ཚེར་མ་སོར་བཅུ་དྲུག་པ་རྣམས་ཁ་ཟུར་...

开始翻译流程 (尝试 1/2):
========================================
步骤1: 输入藏语文本...
输入文本时出错: Message: tab crashed
  (Session info: chrome=143.0.7499.169)

✗ 输入文本失败

开始翻译流程 (尝试 2/2):
========================================
步骤1: 输入藏语文本...
输入文本时出错: Message: tab crashed
  (Session info: chrome=143.0.7499.169)

✗ 输入文本失败
========================================
✗ 翻译失败，跳过此行
✓ 已保存到文件: 261/4500 条

[262/4500] 翻译进度: 5.8%
藏语原文: དེ་ལ་ཟིན་ནས་མི་འཕྲོ་བར་འདུག་ན་སེམས་ལྷོད་ཀྱིས་གློད་...

开始翻译流程 (尝试 1/2):
========================================
步骤1: 输入藏语文本...
输入文本时出错: Message: tab crashed
  (Session info: chrome=143.0.7499.169)

✗ 输入文本失败

开始翻译流程 (尝试 2/2):
========================================
步骤1: 输入藏语文本...
输入文本时出错: Message: tab crashed
  (Session info: chrome=143.0.7499.169)

✗ 输入文本失败
========================================
✗ 翻译失败，跳过此行
✓ 已保存到文件: 262/4500 条

[263/4500] 翻译进度: 5.8%
藏语原文: གསུང་གྲག་སྟོང་བྲག་ཆ་ལྟ་བུ་རང་བྱུང་རང་གྲོལ་དུ་བཞག།

开始翻译流程 (尝试 1/2):
========================================
步骤1: 输入藏语文本...
输入文本时出错: Message: tab crashed
  (Session info: chrome=143.0.7499.169)

✗ 输入文本失败

开始翻译流程 (尝试 2/2):
========================================
步骤1: 输入藏语文本...
输入文本时出错: Message: tab crashed
  (Session info: chrome=143.0.7499.169)

✗ 输入文本失败
========================================
✗ 翻译失败，跳过此行
✓ 已保存到文件: 263/4500 条

[264/4500] 翻译进度: 5.9%
藏语原文: ཨོཾ་མ་ཎི་པདྨེ་ཧཱུཾ་ཞེས་པ་རང་བྱུང་རང་གྲག་རང་གྲོལ་དུ...

开始翻译流程 (尝试 1/2):
========================================
步骤1: 输入藏语文本...
输入文本时出错: Message: tab crashed
  (Session info: chrome=143.0.7499.169)

✗ 输入文本失败

开始翻译流程 (尝试 2/2):
========================================
步骤1: 输入藏语文本...
输入文本时出错: Message: tab crashed
  (Session info: chrome=143.0.7499.169)

✗ 输入文本失败
========================================
✗ 翻译失败，跳过此行
✓ 已保存到文件: 264/4500 条

[265/4500] 翻译进度: 5.9%
藏语原文: ཐུགས་ཀྱི་དམ་ཚིག་ཏུ་རྣམ་རྟོག་དུག་ལྔ་རང་དགར་མི་བཏང་ར...

开始翻译流程 (尝试 1/2):
========================================
步骤1: 输入藏语文本...
输入文本时出错: Message: tab crashed
  (Session info: chrome=143.0.7499.169)

✗ 输入文本失败

开始翻译流程 (尝试 2/2):
========================================
步骤1: 输入藏语文本...
输入文本时出错: Message: tab crashed
  (Session info: chrome=143.0.7499.169)

✗ 输入文本失败
========================================
✗ 翻译失败，跳过此行
✓ 已保存到文件: 265/4500 条

[266/4500] 翻译进度: 5.9%
藏语原文: ཡི་དམ་ལྷས་ལྷ་དང་རང་སེམས་གཉིས་སུ་མེད་པར་ངོ་སྤྲད་དོ།

开始翻译流程 (尝试 1/2):
========================================
步骤1: 输入藏语文本...
输入文本时出错: Message: tab crashed
  (Session info: chrome=143.0.7499.169)

✗ 输入文本失败

开始翻译流程 (尝试 2/2):
========================================
步骤1: 输入藏语文本...
输入文本时出错: Message: tab crashed
  (Session info: chrome=143.0.7499.169)

✗ 输入文本失败
========================================
✗ 翻译失败，跳过此行
✓ 已保存到文件: 266/4500 条

[267/4500] 翻译进度: 5.9%
藏语原文: ཉམས་རིག་པ་རང་བྱུང་རང་ཤར་དུ་ལྷག་ལྷག་སྐྱེ།

开始翻译流程 (尝试 1/2):
========================================
步骤1: 输入藏语文本...
输入文本时出错: Message: tab crashed
  (Session info: chrome=143.0.7499.169)

✗ 输入文本失败

开始翻译流程 (尝试 2/2):
========================================
步骤1: 输入藏语文本...
输入文本时出错: Message: tab crashed
  (Session info: chrome=143.0.7499.169)

✗ 输入文本失败
========================================
✗ 翻译失败，跳过此行
✓ 已保存到文件: 267/4500 条

[268/4500] 翻译进度: 6.0%
藏语原文: གནམ་འཁོར་ལོ་རྩིབས་བརྒྱད་པ་ས་པདྨ་འདབ་བརྒྱད་དུ་འདུག་...

开始翻译流程 (尝试 1/2):
========================================
步骤1: 输入藏语文本...
输入文本时出错: Message: tab crashed
  (Session info: chrome=143.0.7499.169)

✗ 输入文本失败

开始翻译流程 (尝试 2/2):
========================================
步骤1: 输入藏语文本...
输入文本时出错: Message: tab crashed
  (Session info: chrome=143.0.7499.169)

✗ 输入文本失败
========================================
✗ 翻译失败，跳过此行
✓ 已保存到文件: 268/4500 条

[269/4500] 翻译进度: 6.0%
藏语原文: གཞན་ལ་ཕན་གདགས་ཤིང་རང་སྨིན་པར་བྱེད་པའི་ཞལ་གདམས་བརྒྱ...

开始翻译流程 (尝试 1/2):
========================================
步骤1: 输入藏语文本...
输入文本时出错: Message: tab crashed
  (Session info: chrome=143.0.7499.169)

✗ 输入文本失败

开始翻译流程 (尝试 2/2):
========================================
步骤1: 输入藏语文本...
输入文本时出错: Message: tab crashed
  (Session info: chrome=143.0.7499.169)

✗ 输入文本失败
========================================
✗ 翻译失败，跳过此行
✓ 已保存到文件: 269/4500 条

[270/4500] 翻译进度: 6.0%
藏语原文: ཐུགས་རྗེ་ཆེན་པོའི་ལྟ་བ་ནི་ཕྱོགས་མེད་མཐའ་བྲལ་རང་བྱུ...

开始翻译流程 (尝试 1/2):
========================================
步骤1: 输入藏语文本...
输入文本时出错: Message: tab crashed
  (Session info: chrome=143.0.7499.169)

✗ 输入文本失败

开始翻译流程 (尝试 2/2):
========================================
步骤1: 输入藏语文本...
输入文本时出错: Message: tab crashed
  (Session info: chrome=143.0.7499.169)

✗ 输入文本失败
========================================
✗ 翻译失败，跳过此行
✓ 已保存到文件: 270/4500 条

[271/4500] 翻译进度: 6.0%
藏语原文: ཡེ་ཤེས་ལྔ་སྒྲུབ་ཏུ་མེད་རང་བྱུང་རང་ཤར་དུ་གྲོལ་ལོ་ཞེ...

开始翻译流程 (尝试 1/2):
========================================
步骤1: 输入藏语文本...
输入文本时出错: Message: tab crashed
  (Session info: chrome=143.0.7499.169)

✗ 输入文本失败

开始翻译流程 (尝试 2/2):
========================================
步骤1: 输入藏语文本...
输入文本时出错: Message: tab crashed
  (Session info: chrome=143.0.7499.169)

✗ 输入文本失败
========================================
✗ 翻译失败，跳过此行
✓ 已保存到文件: 271/4500 条

[272/4500] 翻译进度: 6.0%
藏语原文: ཆོ་གའི་རིམ་པ་བརྒྱད་པོ་དེ་གཞན་ལ་ཕན་གདགས་ཤིང་རང་སྨིན...

开始翻译流程 (尝试 1/2):
========================================
步骤1: 输入藏语文本...
输入文本时出错: Message: tab crashed
  (Session info: chrome=143.0.7499.169)

✗ 输入文本失败

开始翻译流程 (尝试 2/2):
========================================
步骤1: 输入藏语文本...
输入文本时出错: Message: tab crashed
  (Session info: chrome=143.0.7499.169)

✗ 输入文本失败
========================================
✗ 翻译失败，跳过此行
✓ 已保存到文件: 272/4500 条

[273/4500] 翻译进度: 6.1%
藏语原文: རང་བྱུང་རང་ཤར་ལྟ་བའི་མཆོག།

开始翻译流程 (尝试 1/2):
========================================
步骤1: 输入藏语文本...
输入文本时出错: Message: tab crashed
  (Session info: chrome=143.0.7499.169)

✗ 输入文本失败

开始翻译流程 (尝试 2/2):
========================================
步骤1: 输入藏语文本...
输入文本时出错: Message: tab crashed
  (Session info: chrome=143.0.7499.169)

✗ 输入文本失败
========================================
✗ 翻译失败，跳过此行
✓ 已保存到文件: 273/4500 条

[274/4500] 翻译进度: 6.1%
藏语原文: རྗེས་ཕྱིར་མི་འབྲང་རང་སར་གྲོལ།

开始翻译流程 (尝试 1/2):
========================================
步骤1: 输入藏语文本...
输入文本时出错: Message: tab crashed
  (Session info: chrome=143.0.7499.169)

✗ 输入文本失败

开始翻译流程 (尝试 2/2):
========================================
步骤1: 输入藏语文本...
输入文本时出错: Message: tab crashed
  (Session info: chrome=143.0.7499.169)

✗ 输入文本失败
========================================
✗ 翻译失败，跳过此行
✓ 已保存到文件: 274/4500 条

[275/4500] 翻译进度: 6.1%
藏语原文: ཐུགས་འཚེར་མི་འཚལ་དགོངས་པ་གློད་ལ་བློ་བདེ་བར་འདུག་ཤི...

开始翻译流程 (尝试 1/2):
========================================
步骤1: 输入藏语文本...
输入文本时出错: Message: tab crashed
  (Session info: chrome=143.0.7499.169)

✗ 输入文本失败

开始翻译流程 (尝试 2/2):
========================================
步骤1: 输入藏语文本...
输入文本时出错: Message: tab crashed
  (Session info: chrome=143.0.7499.169)

✗ 输入文本失败
========================================
✗ 翻译失败，跳过此行
✓ 已保存到文件: 275/4500 条

[276/4500] 翻译进度: 6.1%
藏语原文: ཞེ་སྡང་རང་སར་གྲོལ་བས་སྤང་མི་དགོས།

开始翻译流程 (尝试 1/2):
========================================
步骤1: 输入藏语文本...
输入文本时出错: Message: tab crashed
  (Session info: chrome=143.0.7499.169)

✗ 输入文本失败

开始翻译流程 (尝试 2/2):
========================================
步骤1: 输入藏语文本...
输入文本时出错: Message: tab crashed
  (Session info: chrome=143.0.7499.169)

✗ 输入文本失败
========================================
✗ 翻译失败，跳过此行
✓ 已保存到文件: 276/4500 条

[277/4500] 翻译进度: 6.2%
藏语原文: འཇིག་རྟེན་གྱི་བྱ་བ་ཐམས་ཅད་བྱས་པ་དོན་མེད་པས་སྡུག་བས...

开始翻译流程 (尝试 1/2):
========================================
步骤1: 输入藏语文本...
输入文本时出错: Message: tab crashed
  (Session info: chrome=143.0.7499.169)

✗ 输入文本失败

开始翻译流程 (尝试 2/2):
========================================
步骤1: 输入藏语文本...
输入文本时出错: Message: tab crashed
  (Session info: chrome=143.0.7499.169)

✗ 输入文本失败
========================================
✗ 翻译失败，跳过此行
✓ 已保存到文件: 277/4500 条

[278/4500] 翻译进度: 6.2%
藏语原文: ཐག་རིངས་སུ་འགྲོ་ན་ཁྱེར་རྒྱུ་ཅི་འདུག་བལྟ།

开始翻译流程 (尝试 1/2):
========================================
步骤1: 输入藏语文本...
输入文本时出错: Message: tab crashed
  (Session info: chrome=143.0.7499.169)

✗ 输入文本失败

开始翻译流程 (尝试 2/2):
========================================
步骤1: 输入藏语文本...
输入文本时出错: Message: tab crashed
  (Session info: chrome=143.0.7499.169)

✗ 输入文本失败
========================================
✗ 翻译失败，跳过此行
✓ 已保存到文件: 278/4500 条

[279/4500] 翻译进度: 6.2%
藏语原文: མང་པོའི་ནང་ན་འདུག་ན་ངག་ལ་བལྟའོ།

开始翻译流程 (尝试 1/2):
========================================
步骤1: 输入藏语文本...
输入文本时出错: Message: tab crashed
  (Session info: chrome=143.0.7499.169)

✗ 输入文本失败

开始翻译流程 (尝试 2/2):
========================================
步骤1: 输入藏语文本...
输入文本时出错: Message: tab crashed
  (Session info: chrome=143.0.7499.169)

✗ 输入文本失败
========================================
✗ 翻译失败，跳过此行
✓ 已保存到文件: 279/4500 条

[280/4500] 翻译进度: 6.2%
藏语原文: གཉིས་པ་གཅིག་པུར་འདུག་ན་སེམས་ལ་ལྟ་བ་ནི།

开始翻译流程 (尝试 1/2):
========================================
步骤1: 输入藏语文本...
输入文本时出错: Message: tab crashed
  (Session info: chrome=143.0.7499.169)

✗ 输入文本失败

开始翻译流程 (尝试 2/2):
========================================
步骤1: 输入藏语文本...
输入文本时出错: Message: tab crashed
  (Session info: chrome=143.0.7499.169)

✗ 输入文本失败
========================================
✗ 翻译失败，跳过此行
✓ 已保存到文件: 280/4500 条

[281/4500] 翻译进度: 6.2%
藏语原文: མ་༢་༧བ་བསླད་རང་བྱུང་རང་ཤར་རང་གསལ་གྱི་ངང་ལ་བཞག་གོ།

开始翻译流程 (尝试 1/2):
========================================
步骤1: 输入藏语文本...
输入文本时出错: Message: tab crashed
  (Session info: chrome=143.0.7499.169)

✗ 输入文本失败

开始翻译流程 (尝试 2/2):
========================================
步骤1: 输入藏语文本...
输入文本时出错: Message: tab crashed
  (Session info: chrome=143.0.7499.169)

✗ 输入文本失败
========================================
✗ 翻译失败，跳过此行
✓ 已保存到文件: 281/4500 条

[282/4500] 翻译进度: 6.3%
藏语原文: གསུམ་པ་མང་པོའི་ནང་ན་འདུག་ན་ངག་ལ་ལྟ་བ་ལ་གསུམ་ལས།

开始翻译流程 (尝试 1/2):
========================================
步骤1: 输入藏语文本...
输入文本时出错: Message: tab crashed
  (Session info: chrome=143.0.7499.169)

✗ 输入文本失败

开始翻译流程 (尝试 2/2):
========================================
步骤1: 输入藏语文本...
输入文本时出错: Message: tab crashed
  (Session info: chrome=143.0.7499.169)

✗ 输入文本失败
========================================
✗ 翻译失败，跳过此行
✓ 已保存到文件: 282/4500 条

[283/4500] 翻译进度: 6.3%
藏语原文: ཆུ་ཟླ་གཟུགས་བརྙན་དུ་སྣང་ཡང་རང་བཞིན་མེད་པ་ལྟར།

开始翻译流程 (尝试 1/2):
========================================
步骤1: 输入藏语文本...
输入文本时出错: Message: tab crashed
  (Session info: chrome=143.0.7499.169)

✗ 输入文本失败

开始翻译流程 (尝试 2/2):
========================================
步骤1: 输入藏语文本...
输入文本时出错: Message: tab crashed
  (Session info: chrome=143.0.7499.169)

✗ 输入文本失败
========================================
✗ 翻译失败，跳过此行
✓ 已保存到文件: 283/4500 条

[284/4500] 翻译进度: 6.3%
藏语原文: དེ་ལྟར་ལྷ་ལ་སེམས་ཟིན་པ་དང་རང་ཐུགས་རྗེ་ཆེན་པོར་བསྒོ...

开始翻译流程 (尝试 1/2):
========================================
步骤1: 输入藏语文本...
输入文本时出错: Message: tab crashed
  (Session info: chrome=143.0.7499.169)

✗ 输入文本失败

开始翻译流程 (尝试 2/2):
========================================
步骤1: 输入藏语文本...
输入文本时出错: Message: tab crashed
  (Session info: chrome=143.0.7499.169)

✗ 输入文本失败
========================================
✗ 翻译失败，跳过此行
✓ 已保存到文件: 284/4500 条

[285/4500] 翻译进度: 6.3%
藏语原文: ད་ལྟར་བ་ལ་ངོས་བཟུང་མེད་པའི་ཕྱིར་བདག་མི་འདུག་གོ།

开始翻译流程 (尝试 1/2):
========================================
步骤1: 输入藏语文本...
输入文本时出错: Message: tab crashed
  (Session info: chrome=143.0.7499.169)

✗ 输入文本失败

开始翻译流程 (尝试 2/2):
========================================
步骤1: 输入藏语文本...
输入文本时出错: Message: tab crashed
  (Session info: chrome=143.0.7499.169)

✗ 输入文本失败
========================================
✗ 翻译失败，跳过此行
✓ 已保存到文件: 285/4500 条

[286/4500] 翻译进度: 6.4%
藏语原文: དེ་ལྟར་ལུས་ལ་ང་བདག་མི་འདུག་པར་མཐོང་ན།

开始翻译流程 (尝试 1/2):
========================================
步骤1: 输入藏语文本...
输入文本时出错: Message: tab crashed
  (Session info: chrome=143.0.7499.169)

✗ 输入文本失败

开始翻译流程 (尝试 2/2):
========================================
步骤1: 输入藏语文本...
输入文本时出错: Message: tab crashed
  (Session info: chrome=143.0.7499.169)

✗ 输入文本失败
========================================
✗ 翻译失败，跳过此行
✓ 已保存到文件: 286/4500 条

[287/4500] 翻译进度: 6.4%
藏语原文: མིང་ལ་ངའམ་བདག་མི་འདུག་པར་ཤེས་ན་སྙན་མི་སྙན་དང་བསྟོད...

开始翻译流程 (尝试 1/2):
========================================
步骤1: 输入藏语文本...
输入文本时出错: Message: tab crashed
  (Session info: chrome=143.0.7499.169)

✗ 输入文本失败

开始翻译流程 (尝试 2/2):
========================================
步骤1: 输入藏语文本...
输入文本时出错: Message: tab crashed
  (Session info: chrome=143.0.7499.169)

✗ 输入文本失败
========================================
✗ 翻译失败，跳过此行
✓ 已保存到文件: 287/4500 条

[288/4500] 翻译进度: 6.4%
藏语原文: སེམས་ལ་ང་བདག་མི་འདུག་པར་རིག་ན་ཕ་མ་དང་བུ་ཚ་དང་།

开始翻译流程 (尝试 1/2):
========================================
步骤1: 输入藏语文本...
输入文本时出错: Message: tab crashed
  (Session info: chrome=143.0.7499.169)

✗ 输入文本失败

开始翻译流程 (尝试 2/2):
========================================
步骤1: 输入藏语文本...
输入文本时出错: Message: tab crashed
  (Session info: chrome=143.0.7499.169)

✗ 输入文本失败
========================================
✗ 翻译失败，跳过此行
✓ 已保存到文件: 288/4500 条

[289/4500] 翻译进度: 6.4%
藏语原文: རིག་པའི་དུས་ན་བལྟས་པས་རིག་མཁན་དེ་ཉིད་སྟོང་པར་འདུག།

开始翻译流程 (尝试 1/2):
========================================
步骤1: 输入藏语文本...
输入文本时出错: Message: tab crashed
  (Session info: chrome=143.0.7499.169)

✗ 输入文本失败

开始翻译流程 (尝试 2/2):
========================================
步骤1: 输入藏语文本...
输入文本时出错: Message: tab crashed
  (Session info: chrome=143.0.7499.169)

✗ 输入文本失败
========================================
✗ 翻译失败，跳过此行
✓ 已保存到文件: 289/4500 条

[290/4500] 翻译进度: 6.4%
藏语原文: འགྱུ་བའི་དུས་ན་འགྱུ་མཁན་དེ་ཉིད་སྟོང་པར་འདུག།

开始翻译流程 (尝试 1/2):
========================================
步骤1: 输入藏语文本...
输入文本时出错: Message: tab crashed
  (Session info: chrome=143.0.7499.169)

✗ 输入文本失败

开始翻译流程 (尝试 2/2):
========================================
步骤1: 输入藏语文本...
输入文本时出错: Message: tab crashed
  (Session info: chrome=143.0.7499.169)

✗ 输入文本失败
========================================
✗ 翻译失败，跳过此行
✓ 已保存到文件: 290/4500 条

[291/4500] 翻译进度: 6.5%
藏语原文: གསལ་བའི་དུས་ན་གསལ་མཁན་དེ་ཉིད་སྟོང་པར་འདུག།

开始翻译流程 (尝试 1/2):
========================================
步骤1: 输入藏语文本...
输入文本时出错: Message: tab crashed
  (Session info: chrome=143.0.7499.169)

✗ 输入文本失败

开始翻译流程 (尝试 2/2):
========================================
步骤1: 输入藏语文本...
输入文本时出错: Message: tab crashed
  (Session info: chrome=143.0.7499.169)

✗ 输入文本失败
========================================
✗ 翻译失败，跳过此行
✓ 已保存到文件: 291/4500 条

[292/4500] 翻译进度: 6.5%
藏语原文: ཤེས་པ་སྐད་ཅིག་མ་སྔ་མ་འདས་ཏེ་སྟོང་པར་འདུག།

开始翻译流程 (尝试 1/2):
========================================
步骤1: 输入藏语文本...
输入文本时出错: Message: tab crashed
  (Session info: chrome=143.0.7499.169)

✗ 输入文本失败

开始翻译流程 (尝试 2/2):
========================================
步骤1: 输入藏语文本...
输入文本时出错: Message: tab crashed
  (Session info: chrome=143.0.7499.169)

✗ 输入文本失败
========================================
✗ 翻译失败，跳过此行
✓ 已保存到文件: 292/4500 条

[293/4500] 翻译进度: 6.5%
藏语原文: ཕྱི་མ་མ་འོངས་པས་སྟོང་པར་འདུག།

开始翻译流程 (尝试 1/2):
========================================
步骤1: 输入藏语文本...
输入文本时出错: Message: tab crashed
  (Session info: chrome=143.0.7499.169)

✗ 输入文本失败

开始翻译流程 (尝试 2/2):
========================================
步骤1: 输入藏语文本...
输入文本时出错: Message: tab crashed
  (Session info: chrome=143.0.7499.169)

✗ 输入文本失败
========================================
✗ 翻译失败，跳过此行
✓ 已保存到文件: 293/4500 条

[294/4500] 翻译进度: 6.5%
藏语原文: ད་ལྟར་བ་ལ་ངོས་བཟུང་མེད་དེ་སྟོང་པར་འདུག།

开始翻译流程 (尝试 1/2):
========================================
步骤1: 输入藏语文本...
输入文本时出错: Message: tab crashed
  (Session info: chrome=143.0.7499.169)

✗ 输入文本失败

开始翻译流程 (尝试 2/2):
========================================
步骤1: 输入藏语文本...
输入文本时出错: Message: tab crashed
  (Session info: chrome=143.0.7499.169)

✗ 输入文本失败
========================================
✗ 翻译失败，跳过此行
✓ 已保存到文件: 294/4500 条

[295/4500] 翻译进度: 6.6%
藏语原文: རང་ཐང་ལྷུག་པར་འདུག་པའོ།

开始翻译流程 (尝试 1/2):
========================================
步骤1: 输入藏语文本...
输入文本时出错: Message: tab crashed
  (Session info: chrome=143.0.7499.169)

✗ 输入文本失败

开始翻译流程 (尝试 2/2):
========================================
步骤1: 输入藏语文本...
输入文本时出错: Message: tab crashed
  (Session info: chrome=143.0.7499.169)

✗ 输入文本失败
========================================
✗ 翻译失败，跳过此行
✓ 已保存到文件: 295/4500 条

[296/4500] 翻译进度: 6.6%
藏语原文: དུས་དང་གནས་སྐབས་ཐམས་ཅད་དུ་མི་འབྲལ་བར་འདུག་པའོ།

开始翻译流程 (尝试 1/2):
========================================
步骤1: 输入藏语文本...
输入文本时出错: Message: tab crashed
  (Session info: chrome=143.0.7499.169)

✗ 输入文本失败

开始翻译流程 (尝试 2/2):
========================================
步骤1: 输入藏语文本...
输入文本时出错: Message: tab crashed
  (Session info: chrome=143.0.7499.169)

✗ 输入文本失败
========================================
✗ 翻译失败，跳过此行
✓ 已保存到文件: 296/4500 条

[297/4500] 翻译进度: 6.6%
藏语原文: དཔེར་ན་སྔར་འདྲིས་ཀྱི་མི་དང་ཕྱིས་ཕྲད་ན་དེར་འདུག་སྙམ...

开始翻译流程 (尝试 1/2):
========================================
步骤1: 输入藏语文本...
输入文本时出错: Message: tab crashed
  (Session info: chrome=143.0.7499.169)

✗ 输入文本失败

开始翻译流程 (尝试 2/2):
========================================
步骤1: 输入藏语文本...
输入文本时出错: Message: tab crashed
  (Session info: chrome=143.0.7499.169)

✗ 输入文本失败
========================================
✗ 翻译失败，跳过此行
✓ 已保存到文件: 297/4500 条

[298/4500] 翻译进度: 6.6%
藏语原文: ད་ལྟར་ལྷའི་རྣམ་པར་ཤར་བའི་དུས་ན་ཡང་ངོས་བཟུང་མེད་དེ་...

开始翻译流程 (尝试 1/2):
========================================
步骤1: 输入藏语文本...
输入文本时出错: Message: tab crashed
  (Session info: chrome=143.0.7499.169)

✗ 输入文本失败

开始翻译流程 (尝试 2/2):
========================================
步骤1: 输入藏语文本...
输入文本时出错: Message: tab crashed
  (Session info: chrome=143.0.7499.169)

✗ 输入文本失败
========================================
✗ 翻译失败，跳过此行
✓ 已保存到文件: 298/4500 条

[299/4500] 翻译进度: 6.6%
藏语原文: ལྷ་དང་སེམས་ཐ་མི་དད་པ་བསྒོམས་ནས་ཐ་མ་ལྷ་མི་དམིགས་པར་...

开始翻译流程 (尝试 1/2):
========================================
步骤1: 输入藏语文本...
输入文本时出错: Message: tab crashed
  (Session info: chrome=143.0.7499.169)

✗ 输入文本失败

开始翻译流程 (尝试 2/2):
========================================
步骤1: 输入藏语文本...
输入文本时出错: Message: tab crashed
  (Session info: chrome=143.0.7499.169)

✗ 输入文本失败
========================================
✗ 翻译失败，跳过此行
✓ 已保存到文件: 299/4500 条

[300/4500] 翻译进度: 6.7%
藏语原文: རིག་པ་སྟོང་པར་འདུག་པ་དེ་ལ་བསྐྱེད་རྫོགས་ཟུང་དུ་འཇུག...

开始翻译流程 (尝试 1/2):
========================================
步骤1: 输入藏语文本...
输入文本时出错: Message: tab crashed
  (Session info: chrome=143.0.7499.169)

✗ 输入文本失败

开始翻译流程 (尝试 2/2):
========================================
步骤1: 输入藏语文本...
输入文本时出错: Message: tab crashed
  (Session info: chrome=143.0.7499.169)

✗ 输入文本失败
========================================
✗ 翻译失败，跳过此行
✓ 已保存到文件: 300/4500 条

[301/4500] 翻译进度: 6.7%
藏语原文: སེམས་སྟོང་པ་རང་བྱུང་རང་གསལ་དུ་འདུག་པ་དེ་ཤེས་རབ་བོ།

开始翻译流程 (尝试 1/2):
========================================
步骤1: 输入藏语文本...
输入文本时出错: Message: tab crashed
  (Session info: chrome=143.0.7499.169)

✗ 输入文本失败

开始翻译流程 (尝试 2/2):
========================================
步骤1: 输入藏语文本...
输入文本时出错: Message: tab crashed
  (Session info: chrome=143.0.7499.169)

✗ 输入文本失败
========================================
✗ 翻译失败，跳过此行
✓ 已保存到文件: 301/4500 条

[302/4500] 翻译进度: 6.7%
藏语原文: རང་སེམས་ཡེ་ནས་མ་བཅོས་པ་རང་བྱུང་རང་གསལ་ལ་ལྷན་ནེ་ལྷག...

开始翻译流程 (尝试 1/2):
========================================
步骤1: 输入藏语文本...
输入文本时出错: Message: tab crashed
  (Session info: chrome=143.0.7499.169)

✗ 输入文本失败

开始翻译流程 (尝试 2/2):
========================================
步骤1: 输入藏语文本...
输入文本时出错: Message: tab crashed
  (Session info: chrome=143.0.7499.169)

✗ 输入文本失败
========================================
✗ 翻译失败，跳过此行
✓ 已保存到文件: 302/4500 条

[303/4500] 翻译进度: 6.7%
藏语原文: སྤྱོད་པ་ངེས་མེད་ཀྱི་སྐབས་སུ་འགྲོ་བ་ལ་ཉེ་རིང་འདུག་ག...

开始翻译流程 (尝试 1/2):
========================================
步骤1: 输入藏语文本...
输入文本时出错: Message: tab crashed
  (Session info: chrome=143.0.7499.169)

✗ 输入文本失败

开始翻译流程 (尝试 2/2):
========================================
步骤1: 输入藏语文本...
输入文本时出错: Message: tab crashed
  (Session info: chrome=143.0.7499.169)

✗ 输入文本失败
========================================
✗ 翻译失败，跳过此行
✓ 已保存到文件: 303/4500 条

[304/4500] 翻译进度: 6.8%
藏语原文: འབྲས་བུ་དམིགས་མེད་ཀྱི་སྐབས་སུ་རང་སེམས་ལ་འདོད་པ་འདུ...

开始翻译流程 (尝试 1/2):
========================================
步骤1: 输入藏语文本...
输入文本时出错: Message: tab crashed
  (Session info: chrome=143.0.7499.169)

✗ 输入文本失败

开始翻译流程 (尝试 2/2):
========================================
步骤1: 输入藏语文本...
输入文本时出错: Message: tab crashed
  (Session info: chrome=143.0.7499.169)

✗ 输入文本失败
========================================
✗ 翻译失败，跳过此行
✓ 已保存到文件: 304/4500 条

[305/4500] 翻译进度: 6.8%
藏语原文: སྤྱོད་པ་རང་བྱུང་རང་གྲོལ་བྱ་རྩོལ་མེད་པར་ལ་བཟླ།

开始翻译流程 (尝试 1/2):
========================================
步骤1: 输入藏语文本...
输入文本时出错: Message: tab crashed
  (Session info: chrome=143.0.7499.169)

✗ 输入文本失败

开始翻译流程 (尝试 2/2):
========================================
步骤1: 输入藏语文本...
输入文本时出错: Message: tab crashed
  (Session info: chrome=143.0.7499.169)

✗ 输入文本失败
========================================
✗ 翻译失败，跳过此行
✓ 已保存到文件: 305/4500 条

[306/4500] 翻译进度: 6.8%
藏语原文: འོད་གསལ་ཆེན་པོའི་ངང་ལ་ཇི་ལྟར་འདུག་པ་དེ་ལྟར་བཞག་གོ།

开始翻译流程 (尝试 1/2):
========================================
步骤1: 输入藏语文本...
输入文本时出错: Message: tab crashed
  (Session info: chrome=143.0.7499.169)

✗ 输入文本失败

开始翻译流程 (尝试 2/2):
========================================
步骤1: 输入藏语文本...
输入文本时出错: Message: tab crashed
  (Session info: chrome=143.0.7499.169)

✗ 输入文本失败
========================================
✗ 翻译失败，跳过此行
✓ 已保存到文件: 306/4500 条

[307/4500] 翻译进度: 6.8%
藏语原文: ཡུལ་དང་ལུང་པ་རང་རང་དུ་ཉི་ཟླ་སྣང་བ་ལྟར་བསྐྱེད་དོ།

开始翻译流程 (尝试 1/2):
========================================
步骤1: 输入藏语文本...
输入文本时出错: Message: tab crashed
  (Session info: chrome=143.0.7499.169)

✗ 输入文本失败

开始翻译流程 (尝试 2/2):
========================================
步骤1: 输入藏语文本...
输入文本时出错: Message: tab crashed
  (Session info: chrome=143.0.7499.169)

✗ 输入文本失败
========================================
✗ 翻译失败，跳过此行
✓ 已保存到文件: 307/4500 条

[308/4500] 翻译进度: 6.8%
藏语原文: བློ་འདས་བྱར་མེད་ཅིག་འདུག་གོ།

开始翻译流程 (尝试 1/2):
========================================
步骤1: 输入藏语文本...
输入文本时出错: Message: tab crashed
  (Session info: chrome=143.0.7499.169)

✗ 输入文本失败

开始翻译流程 (尝试 2/2):
========================================
步骤1: 输入藏语文本...
输入文本时出错: Message: tab crashed
  (Session info: chrome=143.0.7499.169)

✗ 输入文本失败
========================================
✗ 翻译失败，跳过此行
✓ 已保存到文件: 308/4500 条

[309/4500] 翻译进度: 6.9%
藏语原文: སྣ་ཚོགས་རྟགས་ཀྱང་རང་སྣང་ཡིན།

开始翻译流程 (尝试 1/2):
========================================
步骤1: 输入藏语文本...
输入文本时出错: Message: tab crashed
  (Session info: chrome=143.0.7499.169)

✗ 输入文本失败

开始翻译流程 (尝试 2/2):
========================================
步骤1: 输入藏语文本...
输入文本时出错: Message: tab crashed
  (Session info: chrome=143.0.7499.169)

✗ 输入文本失败
========================================
✗ 翻译失败，跳过此行
✓ 已保存到文件: 309/4500 条

[310/4500] 翻译进度: 6.9%
藏语原文: འདུག་པ་ཐམས་ཅད་རང་འདུག་ཡིན།

开始翻译流程 (尝试 1/2):
========================================
步骤1: 输入藏语文本...
输入文本时出错: Message: tab crashed
  (Session info: chrome=143.0.7499.169)

✗ 输入文本失败

开始翻译流程 (尝试 2/2):
========================================
步骤1: 输入藏语文本...
输入文本时出错: Message: tab crashed
  (Session info: chrome=143.0.7499.169)

✗ 输入文本失败
========================================
✗ 翻译失败，跳过此行
✓ 已保存到文件: 310/4500 条

[311/4500] 翻译进度: 6.9%
藏语原文: དེ་ཤེས་རབ་ཀྱི་རང་བརྡོལ་དུ་བྱོན་པ་ཝལ་ལོ་རྗེས་མེད་དུ...

开始翻译流程 (尝试 1/2):
========================================
步骤1: 输入藏语文本...
输入文本时出错: Message: tab crashed
  (Session info: chrome=143.0.7499.169)

✗ 输入文本失败

开始翻译流程 (尝试 2/2):
========================================
步骤1: 输入藏语文本...
输入文本时出错: Message: tab crashed
  (Session info: chrome=143.0.7499.169)

✗ 输入文本失败
========================================
✗ 翻译失败，跳过此行
✓ 已保存到文件: 311/4500 条

[312/4500] 翻译进度: 6.9%
藏语原文: རིག་པ་རྐྱང་འདེད་དུ་འདུག་པ།

开始翻译流程 (尝试 1/2):
========================================
步骤1: 输入藏语文本...
输入文本时出错: Message: tab crashed
  (Session info: chrome=143.0.7499.169)

✗ 输入文本失败

开始翻译流程 (尝试 2/2):
========================================
步骤1: 输入藏语文本...
输入文本时出错: Message: tab crashed
  (Session info: chrome=143.0.7499.169)

✗ 输入文本失败
========================================
✗ 翻译失败，跳过此行
✓ 已保存到文件: 312/4500 条

[313/4500] 翻译进度: 7.0%
藏语原文: དངོས་མེད་ལ་གཉེན་པོས་བཅོས་སུ་འདུག་གོ།

开始翻译流程 (尝试 1/2):
========================================
步骤1: 输入藏语文本...
输入文本时出错: Message: tab crashed
  (Session info: chrome=143.0.7499.169)

✗ 输入文本失败

开始翻译流程 (尝试 2/2):
========================================
步骤1: 输入藏语文本...
输入文本时出错: Message: tab crashed
  (Session info: chrome=143.0.7499.169)

✗ 输入文本失败
========================================
✗ 翻译失败，跳过此行
✓ 已保存到文件: 313/4500 条

[314/4500] 翻译进度: 7.0%
藏语原文: ལྟ་བ་ལ་བལྟ་རྒྱུ་གདའ་ཡེ།

开始翻译流程 (尝试 1/2):
========================================
步骤1: 输入藏语文本...
输入文本时出错: Message: tab crashed
  (Session info: chrome=143.0.7499.169)

✗ 输入文本失败

开始翻译流程 (尝试 2/2):
========================================
步骤1: 输入藏语文本...
输入文本时出错: Message: tab crashed
  (Session info: chrome=143.0.7499.169)

✗ 输入文本失败
========================================
✗ 翻译失败，跳过此行
✓ 已保存到文件: 314/4500 条

[315/4500] 翻译进度: 7.0%
藏语原文: སྤྱོད་པ་ལ་སྤྱོད་རྒྱུ་གདའ་ཡེ།

开始翻译流程 (尝试 1/2):
========================================
步骤1: 输入藏语文本...
输入文本时出错: Message: tab crashed
  (Session info: chrome=143.0.7499.169)

✗ 输入文本失败

开始翻译流程 (尝试 2/2):
========================================
步骤1: 输入藏语文本...
输入文本时出错: Message: tab crashed
  (Session info: chrome=143.0.7499.169)

✗ 输入文本失败
========================================
✗ 翻译失败，跳过此行
✓ 已保存到文件: 315/4500 条

[316/4500] 翻译进度: 7.0%
藏语原文: འབྲས་བུ་ལ་སྒྲུབ་རྒྱུ་གདའ་ཡེ།

开始翻译流程 (尝试 1/2):
========================================
步骤1: 输入藏语文本...
输入文本时出错: Message: tab crashed
  (Session info: chrome=143.0.7499.169)

✗ 输入文本失败

开始翻译流程 (尝试 2/2):
========================================
步骤1: 输入藏语文本...
输入文本时出错: Message: tab crashed
  (Session info: chrome=143.0.7499.169)

✗ 输入文本失败
========================================
✗ 翻译失败，跳过此行
✓ 已保存到文件: 316/4500 条

[317/4500] 翻译进度: 7.0%
藏语原文: ལན་ཅིག་དུས་ཀྱི་ཐ་མ་ལ།

开始翻译流程 (尝试 1/2):
========================================
步骤1: 输入藏语文本...
输入文本时出错: Message: tab crashed
  (Session info: chrome=143.0.7499.169)

✗ 输入文本失败

开始翻译流程 (尝试 2/2):
========================================
步骤1: 输入藏语文本...
输入文本时出错: Message: tab crashed
  (Session info: chrome=143.0.7499.169)

✗ 输入文本失败
========================================
✗ 翻译失败，跳过此行
✓ 已保存到文件: 317/4500 条

[318/4500] 翻译进度: 7.1%
藏语原文: འཁོར་འདས་གཉིས་མེད་དུ་འདུག་པས།

开始翻译流程 (尝试 1/2):
========================================
步骤1: 输入藏语文本...
输入文本时出错: Message: tab crashed
  (Session info: chrome=143.0.7499.169)

✗ 输入文本失败

开始翻译流程 (尝试 2/2):
========================================
步骤1: 输入藏语文本...
输入文本时出错: Message: tab crashed
  (Session info: chrome=143.0.7499.169)

✗ 输入文本失败
========================================
✗ 翻译失败，跳过此行
✓ 已保存到文件: 318/4500 条

[319/4500] 翻译进度: 7.1%
藏语原文: རང་རང་སྤྱོད་ཚུལ་ཉམས་པ་མེད་པར་བྱ།

开始翻译流程 (尝试 1/2):
========================================
步骤1: 输入藏语文本...
输入文本时出错: Message: tab crashed
  (Session info: chrome=143.0.7499.169)

✗ 输入文本失败

开始翻译流程 (尝试 2/2):
========================================
步骤1: 输入藏语文本...
输入文本时出错: Message: tab crashed
  (Session info: chrome=143.0.7499.169)

✗ 输入文本失败
========================================
✗ 翻译失败，跳过此行
✓ 已保存到文件: 319/4500 条

[320/4500] 翻译进度: 7.1%
藏语原文: སྣ་ཆེན་པོས་སྨྲ་མ་ནུས་ཏེ་ཁ་རོག་པར་འདུག་གོ།

开始翻译流程 (尝试 1/2):
========================================
步骤1: 输入藏语文本...
输入文本时出错: Message: tab crashed
  (Session info: chrome=143.0.7499.169)

✗ 输入文本失败

开始翻译流程 (尝试 2/2):
========================================
步骤1: 输入藏语文本...
输入文本时出错: Message: tab crashed
  (Session info: chrome=143.0.7499.169)

✗ 输入文本失败
========================================
✗ 翻译失败，跳过此行
✓ 已保存到文件: 320/4500 条

[321/4500] 翻译进度: 7.1%
藏语原文: མཆོད་རྟེན་གྱི་རྩ་ན་བཙུན་པའི་ཆ་བྱད་ཅན་མཐེ་བོང་ཙམ་ཞི...

开始翻译流程 (尝试 1/2):
========================================
步骤1: 输入藏语文本...
输入文本时出错: Message: tab crashed
  (Session info: chrome=143.0.7499.169)

✗ 输入文本失败

开始翻译流程 (尝试 2/2):
========================================
步骤1: 输入藏语文本...
输入文本时出错: Message: tab crashed
  (Session info: chrome=143.0.7499.169)

✗ 输入文本失败
========================================
✗ 翻译失败，跳过此行
✓ 已保存到文件: 321/4500 条

[322/4500] 翻译进度: 7.2%
藏语原文: རྒྱལ་པོ་ཁྱེད་ལ་ལྷ་ལྔ་ལས་མི་འདུག་དེ་ཡང་ཀྲྀ་ཡ་ཞི་བའི...

开始翻译流程 (尝试 1/2):
========================================
步骤1: 输入藏语文本...
输入文本时出错: Message: tab crashed
  (Session info: chrome=143.0.7499.169)

✗ 输入文本失败

开始翻译流程 (尝试 2/2):
========================================
步骤1: 输入藏语文本...
输入文本时出错: Message: tab crashed
  (Session info: chrome=143.0.7499.169)

✗ 输入文本失败
========================================
✗ 翻译失败，跳过此行
✓ 已保存到文件: 322/4500 条

[323/4500] 翻译进度: 7.2%
藏语原文: རྐང་པ་བྲེགས་པའི་ཕུང་པོ་ལུད་སྤུངས་ཙམ་འདུག་གོ།

开始翻译流程 (尝试 1/2):
========================================
步骤1: 输入藏语文本...
输入文本时出错: Message: tab crashed
  (Session info: chrome=143.0.7499.169)

✗ 输入文本失败

开始翻译流程 (尝试 2/2):
========================================
步骤1: 输入藏语文本...
输入文本时出错: Message: tab crashed
  (Session info: chrome=143.0.7499.169)

✗ 输入文本失败
========================================
✗ 翻译失败，跳过此行
✓ 已保存到文件: 323/4500 条

[324/4500] 翻译进度: 7.2%
藏语原文: སྤྲུལ་པ་དེ་ཅིའི་སྤྲུལ་པ་སྲོག་གཅོད་ཀྱི་རྒྱལ་པོ་རུ་འ...

开始翻译流程 (尝试 1/2):
========================================
步骤1: 输入藏语文本...
输入文本时出错: Message: tab crashed
  (Session info: chrome=143.0.7499.169)

✗ 输入文本失败

开始翻译流程 (尝试 2/2):
========================================
步骤1: 输入藏语文本...
输入文本时出错: Message: tab crashed
  (Session info: chrome=143.0.7499.169)

✗ 输入文本失败
========================================
✗ 翻译失败，跳过此行
✓ 已保存到文件: 324/4500 条

[325/4500] 翻译进度: 7.2%
藏语原文: ངེད་ལ་ཡང་ཆད་པ་གཅོད་པར་འདུག་སྙམ་ནས་བྱེད་ཅིང་སྔངས་སོ...

开始翻译流程 (尝试 1/2):
========================================
步骤1: 输入藏语文本...
输入文本时出错: Message: tab crashed
  (Session info: chrome=143.0.7499.169)

✗ 输入文本失败

开始翻译流程 (尝试 2/2):
========================================
步骤1: 输入藏语文本...
输入文本时出错: Message: tab crashed
  (Session info: chrome=143.0.7499.169)

✗ 输入文本失败
========================================
✗ 翻译失败，跳过此行
✓ 已保存到文件: 325/4500 条

[326/4500] 翻译进度: 7.2%
藏语原文: སྤང་བླང་འདུག་པར་མ་མཐོང་ཞེས།

开始翻译流程 (尝试 1/2):
========================================
步骤1: 输入藏语文本...
输入文本时出错: Message: tab crashed
  (Session info: chrome=143.0.7499.169)

✗ 输入文本失败

开始翻译流程 (尝试 2/2):
========================================
步骤1: 输入藏语文本...
输入文本时出错: Message: tab crashed
  (Session info: chrome=143.0.7499.169)

✗ 输入文本失败
========================================
✗ 翻译失败，跳过此行
✓ 已保存到文件: 326/4500 条

[327/4500] 翻译进度: 7.3%
藏语原文: གཏེར་གྱི་ཁ་བྱང་ན་གསལ་ཁ་མི་འདུག་ཀྱང་།

开始翻译流程 (尝试 1/2):
========================================
步骤1: 输入藏语文本...
输入文本时出错: Message: tab crashed
  (Session info: chrome=143.0.7499.169)

✗ 输入文本失败

开始翻译流程 (尝试 2/2):
========================================
步骤1: 输入藏语文本...
输入文本时出错: Message: tab crashed
  (Session info: chrome=143.0.7499.169)

✗ 输入文本失败
========================================
✗ 翻译失败，跳过此行
✓ 已保存到文件: 327/4500 条

[328/4500] 翻译进度: 7.3%
藏语原文: ཆོ་གའི་རིམ་པ་བརྒྱད་པོ་དེ་གཞན་ལ་ཕན་གདགས་ཤིང་རང་སྨིན...

开始翻译流程 (尝试 1/2):
========================================
步骤1: 输入藏语文本...
输入文本时出错: Message: tab crashed
  (Session info: chrome=143.0.7499.169)

✗ 输入文本失败

开始翻译流程 (尝试 2/2):
========================================
步骤1: 输入藏语文本...
输入文本时出错: Message: tab crashed
  (Session info: chrome=143.0.7499.169)

✗ 输入文本失败
========================================
✗ 翻译失败，跳过此行
✓ 已保存到文件: 328/4500 条

[329/4500] 翻译进度: 7.3%
藏语原文: ཞལ་གདམས་ཀྱི་སྐོར་ལ་ཐེ་བའི་རིགས་སུ་འདུག་པས་མཚམས་གང་...

开始翻译流程 (尝试 1/2):
========================================
步骤1: 输入藏语文本...
输入文本时出错: Message: tab crashed
  (Session info: chrome=143.0.7499.169)

✗ 输入文本失败

开始翻译流程 (尝试 2/2):
========================================
步骤1: 输入藏语文本...
输入文本时出错: Message: tab crashed
  (Session info: chrome=143.0.7499.169)

✗ 输入文本失败
========================================
✗ 翻译失败，跳过此行
✓ 已保存到文件: 329/4500 条

[330/4500] 翻译进度: 7.3%
藏语原文: དེ་ནས་སློབ་དཔོན་གྱིས་དབུས་སུ་ཁ་ཤར་དུ་ཕྱོགས་ཏེ་འདུག...

开始翻译流程 (尝试 1/2):
========================================
步骤1: 输入藏语文本...
输入文本时出错: Message: tab crashed
  (Session info: chrome=143.0.7499.169)

✗ 输入文本失败

开始翻译流程 (尝试 2/2):
========================================
步骤1: 输入藏语文本...
输入文本时出错: Message: tab crashed
  (Session info: chrome=143.0.7499.169)

✗ 输入文本失败
========================================
✗ 翻译失败，跳过此行
✓ 已保存到文件: 330/4500 条

[331/4500] 翻译进度: 7.4%
藏语原文: དེ་ཡི་མདུན་ན་ང་འདུག་སྟེ།

开始翻译流程 (尝试 1/2):
========================================
步骤1: 输入藏语文本...
输入文本时出错: Message: tab crashed
  (Session info: chrome=143.0.7499.169)

✗ 输入文本失败

开始翻译流程 (尝试 2/2):
========================================
步骤1: 输入藏语文本...
输入文本时出错: Message: tab crashed
  (Session info: chrome=143.0.7499.169)

✗ 输入文本失败
========================================
✗ 翻译失败，跳过此行
✓ 已保存到文件: 331/4500 条

[332/4500] 翻译进度: 7.4%
藏语原文: དངོས་སུ་རོའི་གདན་ལ་ཇི་ལྟར་བདེ་བར་འདུག་སྟེ།

开始翻译流程 (尝试 1/2):
========================================
步骤1: 输入藏语文本...
输入文本时出错: Message: tab crashed
  (Session info: chrome=143.0.7499.169)

✗ 输入文本失败

开始翻译流程 (尝试 2/2):
========================================
步骤1: 输入藏语文本...
输入文本时出错: Message: tab crashed
  (Session info: chrome=143.0.7499.169)

✗ 输入文本失败
========================================
✗ 翻译失败，跳过此行
✓ 已保存到文件: 332/4500 条

[333/4500] 翻译进度: 7.4%
藏语原文: ཁ་ནུབ་ལ་སོགས་པར་བལྟས་པའི་རིམ་པས་ཡང་དག་པར་འདུག་སྟེ།

开始翻译流程 (尝试 1/2):
========================================
步骤1: 输入藏语文本...
输入文本时出错: Message: tab crashed
  (Session info: chrome=143.0.7499.169)

✗ 输入文本失败

开始翻译流程 (尝试 2/2):
========================================
步骤1: 输入藏语文本...
输入文本时出错: Message: tab crashed
  (Session info: chrome=143.0.7499.169)

✗ 输入文本失败
========================================
✗ 翻译失败，跳过此行
✓ 已保存到文件: 333/4500 条

[334/4500] 翻译进度: 7.4%
藏语原文: ཆས་ཏེ་དེར་འདུག་ཞི་སེམས་ཀྱིས།

开始翻译流程 (尝试 1/2):
========================================
步骤1: 输入藏语文本...
输入文本时出错: Message: tab crashed
  (Session info: chrome=143.0.7499.169)

✗ 输入文本失败

开始翻译流程 (尝试 2/2):
========================================
步骤1: 输入藏语文本...
输入文本时出错: Message: tab crashed
  (Session info: chrome=143.0.7499.169)

✗ 输入文本失败
========================================
✗ 翻译失败，跳过此行
✓ 已保存到文件: 334/4500 条

[335/4500] 翻译进度: 7.4%
藏语原文: ཨོཾ་བཛྲ་བེ་རོ་ཙ་ནཱི་ཡེ་སྭཱ་ཧཱ་ཞེས་པ་དང་།

开始翻译流程 (尝试 1/2):
========================================
步骤1: 输入藏语文本...
输入文本时出错: Message: tab crashed
  (Session info: chrome=143.0.7499.169)

✗ 输入文本失败

开始翻译流程 (尝试 2/2):
========================================
步骤1: 输入藏语文本...
输入文本时出错: Message: tab crashed
  (Session info: chrome=143.0.7499.169)

✗ 输入文本失败
========================================
✗ 翻译失败，跳过此行
✓ 已保存到文件: 335/4500 条

[336/4500] 翻译进度: 7.5%
藏语原文: ཛྭ་ལཱ་མུ་ཁི་པིཾ་ག་ལ་ལོ་ཙ་ནེ།

开始翻译流程 (尝试 1/2):
========================================
步骤1: 输入藏语文本...
输入文本时出错: Message: tab crashed
  (Session info: chrome=143.0.7499.169)

✗ 输入文本失败

开始翻译流程 (尝试 2/2):
========================================
步骤1: 输入藏语文本...
输入文本时出错: Message: tab crashed
  (Session info: chrome=143.0.7499.169)

✗ 输入文本失败
========================================
✗ 翻译失败，跳过此行
✓ 已保存到文件: 336/4500 条

[337/4500] 翻译进度: 7.5%
藏语原文: ཨོཾ་བཛྲ་བེ་རོ་ཙ་ནཱི་ཡེ་ཧཱུཾ་ཧཱུཾ་ཕཊ་སྭཱ་ཧཱ།

开始翻译流程 (尝试 1/2):
========================================
步骤1: 输入藏语文本...
输入文本时出错: Message: tab crashed
  (Session info: chrome=143.0.7499.169)

✗ 输入文本失败

开始翻译流程 (尝试 2/2):
========================================
步骤1: 输入藏语文本...
输入文本时出错: Message: tab crashed
  (Session info: chrome=143.0.7499.169)

✗ 输入文本失败
========================================
✗ 翻译失败，跳过此行
✓ 已保存到文件: 337/4500 条

[338/4500] 翻译进度: 7.5%
藏语原文: ཨོཾ་བཛྲ་བེ་རོ་ཙ་ནཱི་ཡེ་སྭཱ་ཧཱ།

开始翻译流程 (尝试 1/2):
========================================
步骤1: 输入藏语文本...
输入文本时出错: Message: tab crashed
  (Session info: chrome=143.0.7499.169)

✗ 输入文本失败

开始翻译流程 (尝试 2/2):
========================================
步骤1: 输入藏语文本...
输入文本时出错: Message: tab crashed
  (Session info: chrome=143.0.7499.169)

✗ 输入文本失败
========================================
✗ 翻译失败，跳过此行
✓ 已保存到文件: 338/4500 条

[339/4500] 翻译进度: 7.5%
藏语原文: ཨོཾ་བཛྲ་བེ་རོ་ཙ་ནཱི་ཡེ་ཧཱུཾ་ཧཱུཾ་ཧཱུཾ་ཕཊ་ཕཊ་ཕཊ་སྭཱ...

开始翻译流程 (尝试 1/2):
========================================
步骤1: 输入藏语文本...
输入文本时出错: Message: tab crashed
  (Session info: chrome=143.0.7499.169)

✗ 输入文本失败

开始翻译流程 (尝试 2/2):
========================================
步骤1: 输入藏语文本...
输入文本时出错: Message: tab crashed
  (Session info: chrome=143.0.7499.169)

✗ 输入文本失败
========================================
✗ 翻译失败，跳过此行
✓ 已保存到文件: 339/4500 条

[340/4500] 翻译进度: 7.6%
藏语原文: ཨོཾ་བཛྲ་བེ་རོ་ཙ་ནཱི་ཡེ་ཧཱུཾ་ཧཱུཾ་ཧཱུཾ་ཕཊ་ཕཊ་ཕཊ་སྭཱ...

开始翻译流程 (尝试 1/2):
========================================
步骤1: 输入藏语文本...
输入文本时出错: Message: tab crashed
  (Session info: chrome=143.0.7499.169)

✗ 输入文本失败

开始翻译流程 (尝试 2/2):
========================================
步骤1: 输入藏语文本...
输入文本时出错: Message: tab crashed
  (Session info: chrome=143.0.7499.169)

✗ 输入文本失败
========================================
✗ 翻译失败，跳过此行
✓ 已保存到文件: 340/4500 条

[341/4500] 翻译进度: 7.6%
藏语原文: གཡས་སུ་ཨོཾ་བཛྲ་བེ་རོ་ཙ་ནཱི་ཡེ་ཧཱུཾ་སྭཱ་ཧཱ་ཞེས་བྱ་བ...

开始翻译流程 (尝试 1/2):
========================================
步骤1: 输入藏语文本...
输入文本时出错: Message: tab crashed
  (Session info: chrome=143.0.7499.169)

✗ 输入文本失败

开始翻译流程 (尝试 2/2):
========================================
步骤1: 输入藏语文本...
输入文本时出错: Message: tab crashed
  (Session info: chrome=143.0.7499.169)

✗ 输入文本失败
========================================
✗ 翻译失败，跳过此行
✓ 已保存到文件: 341/4500 条

[342/4500] 翻译进度: 7.6%
藏语原文: རྡོ་རྗེ་ཕྱེད་པའི་འདུག་སྟངས་ཀྱིས་སྐུད་པ་ལག་པ་གཡོན་པ...

开始翻译流程 (尝试 1/2):
========================================
步骤1: 输入藏语文本...
输入文本时出错: Message: tab crashed
  (Session info: chrome=143.0.7499.169)

✗ 输入文本失败

开始翻译流程 (尝试 2/2):
========================================
步骤1: 输入藏语文本...
输入文本时出错: Message: tab crashed
  (Session info: chrome=143.0.7499.169)

✗ 输入文本失败
========================================
✗ 翻译失败，跳过此行
✓ 已保存到文件: 342/4500 条

[343/4500] 翻译进度: 7.6%
藏语原文: ཨོཾ་བཛྲ་བེ་རོ་ཙ་ནཱི་ཡེ་ཧཱུྃ་ཧཱུྃ་ཕཊ་ཅེས་པ་བཟླས་ཏེ་...

开始翻译流程 (尝试 1/2):
========================================
步骤1: 输入藏语文本...
输入文本时出错: Message: tab crashed
  (Session info: chrome=143.0.7499.169)

✗ 输入文本失败

开始翻译流程 (尝试 2/2):
========================================
步骤1: 输入藏语文本...
输入文本时出错: Message: tab crashed
  (Session info: chrome=143.0.7499.169)

✗ 输入文本失败
========================================
✗ 翻译失败，跳过此行
✓ 已保存到文件: 343/4500 条

[344/4500] 翻译进度: 7.6%
藏语原文: དེ་ལ་ཀུན་དགའ་ནི་དགའ་བ་དང་དགའ་བྲལ་ལ་སོགས་པ་ནས་ཁྱད་པ...

开始翻译流程 (尝试 1/2):
========================================
步骤1: 输入藏语文本...
输入文本时出错: Message: tab crashed
  (Session info: chrome=143.0.7499.169)

✗ 输入文本失败

开始翻译流程 (尝试 2/2):
========================================
步骤1: 输入藏语文本...
输入文本时出错: Message: tab crashed
  (Session info: chrome=143.0.7499.169)

✗ 输入文本失败
========================================
✗ 翻译失败，跳过此行
✓ 已保存到文件: 344/4500 条

[345/4500] 翻译进度: 7.7%
藏语原文: འཁོར་ཁོ་གསུམ་ཡང་རང་བཞིན་མེད་པར་བྱས་པའོ།

开始翻译流程 (尝试 1/2):
========================================
步骤1: 输入藏语文本...
输入文本时出错: Message: tab crashed
  (Session info: chrome=143.0.7499.169)

✗ 输入文本失败

开始翻译流程 (尝试 2/2):
========================================
步骤1: 输入藏语文本...
输入文本时出错: Message: tab crashed
  (Session info: chrome=143.0.7499.169)

✗ 输入文本失败
========================================
✗ 翻译失败，跳过此行
✓ 已保存到文件: 345/4500 条

[346/4500] 翻译进度: 7.7%
藏语原文: ཉལ་དང་འདུག་དང་གང་དུ་ཡང་།

开始翻译流程 (尝试 1/2):
========================================
步骤1: 输入藏语文本...
输入文本时出错: Message: tab crashed
  (Session info: chrome=143.0.7499.169)

✗ 输入文本失败

开始翻译流程 (尝试 2/2):
========================================
步骤1: 输入藏语文本...
输入文本时出错: Message: tab crashed
  (Session info: chrome=143.0.7499.169)

✗ 输入文本失败
========================================
✗ 翻译失败，跳过此行
✓ 已保存到文件: 346/4500 条

[347/4500] 翻译进度: 7.7%
藏语原文: ངོ་བོ་ཞེས་པས་དེ་དག་ཀྱང་རང་བཞིན་གཅིག་པ་ཉིད་དོ།

开始翻译流程 (尝试 1/2):
========================================
步骤1: 输入藏语文本...
输入文本时出错: Message: tab crashed
  (Session info: chrome=143.0.7499.169)

✗ 输入文本失败

开始翻译流程 (尝试 2/2):
========================================
步骤1: 输入藏语文本...
输入文本时出错: Message: tab crashed
  (Session info: chrome=143.0.7499.169)

✗ 输入文本失败
========================================
✗ 翻译失败，跳过此行
✓ 已保存到文件: 347/4500 条

[348/4500] 翻译进度: 7.7%
藏语原文: གནོད་པ་མི་ཚོར་བ་དེ་ཙམ་ལུས་ལ་བསྣུན་ཡང་རང་ལུས་ལ་ཟུག་...

开始翻译流程 (尝试 1/2):
========================================
步骤1: 输入藏语文本...
输入文本时出错: Message: tab crashed
  (Session info: chrome=143.0.7499.169)

✗ 输入文本失败

开始翻译流程 (尝试 2/2):
========================================
步骤1: 输入藏语文本...
输入文本时出错: Message: tab crashed
  (Session info: chrome=143.0.7499.169)

✗ 输入文本失败
========================================
✗ 翻译失败，跳过此行
✓ 已保存到文件: 348/4500 条

[349/4500] 翻译进度: 7.8%
藏语原文: ཨོཾ་བཛྲ་བེ་རོ་ཙ་ནཱི་ཡེ་ཧཱུྃ་ཕཊ་སྭཱ་ཧཱ།

开始翻译流程 (尝试 1/2):
========================================
步骤1: 输入藏语文本...
输入文本时出错: Message: tab crashed
  (Session info: chrome=143.0.7499.169)

✗ 输入文本失败

开始翻译流程 (尝试 2/2):
========================================
步骤1: 输入藏语文本...
输入文本时出错: Message: tab crashed
  (Session info: chrome=143.0.7499.169)

✗ 输入文本失败
========================================
✗ 翻译失败，跳过此行
✓ 已保存到文件: 349/4500 条

[350/4500] 翻译进度: 7.8%
藏语原文: ཨོཾ་བཛྲ་བེ་རོ་ཙ་ནཱི་ཡེ་ཧཱུྃ་ཕཊ་སྭཱ་ཧཱ།

开始翻译流程 (尝试 1/2):
========================================
步骤1: 输入藏语文本...
输入文本时出错: Message: tab crashed
  (Session info: chrome=143.0.7499.169)

✗ 输入文本失败

开始翻译流程 (尝试 2/2):
========================================
步骤1: 输入藏语文本...
输入文本时出错: Message: tab crashed
  (Session info: chrome=143.0.7499.169)

✗ 输入文本失败
========================================
✗ 翻译失败，跳过此行
✓ 已保存到文件: 350/4500 条

[351/4500] 翻译进度: 7.8%
藏语原文: དེ་ནས་དཀྱིལ་འཁོར་གྱི་ནུབ་ཀྱི་ཆར་ཉེ་བར་འདུག་སྟེ།

开始翻译流程 (尝试 1/2):
========================================
步骤1: 输入藏语文本...
输入文本时出错: Message: tab crashed
  (Session info: chrome=143.0.7499.169)

✗ 输入文本失败

开始翻译流程 (尝试 2/2):
========================================
步骤1: 输入藏语文本...
输入文本时出错: Message: tab crashed
  (Session info: chrome=143.0.7499.169)

✗ 输入文本失败
========================================
✗ 翻译失败，跳过此行
✓ 已保存到文件: 351/4500 条

[352/4500] 翻译进度: 7.8%
藏语原文: བཛྲ་ཝརྞྞ་ནཱི་ཡེ་བ་ཛྲ་བེ་རོ་ཙ་ནཱི་ཡེ་ཧཱུྃ་ཧཱུྃ་ཧཱུྃ...

开始翻译流程 (尝试 1/2):
========================================
步骤1: 输入藏语文本...
输入文本时出错: Message: tab crashed
  (Session info: chrome=143.0.7499.169)

✗ 输入文本失败

开始翻译流程 (尝试 2/2):
========================================
步骤1: 输入藏语文本...
输入文本时出错: Message: tab crashed
  (Session info: chrome=143.0.7499.169)

✗ 输入文本失败
========================================
✗ 翻译失败，跳过此行
✓ 已保存到文件: 352/4500 条

[353/4500] 翻译进度: 7.8%
藏语原文: སྟན་བདེ་བ་ལ་འདུག་སྟེ།

开始翻译流程 (尝试 1/2):
========================================
步骤1: 输入藏语文本...
输入文本时出错: Message: tab crashed
  (Session info: chrome=143.0.7499.169)

✗ 输入文本失败

开始翻译流程 (尝试 2/2):
========================================
步骤1: 输入藏语文本...
输入文本时出错: Message: tab crashed
  (Session info: chrome=143.0.7499.169)

✗ 输入文本失败
========================================
✗ 翻译失败，跳过此行
✓ 已保存到文件: 353/4500 条

[354/4500] 翻译进度: 7.9%
藏语原文: དེའི་དཀྱིལ་འཁོར་དེ་ལ་འདུག་པ་རྣམ་པ་སྣ་ཚོགས་ཀྱི་འཁོར...

开始翻译流程 (尝试 1/2):
========================================
步骤1: 输入藏语文本...
输入文本时出错: Message: tab crashed
  (Session info: chrome=143.0.7499.169)

✗ 输入文本失败

开始翻译流程 (尝试 2/2):
========================================
步骤1: 输入藏语文本...
输入文本时出错: Message: tab crashed
  (Session info: chrome=143.0.7499.169)

✗ 输入文本失败
========================================
✗ 翻译失败，跳过此行
✓ 已保存到文件: 354/4500 条

[355/4500] 翻译进度: 7.9%
藏语原文: སྟན་བདེ་བ་ལ་འདུག་སེམས་བྱ།

开始翻译流程 (尝试 1/2):
========================================
步骤1: 输入藏语文本...
输入文本时出错: Message: tab crashed
  (Session info: chrome=143.0.7499.169)

✗ 输入文本失败

开始翻译流程 (尝试 2/2):
========================================
步骤1: 输入藏语文本...
输入文本时出错: Message: tab crashed
  (Session info: chrome=143.0.7499.169)

✗ 输入文本失败
========================================
✗ 翻译失败，跳过此行
✓ 已保存到文件: 355/4500 条

[356/4500] 翻译进度: 7.9%
藏语原文: བདེ་བའི་སྟན་ལ་འདུག་ནས་ནི།

开始翻译流程 (尝试 1/2):
========================================
步骤1: 输入藏语文本...
输入文本时出错: Message: tab crashed
  (Session info: chrome=143.0.7499.169)

✗ 输入文本失败

开始翻译流程 (尝试 2/2):
========================================
步骤1: 输入藏语文本...
输入文本时出错: Message: tab crashed
  (Session info: chrome=143.0.7499.169)

✗ 输入文本失败
========================================
✗ 翻译失败，跳过此行
✓ 已保存到文件: 356/4500 条

[357/4500] 翻译进度: 7.9%
藏语原文: དེ་ལ་བསྙེན་པ་ནི་གནས་དབེན་པས་སྟན་བདེ་བ་ལ་འདུག་སྟེ།

开始翻译流程 (尝试 1/2):
========================================
步骤1: 输入藏语文本...
输入文本时出错: Message: tab crashed
  (Session info: chrome=143.0.7499.169)

✗ 输入文本失败

开始翻译流程 (尝试 2/2):
========================================
步骤1: 输入藏语文本...
输入文本时出错: Message: tab crashed
  (Session info: chrome=143.0.7499.169)

✗ 输入文本失败
========================================
✗ 翻译失败，跳过此行
✓ 已保存到文件: 357/4500 条

[358/4500] 翻译进度: 8.0%
藏语原文: རབ་ཏུ་འཇམ་པའི་སྟན་ལ་འདུག་སྟེ།

开始翻译流程 (尝试 1/2):
========================================
步骤1: 输入藏语文本...
输入文本时出错: Message: tab crashed
  (Session info: chrome=143.0.7499.169)

✗ 输入文本失败

开始翻译流程 (尝试 2/2):
========================================
步骤1: 输入藏语文本...
输入文本时出错: Message: tab crashed
  (Session info: chrome=143.0.7499.169)

✗ 输入文本失败
========================================
✗ 翻译失败，跳过此行
✓ 已保存到文件: 358/4500 条

[359/4500] 翻译进度: 8.0%
藏语原文: སྦྱར་དང་རང་བྱུང་བདུག་སྤོས་འདི།

开始翻译流程 (尝试 1/2):
========================================
步骤1: 输入藏语文本...
输入文本时出错: Message: tab crashed
  (Session info: chrome=143.0.7499.169)

✗ 输入文本失败

开始翻译流程 (尝试 2/2):
========================================
步骤1: 输入藏语文本...
输入文本时出错: Message: tab crashed
  (Session info: chrome=143.0.7499.169)

✗ 输入文本失败
========================================
✗ 翻译失败，跳过此行
✓ 已保存到文件: 359/4500 条

[360/4500] 翻译进度: 8.0%
藏语原文: བཛྲ་བེ་རོ་ཙ་ནཱི་ཡེ།

开始翻译流程 (尝试 1/2):
========================================
步骤1: 输入藏语文本...
输入文本时出错: Message: tab crashed
  (Session info: chrome=143.0.7499.169)

✗ 输入文本失败

开始翻译流程 (尝试 2/2):
========================================
步骤1: 输入藏语文本...
输入文本时出错: Message: tab crashed
  (Session info: chrome=143.0.7499.169)

✗ 输入文本失败
========================================
✗ 翻译失败，跳过此行
✓ 已保存到文件: 360/4500 条

[361/4500] 翻译进度: 8.0%
藏语原文: ཡིད་དུ་འོང་བའི་གནས་སུ་བདེ་བའི་སྟན་ལ་འདུག་སྟེ།

开始翻译流程 (尝试 1/2):
========================================
步骤1: 输入藏语文本...
输入文本时出错: Message: tab crashed
  (Session info: chrome=143.0.7499.169)

✗ 输入文本失败

开始翻译流程 (尝试 2/2):
========================================
步骤1: 输入藏语文本...
输入文本时出错: Message: tab crashed
  (Session info: chrome=143.0.7499.169)

✗ 输入文本失败
========================================
✗ 翻译失败，跳过此行
✓ 已保存到文件: 361/4500 条

[362/4500] 翻译进度: 8.0%
藏语原文: གུར་གུམ་གོ་རོ་ཙ་ན་ཡིས།

开始翻译流程 (尝试 1/2):
========================================
步骤1: 输入藏语文本...
输入文本时出错: Message: tab crashed
  (Session info: chrome=143.0.7499.169)

✗ 输入文本失败

开始翻译流程 (尝试 2/2):
========================================
步骤1: 输入藏语文本...
输入文本时出错: Message: tab crashed
  (Session info: chrome=143.0.7499.169)

✗ 输入文本失败
========================================
✗ 翻译失败，跳过此行
✓ 已保存到文件: 362/4500 条

[363/4500] 翻译进度: 8.1%
藏语原文: ཞེས་བྱ་བ་ནི་གུར་གུམ་དང་གོ་རོ་ཙ་ན་གང་ཡང་རུང་བས་སམ།

开始翻译流程 (尝试 1/2):
========================================
步骤1: 输入藏语文本...
输入文本时出错: Message: tab crashed
  (Session info: chrome=143.0.7499.169)

✗ 输入文本失败

开始翻译流程 (尝试 2/2):
========================================
步骤1: 输入藏语文本...
输入文本时出错: Message: tab crashed
  (Session info: chrome=143.0.7499.169)

✗ 输入文本失败
========================================
✗ 翻译失败，跳过此行
✓ 已保存到文件: 363/4500 条

[364/4500] 翻译进度: 8.1%
藏语原文: ཐབ་ཁུང་རང་བཞིན་འབད་པས་བྱ།

开始翻译流程 (尝试 1/2):
========================================
步骤1: 输入藏语文本...
输入文本时出错: Message: tab crashed
  (Session info: chrome=143.0.7499.169)

✗ 输入文本失败

开始翻译流程 (尝试 2/2):
========================================
步骤1: 输入藏语文本...
输入文本时出错: Message: tab crashed
  (Session info: chrome=143.0.7499.169)

✗ 输入文本失败
========================================
✗ 翻译失败，跳过此行
✓ 已保存到文件: 364/4500 条

[365/4500] 翻译进度: 8.1%
藏语原文: ཤེས་རབ་ཀྱི་ལག་པ་གཉིས་ཀྱི་དབུས་སུ་རྡོ་རྗེ་སེམས་དཔའ་...

开始翻译流程 (尝试 1/2):
========================================
步骤1: 输入藏语文本...
输入文本时出错: Message: tab crashed
  (Session info: chrome=143.0.7499.169)

✗ 输入文本失败

开始翻译流程 (尝试 2/2):
========================================
步骤1: 输入藏语文本...
输入文本时出错: Message: tab crashed
  (Session info: chrome=143.0.7499.169)

✗ 输入文本失败
========================================
✗ 翻译失败，跳过此行
✓ 已保存到文件: 365/4500 条

[366/4500] 翻译进度: 8.1%
藏语原文: བདེ་བའི་སྟན་ལ་འདུག་ནས་ནི།

开始翻译流程 (尝试 1/2):
========================================
步骤1: 输入藏语文本...
输入文本时出错: Message: tab crashed
  (Session info: chrome=143.0.7499.169)

✗ 输入文本失败

开始翻译流程 (尝试 2/2):
========================================
步骤1: 输入藏语文本...
输入文本时出错: Message: tab crashed
  (Session info: chrome=143.0.7499.169)

✗ 输入文本失败
========================================
✗ 翻译失败，跳过此行
✓ 已保存到文件: 366/4500 条

[367/4500] 翻译进度: 8.2%
藏语原文: བརླ་ཡི་སྟན་ལ་འདུག་ནས་སུ།

开始翻译流程 (尝试 1/2):
========================================
步骤1: 输入藏语文本...
输入文本时出错: Message: tab crashed
  (Session info: chrome=143.0.7499.169)

✗ 输入文本失败

开始翻译流程 (尝试 2/2):
========================================
步骤1: 输入藏语文本...
输入文本时出错: Message: tab crashed
  (Session info: chrome=143.0.7499.169)

✗ 输入文本失败
========================================
✗ 翻译失败，跳过此行
✓ 已保存到文件: 367/4500 条

[368/4500] 翻译进度: 8.2%
藏语原文: འདུག་པ་ཞེས་བྱ་བ་ནི་རོལ་པའི་རྐང་སྟབས་ཉིད་དེ།

开始翻译流程 (尝试 1/2):
========================================
步骤1: 输入藏语文本...
输入文本时出错: Message: tab crashed
  (Session info: chrome=143.0.7499.169)

✗ 输入文本失败

开始翻译流程 (尝试 2/2):
========================================
步骤1: 输入藏语文本...
输入文本时出错: Message: tab crashed
  (Session info: chrome=143.0.7499.169)

✗ 输入文本失败
========================================
✗ 翻译失败，跳过此行
✓ 已保存到文件: 368/4500 条

[369/4500] 翻译进度: 8.2%
藏语原文: འདིས་ཤེས་རབ་དང་ཐབས་ཀྱི་བདེ་བ་འདུག་པའི་ཕྱིར་རོ།

开始翻译流程 (尝试 1/2):
========================================
步骤1: 输入藏语文本...
输入文本时出错: Message: tab crashed
  (Session info: chrome=143.0.7499.169)

✗ 输入文本失败

开始翻译流程 (尝试 2/2):
========================================
步骤1: 输入藏语文本...
输入文本时出错: Message: tab crashed
  (Session info: chrome=143.0.7499.169)

✗ 输入文本失败
========================================
✗ 翻译失败，跳过此行
✓ 已保存到文件: 369/4500 条

[370/4500] 翻译进度: 8.2%
藏语原文: རྐང་པའི་འཕེན་པ་ཞེས་བྱ་བ་ནི་ཇི་ལྟར་བདེ་བར་འདུག་པའོ།

开始翻译流程 (尝试 1/2):
========================================
步骤1: 输入藏语文本...
输入文本时出错: Message: tab crashed
  (Session info: chrome=143.0.7499.169)

✗ 输入文本失败

开始翻译流程 (尝试 2/2):
========================================
步骤1: 输入藏语文本...
输入文本时出错: Message: tab crashed
  (Session info: chrome=143.0.7499.169)

✗ 输入文本失败
========================================
✗ 翻译失败，跳过此行
✓ 已保存到文件: 370/4500 条

[371/4500] 翻译进度: 8.2%
藏语原文: མཉམ་དུ་གནས་པ་ཞེས་བྱ་བ་ནི་གཉིས་ཀའི་ཡང་རྐང་པ་གཉིས་ཧ་...

开始翻译流程 (尝试 1/2):
========================================
步骤1: 输入藏语文本...
输入文本时出错: Message: tab crashed
  (Session info: chrome=143.0.7499.169)

✗ 输入文本失败

开始翻译流程 (尝试 2/2):
========================================
步骤1: 输入藏语文本...
输入文本时出错: Message: tab crashed
  (Session info: chrome=143.0.7499.169)

✗ 输入文本失败
========================================
✗ 翻译失败，跳过此行
✓ 已保存到文件: 371/4500 条

[372/4500] 翻译进度: 8.3%
藏语原文: འདུག་སྟངས་དང་།

开始翻译流程 (尝试 1/2):
========================================
步骤1: 输入藏语文本...
输入文本时出错: Message: tab crashed
  (Session info: chrome=143.0.7499.169)

✗ 输入文本失败

开始翻译流程 (尝试 2/2):
========================================
步骤1: 输入藏语文本...
输入文本时出错: Message: tab crashed
  (Session info: chrome=143.0.7499.169)

✗ 输入文本失败
========================================
✗ 翻译失败，跳过此行
✓ 已保存到文件: 372/4500 条

[373/4500] 翻译进度: 8.3%
藏语原文: དེར་སྔོན་ཕྲན་གྱི་ཕ་མེས་མི་ཐོག་དུ་མ་ཞིག་ཕྱིན་ཡོད་ཚོ...

开始翻译流程 (尝试 1/2):
========================================
步骤1: 输入藏语文本...
输入文本时出错: Message: tab crashed
  (Session info: chrome=143.0.7499.169)

✗ 输入文本失败

开始翻译流程 (尝试 2/2):
========================================
步骤1: 输入藏语文本...
输入文本时出错: Message: tab crashed
  (Session info: chrome=143.0.7499.169)

✗ 输入文本失败
========================================
✗ 翻译失败，跳过此行
✓ 已保存到文件: 373/4500 条

[374/4500] 翻译进度: 8.3%
藏语原文: ཅེས་སོགས་ཡིག་ལན་འབྱོར་བ་ཤོད་རྒྱུ་འདུག།

开始翻译流程 (尝试 1/2):
========================================
步骤1: 输入藏语文本...
输入文本时出错: Message: tab crashed
  (Session info: chrome=143.0.7499.169)

✗ 输入文本失败

开始翻译流程 (尝试 2/2):
========================================
步骤1: 输入藏语文本...
输入文本时出错: Message: tab crashed
  (Session info: chrome=143.0.7499.169)

✗ 输入文本失败
========================================
✗ 翻译失败，跳过此行
✓ 已保存到文件: 374/4500 条

[375/4500] 翻译进度: 8.3%
藏语原文: ཞིང་རྨོ་བཞིན་པའི་དུས་སྐབས་ལ་ཁེལ་འདུག།

开始翻译流程 (尝试 1/2):
========================================
步骤1: 输入藏语文本...
输入文本时出错: Message: tab crashed
  (Session info: chrome=143.0.7499.169)

✗ 输入文本失败

开始翻译流程 (尝试 2/2):
========================================
步骤1: 输入藏语文本...
输入文本时出错: Message: tab crashed
  (Session info: chrome=143.0.7499.169)

✗ 输入文本失败
========================================
✗ 翻译失败，跳过此行
✓ 已保存到文件: 375/4500 条

[376/4500] 翻译进度: 8.4%
藏语原文: སྐབས་དེར་འཐབ་འཛིང་བྱ་ཡུལ་ཐོག་མ་ནི་ཕྲན་དང་ཕྲན་གྱི་ས...

开始翻译流程 (尝试 1/2):
========================================
步骤1: 输入藏语文本...
输入文本时出错: Message: tab crashed
  (Session info: chrome=143.0.7499.169)

✗ 输入文本失败

开始翻译流程 (尝试 2/2):
========================================
步骤1: 输入藏语文本...
输入文本时出错: Message: tab crashed
  (Session info: chrome=143.0.7499.169)

✗ 输入文本失败
========================================
✗ 翻译失败，跳过此行
✓ 已保存到文件: 376/4500 条

[377/4500] 翻译进度: 8.4%
藏语原文: དེ་བཞིན་མནར་གཅོད་དང་རྡུང་རྡེག་སོགས་ཀྱི་དཀའ་ངལ་སྣ་ཚ...

开始翻译流程 (尝试 1/2):
========================================
步骤1: 输入藏语文本...
输入文本时出错: Message: tab crashed
  (Session info: chrome=143.0.7499.169)

✗ 输入文本失败

开始翻译流程 (尝试 2/2):
========================================
步骤1: 输入藏语文本...
输入文本时出错: Message: tab crashed
  (Session info: chrome=143.0.7499.169)

✗ 输入文本失败
========================================
✗ 翻译失败，跳过此行
✓ 已保存到文件: 377/4500 条

[378/4500] 翻译进度: 8.4%
藏语原文: རྡུང་རྡེག་མནར་གཅོད་ཀྱིས་གྲོངས་པ་སོགས་ཧ་ཅང་མང་པོ་བྱ...

开始翻译流程 (尝试 1/2):
========================================
步骤1: 输入藏语文本...
输入文本时出错: Message: tab crashed
  (Session info: chrome=143.0.7499.169)

✗ 输入文本失败

开始翻译流程 (尝试 2/2):
========================================
步骤1: 输入藏语文本...
输入文本时出错: Message: tab crashed
  (Session info: chrome=143.0.7499.169)

✗ 输入文本失败
========================================
✗ 翻译失败，跳过此行
✓ 已保存到文件: 378/4500 条

[379/4500] 翻译进度: 8.4%
藏语原文: ཡང་ལྐོག་ཏུ་སྒྲིགས་འཛུགས་བཙུགས་ཀྱི་འདུག་ཟེར་བ་སོགས་...

开始翻译流程 (尝试 1/2):
========================================
步骤1: 输入藏语文本...
输入文本时出错: Message: tab crashed
  (Session info: chrome=143.0.7499.169)

✗ 输入文本失败

开始翻译流程 (尝试 2/2):
========================================
步骤1: 输入藏语文本...
输入文本时出错: Message: tab crashed
  (Session info: chrome=143.0.7499.169)

✗ 输入文本失败
========================================
✗ 翻译失败，跳过此行
✓ 已保存到文件: 379/4500 条

[380/4500] 翻译进度: 8.4%
藏语原文: མི་དམང་ལ་དྲག་གནོན་བྱ་རྒྱུའི་ཆོག་མཆན་ཞུས་ཡོད་འདུག།

开始翻译流程 (尝试 1/2):
========================================
步骤1: 输入藏语文本...
输入文本时出错: Message: tab crashed
  (Session info: chrome=143.0.7499.169)

✗ 输入文本失败

开始翻译流程 (尝试 2/2):
========================================
步骤1: 输入藏语文本...
输入文本时出错: Message: tab crashed
  (Session info: chrome=143.0.7499.169)

✗ 输入文本失败
========================================
✗ 翻译失败，跳过此行
✓ 已保存到文件: 380/4500 条

[381/4500] 翻译进度: 8.5%
藏语原文: དོན་དམ་རང་ཉིད་ཀྱི་མི་ཚེ་འདི་ཆུད་ཟོས་སུ་ཕྱིན་མེད་པར...

开始翻译流程 (尝试 1/2):
========================================
步骤1: 输入藏语文本...
输入文本时出错: Message: tab crashed
  (Session info: chrome=143.0.7499.169)

✗ 输入文本失败

开始翻译流程 (尝试 2/2):
========================================
步骤1: 输入藏语文本...
输入文本时出错: Message: tab crashed
  (Session info: chrome=143.0.7499.169)

✗ 输入文本失败
========================================
✗ 翻译失败，跳过此行
✓ 已保存到文件: 381/4500 条

[382/4500] 翻译进度: 8.5%
藏语原文: སྒྱུ་མ་རང་རང་བཞིན་མེད་པར་བསྒྲུབ་པའོ།

开始翻译流程 (尝试 1/2):
========================================
步骤1: 输入藏语文本...
输入文本时出错: Message: tab crashed
  (Session info: chrome=143.0.7499.169)

✗ 输入文本失败

开始翻译流程 (尝试 2/2):
========================================
步骤1: 输入藏语文本...
输入文本时出错: Message: tab crashed
  (Session info: chrome=143.0.7499.169)

✗ 输入文本失败
========================================
✗ 翻译失败，跳过此行
✓ 已保存到文件: 382/4500 条

[383/4500] 翻译进度: 8.5%
藏语原文: དེ་ལྟ་བུའི་སྡུག་བསྔལ་བཟོད་པར་མི་འདུག་པས།

开始翻译流程 (尝试 1/2):
========================================
步骤1: 输入藏语文本...
输入文本时出错: Message: tab crashed
  (Session info: chrome=143.0.7499.169)

✗ 输入文本失败

开始翻译流程 (尝试 2/2):
========================================
步骤1: 输入藏语文本...
输入文本时出错: Message: tab crashed
  (Session info: chrome=143.0.7499.169)

✗ 输入文本失败
========================================
✗ 翻译失败，跳过此行
✓ 已保存到文件: 383/4500 条

[384/4500] 翻译进度: 8.5%
藏语原文: ཆུའི་རྒྱལ་ཁམས་ཆེན་པོ་འདུག་སྙམ་ནས་ཕྱིན་པས་ཤིན་ཏུ་ཐག...

开始翻译流程 (尝试 1/2):
========================================
步骤1: 输入藏语文本...
输入文本时出错: Message: tab crashed
  (Session info: chrome=143.0.7499.169)

✗ 输入文本失败

开始翻译流程 (尝试 2/2):
========================================
步骤1: 输入藏语文本...
输入文本时出错: Message: tab crashed
  (Session info: chrome=143.0.7499.169)

✗ 输入文本失败
========================================
✗ 翻译失败，跳过此行
✓ 已保存到文件: 384/4500 条

[385/4500] 翻译进度: 8.6%
藏语原文: དེ་ལྟ་བུ་ཐོག་ཏུ་མི་འབབ་པའི་ཐབས་ལ་འབད་དགོས་པ་འདུག་ས...

开始翻译流程 (尝试 1/2):
========================================
步骤1: 输入藏语文本...
输入文本时出错: Message: tab crashed
  (Session info: chrome=143.0.7499.169)

✗ 输入文本失败

开始翻译流程 (尝试 2/2):
========================================
步骤1: 输入藏语文本...
输入文本时出错: Message: tab crashed
  (Session info: chrome=143.0.7499.169)

✗ 输入文本失败
========================================
✗ 翻译失败，跳过此行
✓ 已保存到文件: 385/4500 条

[386/4500] 翻译进度: 8.6%
藏语原文: དེར་མི་སྐྱེ་བའི་ཐབས་ལ་འབད་དགོས་པར་འདུག་སྙམ་དུ་བསམ་...

开始翻译流程 (尝试 1/2):
========================================
步骤1: 输入藏语文本...
输入文本时出错: Message: tab crashed
  (Session info: chrome=143.0.7499.169)

✗ 输入文本失败

开始翻译流程 (尝试 2/2):
========================================
步骤1: 输入藏语文本...
输入文本时出错: Message: tab crashed
  (Session info: chrome=143.0.7499.169)

✗ 输入文本失败
========================================
✗ 翻译失败，跳过此行
✓ 已保存到文件: 386/4500 条

[387/4500] 翻译进度: 8.6%
藏语原文: འགྱུར་བའི་སྡུག་བསྔལ་བསམ་ཙ་ན།

开始翻译流程 (尝试 1/2):
========================================
步骤1: 输入藏语文本...
输入文本时出错: Message: tab crashed
  (Session info: chrome=143.0.7499.169)

✗ 输入文本失败

开始翻译流程 (尝试 2/2):
========================================
步骤1: 输入藏语文本...
输入文本时出错: Message: tab crashed
  (Session info: chrome=143.0.7499.169)

✗ 输入文本失败
========================================
✗ 翻译失败，跳过此行
✓ 已保存到文件: 387/4500 条

[388/4500] 翻译进度: 8.6%
藏语原文: མི་ཕྱུག་པོ་དབུལ་པོར་འགྲོ་བ་འདུག།

开始翻译流程 (尝试 1/2):
========================================
步骤1: 输入藏语文本...
输入文本时出错: Message: tab crashed
  (Session info: chrome=143.0.7499.169)

✗ 输入文本失败

开始翻译流程 (尝试 2/2):
========================================
步骤1: 输入藏语文本...
输入文本时出错: Message: tab crashed
  (Session info: chrome=143.0.7499.169)

✗ 输入文本失败
========================================
✗ 翻译失败，跳过此行
✓ 已保存到文件: 388/4500 条

[389/4500] 翻译进度: 8.6%
藏语原文: མི་མང་པོ་གཅིག་ཏུ་འགྲོ་བ་འདུག།

开始翻译流程 (尝试 1/2):
========================================
步骤1: 输入藏语文本...
输入文本时出错: Message: tab crashed
  (Session info: chrome=143.0.7499.169)

✗ 输入文本失败

开始翻译流程 (尝试 2/2):
========================================
步骤1: 输入藏语文本...
输入文本时出错: Message: tab crashed
  (Session info: chrome=143.0.7499.169)

✗ 输入文本失败
========================================
✗ 翻译失败，跳过此行
✓ 已保存到文件: 389/4500 条

[390/4500] 翻译进度: 8.7%
藏语原文: འདུ་བྱེད་ཀྱི་སྡུག་བསྔལ་བསམ་ཙ་ན།

开始翻译流程 (尝试 1/2):
========================================
步骤1: 输入藏语文本...
输入文本时出错: Message: tab crashed
  (Session info: chrome=143.0.7499.169)

✗ 输入文本失败

开始翻译流程 (尝试 2/2):
========================================
步骤1: 输入藏语文本...
输入文本时出错: Message: tab crashed
  (Session info: chrome=143.0.7499.169)

✗ 输入文本失败
========================================
✗ 翻译失败，跳过此行
✓ 已保存到文件: 390/4500 条

[391/4500] 翻译进度: 8.7%
藏语原文: འཇིག་རྟེན་ན་མི་མང་པོ་འདུག་པ་སྙམ་ན།

开始翻译流程 (尝试 1/2):
========================================
步骤1: 输入藏语文本...
输入文本时出错: Message: tab crashed
  (Session info: chrome=143.0.7499.169)

✗ 输入文本失败

开始翻译流程 (尝试 2/2):
========================================
步骤1: 输入藏语文本...
输入文本时出错: Message: tab crashed
  (Session info: chrome=143.0.7499.169)

✗ 输入文本失败
========================================
✗ 翻译失败，跳过此行
✓ 已保存到文件: 391/4500 条

[392/4500] 翻译进度: 8.7%
藏语原文: དེ་ལྟར་ན་དལ་འབྱོར་གྱི་ལུས་འདི་ཤིན་ཏུ་རྙེད་པར་དཀའ་བ...

开始翻译流程 (尝试 1/2):
========================================
步骤1: 输入藏语文本...
输入文本时出错: Message: tab crashed
  (Session info: chrome=143.0.7499.169)

✗ 输入文本失败

开始翻译流程 (尝试 2/2):
========================================
步骤1: 输入藏语文本...
输入文本时出错: Message: tab crashed
  (Session info: chrome=143.0.7499.169)

✗ 输入文本失败
========================================
✗ 翻译失败，跳过此行
✓ 已保存到文件: 392/4500 条

[393/4500] 翻译进度: 8.7%
藏语原文: བདེ་བར་འདུག་པ་རིགས་མ་ཡིན།

开始翻译流程 (尝试 1/2):
========================================
步骤1: 输入藏语文本...
输入文本时出错: Message: tab crashed
  (Session info: chrome=143.0.7499.169)

✗ 输入文本失败

开始翻译流程 (尝试 2/2):
========================================
步骤1: 输入藏语文本...
输入文本时出错: Message: tab crashed
  (Session info: chrome=143.0.7499.169)

✗ 输入文本失败
========================================
✗ 翻译失败，跳过此行
✓ 已保存到文件: 393/4500 条

[394/4500] 翻译进度: 8.8%
藏语原文: བདེ་བར་འདུག་པ་རིགས་མ་ཡིན།

开始翻译流程 (尝试 1/2):
========================================
步骤1: 输入藏语文本...
输入文本时出错: Message: tab crashed
  (Session info: chrome=143.0.7499.169)

✗ 输入文本失败

开始翻译流程 (尝试 2/2):
========================================
步骤1: 输入藏语文本...
输入文本时出错: Message: tab crashed
  (Session info: chrome=143.0.7499.169)

✗ 输入文本失败
========================================
✗ 翻译失败，跳过此行
✓ 已保存到文件: 394/4500 条

[395/4500] 翻译进度: 8.8%
藏语原文: རྣལ་འབྱོར་པ་ཁ་དོག་ནག་པོ་སོགས་འདུག་ན་མི་བསྐྱོད་པ་སོ...

开始翻译流程 (尝试 1/2):
========================================
步骤1: 输入藏语文本...
输入文本时出错: Message: tab crashed
  (Session info: chrome=143.0.7499.169)

✗ 输入文本失败

开始翻译流程 (尝试 2/2):
========================================
步骤1: 输入藏语文本...
输入文本时出错: Message: tab crashed
  (Session info: chrome=143.0.7499.169)

✗ 输入文本失败
========================================
✗ 翻译失败，跳过此行
✓ 已保存到文件: 395/4500 条

[396/4500] 翻译进度: 8.8%
藏语原文: བདེ་བ་དེའང་རང་བཞིན་གསལ་སྟོང་དུ་འཆར་བ།

开始翻译流程 (尝试 1/2):
========================================
步骤1: 输入藏语文本...
输入文本时出错: Message: tab crashed
  (Session info: chrome=143.0.7499.169)

✗ 输入文本失败

开始翻译流程 (尝试 2/2):
========================================
步骤1: 输入藏语文本...
输入文本时出错: Message: tab crashed
  (Session info: chrome=143.0.7499.169)

✗ 输入文本失败
========================================
✗ 翻译失败，跳过此行
✓ 已保存到文件: 396/4500 条

[397/4500] 翻译进度: 8.8%
藏语原文: ལྔ་པ་བསྲུང་བ་ནི་འཛག་དུས་ཉིད་ན་སྐྱིལ་ཀྲུང་བྱས།

开始翻译流程 (尝试 1/2):
========================================
步骤1: 输入藏语文本...
输入文本时出错: Message: tab crashed
  (Session info: chrome=143.0.7499.169)

✗ 输入文本失败

开始翻译流程 (尝试 2/2):
========================================
步骤1: 输入藏语文本...
输入文本时出错: Message: tab crashed
  (Session info: chrome=143.0.7499.169)

✗ 输入文本失败
========================================
✗ 翻译失败，跳过此行
✓ 已保存到文件: 397/4500 条

[398/4500] 翻译进度: 8.8%
藏语原文: གཡོན་གྱི་འཇིབ་ཙ་ན་གཡས་ཀྱི་མིག་བགྲད།

开始翻译流程 (尝试 1/2):
========================================
步骤1: 输入藏语文本...
输入文本时出错: Message: tab crashed
  (Session info: chrome=143.0.7499.169)

✗ 输入文本失败

开始翻译流程 (尝试 2/2):
========================================
步骤1: 输入藏语文本...
输入文本时出错: Message: tab crashed
  (Session info: chrome=143.0.7499.169)

✗ 输入文本失败
========================================
✗ 翻译失败，跳过此行
✓ 已保存到文件: 398/4500 条

[399/4500] 翻译进度: 8.9%
藏语原文: ཆུའི་རྒྱལ་ཁམས་ཆེན་པོ་འདུག་སྙམ་ནས་ཕྱིན་པས།

开始翻译流程 (尝试 1/2):
========================================
步骤1: 输入藏语文本...
输入文本时出错: Message: tab crashed
  (Session info: chrome=143.0.7499.169)

✗ 输入文本失败

开始翻译流程 (尝试 2/2):
========================================
步骤1: 输入藏语文本...
输入文本时出错: Message: tab crashed
  (Session info: chrome=143.0.7499.169)

✗ 输入文本失败
========================================
✗ 翻译失败，跳过此行
✓ 已保存到文件: 399/4500 条

[400/4500] 翻译进度: 8.9%
藏语原文: དེས་ན་ངེས་པར་འཆི་བ་འདུག་པས་སོགས་སྔར་བཞིན་བསམ།

开始翻译流程 (尝试 1/2):
========================================
步骤1: 输入藏语文本...
输入文本时出错: Message: tab crashed
  (Session info: chrome=143.0.7499.169)

✗ 输入文本失败

开始翻译流程 (尝试 2/2):
========================================
步骤1: 输入藏语文本...
输入文本时出错: Message: tab crashed
  (Session info: chrome=143.0.7499.169)

✗ 输入文本失败
========================================
✗ 翻译失败，跳过此行
✓ 已保存到文件: 400/4500 条

[401/4500] 翻译进度: 8.9%
藏语原文: ཐ་ན་དེ་རིང་ཙམ་ཡང་མི་འཆི་བའི་གདིངས་མི་འདུག་པ་སོགས་ས...

开始翻译流程 (尝试 1/2):
========================================
步骤1: 输入藏语文本...
输入文本时出错: Message: tab crashed
  (Session info: chrome=143.0.7499.169)

✗ 输入文本失败

开始翻译流程 (尝试 2/2):
========================================
步骤1: 输入藏语文本...
输入文本时出错: Message: tab crashed
  (Session info: chrome=143.0.7499.169)

✗ 输入文本失败
========================================
✗ 翻译失败，跳过此行
✓ 已保存到文件: 401/4500 条

[402/4500] 翻译进度: 8.9%
藏语原文: ལུང་མ་བསྟན་གྱི་ལས་བསམ་པ་ནི་དགེ་མི་དགེའི་ཀུན་སློང་མ...

开始翻译流程 (尝试 1/2):
========================================
步骤1: 输入藏语文本...
输入文本时出错: Message: tab crashed
  (Session info: chrome=143.0.7499.169)

✗ 输入文本失败

开始翻译流程 (尝试 2/2):
========================================
步骤1: 输入藏语文本...
输入文本时出错: Message: tab crashed
  (Session info: chrome=143.0.7499.169)

✗ 输入文本失败
========================================
✗ 翻译失败，跳过此行
✓ 已保存到文件: 402/4500 条

[403/4500] 翻译进度: 9.0%
藏语原文: དེའང་རང་བཞིན་ལ་ལྟོས་ནལྷུན་གྲུབ།

开始翻译流程 (尝试 1/2):
========================================
步骤1: 输入藏语文本...
输入文本时出错: Message: tab crashed
  (Session info: chrome=143.0.7499.169)

✗ 输入文本失败

开始翻译流程 (尝试 2/2):
========================================
步骤1: 输入藏语文本...
输入文本时出错: Message: tab crashed
  (Session info: chrome=143.0.7499.169)

✗ 输入文本失败
========================================
✗ 翻译失败，跳过此行
✓ 已保存到文件: 403/4500 条

[404/4500] 翻译进度: 9.0%
藏语原文: གློད་ཙ་ན་དལ་བུས་གློད།

开始翻译流程 (尝试 1/2):
========================================
步骤1: 输入藏语文本...
输入文本时出错: Message: tab crashed
  (Session info: chrome=143.0.7499.169)

✗ 输入文本失败

开始翻译流程 (尝试 2/2):
========================================
步骤1: 输入藏语文本...
输入文本时出错: Message: tab crashed
  (Session info: chrome=143.0.7499.169)

✗ 输入文本失败
========================================
✗ 翻译失败，跳过此行
✓ 已保存到文件: 404/4500 条

[405/4500] 翻译进度: 9.0%
藏语原文: ཐབ་མགལ་གྱི་འདུག་སྟངས་བྱ།

开始翻译流程 (尝试 1/2):
========================================
步骤1: 输入藏语文本...
输入文本时出错: Message: tab crashed
  (Session info: chrome=143.0.7499.169)

✗ 输入文本失败

开始翻译流程 (尝试 2/2):
========================================
步骤1: 输入藏语文本...
输入文本时出错: Message: tab crashed
  (Session info: chrome=143.0.7499.169)

✗ 输入文本失败
========================================
✗ 翻译失败，跳过此行
✓ 已保存到文件: 405/4500 条

[406/4500] 翻译进度: 9.0%
藏语原文: དེ་ཙ་ན་སྐྲ་དཀར་དང་གཉེར་མ་སྤང་།

开始翻译流程 (尝试 1/2):
========================================
步骤1: 输入藏语文本...
输入文本时出错: Message: tab crashed
  (Session info: chrome=143.0.7499.169)

✗ 输入文本失败

开始翻译流程 (尝试 2/2):
========================================
步骤1: 输入藏语文本...
输入文本时出错: Message: tab crashed
  (Session info: chrome=143.0.7499.169)

✗ 输入文本失败
========================================
✗ 翻译失败，跳过此行
✓ 已保存到文件: 406/4500 条

[407/4500] 翻译进度: 9.0%
藏语原文: སྐྱེས་བུ་བྱེད་པའི་འབྲས་བུ་ནི་ཁམས་དྭངས་མ་མགྲིན་པརབར...

开始翻译流程 (尝试 1/2):
========================================
步骤1: 输入藏语文本...
输入文本时出错: Message: tab crashed
  (Session info: chrome=143.0.7499.169)

✗ 输入文本失败

开始翻译流程 (尝试 2/2):
========================================
步骤1: 输入藏语文本...
输入文本时出错: Message: tab crashed
  (Session info: chrome=143.0.7499.169)

✗ 输入文本失败
========================================
✗ 翻译失败，跳过此行
✓ 已保存到文件: 407/4500 条

[408/4500] 翻译进度: 9.1%
藏语原文: དྲི་མེད་ཀྱི་འབྲས་བུ་ནི་བྱང་སེམས་སྤྱི་བོར་བརྟན་ཙ་ན།

开始翻译流程 (尝试 1/2):
========================================
步骤1: 输入藏语文本...
输入文本时出错: Message: tab crashed
  (Session info: chrome=143.0.7499.169)

✗ 输入文本失败

开始翻译流程 (尝试 2/2):
========================================
步骤1: 输入藏语文本...
输入文本时出错: Message: tab crashed
  (Session info: chrome=143.0.7499.169)

✗ 输入文本失败
========================================
✗ 翻译失败，跳过此行
✓ 已保存到文件: 408/4500 条

[409/4500] 翻译进度: 9.1%
藏语原文: སྤྱི་བོར་བརྟན་ཙ་ན།

开始翻译流程 (尝试 1/2):
========================================
步骤1: 输入藏语文本...
输入文本时出错: Message: tab crashed
  (Session info: chrome=143.0.7499.169)

✗ 输入文本失败

开始翻译流程 (尝试 2/2):
========================================
步骤1: 输入藏语文本...
输入文本时出错: Message: tab crashed
  (Session info: chrome=143.0.7499.169)

✗ 输入文本失败
========================================
✗ 翻译失败，跳过此行
✓ 已保存到文件: 409/4500 条

[410/4500] 翻译进度: 9.1%
藏语原文: མིའུ་ཐུང་འགྱེལ་བའི་འདུག་སྟངས་ཀྱི་རོའི་གདན་ལ་བཞུགས་...

开始翻译流程 (尝试 1/2):
========================================
步骤1: 输入藏语文本...
输入文本时出错: Message: tab crashed
  (Session info: chrome=143.0.7499.169)

✗ 输入文本失败

开始翻译流程 (尝试 2/2):
========================================
步骤1: 输入藏语文本...
输入文本时出错: Message: tab crashed
  (Session info: chrome=143.0.7499.169)

✗ 输入文本失败
========================================
✗ 翻译失败，跳过此行
✓ 已保存到文件: 410/4500 条

[411/4500] 翻译进度: 9.1%
藏语原文: བཛྲ་གྱི་གནས་སུ་བེ་རོ་ཙ་ན་དང་།

开始翻译流程 (尝试 1/2):
========================================
步骤1: 输入藏语文本...
输入文本时出错: Message: tab crashed
  (Session info: chrome=143.0.7499.169)

✗ 输入文本失败

开始翻译流程 (尝试 2/2):
========================================
步骤1: 输入藏语文本...
输入文本时出错: Message: tab crashed
  (Session info: chrome=143.0.7499.169)

✗ 输入文本失败
========================================
✗ 翻译失败，跳过此行
✓ 已保存到文件: 411/4500 条

[412/4500] 翻译进度: 9.2%
藏语原文: མིའུ་ཐུང་འགྱེལ་བའི་འདུག་སྟངས་ཀྱིས་རོའི་གདན་ལ་བཞུགས...

开始翻译流程 (尝试 1/2):
========================================
步骤1: 输入藏语文本...
输入文本时出错: Message: tab crashed
  (Session info: chrome=143.0.7499.169)

✗ 输入文本失败

开始翻译流程 (尝试 2/2):
========================================
步骤1: 输入藏语文本...
输入文本时出错: Message: tab crashed
  (Session info: chrome=143.0.7499.169)

✗ 输入文本失败
========================================
✗ 翻译失败，跳过此行
✓ 已保存到文件: 412/4500 条

[413/4500] 翻译进度: 9.2%
藏语原文: བེ་རོ་ཙ་ན།

开始翻译流程 (尝试 1/2):
========================================
步骤1: 输入藏语文本...
输入文本时出错: Message: tab crashed
  (Session info: chrome=143.0.7499.169)

✗ 输入文本失败

开始翻译流程 (尝试 2/2):
========================================
步骤1: 输入藏语文本...
输入文本时出错: Message: tab crashed
  (Session info: chrome=143.0.7499.169)

✗ 输入文本失败
========================================
✗ 翻译失败，跳过此行
✓ 已保存到文件: 413/4500 条

[414/4500] 翻译进度: 9.2%
藏语原文: ཁྱེད་རང་དམིགས་པ་འདི་བཞིན་དུ་མཛོད།

开始翻译流程 (尝试 1/2):
========================================
步骤1: 输入藏语文本...
输入文本时出错: Message: tab crashed
  (Session info: chrome=143.0.7499.169)

✗ 输入文本失败

开始翻译流程 (尝试 2/2):
========================================
步骤1: 输入藏语文本...
输入文本时出错: Message: tab crashed
  (Session info: chrome=143.0.7499.169)

✗ 输入文本失败
========================================
✗ 翻译失败，跳过此行
✓ 已保存到文件: 414/4500 条

[415/4500] 翻译进度: 9.2%
藏语原文: འདུག་ས་འདི་རུ།

开始翻译流程 (尝试 1/2):
========================================
步骤1: 输入藏语文本...
输入文本时出错: Message: tab crashed
  (Session info: chrome=143.0.7499.169)

✗ 输入文本失败

开始翻译流程 (尝试 2/2):
========================================
步骤1: 输入藏语文本...
输入文本时出错: Message: tab crashed
  (Session info: chrome=143.0.7499.169)

✗ 输入文本失败
========================================
✗ 翻译失败，跳过此行
✓ 已保存到文件: 415/4500 条

[416/4500] 翻译进度: 9.2%
藏语原文: རང་རང་དགྱེས་པའི་གདན་ལ་བརྟན་པར་བཞུགས།

开始翻译流程 (尝试 1/2):
========================================
步骤1: 输入藏语文本...
输入文本时出错: Message: tab crashed
  (Session info: chrome=143.0.7499.169)

✗ 输入文本失败

开始翻译流程 (尝试 2/2):
========================================
步骤1: 输入藏语文本...
输入文本时出错: Message: tab crashed
  (Session info: chrome=143.0.7499.169)

✗ 输入文本失败
========================================
✗ 翻译失败，跳过此行
✓ 已保存到文件: 416/4500 条

[417/4500] 翻译进度: 9.3%
藏语原文: རང་རང་མཐུན་པའི་རྫས་ལ་དགྱེས་པར་རོལ།

开始翻译流程 (尝试 1/2):
========================================
步骤1: 输入藏语文本...
输入文本时出错: Message: tab crashed
  (Session info: chrome=143.0.7499.169)

✗ 输入文本失败

开始翻译流程 (尝试 2/2):
========================================
步骤1: 输入藏语文本...
输入文本时出错: Message: tab crashed
  (Session info: chrome=143.0.7499.169)

✗ 输入文本失败
========================================
✗ 翻译失败，跳过此行
✓ 已保存到文件: 417/4500 条

[418/4500] 翻译进度: 9.3%
藏语原文: ཁོང་རང་ཉིད་ཀྱིས་བསྡུས་དོན་དེའི་འཇུག་ཏུ་གསུངས་པ་ནི།

开始翻译流程 (尝试 1/2):
========================================
步骤1: 输入藏语文本...
输入文本时出错: Message: tab crashed
  (Session info: chrome=143.0.7499.169)

✗ 输入文本失败

开始翻译流程 (尝试 2/2):
========================================
步骤1: 输入藏语文本...
输入文本时出错: Message: tab crashed
  (Session info: chrome=143.0.7499.169)

✗ 输入文本失败
========================================
✗ 翻译失败，跳过此行
✓ 已保存到文件: 418/4500 条

[419/4500] 翻译进度: 9.3%
藏语原文: རང་རང་དཀྱིལ་འཁོར་ས་ཡི་གཟུགས་བསམ་ལ།

开始翻译流程 (尝试 1/2):
========================================
步骤1: 输入藏语文本...
输入文本时出错: Message: tab crashed
  (Session info: chrome=143.0.7499.169)

✗ 输入文本失败

开始翻译流程 (尝试 2/2):
========================================
步骤1: 输入藏语文本...
输入文本时出错: Message: tab crashed
  (Session info: chrome=143.0.7499.169)

✗ 输入文本失败
========================================
✗ 翻译失败，跳过此行
✓ 已保存到文件: 419/4500 条

[420/4500] 翻译进度: 9.3%
藏语原文: སྲིན་བལ་སོགས་ཀྱིས་ནང་རྫངས་པའི་བདེ་ཞིང་འབོལ་བའི་མལ་...

开始翻译流程 (尝试 1/2):
========================================
步骤1: 输入藏语文本...
输入文本时出错: Message: tab crashed
  (Session info: chrome=143.0.7499.169)

✗ 输入文本失败

开始翻译流程 (尝试 2/2):
========================================
步骤1: 输入藏语文本...
输入文本时出错: Message: tab crashed
  (Session info: chrome=143.0.7499.169)

✗ 输入文本失败
========================================
✗ 翻译失败，跳过此行
✓ 已保存到文件: 420/4500 条

[421/4500] 翻译进度: 9.4%
藏语原文: དབུས་ཀྱི་ཟླ་བའི་གདན་ལ་རྣལ་འབྱོར་པ་འབྲུ་གསུམ་གྱི་གཟ...

开始翻译流程 (尝试 1/2):
========================================
步骤1: 输入藏语文本...
输入文本时出错: Message: tab crashed
  (Session info: chrome=143.0.7499.169)

✗ 输入文本失败

开始翻译流程 (尝试 2/2):
========================================
步骤1: 输入藏语文本...
输入文本时出错: Message: tab crashed
  (Session info: chrome=143.0.7499.169)

✗ 输入文本失败
========================================
✗ 翻译失败，跳过此行
✓ 已保存到文件: 421/4500 条

[422/4500] 翻译进度: 9.4%
藏语原文: ཚིགས་བཅད་དང་པོའི་ཐུགས་དང་གཉིས་པས་སྐུ་ལ་བསྐུལ་བ་འདུ...

开始翻译流程 (尝试 1/2):
========================================
步骤1: 输入藏语文本...
输入文本时出错: Message: tab crashed
  (Session info: chrome=143.0.7499.169)

✗ 输入文本失败

开始翻译流程 (尝试 2/2):
========================================
步骤1: 输入藏语文本...
输入文本时出错: Message: tab crashed
  (Session info: chrome=143.0.7499.169)

✗ 输入文本失败
========================================
✗ 翻译失败，跳过此行
✓ 已保存到文件: 422/4500 条

[423/4500] 翻译进度: 9.4%
藏语原文: ལར་ནས་མ་དཔེ་དེའི་ནང་དུ་ནོར་འཁྲུལ་ཆད་ལྷག་ཇི་སྙེད་ཅི...

开始翻译流程 (尝试 1/2):
========================================
步骤1: 输入藏语文本...
输入文本时出错: Message: tab crashed
  (Session info: chrome=143.0.7499.169)

✗ 输入文本失败

开始翻译流程 (尝试 2/2):
========================================
步骤1: 输入藏语文本...
输入文本时出错: Message: tab crashed
  (Session info: chrome=143.0.7499.169)

✗ 输入文本失败
========================================
✗ 翻译失败，跳过此行
✓ 已保存到文件: 423/4500 条

[424/4500] 翻译进度: 9.4%
藏语原文: མྱུར་དུ་ཁྱེད་རང་ལྟ་བུར་བྱིན་གྱིས་རློབས།

开始翻译流程 (尝试 1/2):
========================================
步骤1: 输入藏语文本...
输入文本时出错: Message: tab crashed
  (Session info: chrome=143.0.7499.169)

✗ 输入文本失败

开始翻译流程 (尝试 2/2):
========================================
步骤1: 输入藏语文本...
输入文本时出错: Message: tab crashed
  (Session info: chrome=143.0.7499.169)

✗ 输入文本失败
========================================
✗ 翻译失败，跳过此行
✓ 已保存到文件: 424/4500 条

[425/4500] 翻译进度: 9.4%
藏语原文: གལ་ཏེ་མི་འགྲོ་འདུག་གྱུར་ན།

开始翻译流程 (尝试 1/2):
========================================
步骤1: 输入藏语文本...
输入文本时出错: Message: tab crashed
  (Session info: chrome=143.0.7499.169)

✗ 输入文本失败

开始翻译流程 (尝试 2/2):
========================================
步骤1: 输入藏语文本...
输入文本时出错: Message: tab crashed
  (Session info: chrome=143.0.7499.169)

✗ 输入文本失败
========================================
✗ 翻译失败，跳过此行
✓ 已保存到文件: 425/4500 条

[426/4500] 翻译进度: 9.5%
藏语原文: རང་རང་སྐལ་བར་འཚམས་པའི་འདོད་འཇོ་མཁན།

开始翻译流程 (尝试 1/2):
========================================
步骤1: 输入藏语文本...
输入文本时出错: Message: tab crashed
  (Session info: chrome=143.0.7499.169)

✗ 输入文本失败

开始翻译流程 (尝试 2/2):
========================================
步骤1: 输入藏语文本...
输入文本时出错: Message: tab crashed
  (Session info: chrome=143.0.7499.169)

✗ 输入文本失败
========================================
✗ 翻译失败，跳过此行
✓ 已保存到文件: 426/4500 条

[427/4500] 翻译进度: 9.5%
藏语原文: སླར་ཡང་རང་བདེ་དག་པའི་ཞིང་།

开始翻译流程 (尝试 1/2):
========================================
步骤1: 输入藏语文本...
输入文本时出错: Message: tab crashed
  (Session info: chrome=143.0.7499.169)

✗ 输入文本失败

开始翻译流程 (尝试 2/2):
========================================
步骤1: 输入藏语文本...
输入文本时出错: Message: tab crashed
  (Session info: chrome=143.0.7499.169)

✗ 输入文本失败
========================================
✗ 翻译失败，跳过此行
✓ 已保存到文件: 427/4500 条

[428/4500] 翻译进度: 9.5%
藏语原文: རང་རང་གཟུགས་ལ་བརྟན་པར་མཛོད།

开始翻译流程 (尝试 1/2):
========================================
步骤1: 输入藏语文本...
输入文本时出错: Message: tab crashed
  (Session info: chrome=143.0.7499.169)

✗ 输入文本失败

开始翻译流程 (尝试 2/2):
========================================
步骤1: 输入藏语文本...
输入文本时出错: Message: tab crashed
  (Session info: chrome=143.0.7499.169)

✗ 输入文本失败
========================================
✗ 翻译失败，跳过此行
✓ 已保存到文件: 428/4500 条

[429/4500] 翻译进度: 9.5%
藏语原文: རང་རང་དུག་ལ་ངོས་ལེན་མཛོད།

开始翻译流程 (尝试 1/2):
========================================
步骤1: 输入藏语文本...
输入文本时出错: Message: tab crashed
  (Session info: chrome=143.0.7499.169)

✗ 输入文本失败

开始翻译流程 (尝试 2/2):
========================================
步骤1: 输入藏语文本...
输入文本时出错: Message: tab crashed
  (Session info: chrome=143.0.7499.169)

✗ 输入文本失败
========================================
✗ 翻译失败，跳过此行
✓ 已保存到文件: 429/4500 条

[430/4500] 翻译进度: 9.6%
藏语原文: སྔགས་འདིས་སྨྱུག་མར་ཕུ་རྒྱག་པ་སོགས་ནི་མི་བྱེད་འདུག།

开始翻译流程 (尝试 1/2):
========================================
步骤1: 输入藏语文本...
输入文本时出错: Message: tab crashed
  (Session info: chrome=143.0.7499.169)

✗ 输入文本失败

开始翻译流程 (尝试 2/2):
========================================
步骤1: 输入藏语文本...
输入文本时出错: Message: tab crashed
  (Session info: chrome=143.0.7499.169)

✗ 输入文本失败
========================================
✗ 翻译失败，跳过此行
✓ 已保存到文件: 430/4500 条

[431/4500] 翻译进度: 9.6%
藏语原文: འཛབ་ལྟ་བུ་དབྱེ་བ་མི་ཕྱེད་གཅིག་འདོན་འདུག།

开始翻译流程 (尝试 1/2):
========================================
步骤1: 输入藏语文本...
输入文本时出错: Message: tab crashed
  (Session info: chrome=143.0.7499.169)

✗ 输入文本失败

开始翻译流程 (尝试 2/2):
========================================
步骤1: 输入藏语文本...
输入文本时出错: Message: tab crashed
  (Session info: chrome=143.0.7499.169)

✗ 输入文本失败
========================================
✗ 翻译失败，跳过此行
✓ 已保存到文件: 431/4500 条

[432/4500] 翻译进度: 9.6%
藏语原文: སྔགས་འདི་འདྲའི་རིགས་ཀྱི་ག་དང་ད་ཕལ་ལ་འགའ་དང་མདའ་དང་...

开始翻译流程 (尝试 1/2):
========================================
步骤1: 输入藏语文本...
输入文本时出错: Message: tab crashed
  (Session info: chrome=143.0.7499.169)

✗ 输入文本失败

开始翻译流程 (尝试 2/2):
========================================
步骤1: 输入藏语文本...
输入文本时出错: Message: tab crashed
  (Session info: chrome=143.0.7499.169)

✗ 输入文本失败
========================================
✗ 翻译失败，跳过此行
✓ 已保存到文件: 432/4500 条

[433/4500] 翻译进度: 9.6%
藏语原文: འདར་བ་འདུག་སུམ་རྐྱང་བའི་འཆི་རྩ་ཡིན།

开始翻译流程 (尝试 1/2):
========================================
步骤1: 输入藏语文本...
输入文本时出错: Message: tab crashed
  (Session info: chrome=143.0.7499.169)

✗ 输入文本失败

开始翻译流程 (尝试 2/2):
========================================
步骤1: 输入藏语文本...
输入文本时出错: Message: tab crashed
  (Session info: chrome=143.0.7499.169)

✗ 输入文本失败
========================================
✗ 翻译失败，跳过此行
✓ 已保存到文件: 433/4500 条

[434/4500] 翻译进度: 9.6%
藏语原文: དུས་ནི་ཉི་མདངས་ཐོག་མར་འཕོག་དུས་དང་།

开始翻译流程 (尝试 1/2):
========================================
步骤1: 输入藏语文本...
输入文本时出错: Message: tab crashed
  (Session info: chrome=143.0.7499.169)

✗ 输入文本失败

开始翻译流程 (尝试 2/2):
========================================
步骤1: 输入藏语文本...
输入文本时出错: Message: tab crashed
  (Session info: chrome=143.0.7499.169)

✗ 输入文本失败
========================================
✗ 翻译失败，跳过此行
✓ 已保存到文件: 434/4500 条

[435/4500] 翻译进度: 9.7%
藏语原文: ཀུ་ཡ་སྤྲིས་མ་ལྡོག་དུས་ལྡོག་ཚུལ་དང་།

开始翻译流程 (尝试 1/2):
========================================
步骤1: 输入藏语文本...
输入文本时出错: Message: tab crashed
  (Session info: chrome=143.0.7499.169)

✗ 输入文本失败

开始翻译流程 (尝试 2/2):
========================================
步骤1: 输入藏语文本...
输入文本时出错: Message: tab crashed
  (Session info: chrome=143.0.7499.169)

✗ 输入文本失败
========================================
✗ 翻译失败，跳过此行
✓ 已保存到文件: 435/4500 条

[436/4500] 翻译进度: 9.7%
藏语原文: ལྡོག་དུས་གྲང་ཆུ་རླངས་ཡལ་རྗེས་ལ་ལྡོག།

开始翻译流程 (尝试 1/2):
========================================
步骤1: 输入藏语文本...
输入文本时出错: Message: tab crashed
  (Session info: chrome=143.0.7499.169)

✗ 输入文本失败

开始翻译流程 (尝试 2/2):
========================================
步骤1: 输入藏语文本...
输入文本时出错: Message: tab crashed
  (Session info: chrome=143.0.7499.169)

✗ 输入文本失败
========================================
✗ 翻译失败，跳过此行
✓ 已保存到文件: 436/4500 条

[437/4500] 翻译进度: 9.7%
藏语原文: ལྡོག་དུས་སྣོད་གཏིང་འབུར་གཤོང་བྱ་བ་ཡིན།

开始翻译流程 (尝试 1/2):
========================================
步骤1: 输入藏语文本...
输入文本时出错: Message: tab crashed
  (Session info: chrome=143.0.7499.169)

✗ 输入文本失败

开始翻译流程 (尝试 2/2):
========================================
步骤1: 输入藏语文本...
输入文本时出错: Message: tab crashed
  (Session info: chrome=143.0.7499.169)

✗ 输入文本失败
========================================
✗ 翻译失败，跳过此行
✓ 已保存到文件: 437/4500 条

[438/4500] 翻译进度: 9.7%
藏语原文: སྣག་ཚ་ཆད་འདྲ་འདུག་སྟེ་སོ་སོ་དབྱེ།

开始翻译流程 (尝试 1/2):
========================================
步骤1: 输入藏语文本...
输入文本时出错: Message: tab crashed
  (Session info: chrome=143.0.7499.169)

✗ 输入文本失败

开始翻译流程 (尝试 2/2):
========================================
步骤1: 输入藏语文本...
输入文本时出错: Message: tab crashed
  (Session info: chrome=143.0.7499.169)

✗ 输入文本失败
========================================
✗ 翻译失败，跳过此行
✓ 已保存到文件: 438/4500 条

[439/4500] 翻译进度: 9.8%
藏语原文: གོས་ཀྱི་བཏུམ་སྟེ་ཙོག་པུར་འདུག་པར་བྱ།

开始翻译流程 (尝试 1/2):
========================================
步骤1: 输入藏语文本...
输入文本时出错: Message: tab crashed
  (Session info: chrome=143.0.7499.169)

✗ 输入文本失败

开始翻译流程 (尝试 2/2):
========================================
步骤1: 输入藏语文本...
输入文本时出错: Message: tab crashed
  (Session info: chrome=143.0.7499.169)

✗ 输入文本失败
========================================
✗ 翻译失败，跳过此行
✓ 已保存到文件: 439/4500 条

[440/4500] 翻译进度: 9.8%
藏语原文: ཙོག་པུར་འདུག་ལ་སྣོད་དུ་བཏང་བར་བྱ།

开始翻译流程 (尝试 1/2):
========================================
步骤1: 输入藏语文本...
输入文本时出错: Message: tab crashed
  (Session info: chrome=143.0.7499.169)

✗ 输入文本失败

开始翻译流程 (尝试 2/2):
========================================
步骤1: 输入藏语文本...
输入文本时出错: Message: tab crashed
  (Session info: chrome=143.0.7499.169)

✗ 输入文本失败
========================================
✗ 翻译失败，跳过此行
✓ 已保存到文件: 440/4500 条

[441/4500] 翻译进度: 9.8%
藏语原文: ཐོ་རངས་སྐར་མ་བཀྲག་དུས་བླངས་པའི་ཆུས།

开始翻译流程 (尝试 1/2):
========================================
步骤1: 输入藏语文本...
输入文本时出错: Message: tab crashed
  (Session info: chrome=143.0.7499.169)

✗ 输入文本失败

开始翻译流程 (尝试 2/2):
========================================
步骤1: 输入藏语文本...
输入文本时出错: Message: tab crashed
  (Session info: chrome=143.0.7499.169)

✗ 输入文本失败
========================================
✗ 翻译失败，跳过此行
✓ 已保存到文件: 441/4500 条

[442/4500] 翻译进度: 9.8%
藏语原文: ཞེས་བྲིས་པའང་འདུག་པས་གང་དག་དཔྱད།

开始翻译流程 (尝试 1/2):
========================================
步骤1: 输入藏语文本...
输入文本时出错: Message: tab crashed
  (Session info: chrome=143.0.7499.169)

✗ 输入文本失败

开始翻译流程 (尝试 2/2):
========================================
步骤1: 输入藏语文本...
输入文本时出错: Message: tab crashed
  (Session info: chrome=143.0.7499.169)

✗ 输入文本失败
========================================
✗ 翻译失败，跳过此行
✓ 已保存到文件: 442/4500 条

[443/4500] 翻译进度: 9.8%
藏语原文: ཐ་མ་རྒྱ་ཤལ་སྐྱུག་དུས་གུར་གུམ་དང་།

开始翻译流程 (尝试 1/2):
========================================
步骤1: 输入藏语文本...
输入文本时出错: Message: tab crashed
  (Session info: chrome=143.0.7499.169)

✗ 输入文本失败

开始翻译流程 (尝试 2/2):
========================================
步骤1: 输入藏语文本...
输入文本时出错: Message: tab crashed
  (Session info: chrome=143.0.7499.169)

✗ 输入文本失败
========================================
✗ 翻译失败，跳过此行
✓ 已保存到文件: 443/4500 条

[444/4500] 翻译进度: 9.9%
藏语原文: གུ་གུལ་དངུལ་ཆུ་གཡེར་ཤིང་རང་ཤི་རུས།

开始翻译流程 (尝试 1/2):
========================================
步骤1: 输入藏语文本...
输入文本时出错: Message: tab crashed
  (Session info: chrome=143.0.7499.169)

✗ 输入文本失败

开始翻译流程 (尝试 2/2):
========================================
步骤1: 输入藏语文本...
输入文本时出错: Message: tab crashed
  (Session info: chrome=143.0.7499.169)

✗ 输入文本失败
========================================
✗ 翻译失败，跳过此行
✓ 已保存到文件: 444/4500 条

[445/4500] 翻译进度: 9.9%
藏语原文: མི་བྱེར་བསྡུ་ཞིང་རང་གནས་སྨིན་པར་བྱེད།

开始翻译流程 (尝试 1/2):
========================================
步骤1: 输入藏语文本...
输入文本时出错: Message: tab crashed
  (Session info: chrome=143.0.7499.169)

✗ 输入文本失败

开始翻译流程 (尝试 2/2):
========================================
步骤1: 输入藏语文本...
输入文本时出错: Message: tab crashed
  (Session info: chrome=143.0.7499.169)

✗ 输入文本失败
========================================
✗ 翻译失败，跳过此行
✓ 已保存到文件: 445/4500 条

[446/4500] 翻译进度: 9.9%
藏语原文: རང་རང་ལེའུ་བཞིན་དུ་བཅོས་པས་འཚོ།

开始翻译流程 (尝试 1/2):
========================================
步骤1: 输入藏语文本...
输入文本时出错: Message: tab crashed
  (Session info: chrome=143.0.7499.169)

✗ 输入文本失败

开始翻译流程 (尝试 2/2):
========================================
步骤1: 输入藏语文本...
输入文本时出错: Message: tab crashed
  (Session info: chrome=143.0.7499.169)

✗ 输入文本失败
========================================
✗ 翻译失败，跳过此行
✓ 已保存到文件: 446/4500 条

[447/4500] 翻译进度: 9.9%
藏语原文: འཚོ་བྱེད་རྣམས་ཀྱང་རང་ལ་འགོ་དོགས་ནས།

开始翻译流程 (尝试 1/2):
========================================
步骤1: 输入藏语文本...
输入文本时出错: Message: tab crashed
  (Session info: chrome=143.0.7499.169)

✗ 输入文本失败

开始翻译流程 (尝试 2/2):
========================================
步骤1: 输入藏语文本...
输入文本时出错: Message: tab crashed
  (Session info: chrome=143.0.7499.169)

✗ 输入文本失败
========================================
✗ 翻译失败，跳过此行
✓ 已保存到文件: 447/4500 条

[448/4500] 翻译进度: 10.0%
藏语原文: ལྒ་དོང་གྲ་ཟེར་བའང་འདུག།

开始翻译流程 (尝试 1/2):
========================================
步骤1: 输入藏语文本...
输入文本时出错: Message: tab crashed
  (Session info: chrome=143.0.7499.169)

✗ 输入文本失败

开始翻译流程 (尝试 2/2):
========================================
步骤1: 输入藏语文本...
输入文本时出错: Message: tab crashed
  (Session info: chrome=143.0.7499.169)

✗ 输入文本失败
========================================
✗ 翻译失败，跳过此行
✓ 已保存到文件: 448/4500 条

[449/4500] 翻译进度: 10.0%
藏语原文: སྤྱོད་ལམ་དལ་བ་འདུག་དང་ཉིན་གཉིད་ལོག།

开始翻译流程 (尝试 1/2):
========================================
步骤1: 输入藏语文本...
输入文本时出错: Message: tab crashed
  (Session info: chrome=143.0.7499.169)

✗ 输入文本失败

开始翻译流程 (尝试 2/2):
========================================
步骤1: 输入藏语文本...
输入文本时出错: Message: tab crashed
  (Session info: chrome=143.0.7499.169)

✗ 输入文本失败
========================================
✗ 翻译失败，跳过此行
✓ 已保存到文件: 449/4500 条

[450/4500] 翻译进度: 10.0%
藏语原文: ཇི་ལྟར་བྱུང་ཡང་རང་གནས་སྨིན་པ་ཡིན།

开始翻译流程 (尝试 1/2):
========================================
步骤1: 输入藏语文本...
输入文本时出错: Message: tab crashed
  (Session info: chrome=143.0.7499.169)

✗ 输入文本失败

开始翻译流程 (尝试 2/2):
========================================
步骤1: 输入藏语文本...
输入文本时出错: Message: tab crashed
  (Session info: chrome=143.0.7499.169)

✗ 输入文本失败
========================================
✗ 翻译失败，跳过此行
✓ 已保存到文件: 450/4500 条

[451/4500] 翻译进度: 10.0%
藏语原文: འཐུང་ནས་འགྲོ་འདུག་ནུས་ཚད་བྱ།

开始翻译流程 (尝试 1/2):
========================================
步骤1: 输入藏语文本...
输入文本时出错: Message: tab crashed
  (Session info: chrome=143.0.7499.169)

✗ 输入文本失败

开始翻译流程 (尝试 2/2):
========================================
步骤1: 输入藏语文本...
输入文本时出错: Message: tab crashed
  (Session info: chrome=143.0.7499.169)

✗ 输入文本失败
========================================
✗ 翻译失败，跳过此行
✓ 已保存到文件: 451/4500 条

[452/4500] 翻译进度: 10.0%
藏语原文: དང་པོ་མཚོན་ཕོག་དུས་ནས་མཚོན་ཁྲག་དབྱུང་།

开始翻译流程 (尝试 1/2):
========================================
步骤1: 输入藏语文本...
输入文本时出错: Message: tab crashed
  (Session info: chrome=143.0.7499.169)

✗ 输入文本失败

开始翻译流程 (尝试 2/2):
========================================
步骤1: 输入藏语文本...
输入文本时出错: Message: tab crashed
  (Session info: chrome=143.0.7499.169)

✗ 输入文本失败
========================================
✗ 翻译失败，跳过此行
✓ 已保存到文件: 452/4500 条

[453/4500] 翻译进度: 10.1%
藏语原文: ཞལ་གདམས་ཚུལ་བཞིན་ཤེས་མཁན་ཆེར་མི་འདུག།

开始翻译流程 (尝试 1/2):
========================================
步骤1: 输入藏语文本...
输入文本时出错: Message: tab crashed
  (Session info: chrome=143.0.7499.169)

✗ 输入文本失败

开始翻译流程 (尝试 2/2):
========================================
步骤1: 输入藏语文本...
输入文本时出错: Message: tab crashed
  (Session info: chrome=143.0.7499.169)

✗ 输入文本失败
========================================
✗ 翻译失败，跳过此行
✓ 已保存到文件: 453/4500 条

[454/4500] 翻译进度: 10.1%
藏语原文: ཞག་གཅིག་བཞག་ལ་དྭངས་སྙིགས་བྱེ་འདུག་ན།

开始翻译流程 (尝试 1/2):
========================================
步骤1: 输入藏语文本...
输入文本时出错: Message: tab crashed
  (Session info: chrome=143.0.7499.169)

✗ 输入文本失败

开始翻译流程 (尝试 2/2):
========================================
步骤1: 输入藏语文本...
输入文本时出错: Message: tab crashed
  (Session info: chrome=143.0.7499.169)

✗ 输入文本失败
========================================
✗ 翻译失败，跳过此行
✓ 已保存到文件: 454/4500 条

[455/4500] 翻译进度: 10.1%
藏语原文: དེ་ནས་རྩ་ལྷག་འདུག་ན་གདོན་རྩ་སྟེ།

开始翻译流程 (尝试 1/2):
========================================
步骤1: 输入藏语文本...
输入文本时出错: Message: tab crashed
  (Session info: chrome=143.0.7499.169)

✗ 输入文本失败

开始翻译流程 (尝试 2/2):
========================================
步骤1: 输入藏语文本...
输入文本时出错: Message: tab crashed
  (Session info: chrome=143.0.7499.169)

✗ 输入文本失败
========================================
✗ 翻译失败，跳过此行
✓ 已保存到文件: 455/4500 条

[456/4500] 翻译进度: 10.1%
藏语原文: རྩ་ལྔ་འདུག་ན་དང་པོ་གདོང་རྩི་དང་།

开始翻译流程 (尝试 1/2):
========================================
步骤1: 输入藏语文本...
输入文本时出错: Message: tab crashed
  (Session info: chrome=143.0.7499.169)

✗ 输入文本失败

开始翻译流程 (尝试 2/2):
========================================
步骤1: 输入藏语文本...
输入文本时出错: Message: tab crashed
  (Session info: chrome=143.0.7499.169)

✗ 输入文本失败
========================================
✗ 翻译失败，跳过此行
✓ 已保存到文件: 456/4500 条

[457/4500] 翻译进度: 10.2%
藏语原文: དེ་སྟེང་རང་ཐག་ཡ་ལོ་དར་བུས་གཞག།

开始翻译流程 (尝试 1/2):
========================================
步骤1: 输入藏语文本...
输入文本时出错: Message: tab crashed
  (Session info: chrome=143.0.7499.169)

✗ 输入文本失败

开始翻译流程 (尝试 2/2):
========================================
步骤1: 输入藏语文本...
输入文本时出错: Message: tab crashed
  (Session info: chrome=143.0.7499.169)

✗ 输入文本失败
========================================
✗ 翻译失败，跳过此行
✓ 已保存到文件: 457/4500 条

[458/4500] 翻译进度: 10.2%
藏语原文: ཞག་གསུམ་སྔོན་ནས་བཏང་ཞིག་དལ་བར་འདུག།

开始翻译流程 (尝试 1/2):
========================================
步骤1: 输入藏语文本...
输入文本时出错: Message: tab crashed
  (Session info: chrome=143.0.7499.169)

✗ 输入文本失败

开始翻译流程 (尝试 2/2):
========================================
步骤1: 输入藏语文本...
输入文本时出错: Message: tab crashed
  (Session info: chrome=143.0.7499.169)

✗ 输入文本失败
========================================
✗ 翻译失败，跳过此行
✓ 已保存到文件: 458/4500 条

[459/4500] 翻译进度: 10.2%
藏语原文: མཚམས་ཀྱི་ནང་དུ་འདུག་སྟེ།

开始翻译流程 (尝试 1/2):
========================================
步骤1: 输入藏语文本...
输入文本时出错: Message: tab crashed
  (Session info: chrome=143.0.7499.169)

✗ 输入文本失败

开始翻译流程 (尝试 2/2):
========================================
步骤1: 输入藏语文本...
输入文本时出错: Message: tab crashed
  (Session info: chrome=143.0.7499.169)

✗ 输入文本失败
========================================
✗ 翻译失败，跳过此行
✓ 已保存到文件: 459/4500 条

[460/4500] 翻译进度: 10.2%
藏语原文: མཚམས་ཀྱི་ནང་དུ་འདུག་སྟེ་བཟོད་པར་གསོལ་བར་མ་བྱེད་ཅིག...

开始翻译流程 (尝试 1/2):
========================================
步骤1: 输入藏语文本...
输入文本时出错: Message: tab crashed
  (Session info: chrome=143.0.7499.169)

✗ 输入文本失败

开始翻译流程 (尝试 2/2):
========================================
步骤1: 输入藏语文本...
输入文本时出错: Message: tab crashed
  (Session info: chrome=143.0.7499.169)

✗ 输入文本失败
========================================
✗ 翻译失败，跳过此行
✓ 已保存到文件: 460/4500 条

[461/4500] 翻译进度: 10.2%
藏语原文: མཚམས་ཀྱི་ནང་དུ་འདུག་སྟེ་བཟོད་པར་གསོལ་བར་མ་བྱེད་ཅིག...

开始翻译流程 (尝试 1/2):
========================================
步骤1: 输入藏语文本...
输入文本时出错: Message: tab crashed
  (Session info: chrome=143.0.7499.169)

✗ 输入文本失败

开始翻译流程 (尝试 2/2):
========================================
步骤1: 输入藏语文本...
输入文本时出错: Message: tab crashed
  (Session info: chrome=143.0.7499.169)

✗ 输入文本失败
========================================
✗ 翻译失败，跳过此行
✓ 已保存到文件: 461/4500 条

[462/4500] 翻译进度: 10.3%
藏语原文: དབྱེན་བྱེད་པར་འགྱུར་བའི་རྩོད་པ་ཡང་དག་པར་བླངས་ནས་རབ...

开始翻译流程 (尝试 1/2):
========================================
步骤1: 输入藏语文本...
输入文本时出错: Message: tab crashed
  (Session info: chrome=143.0.7499.169)

✗ 输入文本失败

开始翻译流程 (尝试 2/2):
========================================
步骤1: 输入藏语文本...
输入文本时出错: Message: tab crashed
  (Session info: chrome=143.0.7499.169)

✗ 输入文本失败
========================================
✗ 翻译失败，跳过此行
✓ 已保存到文件: 462/4500 条

[463/4500] 翻译进度: 10.3%
藏语原文: བརྫུན་དང་ས་བོན་འདུག་གནས་དང་།

开始翻译流程 (尝试 1/2):
========================================
步骤1: 输入藏语文本...
输入文本时出错: Message: tab crashed
  (Session info: chrome=143.0.7499.169)

✗ 输入文本失败

开始翻译流程 (尝试 2/2):
========================================
步骤1: 输入藏语文本...
输入文本时出错: Message: tab crashed
  (Session info: chrome=143.0.7499.169)

✗ 输入文本失败
========================================
✗ 翻译失败，跳过此行
✓ 已保存到文件: 463/4500 条

[464/4500] 翻译进度: 10.3%
藏语原文: འདུག་གནས་གཅིག་དང་ཕྱེ་དང་ནི།

开始翻译流程 (尝试 1/2):
========================================
步骤1: 输入藏语文本...
输入文本时出错: Message: tab crashed
  (Session info: chrome=143.0.7499.169)

✗ 输入文本失败

开始翻译流程 (尝试 2/2):
========================================
步骤1: 输入藏语文本...
输入文本时出错: Message: tab crashed
  (Session info: chrome=143.0.7499.169)

✗ 输入文本失败
========================================
✗ 翻译失败，跳过此行
✓ 已保存到文件: 464/4500 条

[465/4500] 翻译进度: 10.3%
藏语原文: དགེ་སློང་མ་གང་འདུག་གནས་གཅིག་ཏུ་ཞག་ལོན་པའི་དགེ་སློང...

开始翻译流程 (尝试 1/2):
========================================
步骤1: 输入藏语文本...
输入文本时出错: Message: tab crashed
  (Session info: chrome=143.0.7499.169)

✗ 输入文本失败

开始翻译流程 (尝试 2/2):
========================================
步骤1: 输入藏语文本...
输入文本时出错: Message: tab crashed
  (Session info: chrome=143.0.7499.169)

✗ 输入文本失败
========================================
✗ 翻译失败，跳过此行
✓ 已保存到文件: 465/4500 条

[466/4500] 翻译进度: 10.4%
藏语原文: ཉལ་སར་འདུག་དང་འགྲེང་བ་དང་།་

开始翻译流程 (尝试 1/2):
========================================
步骤1: 输入藏语文本...
输入文本时出错: Message: tab crashed
  (Session info: chrome=143.0.7499.169)

✗ 输入文本失败

开始翻译流程 (尝试 2/2):
========================================
步骤1: 输入藏语文本...
输入文本时出错: Message: tab crashed
  (Session info: chrome=143.0.7499.169)

✗ 输入文本失败
========================================
✗ 翻译失败，跳过此行
✓ 已保存到文件: 466/4500 条

[467/4500] 翻译进度: 10.4%
藏语原文: འདུག་པར་བྱ་བ་བརྒྱད་དག་དང་།

开始翻译流程 (尝试 1/2):
========================================
步骤1: 输入藏语文本...
输入文本时出错: Message: tab crashed
  (Session info: chrome=143.0.7499.169)

✗ 输入文本失败

开始翻译流程 (尝试 2/2):
========================================
步骤1: 输入藏语文本...
输入文本时出错: Message: tab crashed
  (Session info: chrome=143.0.7499.169)

✗ 输入文本失败
========================================
✗ 翻译失败，跳过此行
✓ 已保存到文件: 467/4500 条

[468/4500] 翻译进度: 10.4%
藏语原文: དྲུང་ན་འདུག་པའི་དགེ་སློང་མའི་ལྷུང་བཟེད་ལ་འཕྱས་གདགས...

开始翻译流程 (尝试 1/2):
========================================
步骤1: 输入藏语文本...
输入文本时出错: Message: tab crashed
  (Session info: chrome=143.0.7499.169)

✗ 输入文本失败

开始翻译流程 (尝试 2/2):
========================================
步骤1: 输入藏语文本...
输入文本时出错: Message: tab crashed
  (Session info: chrome=143.0.7499.169)

✗ 输入文本失败
========================================
✗ 翻译失败，跳过此行
✓ 已保存到文件: 468/4500 条

[469/4500] 翻译进度: 10.4%
藏语原文: དྲུང་ན་འདུག་པའི་དགེ་སློང་མ་ལ་ཟས་དང་འབགས་པའི་ཆུས་མི...

开始翻译流程 (尝试 1/2):
========================================
步骤1: 输入藏语文本...
输入文本时出错: Message: tab crashed
  (Session info: chrome=143.0.7499.169)

✗ 输入文本失败

开始翻译流程 (尝试 2/2):
========================================
步骤1: 输入藏语文本...
输入文本时出错: Message: tab crashed
  (Session info: chrome=143.0.7499.169)

✗ 输入文本失败
========================================
✗ 翻译失败，跳过此行
✓ 已保存到文件: 469/4500 条

[470/4500] 翻译进度: 10.4%
藏语原文: ཁྱིམ་པ་འདུག་པ་ལ་མ་དྲིས་པར་ཆུ་ཟས་དང་འབགས་པ་ཁྱིམ་གཞན...

开始翻译流程 (尝试 1/2):
========================================
步骤1: 输入藏语文本...
输入文本时出错: Message: tab crashed
  (Session info: chrome=143.0.7499.169)

✗ 输入文本失败

开始翻译流程 (尝试 2/2):
========================================
步骤1: 输入藏语文本...
输入文本时出错: Message: tab crashed
  (Session info: chrome=143.0.7499.169)

✗ 输入文本失败
========================================
✗ 翻译失败，跳过此行
✓ 已保存到文件: 470/4500 条

[471/4500] 翻译进度: 10.5%
藏语原文: བཞོན་པའི་སྟེང་ན་འདུག་པ་དང་།

开始翻译流程 (尝试 1/2):
========================================
步骤1: 输入藏语文本...
输入文本时出错: Message: tab crashed
  (Session info: chrome=143.0.7499.169)

✗ 输入文本失败

开始翻译流程 (尝试 2/2):
========================================
步骤1: 输入藏语文本...
输入文本时出错: Message: tab crashed
  (Session info: chrome=143.0.7499.169)

✗ 输入文本失败
========================================
✗ 翻译失败，跳过此行
✓ 已保存到文件: 471/4500 条

[472/4500] 翻译进度: 10.5%
藏语原文: དེ་དེ་ལྟར་ལྷ་བརྒྱ་སྟོང་ལ་གསོལ་བ་འདེབས་པ་ལྷུར་ལེན་ཅ...

开始翻译流程 (尝试 1/2):
========================================
步骤1: 输入藏语文本...
输入文本时出错: Message: tab crashed
  (Session info: chrome=143.0.7499.169)

✗ 输入文本失败

开始翻译流程 (尝试 2/2):
========================================
步骤1: 输入藏语文本...
输入文本时出错: Message: tab crashed
  (Session info: chrome=143.0.7499.169)

✗ 输入文本失败
========================================
✗ 翻译失败，跳过此行
✓ 已保存到文件: 472/4500 条

[473/4500] 翻译进度: 10.5%
藏语原文: འཛམ་བུའི་ཆུ་བོའི་གསེར་ལས་བྱས་པ་ལྟ་བུ་ལྟ་སྨོས་ཀྱང་ཅ...

开始翻译流程 (尝试 1/2):
========================================
步骤1: 输入藏语文本...
输入文本时出错: Message: tab crashed
  (Session info: chrome=143.0.7499.169)

✗ 输入文本失败

开始翻译流程 (尝试 2/2):
========================================
步骤1: 输入藏语文本...
输入文本时出错: Message: tab crashed
  (Session info: chrome=143.0.7499.169)

✗ 输入文本失败
========================================
✗ 翻译失败，跳过此行
✓ 已保存到文件: 473/4500 条

[474/4500] 翻译进度: 10.5%
藏语原文: ཁྱིམ་ཤིན་ཏུ་ཕུན་སུམ་ཚོགས་པར་འདུག་པ་དང་།

开始翻译流程 (尝试 1/2):
========================================
步骤1: 输入藏语文本...
输入文本时出错: Message: tab crashed
  (Session info: chrome=143.0.7499.169)

✗ 输入文本失败

开始翻译流程 (尝试 2/2):
========================================
步骤1: 输入藏语文本...
输入文本时出错: Message: tab crashed
  (Session info: chrome=143.0.7499.169)

✗ 输入文本失败
========================================
✗ 翻译失败，跳过此行
✓ 已保存到文件: 474/4500 条

[475/4500] 翻译进度: 10.6%
藏语原文: དེ་དག་མཐོང་ནས་བྲམ་ཟེ་ཤིང་སཱ་ལ་ཆེན་པོ་ནྱ་གྲོ་དྷ་ནི་...

开始翻译流程 (尝试 1/2):
========================================
步骤1: 输入藏语文本...
输入文本时出错: Message: tab crashed
  (Session info: chrome=143.0.7499.169)

✗ 输入文本失败

开始翻译流程 (尝试 2/2):
========================================
步骤1: 输入藏语文本...
输入文本时出错: Message: tab crashed
  (Session info: chrome=143.0.7499.169)

✗ 输入文本失败
========================================
✗ 翻译失败，跳过此行
✓ 已保存到文件: 475/4500 条

[476/4500] 翻译进度: 10.6%
藏语原文: ཁྱིམ་ཤིན་ཏུ་ཕུན་སུམ་ཚོགས་པར་འདུག་པ་དང་།

开始翻译流程 (尝试 1/2):
========================================
步骤1: 输入藏语文本...
输入文本时出错: Message: tab crashed
  (Session info: chrome=143.0.7499.169)

✗ 输入文本失败

开始翻译流程 (尝试 2/2):
========================================
步骤1: 输入藏语文本...
输入文本时出错: Message: tab crashed
  (Session info: chrome=143.0.7499.169)

✗ 输入文本失败
========================================
✗ 翻译失败，跳过此行
✓ 已保存到文件: 476/4500 条

[477/4500] 翻译进度: 10.6%
藏语原文: ཁྱིམ་ཤིན་ཏུ་ཕུན་སུམ་ཚོགས་པར་འདུག་པ་དང་།

开始翻译流程 (尝试 1/2):
========================================
步骤1: 输入藏语文本...
输入文本时出错: Message: tab crashed
  (Session info: chrome=143.0.7499.169)

✗ 输入文本失败

开始翻译流程 (尝试 2/2):
========================================
步骤1: 输入藏语文本...
输入文本时出错: Message: tab crashed
  (Session info: chrome=143.0.7499.169)

✗ 输入文本失败
========================================
✗ 翻译失败，跳过此行
✓ 已保存到文件: 477/4500 条

[478/4500] 翻译进度: 10.6%
藏语原文: འོན་ཀྱང་ཡུལ་ཐག་རིང་པོ་ན་འདུག་པས་ཇི་ལྟར་དེ་དང་ལྷན་ཅ...

开始翻译流程 (尝试 1/2):
========================================
步骤1: 输入藏语文本...
输入文本时出错: Message: tab crashed
  (Session info: chrome=143.0.7499.169)

✗ 输入文本失败

开始翻译流程 (尝试 2/2):
========================================
步骤1: 输入藏语文本...
输入文本时出错: Message: tab crashed
  (Session info: chrome=143.0.7499.169)

✗ 输入文本失败
========================================
✗ 翻译失败，跳过此行
✓ 已保存到文件: 478/4500 条

[479/4500] 翻译进度: 10.6%
藏语原文: གཞན་ཡང་རིང་པོ་ན་འདུག་པ་ཁོ་ན་དང་བཤེས་གཉེན་བྱ་བ་དེ་ན...

开始翻译流程 (尝试 1/2):
========================================
步骤1: 输入藏语文本...
输入文本时出错: Message: tab crashed
  (Session info: chrome=143.0.7499.169)

✗ 输入文本失败

开始翻译流程 (尝试 2/2):
========================================
步骤1: 输入藏语文本...
输入文本时出错: Message: tab crashed
  (Session info: chrome=143.0.7499.169)

✗ 输入文本失败
========================================
✗ 翻译失败，跳过此行
✓ 已保存到文件: 479/4500 条

[480/4500] 翻译进度: 10.7%
藏语原文: ཉེ་དུའི་ཚོགས་དང་ལྷན་ཅིག་འདུག་ནས་དེས་དེ་རྣམས་ལ་དོན་...

开始翻译流程 (尝试 1/2):
========================================
步骤1: 输入藏语文本...
输入文本时出错: Message: tab crashed
  (Session info: chrome=143.0.7499.169)

✗ 输入文本失败

开始翻译流程 (尝试 2/2):
========================================
步骤1: 输入藏语文本...
输入文本时出错: Message: tab crashed
  (Session info: chrome=143.0.7499.169)

✗ 输入文本失败
========================================
✗ 翻译失败，跳过此行
✓ 已保存到文件: 480/4500 条

[481/4500] 翻译进度: 10.7%
藏语原文: དེ་རྣམས་ཐག་རིང་པོ་ན་འདུག་པ་བྲམ་ཟེའི་ཁྱེའུ་ནྱ་གྲོ་ད...

开始翻译流程 (尝试 1/2):
========================================
步骤1: 输入藏语文本...
输入文本时出错: Message: tab crashed
  (Session info: chrome=143.0.7499.169)

✗ 输入文本失败

开始翻译流程 (尝试 2/2):
========================================
步骤1: 输入藏语文本...
输入文本时出错: Message: tab crashed
  (Session info: chrome=143.0.7499.169)

✗ 输入文本失败
========================================
✗ 翻译失败，跳过此行
✓ 已保存到文件: 481/4500 条

[482/4500] 翻译进度: 10.7%
藏语原文: བྲམ་ཟེའི་ཁྱེའུ་ནྱ་གྲོ་དྷ་སྐྱེས་ཆུང་མ་དང་ལྷན་ཅིག་ཇི...

开始翻译流程 (尝试 1/2):
========================================
步骤1: 输入藏语文本...
输入文本时出错: Message: tab crashed
  (Session info: chrome=143.0.7499.169)

✗ 输入文本失败

开始翻译流程 (尝试 2/2):
========================================
步骤1: 输入藏语文本...
输入文本时出错: Message: tab crashed
  (Session info: chrome=143.0.7499.169)

✗ 输入文本失败
========================================
✗ 翻译失败，跳过此行
✓ 已保存到文件: 482/4500 条

[483/4500] 翻译进度: 10.7%
藏语原文: ནྱ་གྲོ་དྷ་སྐྱེས་ནི་ཁྲིའུ་ལ་གནས་ཤིང་འདུག།

开始翻译流程 (尝试 1/2):
========================================
步骤1: 输入藏语文本...
输入文本时出错: Message: tab crashed
  (Session info: chrome=143.0.7499.169)

✗ 输入文本失败

开始翻译流程 (尝试 2/2):
========================================
步骤1: 输入藏语文本...
输入文本时出错: Message: tab crashed
  (Session info: chrome=143.0.7499.169)

✗ 输入文本失败
========================================
✗ 翻译失败，跳过此行
✓ 已保存到文件: 483/4500 条

[484/4500] 翻译进度: 10.8%
藏语原文: ནྱ་གྲོ་དྷ་སྐྱེས་ནི་ཁྲིའུ་ལ་འདུག་ཅིང་མི་ཉལ་ལོ།

开始翻译流程 (尝试 1/2):
========================================
步骤1: 输入藏语文本...
输入文本时出错: Message: tab crashed
  (Session info: chrome=143.0.7499.169)

✗ 输入文本失败

开始翻译流程 (尝试 2/2):
========================================
步骤1: 输入藏语文本...
输入文本时出错: Message: tab crashed
  (Session info: chrome=143.0.7499.169)

✗ 输入文本失败
========================================
✗ 翻译失败，跳过此行
✓ 已保存到文件: 484/4500 条

[485/4500] 翻译进度: 10.8%
藏语原文: བྲམ་ཟེའི་ཁྱེའུ་ནྱ་གྲོ་དྷ་སྐྱེས་ཀྱིས་སྦྲུལ་ནག་པོ་གད...

开始翻译流程 (尝试 1/2):
========================================
步骤1: 输入藏语文本...
输入文本时出错: Message: tab crashed
  (Session info: chrome=143.0.7499.169)

✗ 输入文本失败

开始翻译流程 (尝试 2/2):
========================================
步骤1: 输入藏语文本...
输入文本时出错: Message: tab crashed
  (Session info: chrome=143.0.7499.169)

✗ 输入文本失败
========================================
✗ 翻译失败，跳过此行
✓ 已保存到文件: 485/4500 条

[486/4500] 翻译进度: 10.8%
藏语原文: འདུག་མ་ཐག་ཏུ་ཡིད་ལ་གཅགས་པར་གྱུར་ནས་དེ་ཡང་མྱ་ངན་གྱི...

开始翻译流程 (尝试 1/2):
========================================
步骤1: 输入藏语文本...
输入文本时出错: Message: tab crashed
  (Session info: chrome=143.0.7499.169)

✗ 输入文本失败

开始翻译流程 (尝试 2/2):
========================================
步骤1: 输入藏语文本...
输入文本时出错: Message: tab crashed
  (Session info: chrome=143.0.7499.169)

✗ 输入文本失败
========================================
✗ 翻译失败，跳过此行
✓ 已保存到文件: 486/4500 条

[487/4500] 翻译进度: 10.8%
藏语原文: བབས་ནས་སྟན་བཤམས་པ་ལ་འདུག་གོ།

开始翻译流程 (尝试 1/2):
========================================
步骤1: 输入藏语文本...
输入文本时出错: Message: tab crashed
  (Session info: chrome=143.0.7499.169)

✗ 输入文本失败

开始翻译流程 (尝试 2/2):
========================================
步骤1: 输入藏语文本...
输入文本时出错: Message: tab crashed
  (Session info: chrome=143.0.7499.169)

✗ 输入文本失败
========================================
✗ 翻译失败，跳过此行
✓ 已保存到文件: 487/4500 条

[488/4500] 翻译进度: 10.8%
藏语原文: འདུག་ན་འདུག་ལ་འགྲོ་ན་འགུལ་བ་ལྟར།

开始翻译流程 (尝试 1/2):
========================================
步骤1: 输入藏语文本...
输入文本时出错: Message: tab crashed
  (Session info: chrome=143.0.7499.169)

✗ 输入文本失败

开始翻译流程 (尝试 2/2):
========================================
步骤1: 输入藏语文本...
输入文本时出错: Message: tab crashed
  (Session info: chrome=143.0.7499.169)

✗ 输入文本失败
========================================
✗ 翻译失败，跳过此行
✓ 已保存到文件: 488/4500 条

[489/4500] 翻译进度: 10.9%
藏语原文: མཇུག་ན་འདུག་པ་དང་།

开始翻译流程 (尝试 1/2):
========================================
步骤1: 输入藏语文本...
输入文本时出错: Message: tab crashed
  (Session info: chrome=143.0.7499.169)

✗ 输入文本失败

开始翻译流程 (尝试 2/2):
========================================
步骤1: 输入藏语文本...
输入文本时出错: Message: tab crashed
  (Session info: chrome=143.0.7499.169)

✗ 输入文本失败
========================================
✗ 翻译失败，跳过此行
✓ 已保存到文件: 489/4500 条

[490/4500] 翻译进度: 10.9%
藏语原文: གྲོང་ན་འདུག་པའམ་ཞེས་བྱ་བ་ནི་ར་བའི་ནང་ན་འདུག་པའོ།

开始翻译流程 (尝试 1/2):
========================================
步骤1: 输入藏语文本...
输入文本时出错: Message: tab crashed
  (Session info: chrome=143.0.7499.169)

✗ 输入文本失败

开始翻译流程 (尝试 2/2):
========================================
步骤1: 输入藏语文本...
输入文本时出错: Message: tab crashed
  (Session info: chrome=143.0.7499.169)

✗ 输入文本失败
========================================
✗ 翻译失败，跳过此行
✓ 已保存到文件: 490/4500 条

[491/4500] 翻译进度: 10.9%
藏语原文: དེ་ནས་བདུད་ཀྱི་རིས་ཀྱི་ལྷ་ཞིག་ཆུ་ཀླུང་ཡིད་འོང་ལྡན་...

开始翻译流程 (尝试 1/2):
========================================
步骤1: 输入藏语文本...
输入文本时出错: Message: tab crashed
  (Session info: chrome=143.0.7499.169)

✗ 输入文本失败

开始翻译流程 (尝试 2/2):
========================================
步骤1: 输入藏语文本...
输入文本时出错: Message: tab crashed
  (Session info: chrome=143.0.7499.169)

✗ 输入文本失败
========================================
✗ 翻译失败，跳过此行
✓ 已保存到文件: 491/4500 条

[492/4500] 翻译进度: 10.9%
藏语原文: དེ་ནས་དེའི་འོག་ཏུ་ས་ཕྱོགས་མཐོན་པོར་འདུག་སྟེ་བོས་པ་...

开始翻译流程 (尝试 1/2):
========================================
步骤1: 输入藏语文本...
输入文本时出错: Message: tab crashed
  (Session info: chrome=143.0.7499.169)

✗ 输入文本失败

开始翻译流程 (尝试 2/2):
========================================
步骤1: 输入藏语文本...
输入文本时出错: Message: tab crashed
  (Session info: chrome=143.0.7499.169)

✗ 输入文本失败
========================================
✗ 翻译失败，跳过此行
✓ 已保存到文件: 492/4500 条

[493/4500] 翻译进度: 11.0%
藏语原文: ལམ་སྒུགས་ཤིང་འདུག་པར་བྱེད།

开始翻译流程 (尝试 1/2):
========================================
步骤1: 输入藏语文本...
输入文本时出错: Message: tab crashed
  (Session info: chrome=143.0.7499.169)

✗ 输入文本失败

开始翻译流程 (尝试 2/2):
========================================
步骤1: 输入藏语文本...
输入文本时出错: Message: tab crashed
  (Session info: chrome=143.0.7499.169)

✗ 输入文本失败
========================================
✗ 翻译失败，跳过此行
✓ 已保存到文件: 493/4500 条

[494/4500] 翻译进度: 11.0%
藏语原文: གསུམ་པ་ཞིག་ཀྱང་འོངས་ནས་གྲྭ་གསུམ་པར་འདུག་གོ་ཞེས་བྱ་...

开始翻译流程 (尝试 1/2):
========================================
步骤1: 输入藏语文本...
输入文本时出错: Message: tab crashed
  (Session info: chrome=143.0.7499.169)

✗ 输入文本失败

开始翻译流程 (尝试 2/2):
========================================
步骤1: 输入藏语文本...
输入文本时出错: Message: tab crashed
  (Session info: chrome=143.0.7499.169)

✗ 输入文本失败
========================================
✗ 翻译失败，跳过此行
✓ 已保存到文件: 494/4500 条

[495/4500] 翻译进度: 11.0%
藏语原文: དེ་བཞིན་དུ་བཞི་པ་ཞིག་ཀྱང་འོངས་ནས་གྲྭ་བཞི་པར་འདུག་ག...

开始翻译流程 (尝试 1/2):
========================================
步骤1: 输入藏语文本...
输入文本时出错: Message: tab crashed
  (Session info: chrome=143.0.7499.169)

✗ 输入文本失败

开始翻译流程 (尝试 2/2):
========================================
步骤1: 输入藏语文本...
输入文本时出错: Message: tab crashed
  (Session info: chrome=143.0.7499.169)

✗ 输入文本失败
========================================
✗ 翻译失败，跳过此行
✓ 已保存到文件: 495/4500 条

[496/4500] 翻译进度: 11.0%
藏语原文: དེ་ལྟར་དེ་དག་གཅིག་ལ་གཅིག་སྨྲས་ནས་འདུག་གོ།

开始翻译流程 (尝试 1/2):
========================================
步骤1: 输入藏语文本...
输入文本时出错: Message: tab crashed
  (Session info: chrome=143.0.7499.169)

✗ 输入文本失败

开始翻译流程 (尝试 2/2):
========================================
步骤1: 输入藏语文本...
输入文本时出错: Message: tab crashed
  (Session info: chrome=143.0.7499.169)

✗ 输入文本失败
========================================
✗ 翻译失败，跳过此行
✓ 已保存到文件: 496/4500 条

[497/4500] 翻译进度: 11.0%
藏语原文: དེ་ཚོང་དཔོན་དེའི་ཁྱིམ་སྒོ་ན་འདུག་པ་དང་།

开始翻译流程 (尝试 1/2):
========================================
步骤1: 输入藏语文本...
输入文本时出错: Message: tab crashed
  (Session info: chrome=143.0.7499.169)

✗ 输入文本失败

开始翻译流程 (尝试 2/2):
========================================
步骤1: 输入藏语文本...
输入文本时出错: Message: tab crashed
  (Session info: chrome=143.0.7499.169)

✗ 输入文本失败
========================================
✗ 翻译失败，跳过此行
✓ 已保存到文件: 497/4500 条

[498/4500] 翻译进度: 11.1%
藏语原文: ཚོང་དཔོན་དེ་ཡང་འཁོར་དེ་ཉིད་དུ་འདུས་ཏེ་འདུག་པས་དེས་...

开始翻译流程 (尝试 1/2):
========================================
步骤1: 输入藏语文本...
输入文本时出错: Message: tab crashed
  (Session info: chrome=143.0.7499.169)

✗ 输入文本失败

开始翻译流程 (尝试 2/2):
========================================
步骤1: 输入藏语文本...
输入文本时出错: Message: tab crashed
  (Session info: chrome=143.0.7499.169)

✗ 输入文本失败
========================================
✗ 翻译失败，跳过此行
✓ 已保存到文件: 498/4500 条

[499/4500] 翻译进度: 11.1%
藏语原文: དེ་ཁྲོས་ཤིང་འཁྲུགས་པས་ཀུན་ནས་དཀྲིས་ཤིང་འདུག་པས་ལག་...

开始翻译流程 (尝试 1/2):
========================================
步骤1: 输入藏语文本...
输入文本时出错: Message: tab crashed
  (Session info: chrome=143.0.7499.169)

✗ 输入文本失败

开始翻译流程 (尝试 2/2):
========================================
步骤1: 输入藏语文本...
输入文本时出错: Message: tab crashed
  (Session info: chrome=143.0.7499.169)

✗ 输入文本失败
========================================
✗ 翻译失败，跳过此行
✓ 已保存到文件: 499/4500 条

[500/4500] 翻译进度: 11.1%
藏语原文: དེ་རྣམས་ཀྱི་སེམས་སྲུང་ཞིང་འདུག་གོ།

开始翻译流程 (尝试 1/2):
========================================
步骤1: 输入藏语文本...
输入文本时出错: Message: tab crashed
  (Session info: chrome=143.0.7499.169)

✗ 输入文本失败

开始翻译流程 (尝试 2/2):
========================================
步骤1: 输入藏语文本...
输入文本时出错: Message: tab crashed
  (Session info: chrome=143.0.7499.169)

✗ 输入文本失败
========================================
✗ 翻译失败，跳过此行
✓ 已保存到文件: 500/4500 条

[501/4500] 翻译进度: 11.1%
藏语原文: ཤིང་དེ་ལ་འཛེགས་ཏེ་འདུག་ཤིག་དང་།

开始翻译流程 (尝试 1/2):
========================================
步骤1: 输入藏语文本...
输入文本时出错: Message: tab crashed
  (Session info: chrome=143.0.7499.169)

✗ 输入文本失败

开始翻译流程 (尝试 2/2):
========================================
步骤1: 输入藏语文本...
输入文本时出错: Message: tab crashed
  (Session info: chrome=143.0.7499.169)

✗ 输入文本失败
========================================
✗ 翻译失败，跳过此行
✓ 已保存到文件: 501/4500 条

[502/4500] 翻译进度: 11.2%
藏语原文: གཉིས་པ་ནི་ཤིང་དེའི་ལྷོ་ཕྱོགས་ཀྱི་ཡལ་ག་ལ་འཛེགས་ཏེ་འ...

开始翻译流程 (尝试 1/2):
========================================
步骤1: 输入藏语文本...
输入文本时出错: Message: tab crashed
  (Session info: chrome=143.0.7499.169)

✗ 输入文本失败

开始翻译流程 (尝试 2/2):
========================================
步骤1: 输入藏语文本...
输入文本时出错: Message: tab crashed
  (Session info: chrome=143.0.7499.169)

✗ 输入文本失败
========================================
✗ 翻译失败，跳过此行
✓ 已保存到文件: 502/4500 条

[503/4500] 翻译进度: 11.2%
藏语原文: གསུམ་པ་ནི་ནུབ་ཕྱོགས་ཀྱི་ཡལ་ག་ལ་འཛེགས་ཏེ་འདུག་གོ།

开始翻译流程 (尝试 1/2):
========================================
步骤1: 输入藏语文本...
输入文本时出错: Message: tab crashed
  (Session info: chrome=143.0.7499.169)

✗ 输入文本失败

开始翻译流程 (尝试 2/2):
========================================
步骤1: 输入藏语文本...
输入文本时出错: Message: tab crashed
  (Session info: chrome=143.0.7499.169)

✗ 输入文本失败
========================================
✗ 翻译失败，跳过此行
✓ 已保存到文件: 503/4500 条

[504/4500] 翻译进度: 11.2%
藏语原文: བཞི་པ་ནི་བྱང་ཕྱོགས་ཀྱི་ཡལ་ག་ལ་འཛེགས་ཏེ་འདུག་གོ།

开始翻译流程 (尝试 1/2):
========================================
步骤1: 输入藏语文本...
输入文本时出错: Message: tab crashed
  (Session info: chrome=143.0.7499.169)

✗ 输入文本失败

开始翻译流程 (尝试 2/2):
========================================
步骤1: 输入藏语文本...
输入文本时出错: Message: tab crashed
  (Session info: chrome=143.0.7499.169)

✗ 输入文本失败
========================================
✗ 翻译失败，跳过此行
✓ 已保存到文件: 504/4500 条

[505/4500] 翻译进度: 11.2%
藏语原文: ཤིང་དེའི་དབུས་ཀྱི་ཡལ་ག་ལ་འཛེགས་ཏེ་འདུག་གོ།

开始翻译流程 (尝试 1/2):
========================================
步骤1: 输入藏语文本...
输入文本时出错: Message: tab crashed
  (Session info: chrome=143.0.7499.169)

✗ 输入文本失败

开始翻译流程 (尝试 2/2):
========================================
步骤1: 输入藏语文本...
输入文本时出错: Message: tab crashed
  (Session info: chrome=143.0.7499.169)

✗ 输入文本失败
========================================
✗ 翻译失败，跳过此行
✓ 已保存到文件: 505/4500 条

[506/4500] 翻译进度: 11.2%
藏语原文: ལྷོ་ཕྱོགས་ཀྱི་ཡལ་ག་ལ་འདུག་པས་སྨྲས་པ།

开始翻译流程 (尝试 1/2):
========================================
步骤1: 输入藏语文本...
输入文本时出错: Message: tab crashed
  (Session info: chrome=143.0.7499.169)

✗ 输入文本失败

开始翻译流程 (尝试 2/2):
========================================
步骤1: 输入藏语文本...
输入文本时出错: Message: tab crashed
  (Session info: chrome=143.0.7499.169)

✗ 输入文本失败
========================================
✗ 翻译失败，跳过此行
✓ 已保存到文件: 506/4500 条

[507/4500] 翻译进度: 11.3%
藏语原文: དེ་ནས་ནུབ་ཕྱོགས་ཀྱི་ཡལ་ག་ལ་འདུག་པས་ཚིགས་སུ་བཅད་དེ་...

开始翻译流程 (尝试 1/2):
========================================
步骤1: 输入藏语文本...
输入文本时出错: Message: tab crashed
  (Session info: chrome=143.0.7499.169)

✗ 输入文本失败

开始翻译流程 (尝试 2/2):
========================================
步骤1: 输入藏语文本...
输入文本时出错: Message: tab crashed
  (Session info: chrome=143.0.7499.169)

✗ 输入文本失败
========================================
✗ 翻译失败，跳过此行
✓ 已保存到文件: 507/4500 条

[508/4500] 翻译进度: 11.3%
藏语原文: སྣམ་ལོགས་སུ་འདུག་སྟེ་གཡོབ་པ་ན།

开始翻译流程 (尝试 1/2):
========================================
步骤1: 输入藏语文本...
输入文本时出错: Message: tab crashed
  (Session info: chrome=143.0.7499.169)

✗ 输入文本失败

开始翻译流程 (尝试 2/2):
========================================
步骤1: 输入藏语文本...
输入文本时出错: Message: tab crashed
  (Session info: chrome=143.0.7499.169)

✗ 输入文本失败
========================================
✗ 翻译失败，跳过此行
✓ 已保存到文件: 508/4500 条

[509/4500] 翻译进度: 11.3%
藏语原文: བདག་འདི་ལྟར་ཅིའི་ཕྱིར་འདུག་ཅེས་བྱ་བ་ནས།

开始翻译流程 (尝试 1/2):
========================================
步骤1: 输入藏语文本...
输入文本时出错: Message: tab crashed
  (Session info: chrome=143.0.7499.169)

✗ 输入文本失败

开始翻译流程 (尝试 2/2):
========================================
步骤1: 输入藏语文本...
输入文本时出错: Message: tab crashed
  (Session info: chrome=143.0.7499.169)

✗ 输入文本失败
========================================
✗ 翻译失败，跳过此行
✓ 已保存到文件: 509/4500 条

[510/4500] 翻译进度: 11.3%
藏语原文: ལྡོག་པ་ལ་ཡང་དེ་བཞིན་འདུག་པར་མཐོང་ནས་འདི་སྙམ་དུ།

开始翻译流程 (尝试 1/2):
========================================
步骤1: 输入藏语文本...
输入文本时出错: Message: tab crashed
  (Session info: chrome=143.0.7499.169)

✗ 输入文本失败

开始翻译流程 (尝试 2/2):
========================================
步骤1: 输入藏语文本...
输入文本时出错: Message: tab crashed
  (Session info: chrome=143.0.7499.169)

✗ 输入文本失败
========================================
✗ 翻译失败，跳过此行
✓ 已保存到文件: 510/4500 条

[511/4500] 翻译进度: 11.4%
藏语原文: དེ་དག་ཀྱང་དེར་འདུག་གོ།

开始翻译流程 (尝试 1/2):
========================================
步骤1: 输入藏语文本...
输入文本时出错: Message: tab crashed
  (Session info: chrome=143.0.7499.169)

✗ 输入文本失败

开始翻译流程 (尝试 2/2):
========================================
步骤1: 输入藏语文本...
输入文本时出错: Message: tab crashed
  (Session info: chrome=143.0.7499.169)

✗ 输入文本失败
========================================
✗ 翻译失败，跳过此行
✓ 已保存到文件: 511/4500 条

[512/4500] 翻译进度: 11.4%
藏语原文: སྐྱེས་པའི་ཡིད་དུ་འོང་བ་ཞིག་འདུག་གོ།

开始翻译流程 (尝试 1/2):
========================================
步骤1: 输入藏语文本...
输入文本时出错: Message: tab crashed
  (Session info: chrome=143.0.7499.169)

✗ 输入文本失败

开始翻译流程 (尝试 2/2):
========================================
步骤1: 输入藏语文本...
输入文本时出错: Message: tab crashed
  (Session info: chrome=143.0.7499.169)

✗ 输入文本失败
========================================
✗ 翻译失败，跳过此行
✓ 已保存到文件: 512/4500 条

[513/4500] 翻译进度: 11.4%
藏语原文: ད་ལྟ་སོ་བཀོག་རན་མི་འདུག་ཉི་མ་ཁ་ཤས་སྒུགས་དང་།

开始翻译流程 (尝试 1/2):
========================================
步骤1: 输入藏语文本...
输入文本时出错: Message: tab crashed
  (Session info: chrome=143.0.7499.169)

✗ 输入文本失败

开始翻译流程 (尝试 2/2):
========================================
步骤1: 输入藏语文本...
输入文本时出错: Message: tab crashed
  (Session info: chrome=143.0.7499.169)

✗ 输入文本失败
========================================
✗ 翻译失败，跳过此行
✓ 已保存到文件: 513/4500 条

[514/4500] 翻译进度: 11.4%
藏语原文: སོ་དེ་ཤུགས་ཆེན་པོ་འགུལ་གྱི་མི་འདུག་ད་ལྟ་བཀོག་རན་མི...

开始翻译流程 (尝试 1/2):
========================================
步骤1: 输入藏语文本...
输入文本时出错: Message: tab crashed
  (Session info: chrome=143.0.7499.169)

✗ 输入文本失败

开始翻译流程 (尝试 2/2):
========================================
步骤1: 输入藏语文本...
输入文本时出错: Message: tab crashed
  (Session info: chrome=143.0.7499.169)

✗ 输入文本失败
========================================
✗ 翻译失败，跳过此行
✓ 已保存到文件: 514/4500 条

[515/4500] 翻译进度: 11.4%
藏语原文: ད་ལྟ་བཀོག་རན་མི་འདུག་ཉི་མ་ཁ་ཤས་སྒུགས་དང་།

开始翻译流程 (尝试 1/2):
========================================
步骤1: 输入藏语文本...
输入文本时出错: Message: tab crashed
  (Session info: chrome=143.0.7499.169)

✗ 输入文本失败

开始翻译流程 (尝试 2/2):
========================================
步骤1: 输入藏语文本...
输入文本时出错: Message: tab crashed
  (Session info: chrome=143.0.7499.169)

✗ 输入文本失败
========================================
✗ 翻译失败，跳过此行
✓ 已保存到文件: 515/4500 条

[516/4500] 翻译进度: 11.5%
藏语原文: འདི་ལ་འདུག་སྔས་མགོའི་ཟུར་ལ་འདུག་ལབ་ནས།

开始翻译流程 (尝试 1/2):
========================================
步骤1: 输入藏语文本...
输入文本时出错: Message: tab crashed
  (Session info: chrome=143.0.7499.169)

✗ 输入文本失败

开始翻译流程 (尝试 2/2):
========================================
步骤1: 输入藏语文本...
输入文本时出错: Message: tab crashed
  (Session info: chrome=143.0.7499.169)

✗ 输入文本失败
========================================
✗ 翻译失败，跳过此行
✓ 已保存到文件: 516/4500 条

[517/4500] 翻译进度: 11.5%
藏语原文: མགྲོན་ཁང་ནས་ངལ་གསོ་ཕྲན་ཙམ་བརྒྱབ་རྗེས་ཅ་དངོས་བསྡུ་ག...

开始翻译流程 (尝试 1/2):
========================================
步骤1: 输入藏语文本...
输入文本时出错: Message: tab crashed
  (Session info: chrome=143.0.7499.169)

✗ 输入文本失败

开始翻译流程 (尝试 2/2):
========================================
步骤1: 输入藏语文本...
输入文本时出错: Message: tab crashed
  (Session info: chrome=143.0.7499.169)

✗ 输入文本失败
========================================
✗ 翻译失败，跳过此行
✓ 已保存到文件: 517/4500 条

[518/4500] 翻译进度: 11.5%
藏语原文: འགྲོ་འདུག་ཉལ་ཆགས་ནས་བཟའ་བཏུང་།

开始翻译流程 (尝试 1/2):
========================================
步骤1: 输入藏语文本...
输入文本时出错: Message: tab crashed
  (Session info: chrome=143.0.7499.169)

✗ 输入文本失败

开始翻译流程 (尝试 2/2):
========================================
步骤1: 输入藏语文本...
输入文本时出错: Message: tab crashed
  (Session info: chrome=143.0.7499.169)

✗ 输入文本失败
========================================
✗ 翻译失败，跳过此行
✓ 已保存到文件: 518/4500 条

[519/4500] 翻译进度: 11.5%
藏语原文: ཧ་ཅང་སྔ་བའི་དུས་སུ་ནོར་ཞེས་པའི་ཐ་སྙད་འདི་རྒྱུ་འབྱོ...

开始翻译流程 (尝试 1/2):
========================================
步骤1: 输入藏语文本...
输入文本时出错: Message: tab crashed
  (Session info: chrome=143.0.7499.169)

✗ 输入文本失败

开始翻译流程 (尝试 2/2):
========================================
步骤1: 输入藏语文本...
输入文本时出错: Message: tab crashed
  (Session info: chrome=143.0.7499.169)

✗ 输入文本失败
========================================
✗ 翻译失败，跳过此行
✓ 已保存到文件: 519/4500 条

[520/4500] 翻译进度: 11.6%
藏语原文: དེ་ཡིས་བོད་མི་རིགས་ཀྱི་ཟས་གོས་འགྲོ་འདུག་དང་མེ་ཤིང་...

开始翻译流程 (尝试 1/2):
========================================
步骤1: 输入藏语文本...
输入文本时出错: Message: tab crashed
  (Session info: chrome=143.0.7499.169)

✗ 输入文本失败

开始翻译流程 (尝试 2/2):
========================================
步骤1: 输入藏语文本...
输入文本时出错: Message: tab crashed
  (Session info: chrome=143.0.7499.169)

✗ 输入文本失败
========================================
✗ 翻译失败，跳过此行
✓ 已保存到文件: 520/4500 条

[521/4500] 翻译进度: 11.6%
藏语原文: གཞན་ཡང་ཤའི་རིགས་དང་རང་རང་ལ་ལྟོས་པའི་གསར་པ་རྣམས་བསི...

开始翻译流程 (尝试 1/2):
========================================
步骤1: 输入藏语文本...
输入文本时出错: Message: tab crashed
  (Session info: chrome=143.0.7499.169)

✗ 输入文本失败

开始翻译流程 (尝试 2/2):
========================================
步骤1: 输入藏语文本...
输入文本时出错: Message: tab crashed
  (Session info: chrome=143.0.7499.169)

✗ 输入文本失败
========================================
✗ 翻译失败，跳过此行
✓ 已保存到文件: 521/4500 条

[522/4500] 翻译进度: 11.6%
藏语原文: མ་རུལ་མ་སུང་རང་རིགས་འོ་མར་འཚོད།

开始翻译流程 (尝试 1/2):
========================================
步骤1: 输入藏语文本...
输入文本时出错: Message: tab crashed
  (Session info: chrome=143.0.7499.169)

✗ 输入文本失败

开始翻译流程 (尝试 2/2):
========================================
步骤1: 输入藏语文本...
输入文本时出错: Message: tab crashed
  (Session info: chrome=143.0.7499.169)

✗ 输入文本失败
========================================
✗ 翻译失败，跳过此行
✓ 已保存到文件: 522/4500 条

[523/4500] 翻译进度: 11.6%
藏语原文: འབྲི་གཡག་དེ་ཉིད་ཀྱང་རང་རྒྱལ་དུ་གནའ་དུས་ནས་ཡོད་པའི་...

开始翻译流程 (尝试 1/2):
========================================
步骤1: 输入藏语文本...
输入文本时出错: Message: tab crashed
  (Session info: chrome=143.0.7499.169)

✗ 输入文本失败

开始翻译流程 (尝试 2/2):
========================================
步骤1: 输入藏语文本...
输入文本时出错: Message: tab crashed
  (Session info: chrome=143.0.7499.169)

✗ 输入文本失败
========================================
✗ 翻译失败，跳过此行
✓ 已保存到文件: 523/4500 条

[524/4500] 翻译进度: 11.6%
藏语原文: གནས་ཡུལ་དེ་རིགས་ལའང་རང་བྱུང་ཁམས་ཀྱི་ཤུགས་རྐྱེན་དང་...

开始翻译流程 (尝试 1/2):
========================================
步骤1: 输入藏语文本...
输入文本时出错: Message: tab crashed
  (Session info: chrome=143.0.7499.169)

✗ 输入文本失败

开始翻译流程 (尝试 2/2):
========================================
步骤1: 输入藏语文本...
输入文本时出错: Message: tab crashed
  (Session info: chrome=143.0.7499.169)

✗ 输入文本失败
========================================
✗ 翻译失败，跳过此行
✓ 已保存到文件: 524/4500 条

[525/4500] 翻译进度: 11.7%
藏语原文: དེ་སྐད་དུ་ཡང་རང་འགྲེལ་ལས།

开始翻译流程 (尝试 1/2):
========================================
步骤1: 输入藏语文本...
输入文本时出错: Message: tab crashed
  (Session info: chrome=143.0.7499.169)

✗ 输入文本失败

开始翻译流程 (尝试 2/2):
========================================
步骤1: 输入藏语文本...
输入文本时出错: Message: tab crashed
  (Session info: chrome=143.0.7499.169)

✗ 输入文本失败
========================================
✗ 翻译失败，跳过此行
✓ 已保存到文件: 525/4500 条

[526/4500] 翻译进度: 11.7%
藏语原文: ཁྱབ་བྱེད་མ་དམིགས་པའི་གཏན་ཚིགས་འཇུག་དུས་བཞག་ཏུ་ཡོད་...

开始翻译流程 (尝试 1/2):
========================================
步骤1: 输入藏语文本...
输入文本时出错: Message: tab crashed
  (Session info: chrome=143.0.7499.169)

✗ 输入文本失败

开始翻译流程 (尝试 2/2):
========================================
步骤1: 输入藏语文本...
输入文本时出错: Message: tab crashed
  (Session info: chrome=143.0.7499.169)

✗ 输入文本失败
========================================
✗ 翻译失败，跳过此行
✓ 已保存到文件: 526/4500 条

[527/4500] 翻译进度: 11.7%
藏语原文: དངོས་འབྲས་མ་དམིགས་པའི་གཏན་ཚིགས་འཇུག་དུས་བཞག་ཏུ་ཡོད...

开始翻译流程 (尝试 1/2):
========================================
步骤1: 输入藏语文本...
输入文本时出错: Message: tab crashed
  (Session info: chrome=143.0.7499.169)

✗ 输入文本失败

开始翻译流程 (尝试 2/2):
========================================
步骤1: 输入藏语文本...
输入文本时出错: Message: tab crashed
  (Session info: chrome=143.0.7499.169)

✗ 输入文本失败
========================================
✗ 翻译失败，跳过此行
✓ 已保存到文件: 527/4500 条

[528/4500] 翻译进度: 11.7%
藏语原文: འགལ་དམིགས་ཀྱི་གཏན་ཚིགས་འཇུག་དུས་བཞག་ཏུ་ཡོད་དེ།

开始翻译流程 (尝试 1/2):
========================================
步骤1: 输入藏语文本...
输入文本时出错: Message: tab crashed
  (Session info: chrome=143.0.7499.169)

✗ 输入文本失败

开始翻译流程 (尝试 2/2):
========================================
步骤1: 输入藏语文本...
输入文本时出错: Message: tab crashed
  (Session info: chrome=143.0.7499.169)

✗ 输入文本失败
========================================
✗ 翻译失败，跳过此行
✓ 已保存到文件: 528/4500 条

[529/4500] 翻译进度: 11.8%
藏语原文: རང་བཞིན་འགལ་དམིགས་ཀྱི་གཏན་ཚིགས་འཇུག་དུས་བཞག་ཏུ་ཡོད...

开始翻译流程 (尝试 1/2):
========================================
步骤1: 输入藏语文本...
输入文本时出错: Message: tab crashed
  (Session info: chrome=143.0.7499.169)

✗ 输入文本失败

开始翻译流程 (尝试 2/2):
========================================
步骤1: 输入藏语文本...
输入文本时出错: Message: tab crashed
  (Session info: chrome=143.0.7499.169)

✗ 输入文本失败
========================================
✗ 翻译失败，跳过此行
✓ 已保存到文件: 529/4500 条

[530/4500] 翻译进度: 11.8%
藏语原文: ཁྱབ་བྱེད་འགལ་དམི་ཀས་ཀྱི་གཏན་ཚིགས་འཇུག་དུས་བཞག་ཏུ་ཡ...

开始翻译流程 (尝试 1/2):
========================================
步骤1: 输入藏语文本...
输入文本时出错: Message: tab crashed
  (Session info: chrome=143.0.7499.169)

✗ 输入文本失败

开始翻译流程 (尝试 2/2):
========================================
步骤1: 输入藏语文本...
输入文本时出错: Message: tab crashed
  (Session info: chrome=143.0.7499.169)

✗ 输入文本失败
========================================
✗ 翻译失败，跳过此行
✓ 已保存到文件: 530/4500 条

[531/4500] 翻译进度: 11.8%
藏语原文: འགལ་འབྲས་དམིགས་པའི་རྟགས་ཡང་དག་འཇུག་དུས་བཞག་ཏུ་ཡོད་...

开始翻译流程 (尝试 1/2):
========================================
步骤1: 输入藏语文本...
输入文本时出错: Message: tab crashed
  (Session info: chrome=143.0.7499.169)

✗ 输入文本失败

开始翻译流程 (尝试 2/2):
========================================
步骤1: 输入藏语文本...
输入文本时出错: Message: tab crashed
  (Session info: chrome=143.0.7499.169)

✗ 输入文本失败
========================================
✗ 翻译失败，跳过此行
✓ 已保存到文件: 531/4500 条

[532/4500] 翻译进度: 11.8%
藏语原文: རྒྱུ་དང་འགལ་བའི་འབྲས་བུ་དམིགས་པའི་གཏན་ཚིགས་འཇུག་དུ...

开始翻译流程 (尝试 1/2):
========================================
步骤1: 输入藏语文本...
输入文本时出错: Message: tab crashed
  (Session info: chrome=143.0.7499.169)

✗ 输入文本失败

开始翻译流程 (尝试 2/2):
========================================
步骤1: 输入藏语文本...
输入文本时出错: Message: tab crashed
  (Session info: chrome=143.0.7499.169)

✗ 输入文本失败
========================================
✗ 翻译失败，跳过此行
✓ 已保存到文件: 532/4500 条

[533/4500] 翻译进度: 11.8%
藏语原文: དེ་ལ་སྒྲུབ་འཇུག་ཡིན་པའི་ཕྱིར། དེའི་ཕྱིར་རྒྱུ་དང་རང...

开始翻译流程 (尝试 1/2):
========================================
步骤1: 输入藏语文本...
输入文本时出错: Message: tab crashed
  (Session info: chrome=143.0.7499.169)

✗ 输入文本失败

开始翻译流程 (尝试 2/2):
========================================
步骤1: 输入藏语文本...
输入文本时出错: Message: tab crashed
  (Session info: chrome=143.0.7499.169)

✗ 输入文本失败
========================================
✗ 翻译失败，跳过此行
✓ 已保存到文件: 533/4500 条

[534/4500] 翻译进度: 11.9%
藏语原文: རང་མིང་རང་ལ་བརྡ་སྦྱར་འོས་པར་སྒྲུབ་པའི་རང་བཞིན་གྱི་...

开始翻译流程 (尝试 1/2):
========================================
步骤1: 输入藏语文本...
输入文本时出错: Message: tab crashed
  (Session info: chrome=143.0.7499.169)

✗ 输入文本失败

开始翻译流程 (尝试 2/2):
========================================
步骤1: 输入藏语文本...
输入文本时出错: Message: tab crashed
  (Session info: chrome=143.0.7499.169)

✗ 输入文本失败
========================================
✗ 翻译失败，跳过此行
✓ 已保存到文件: 534/4500 条

[535/4500] 翻译进度: 11.9%
藏语原文: སྣང་བ་གཉིས་ལས་གང་རང་རིག་པ་དེ་ནི་འབྲས་བུར་འགྱུར་རོ།

开始翻译流程 (尝试 1/2):
========================================
步骤1: 输入藏语文本...
输入文本时出错: Message: tab crashed
  (Session info: chrome=143.0.7499.169)

✗ 输入文本失败

开始翻译流程 (尝试 2/2):
========================================
步骤1: 输入藏语文本...
输入文本时出错: Message: tab crashed
  (Session info: chrome=143.0.7499.169)

✗ 输入文本失败
========================================
✗ 翻译失败，跳过此行
✓ 已保存到文件: 535/4500 条

[536/4500] 翻译进度: 11.9%
藏语原文: དེ་མྱོང་རང་རིག་འབྲས་བུ།

开始翻译流程 (尝试 1/2):
========================================
步骤1: 输入藏语文本...
输入文本时出错: Message: tab crashed
  (Session info: chrome=143.0.7499.169)

✗ 输入文本失败

开始翻译流程 (尝试 2/2):
========================================
步骤1: 输入藏语文本...
输入文本时出错: Message: tab crashed
  (Session info: chrome=143.0.7499.169)

✗ 输入文本失败
========================================
✗ 翻译失败，跳过此行
✓ 已保存到文件: 536/4500 条

[537/4500] 翻译进度: 11.9%
藏语原文: དེ་མྱོང་རང་རིག་འབྲས་བུར་བྱེད་པའི་ཚད་འབྲས་རྣམས།

开始翻译流程 (尝试 1/2):
========================================
步骤1: 输入藏语文本...
输入文本时出错: Message: tab crashed
  (Session info: chrome=143.0.7499.169)

✗ 输入文本失败

开始翻译流程 (尝试 2/2):
========================================
步骤1: 输入藏语文本...
输入文本时出错: Message: tab crashed
  (Session info: chrome=143.0.7499.169)

✗ 输入文本失败
========================================
✗ 翻译失败，跳过此行
✓ 已保存到文件: 537/4500 条

[538/4500] 翻译进度: 12.0%
藏语原文: ཡུལ་གྲུ་མཚོ་སྐྱེས་གཞོན་ནུའི་མཐའ་སྐོར་འདུག་པའི་ཡུལ་...

开始翻译流程 (尝试 1/2):
========================================
步骤1: 输入藏语文本...
输入文本时出错: Message: tab crashed
  (Session info: chrome=143.0.7499.169)

✗ 输入文本失败

开始翻译流程 (尝试 2/2):
========================================
步骤1: 输入藏语文本...
输入文本时出错: Message: tab crashed
  (Session info: chrome=143.0.7499.169)

✗ 输入文本失败
========================================
✗ 翻译失败，跳过此行
✓ 已保存到文件: 538/4500 条

[539/4500] 翻译进度: 12.0%
藏语原文: སྒྲུང་བའི་མཚན་སྙན་ཡང་སྐབས་དེ་ནས་བཟུང་ཕྱོགས་བཞི་མཚམ...

开始翻译流程 (尝试 1/2):
========================================
步骤1: 输入藏语文本...
输入文本时出错: Message: tab crashed
  (Session info: chrome=143.0.7499.169)

✗ 输入文本失败

开始翻译流程 (尝试 2/2):
========================================
步骤1: 输入藏语文本...
输入文本时出错: Message: tab crashed
  (Session info: chrome=143.0.7499.169)

✗ 输入文本失败
========================================
✗ 翻译失败，跳过此行
✓ 已保存到文件: 539/4500 条

[540/4500] 翻译进度: 12.0%
藏语原文: དེ་བས་ངེད་རིགས་རྒྱལ་བློན་རྣམས་ཀྱིས་རྟིང་མ་དགུང་ལ་ག...

开始翻译流程 (尝试 1/2):
========================================
步骤1: 输入藏语文本...
输入文本时出错: Message: tab crashed
  (Session info: chrome=143.0.7499.169)

✗ 输入文本失败

开始翻译流程 (尝试 2/2):
========================================
步骤1: 输入藏语文本...
输入文本时出错: Message: tab crashed
  (Session info: chrome=143.0.7499.169)

✗ 输入文本失败
========================================
✗ 翻译失败，跳过此行
✓ 已保存到文件: 540/4500 条

[541/4500] 翻译进度: 12.0%
藏语原文: འདུག་རྒྱུ་ཡོད་ཚེ་བསྡད་ན་དགའ།

开始翻译流程 (尝试 1/2):
========================================
步骤1: 输入藏语文本...
输入文本时出错: Message: tab crashed
  (Session info: chrome=143.0.7499.169)

✗ 输入文本失败

开始翻译流程 (尝试 2/2):
========================================
步骤1: 输入藏语文本...
输入文本时出错: Message: tab crashed
  (Session info: chrome=143.0.7499.169)

✗ 输入文本失败
========================================
✗ 翻译失败，跳过此行
✓ 已保存到文件: 541/4500 条

[542/4500] 翻译进度: 12.0%
藏语原文: དམག་དཔོན་བློན་རྒན་ང་རང་འགྲོ།

开始翻译流程 (尝试 1/2):
========================================
步骤1: 输入藏语文本...
输入文本时出错: Message: tab crashed
  (Session info: chrome=143.0.7499.169)

✗ 输入文本失败

开始翻译流程 (尝试 2/2):
========================================
步骤1: 输入藏语文本...
输入文本时出错: Message: tab crashed
  (Session info: chrome=143.0.7499.169)

✗ 输入文本失败
========================================
✗ 翻译失败，跳过此行
✓ 已保存到文件: 542/4500 条

[543/4500] 翻译进度: 12.1%
藏语原文: རང་རང་བབ་ཐོབ་ཀྱི་གདན་ལ་འཁོད།

开始翻译流程 (尝试 1/2):
========================================
步骤1: 输入藏语文本...
输入文本时出错: Message: tab crashed
  (Session info: chrome=143.0.7499.169)

✗ 输入文本失败

开始翻译流程 (尝试 2/2):
========================================
步骤1: 输入藏语文本...
输入文本时出错: Message: tab crashed
  (Session info: chrome=143.0.7499.169)

✗ 输入文本失败
========================================
✗ 翻译失败，跳过此行
✓ 已保存到文件: 543/4500 条

[544/4500] 翻译进度: 12.1%
藏语原文: དཔའ་རྒོད་དཔུང་བ་ངོམ་ཞིང་གདའ།

开始翻译流程 (尝试 1/2):
========================================
步骤1: 输入藏语文本...
输入文本时出错: Message: tab crashed
  (Session info: chrome=143.0.7499.169)

✗ 输入文本失败

开始翻译流程 (尝试 2/2):
========================================
步骤1: 输入藏语文本...
输入文本时出错: Message: tab crashed
  (Session info: chrome=143.0.7499.169)

✗ 输入文本失败
========================================
✗ 翻译失败，跳过此行
✓ 已保存到文件: 544/4500 条

[545/4500] 翻译进度: 12.1%
藏语原文: འགྱོད་ཀྱིས་གནམ་ས་གཡོ་ཞིང་གདའ།

开始翻译流程 (尝试 1/2):
========================================
步骤1: 输入藏语文本...
输入文本时出错: Message: tab crashed
  (Session info: chrome=143.0.7499.169)

✗ 输入文本失败

开始翻译流程 (尝试 2/2):
========================================
步骤1: 输入藏语文本...
输入文本时出错: Message: tab crashed
  (Session info: chrome=143.0.7499.169)

✗ 输入文本失败
========================================
✗ 翻译失败，跳过此行
✓ 已保存到文件: 545/4500 条

[546/4500] 翻译进度: 12.1%
藏语原文: ཞག་ཚུགས་ཉིན་ལ་བསྒྲིལ་ཞིང་གདའ།

开始翻译流程 (尝试 1/2):
========================================
步骤1: 输入藏语文本...
输入文本时出错: Message: tab crashed
  (Session info: chrome=143.0.7499.169)

✗ 输入文本失败

开始翻译流程 (尝试 2/2):
========================================
步骤1: 输入藏语文本...
输入文本时出错: Message: tab crashed
  (Session info: chrome=143.0.7499.169)

✗ 输入文本失败
========================================
✗ 翻译失败，跳过此行
✓ 已保存到文件: 546/4500 条

[547/4500] 翻译进度: 12.2%
藏语原文: དགྲ་ནག་པོར་གདོང་ལེན་འགྲོ་རན་གདའ།

开始翻译流程 (尝试 1/2):
========================================
步骤1: 输入藏语文本...
输入文本时出错: Message: tab crashed
  (Session info: chrome=143.0.7499.169)

✗ 输入文本失败

开始翻译流程 (尝试 2/2):
========================================
步骤1: 输入藏语文本...
输入文本时出错: Message: tab crashed
  (Session info: chrome=143.0.7499.169)

✗ 输入文本失败
========================================
✗ 翻译失败，跳过此行
✓ 已保存到文件: 547/4500 条

[548/4500] 翻译进度: 12.2%
藏语原文: མ་འདུག་མྱུར་བར་འཛོམས་ཤོག་དང་།

开始翻译流程 (尝试 1/2):
========================================
步骤1: 输入藏语文本...
输入文本时出错: Message: tab crashed
  (Session info: chrome=143.0.7499.169)

✗ 输入文本失败

开始翻译流程 (尝试 2/2):
========================================
步骤1: 输入藏语文本...
输入文本时出错: Message: tab crashed
  (Session info: chrome=143.0.7499.169)

✗ 输入文本失败
========================================
✗ 翻译失败，跳过此行
✓ 已保存到文件: 548/4500 条

[549/4500] 翻译进度: 12.2%
藏语原文: བདུད་དམག་གླིང་ལ་ཕབ་འདུག་གསུངས།

开始翻译流程 (尝试 1/2):
========================================
步骤1: 输入藏语文本...
输入文本时出错: Message: tab crashed
  (Session info: chrome=143.0.7499.169)

✗ 输入文本失败

开始翻译流程 (尝试 2/2):
========================================
步骤1: 输入藏语文本...
输入文本时出错: Message: tab crashed
  (Session info: chrome=143.0.7499.169)

✗ 输入文本失败
========================================
✗ 翻译失败，跳过此行
✓ 已保存到文件: 549/4500 条

[550/4500] 翻译进度: 12.2%
藏语原文: རྟ་འཇའ་ཚོན་སྣ་ལྔའི་ཆོན་ཐག་གདའ།

开始翻译流程 (尝试 1/2):
========================================
步骤1: 输入藏语文本...
输入文本时出错: Message: tab crashed
  (Session info: chrome=143.0.7499.169)

✗ 输入文本失败

开始翻译流程 (尝试 2/2):
========================================
步骤1: 输入藏语文本...
输入文本时出错: Message: tab crashed
  (Session info: chrome=143.0.7499.169)

✗ 输入文本失败
========================================
✗ 翻译失败，跳过此行
✓ 已保存到文件: 550/4500 条

[551/4500] 翻译进度: 12.2%
藏语原文: གླིང་བཞི་ཡོངས་ལ་ཁྱབ་ནས་འདུག།

开始翻译流程 (尝试 1/2):
========================================
步骤1: 输入藏语文本...
输入文本时出错: Message: tab crashed
  (Session info: chrome=143.0.7499.169)

✗ 输入文本失败

开始翻译流程 (尝试 2/2):
========================================
步骤1: 输入藏语文本...
输入文本时出错: Message: tab crashed
  (Session info: chrome=143.0.7499.169)

✗ 输入文本失败
========================================
✗ 翻译失败，跳过此行
✓ 已保存到文件: 551/4500 条

[552/4500] 翻译进度: 12.3%
藏语原文: འཁོར་གསུམ་ལུས་ལ་ཚང་ནས་འདུག།

开始翻译流程 (尝试 1/2):
========================================
步骤1: 输入藏语文本...
输入文本时出错: Message: tab crashed
  (Session info: chrome=143.0.7499.169)

✗ 输入文本失败

开始翻译流程 (尝试 2/2):
========================================
步骤1: 输入藏语文本...
输入文本时出错: Message: tab crashed
  (Session info: chrome=143.0.7499.169)

✗ 输入文本失败
========================================
✗ 翻译失败，跳过此行
✓ 已保存到文件: 552/4500 条

[553/4500] 翻译进度: 12.3%
藏语原文: རྟ་མགྱོགས་པའི་བང་ཁ་བཤིབས་ཆས་འདུག།

开始翻译流程 (尝试 1/2):
========================================
步骤1: 输入藏语文本...
输入文本时出错: Message: tab crashed
  (Session info: chrome=143.0.7499.169)

✗ 输入文本失败

开始翻译流程 (尝试 2/2):
========================================
步骤1: 输入藏语文本...
输入文本时出错: Message: tab crashed
  (Session info: chrome=143.0.7499.169)

✗ 输入文本失败
========================================
✗ 翻译失败，跳过此行
✓ 已保存到文件: 553/4500 条

[554/4500] 翻译进度: 12.3%
藏语原文: དགྲ་མི་ཐུབ་བསམ་པ་བོར་ནས་འདུག།

开始翻译流程 (尝试 1/2):
========================================
步骤1: 输入藏语文本...
输入文本时出错: Message: tab crashed
  (Session info: chrome=143.0.7499.169)

✗ 输入文本失败

开始翻译流程 (尝试 2/2):
========================================
步骤1: 输入藏语文本...
输入文本时出错: Message: tab crashed
  (Session info: chrome=143.0.7499.169)

✗ 输入文本失败
========================================
✗ 翻译失败，跳过此行
✓ 已保存到文件: 554/4500 条

[555/4500] 翻译进度: 12.3%
藏语原文: རུ་སྐྱོར་དཔུང་གྲལ་བསྒྲིགས་ནས་འདུག།

开始翻译流程 (尝试 1/2):
========================================
步骤1: 输入藏语文本...
输入文本时出错: Message: tab crashed
  (Session info: chrome=143.0.7499.169)

✗ 输入文本失败

开始翻译流程 (尝试 2/2):
========================================
步骤1: 输入藏语文本...
输入文本时出错: Message: tab crashed
  (Session info: chrome=143.0.7499.169)

✗ 输入文本失败
========================================
✗ 翻译失败，跳过此行
✓ 已保存到文件: 555/4500 条

[556/4500] 翻译进度: 12.4%
藏语原文: ༢ འཕྲུ་སྔོན་སྨུག་རླབས་འཕྱུར་འདྲ་གདའ།

开始翻译流程 (尝试 1/2):
========================================
步骤1: 输入藏语文本...
输入文本时出错: Message: tab crashed
  (Session info: chrome=143.0.7499.169)

✗ 输入文本失败

开始翻译流程 (尝试 2/2):
========================================
步骤1: 输入藏语文本...
输入文本时出错: Message: tab crashed
  (Session info: chrome=143.0.7499.169)

✗ 输入文本失败
========================================
✗ 翻译失败，跳过此行
✓ 已保存到文件: 556/4500 条

[557/4500] 翻译进度: 12.4%
藏语原文: གཡུ་འཕྲུ་དར་མདུད་ཉིལ་ལེ་གདའ།

开始翻译流程 (尝试 1/2):
========================================
步骤1: 输入藏语文本...
输入文本时出错: Message: tab crashed
  (Session info: chrome=143.0.7499.169)

✗ 输入文本失败

开始翻译流程 (尝试 2/2):
========================================
步骤1: 输入藏语文本...
输入文本时出错: Message: tab crashed
  (Session info: chrome=143.0.7499.169)

✗ 输入文本失败
========================================
✗ 翻译失败，跳过此行
✓ 已保存到文件: 557/4500 条

[558/4500] 翻译进度: 12.4%
藏语原文: དཔའ་དགྲ་ལྷའི་ངར་སྐད་ཉིལ་ལེ་གདའ།

开始翻译流程 (尝试 1/2):
========================================
步骤1: 输入藏语文本...
输入文本时出错: Message: tab crashed
  (Session info: chrome=143.0.7499.169)

✗ 输入文本失败

开始翻译流程 (尝试 2/2):
========================================
步骤1: 输入藏语文本...
输入文本时出错: Message: tab crashed
  (Session info: chrome=143.0.7499.169)

✗ 输入文本失败
========================================
✗ 翻译失败，跳过此行
✓ 已保存到文件: 558/4500 条

[559/4500] 翻译进度: 12.4%
藏语原文: འབྲུག་ཐོང་གློག་ཞགས་ཁྱུག་གེ་གདའ།

开始翻译流程 (尝试 1/2):
========================================
步骤1: 输入藏语文本...
输入文本时出错: Message: tab crashed
  (Session info: chrome=143.0.7499.169)

✗ 输入文本失败

开始翻译流程 (尝试 2/2):
========================================
步骤1: 输入藏语文本...
输入文本时出错: Message: tab crashed
  (Session info: chrome=143.0.7499.169)

✗ 输入文本失败
========================================
✗ 翻译失败，跳过此行
✓ 已保存到文件: 559/4500 条

[560/4500] 翻译进度: 12.4%
藏语原文: འཕྲུ་དམར་ཁྲག་མཚོ་འཁྱིལ་འདྲ་གདའ།

开始翻译流程 (尝试 1/2):
========================================
步骤1: 输入藏语文本...
输入文本时出错: Message: tab crashed
  (Session info: chrome=143.0.7499.169)

✗ 输入文本失败

开始翻译流程 (尝试 2/2):
========================================
步骤1: 输入藏语文本...
输入文本时出错: Message: tab crashed
  (Session info: chrome=143.0.7499.169)

✗ 输入文本失败
========================================
✗ 翻译失败，跳过此行
✓ 已保存到文件: 560/4500 条

[561/4500] 翻译进度: 12.5%
藏语原文: མི་དམར་བཙན་བདུད་ཁྲོས་འདྲ་གདའ།

开始翻译流程 (尝试 1/2):
========================================
步骤1: 输入藏语文本...
输入文本时出错: Message: tab crashed
  (Session info: chrome=143.0.7499.169)

✗ 输入文本失败

开始翻译流程 (尝试 2/2):
========================================
步骤1: 输入藏语文本...
输入文本时出错: Message: tab crashed
  (Session info: chrome=143.0.7499.169)

✗ 输入文本失败
========================================
✗ 翻译失败，跳过此行
✓ 已保存到文件: 561/4500 条

[562/4500] 翻译进度: 12.5%
藏语原文: ཁྲག་མཚོ་ཐང་ལ་འཁྱིལ་འདྲ་གདའ།

开始翻译流程 (尝试 1/2):
========================================
步骤1: 输入藏语文本...
输入文本时出错: Message: tab crashed
  (Session info: chrome=143.0.7499.169)

✗ 输入文本失败

开始翻译流程 (尝试 2/2):
========================================
步骤1: 输入藏语文本...
输入文本时出错: Message: tab crashed
  (Session info: chrome=143.0.7499.169)

✗ 输入文本失败
========================================
✗ 翻译失败，跳过此行
✓ 已保存到文件: 562/4500 条

[563/4500] 翻译进度: 12.5%
藏语原文: མི་བཙན་སྟག་རོང་ཁྲོ་རྒྱལ་གདའ།

开始翻译流程 (尝试 1/2):
========================================
步骤1: 输入藏语文本...
输入文本时出错: Message: tab crashed
  (Session info: chrome=143.0.7499.169)

✗ 输入文本失败

开始翻译流程 (尝试 2/2):
========================================
步骤1: 输入藏语文本...
输入文本时出错: Message: tab crashed
  (Session info: chrome=143.0.7499.169)

✗ 输入文本失败
========================================
✗ 翻译失败，跳过此行
✓ 已保存到文件: 563/4500 条

[564/4500] 翻译进度: 12.5%
藏语原文: སྔགས་ལ་ཧཱུྃ་ཤི་ཕཊ་འགྱེད་གདའ།

开始翻译流程 (尝试 1/2):
========================================
步骤1: 输入藏语文本...
输入文本时出错: Message: tab crashed
  (Session info: chrome=143.0.7499.169)

✗ 输入文本失败

开始翻译流程 (尝试 2/2):
========================================
步骤1: 输入藏语文本...
输入文本时出错: Message: tab crashed
  (Session info: chrome=143.0.7499.169)

✗ 输入文本失败
========================================
✗ 翻译失败，跳过此行
✓ 已保存到文件: 564/4500 条

[565/4500] 翻译进度: 12.6%
藏语原文: ད་རུང་དཔའ་རྟུལ་གྲལ་ལ་གདའ།

开始翻译流程 (尝试 1/2):
========================================
步骤1: 输入藏语文本...
输入文本时出错: Message: tab crashed
  (Session info: chrome=143.0.7499.169)

✗ 输入文本失败

开始翻译流程 (尝试 2/2):
========================================
步骤1: 输入藏语文本...
输入文本时出错: Message: tab crashed
  (Session info: chrome=143.0.7499.169)

✗ 输入文本失败
========================================
✗ 翻译失败，跳过此行
✓ 已保存到文件: 565/4500 条

[566/4500] 翻译进度: 12.6%
藏语原文: ལོ་ཆེ་ཆུང་མེད་པར་འཛོམས་ནས་འདུག།

开始翻译流程 (尝试 1/2):
========================================
步骤1: 输入藏语文本...
输入文本时出错: Message: tab crashed
  (Session info: chrome=143.0.7499.169)

✗ 输入文本失败

开始翻译流程 (尝试 2/2):
========================================
步骤1: 输入藏语文本...
输入文本时出错: Message: tab crashed
  (Session info: chrome=143.0.7499.169)

✗ 输入文本失败
========================================
✗ 翻译失败，跳过此行
✓ 已保存到文件: 566/4500 条

[567/4500] 翻译进度: 12.6%
藏语原文: བྱེ་རི་ལྷུན་གྲུབ་ཉི་མ་གདའ།

开始翻译流程 (尝试 1/2):
========================================
步骤1: 输入藏语文本...
输入文本时出错: Message: tab crashed
  (Session info: chrome=143.0.7499.169)

✗ 输入文本失败

开始翻译流程 (尝试 2/2):
========================================
步骤1: 输入藏语文本...
输入文本时出错: Message: tab crashed
  (Session info: chrome=143.0.7499.169)

✗ 输入文本失败
========================================
✗ 翻译失败，跳过此行
✓ 已保存到文件: 567/4500 条

[568/4500] 翻译进度: 12.6%
藏语原文: དམག་གསེར་ཁྲབ་ཅན་ལ་བདུན་བརྒྱ་གདའ།

开始翻译流程 (尝试 1/2):
========================================
步骤1: 输入藏语文本...
输入文本时出错: Message: tab crashed
  (Session info: chrome=143.0.7499.169)

✗ 输入文本失败

开始翻译流程 (尝试 2/2):
========================================
步骤1: 输入藏语文本...
输入文本时出错: Message: tab crashed
  (Session info: chrome=143.0.7499.169)

✗ 输入文本失败
========================================
✗ 翻译失败，跳过此行
✓ 已保存到文件: 568/4500 条

[569/4500] 翻译进度: 12.6%
藏语原文: དངུལ་ཁྲབ་ཅན་ལ་དྲུག་བརྒྱ་གདའ།

开始翻译流程 (尝试 1/2):
========================================
步骤1: 输入藏语文本...
输入文本时出错: Message: tab crashed
  (Session info: chrome=143.0.7499.169)

✗ 输入文本失败

开始翻译流程 (尝试 2/2):
========================================
步骤1: 输入藏语文本...
输入文本时出错: Message: tab crashed
  (Session info: chrome=143.0.7499.169)

✗ 输入文本失败
========================================
✗ 翻译失败，跳过此行
✓ 已保存到文件: 569/4500 条

[570/4500] 翻译进度: 12.7%
藏语原文: དམག་དཔོན་ལྔ་བཅུས་བསྐོར་ནས་འདུག།

开始翻译流程 (尝试 1/2):
========================================
步骤1: 输入藏语文本...
输入文本时出错: Message: tab crashed
  (Session info: chrome=143.0.7499.169)

✗ 输入文本失败

开始翻译流程 (尝试 2/2):
========================================
步骤1: 输入藏语文本...
输入文本时出错: Message: tab crashed
  (Session info: chrome=143.0.7499.169)

✗ 输入文本失败
========================================
✗ 翻译失败，跳过此行
✓ 已保存到文件: 570/4500 条

[571/4500] 翻译进度: 12.7%
藏语原文: སེར་པོ་གསེར་ཕྱེ་བརྡལ་འདྲ་གདའ།

开始翻译流程 (尝试 1/2):
========================================
步骤1: 输入藏语文本...
输入文本时出错: Message: tab crashed
  (Session info: chrome=143.0.7499.169)

✗ 输入文本失败

开始翻译流程 (尝试 2/2):
========================================
步骤1: 输入藏语文本...
输入文本时出错: Message: tab crashed
  (Session info: chrome=143.0.7499.169)

✗ 输入文本失败
========================================
✗ 翻译失败，跳过此行
✓ 已保存到文件: 571/4500 条

[572/4500] 翻译进度: 12.7%
藏语原文: དམར་པོ་མེ་ལྕེ་མཆེད་འདྲ་གདའ།

开始翻译流程 (尝试 1/2):
========================================
步骤1: 输入藏语文本...
输入文本时出错: Message: tab crashed
  (Session info: chrome=143.0.7499.169)

✗ 输入文本失败

开始翻译流程 (尝试 2/2):
========================================
步骤1: 输入藏语文本...
输入文本时出错: Message: tab crashed
  (Session info: chrome=143.0.7499.169)

✗ 输入文本失败
========================================
✗ 翻译失败，跳过此行
✓ 已保存到文件: 572/4500 条

[573/4500] 翻译进度: 12.7%
藏语原文: ཕྱི་ཤོག་དཔའ་རྟུལ་བརྒྱད་ཅུ་གདའ།

开始翻译流程 (尝试 1/2):
========================================
步骤1: 输入藏语文本...
输入文本时出错: Message: tab crashed
  (Session info: chrome=143.0.7499.169)

✗ 输入文本失败

开始翻译流程 (尝试 2/2):
========================================
步骤1: 输入藏语文本...
输入文本时出错: Message: tab crashed
  (Session info: chrome=143.0.7499.169)

✗ 输入文本失败
========================================
✗ 翻译失败，跳过此行
✓ 已保存到文件: 573/4500 条

[574/4500] 翻译进度: 12.8%
藏语原文: འབུམ་དམག་མང་པོ་ཕབ་འདུག་གསུངས།

开始翻译流程 (尝试 1/2):
========================================
步骤1: 输入藏语文本...
输入文本时出错: Message: tab crashed
  (Session info: chrome=143.0.7499.169)

✗ 输入文本失败

开始翻译流程 (尝试 2/2):
========================================
步骤1: 输入藏语文本...
输入文本时出错: Message: tab crashed
  (Session info: chrome=143.0.7499.169)

✗ 输入文本失败
========================================
✗ 翻译失败，跳过此行
✓ 已保存到文件: 574/4500 条

[575/4500] 翻译进度: 12.8%
藏语原文: ལས་དམག་གླིང་ལ་ཕབ་འདུག་གསུངས།

开始翻译流程 (尝试 1/2):
========================================
步骤1: 输入藏语文本...
输入文本时出错: Message: tab crashed
  (Session info: chrome=143.0.7499.169)

✗ 输入文本失败

开始翻译流程 (尝试 2/2):
========================================
步骤1: 输入藏语文本...
输入文本时出错: Message: tab crashed
  (Session info: chrome=143.0.7499.169)

✗ 输入文本失败
========================================
✗ 翻译失败，跳过此行
✓ 已保存到文件: 575/4500 条

[576/4500] 翻译进度: 12.8%
藏语原文: ད་གླིང་དམག་མྱུར་དུ་འགྲོ་དགོས་འདུག།་

开始翻译流程 (尝试 1/2):
========================================
步骤1: 输入藏语文本...
输入文本时出错: Message: tab crashed
  (Session info: chrome=143.0.7499.169)

✗ 输入文本失败

开始翻译流程 (尝试 2/2):
========================================
步骤1: 输入藏语文本...
输入文本时出错: Message: tab crashed
  (Session info: chrome=143.0.7499.169)

✗ 输入文本失败
========================================
✗ 翻译失败，跳过此行
✓ 已保存到文件: 576/4500 条

[577/4500] 翻译进度: 12.8%
藏语原文: ཙྀསྟག་རོང་དཔོན་དང་ང་རང་གཉིས།

开始翻译流程 (尝试 1/2):
========================================
步骤1: 输入藏语文本...
输入文本时出错: Message: tab crashed
  (Session info: chrome=143.0.7499.169)

✗ 输入文本失败

开始翻译流程 (尝试 2/2):
========================================
步骤1: 输入藏语文本...
输入文本时出错: Message: tab crashed
  (Session info: chrome=143.0.7499.169)

✗ 输入文本失败
========================================
✗ 翻译失败，跳过此行
✓ 已保存到文件: 577/4500 条

[578/4500] 翻译进度: 12.8%
藏语原文: ཕྱོགས་ཁག་བཞིའི་བདུད་བཞི་བརླགས་གདའ་ཟེར།

开始翻译流程 (尝试 1/2):
========================================
步骤1: 输入藏语文本...
输入文本时出错: Message: tab crashed
  (Session info: chrome=143.0.7499.169)

✗ 输入文本失败

开始翻译流程 (尝试 2/2):
========================================
步骤1: 输入藏语文本...
输入文本时出错: Message: tab crashed
  (Session info: chrome=143.0.7499.169)

✗ 输入文本失败
========================================
✗ 翻译失败，跳过此行
✓ 已保存到文件: 578/4500 条

[579/4500] 翻译进度: 12.9%
藏语原文: འགྲོ་ཚོད་འདུག་ཚོད་ཁྱེད་ཀྱིས་ཟུངས།

开始翻译流程 (尝试 1/2):
========================================
步骤1: 输入藏语文本...
输入文本时出错: Message: tab crashed
  (Session info: chrome=143.0.7499.169)

✗ 输入文本失败

开始翻译流程 (尝试 2/2):
========================================
步骤1: 输入藏语文本...
输入文本时出错: Message: tab crashed
  (Session info: chrome=143.0.7499.169)

✗ 输入文本失败
========================================
✗ 翻译失败，跳过此行
✓ 已保存到文件: 579/4500 条

[580/4500] 翻译进度: 12.9%
藏语原文: ང་བློན་པོར་བསམ་ཚུལ་དེ་འདྲ་གདའ།

开始翻译流程 (尝试 1/2):
========================================
步骤1: 输入藏语文本...
输入文本时出错: Message: tab crashed
  (Session info: chrome=143.0.7499.169)

✗ 输入文本失败

开始翻译流程 (尝试 2/2):
========================================
步骤1: 输入藏语文本...
输入文本时出错: Message: tab crashed
  (Session info: chrome=143.0.7499.169)

✗ 输入文本失败
========================================
✗ 翻译失败，跳过此行
✓ 已保存到文件: 580/4500 条

[581/4500] 翻译进度: 12.9%
藏语原文: མདུན་གྲལ་དོམ་ནག་ཁྲོས་འདྲ་གདའ།

开始翻译流程 (尝试 1/2):
========================================
步骤1: 输入藏语文本...
输入文本时出错: Message: tab crashed
  (Session info: chrome=143.0.7499.169)

✗ 输入文本失败

开始翻译流程 (尝试 2/2):
========================================
步骤1: 输入藏语文本...
输入文本时出错: Message: tab crashed
  (Session info: chrome=143.0.7499.169)

✗ 输入文本失败
========================================
✗ 翻译失败，跳过此行
✓ 已保存到文件: 581/4500 条

[582/4500] 翻译进度: 12.9%
藏语原文: དགུན་ལྷགས་པའི་གདོང་ལ་ཨེ་འདུག་བལྟ།

开始翻译流程 (尝试 1/2):
========================================
步骤1: 输入藏语文本...
输入文本时出错: Message: tab crashed
  (Session info: chrome=143.0.7499.169)

✗ 输入文本失败

开始翻译流程 (尝试 2/2):
========================================
步骤1: 输入藏语文本...
输入文本时出错: Message: tab crashed
  (Session info: chrome=143.0.7499.169)

✗ 输入文本失败
========================================
✗ 翻译失败，跳过此行
✓ 已保存到文件: 582/4500 条

[583/4500] 翻译进度: 13.0%
藏语原文: ང་རང་བློན་པོའི་བསམ་ཚུལ་ལ།

开始翻译流程 (尝试 1/2):
========================================
步骤1: 输入藏语文本...
输入文本时出错: Message: tab crashed
  (Session info: chrome=143.0.7499.169)

✗ 输入文本失败

开始翻译流程 (尝试 2/2):
========================================
步骤1: 输入藏语文本...
输入文本时出错: Message: tab crashed
  (Session info: chrome=143.0.7499.169)

✗ 输入文本失败
========================================
✗ 翻译失败，跳过此行
✓ 已保存到文件: 583/4500 条

[584/4500] 翻译进度: 13.0%
藏语原文: ང་བློན་པོར་བསམ་ཚུལ་དེ་འདྲ་གདའ།

开始翻译流程 (尝试 1/2):
========================================
步骤1: 输入藏语文本...
输入文本时出错: Message: tab crashed
  (Session info: chrome=143.0.7499.169)

✗ 输入文本失败

开始翻译流程 (尝试 2/2):
========================================
步骤1: 输入藏语文本...
输入文本时出错: Message: tab crashed
  (Session info: chrome=143.0.7499.169)

✗ 输入文本失败
========================================
✗ 翻译失败，跳过此行
✓ 已保存到文件: 584/4500 条

[585/4500] 翻译进度: 13.0%
藏语原文: ཁྱེད་རྒྱལ་བློན་བསམ་ཚུལ་ཅི་འདྲ་འདུག།

开始翻译流程 (尝试 1/2):
========================================
步骤1: 输入藏语文本...
输入文本时出错: Message: tab crashed
  (Session info: chrome=143.0.7499.169)

✗ 输入文本失败

开始翻译流程 (尝试 2/2):
========================================
步骤1: 输入藏语文本...
输入文本时出错: Message: tab crashed
  (Session info: chrome=143.0.7499.169)

✗ 输入文本失败
========================================
✗ 翻译失败，跳过此行
✓ 已保存到文件: 585/4500 条

[586/4500] 翻译进度: 13.0%
藏语原文: བཟང་ངན་ཤན་འབྱེད་མི་ཤེས་འདུག།

开始翻译流程 (尝试 1/2):
========================================
步骤1: 输入藏语文本...
输入文本时出错: Message: tab crashed
  (Session info: chrome=143.0.7499.169)

✗ 输入文本失败

开始翻译流程 (尝试 2/2):
========================================
步骤1: 输入藏语文本...
输入文本时出错: Message: tab crashed
  (Session info: chrome=143.0.7499.169)

✗ 输入文本失败
========================================
✗ 翻译失败，跳过此行
✓ 已保存到文件: 586/4500 条

[587/4500] 翻译进度: 13.0%
藏语原文: ཁྱེད་རྒྱལ་བློན་དགོངས་ཚུལ་ཅི་འདྲ་གདའ།

开始翻译流程 (尝试 1/2):
========================================
步骤1: 输入藏语文本...
输入文本时出错: Message: tab crashed
  (Session info: chrome=143.0.7499.169)

✗ 输入文本失败

开始翻译流程 (尝试 2/2):
========================================
步骤1: 输入藏语文本...
输入文本时出错: Message: tab crashed
  (Session info: chrome=143.0.7499.169)

✗ 输入文本失败
========================================
✗ 翻译失败，跳过此行
✓ 已保存到文件: 587/4500 条

[588/4500] 翻译进度: 13.1%
藏语原文: རང་རང་རྟ་ལ་སྒ་ཆས་སྟོད།

开始翻译流程 (尝试 1/2):
========================================
步骤1: 输入藏语文本...
输入文本时出错: Message: tab crashed
  (Session info: chrome=143.0.7499.169)

✗ 输入文本失败

开始翻译流程 (尝试 2/2):
========================================
步骤1: 输入藏语文本...
输入文本时出错: Message: tab crashed
  (Session info: chrome=143.0.7499.169)

✗ 输入文本失败
========================================
✗ 翻译失败，跳过此行
✓ 已保存到文件: 588/4500 条

[589/4500] 翻译进度: 13.1%
藏语原文: ཁྱེད་རང་དམག་དཔོན་གསུམ་པོ་དེས།

开始翻译流程 (尝试 1/2):
========================================
步骤1: 输入藏语文本...
输入文本时出错: Message: tab crashed
  (Session info: chrome=143.0.7499.169)

✗ 输入文本失败

开始翻译流程 (尝试 2/2):
========================================
步骤1: 输入藏语文本...
输入文本时出错: Message: tab crashed
  (Session info: chrome=143.0.7499.169)

✗ 输入文本失败
========================================
✗ 翻译失败，跳过此行
✓ 已保存到文件: 589/4500 条

[590/4500] 翻译进度: 13.1%
藏语原文: རང་རང་རྟ་ལ་སྒ་ཆས་སྤྲོད།

开始翻译流程 (尝试 1/2):
========================================
步骤1: 输入藏语文本...
输入文本时出错: Message: tab crashed
  (Session info: chrome=143.0.7499.169)

✗ 输入文本失败

开始翻译流程 (尝试 2/2):
========================================
步骤1: 输入藏语文本...
输入文本时出错: Message: tab crashed
  (Session info: chrome=143.0.7499.169)

✗ 输入文本失败
========================================
✗ 翻译失败，跳过此行
✓ 已保存到文件: 590/4500 条

[591/4500] 翻译进度: 13.1%
藏语原文: ང་རང་ནུབ་ཀྱི་རྒྱལ་ས་ནས།

开始翻译流程 (尝试 1/2):
========================================
步骤1: 输入藏语文本...
输入文本时出错: Message: tab crashed
  (Session info: chrome=143.0.7499.169)

✗ 输入文本失败

开始翻译流程 (尝试 2/2):
========================================
步骤1: 输入藏语文本...
输入文本时出错: Message: tab crashed
  (Session info: chrome=143.0.7499.169)

✗ 输入文本失败
========================================
✗ 翻译失败，跳过此行
✓ 已保存到文件: 591/4500 条

[592/4500] 翻译进度: 13.2%
藏语原文: དུ་ཚ་འདི་མུས་སྡོད་ཐབས་མི་གདའ་ལགས།

开始翻译流程 (尝试 1/2):
========================================
步骤1: 输入藏语文本...
输入文本时出错: Message: tab crashed
  (Session info: chrome=143.0.7499.169)

✗ 输入文本失败

开始翻译流程 (尝试 2/2):
========================================
步骤1: 输入藏语文本...
输入文本时出错: Message: tab crashed
  (Session info: chrome=143.0.7499.169)

✗ 输入文本失败
========================================
✗ 翻译失败，跳过此行
✓ 已保存到文件: 592/4500 条

[593/4500] 翻译进度: 13.2%
藏语原文: རུ་འདྲེན་འདན་མ་ང་རང་ཡིན།

开始翻译流程 (尝试 1/2):
========================================
步骤1: 输入藏语文本...
输入文本时出错: Message: tab crashed
  (Session info: chrome=143.0.7499.169)

✗ 输入文本失败

开始翻译流程 (尝试 2/2):
========================================
步骤1: 输入藏语文本...
输入文本时出错: Message: tab crashed
  (Session info: chrome=143.0.7499.169)

✗ 输入文本失败
========================================
✗ 翻译失败，跳过此行
✓ 已保存到文件: 593/4500 条

[594/4500] 翻译进度: 13.2%
藏语原文: རང་རང་དེ་ལྟར་བགོ་བཤའ་གྱིས།

开始翻译流程 (尝试 1/2):
========================================
步骤1: 输入藏语文本...
输入文本时出错: Message: tab crashed
  (Session info: chrome=143.0.7499.169)

✗ 输入文本失败

开始翻译流程 (尝试 2/2):
========================================
步骤1: 输入藏语文本...
输入文本时出错: Message: tab crashed
  (Session info: chrome=143.0.7499.169)

✗ 输入文本失败
========================================
✗ 翻译失败，跳过此行
✓ 已保存到文件: 594/4500 条

[595/4500] 翻译进度: 13.2%
藏语原文: སྤྱི་དཔོན་དང་ཕ་ཁུ་རྒན་རབས་རྣམས་ཀྱིས་ཁྲབ་རྨོག་འཁོར་...

开始翻译流程 (尝试 1/2):
========================================
步骤1: 输入藏语文本...
输入文本时出错: Message: tab crashed
  (Session info: chrome=143.0.7499.169)

✗ 输入文本失败

开始翻译流程 (尝试 2/2):
========================================
步骤1: 输入藏语文本...
输入文本时出错: Message: tab crashed
  (Session info: chrome=143.0.7499.169)

✗ 输入文本失败
========================================
✗ 翻译失败，跳过此行
✓ 已保存到文件: 595/4500 条

[596/4500] 翻译进度: 13.2%
藏语原文: འདུག་པམས་རྦ་ཀློང་སྨུག་པ་འཚུབས་སེ་འཚུབ།

开始翻译流程 (尝试 1/2):
========================================
步骤1: 输入藏语文本...
输入文本时出错: Message: tab crashed
  (Session info: chrome=143.0.7499.169)

✗ 输入文本失败

开始翻译流程 (尝试 2/2):
========================================
步骤1: 输入藏语文本...
输入文本时出错: Message: tab crashed
  (Session info: chrome=143.0.7499.169)

✗ 输入文本失败
========================================
✗ 翻译失败，跳过此行
✓ 已保存到文件: 596/4500 条

[597/4500] 翻译进度: 13.3%
藏语原文: ལཌཆུ་སྲིན་རྐན་སྒྲ་ཐག་གེ་གདའ།

开始翻译流程 (尝试 1/2):
========================================
步骤1: 输入藏语文本...
输入文本时出错: Message: tab crashed
  (Session info: chrome=143.0.7499.169)

✗ 输入文本失败

开始翻译流程 (尝试 2/2):
========================================
步骤1: 输入藏语文本...
输入文本时出错: Message: tab crashed
  (Session info: chrome=143.0.7499.169)

✗ 输入文本失败
========================================
✗ 翻译失败，跳过此行
✓ 已保存到文件: 597/4500 条

[598/4500] 翻译进度: 13.3%
藏语原文: ཉ་སྲམ་འུར་སྒྲ་ཉིལ་ལེ་གདའ།

开始翻译流程 (尝试 1/2):
========================================
步骤1: 输入藏语文本...
输入文本时出错: Message: tab crashed
  (Session info: chrome=143.0.7499.169)

✗ 输入文本失败

开始翻译流程 (尝试 2/2):
========================================
步骤1: 输入藏语文本...
输入文本时出错: Message: tab crashed
  (Session info: chrome=143.0.7499.169)

✗ 输入文本失败
========================================
✗ 翻译失败，跳过此行
✓ 已保存到文件: 598/4500 条

[599/4500] 翻译进度: 13.3%
藏语原文: ལྷ་ཆེན་ཚངས་པའི་བསུ་མ་གདའ།་

开始翻译流程 (尝试 1/2):
========================================
步骤1: 输入藏语文本...
输入文本时出错: Message: tab crashed
  (Session info: chrome=143.0.7499.169)

✗ 输入文本失败

开始翻译流程 (尝试 2/2):
========================================
步骤1: 输入藏语文本...
输入文本时出错: Message: tab crashed
  (Session info: chrome=143.0.7499.169)

✗ 输入文本失败
========================================
✗ 翻译失败，跳过此行
✓ 已保存到文件: 599/4500 条

[600/4500] 翻译进度: 13.3%
藏语原文: རང་རང་བབ་ཐོབ་ཀྱི་གདན་ལ་འཁོད་ཅིང་གསུང་གླེང་ཞལ་རྩེད་...

开始翻译流程 (尝试 1/2):
========================================
步骤1: 输入藏语文本...
输入文本时出错: Message: tab crashed
  (Session info: chrome=143.0.7499.169)

✗ 输入文本失败

开始翻译流程 (尝试 2/2):
========================================
步骤1: 输入藏语文本...
输入文本时出错: Message: tab crashed
  (Session info: chrome=143.0.7499.169)

✗ 输入文本失败
========================================
✗ 翻译失败，跳过此行
✓ 已保存到文件: 600/4500 条

[601/4500] 翻译进度: 13.4%
藏语原文: ཆུ་མ་འདུག་མྱུར་བར་འགྲོ་གྲབས་གྱིས།

开始翻译流程 (尝试 1/2):
========================================
步骤1: 输入藏语文本...
输入文本时出错: Message: tab crashed
  (Session info: chrome=143.0.7499.169)

✗ 输入文本失败

开始翻译流程 (尝试 2/2):
========================================
步骤1: 输入藏语文本...
输入文本时出错: Message: tab crashed
  (Session info: chrome=143.0.7499.169)

✗ 输入文本失败
========================================
✗ 翻译失败，跳过此行
✓ 已保存到文件: 601/4500 条

[602/4500] 翻译进度: 13.4%
藏语原文: རི་མགོར་དམག་སྐུང་འདུག་རྒྱུ་དགོས།

开始翻译流程 (尝试 1/2):
========================================
步骤1: 输入藏语文本...
输入文本时出错: Message: tab crashed
  (Session info: chrome=143.0.7499.169)

✗ 输入文本失败

开始翻译流程 (尝试 2/2):
========================================
步骤1: 输入藏语文本...
输入文本时出错: Message: tab crashed
  (Session info: chrome=143.0.7499.169)

✗ 输入文本失败
========================================
✗ 翻译失败，跳过此行
✓ 已保存到文件: 602/4500 条

[603/4500] 翻译进度: 13.4%
藏语原文: བྱང་ཆུ་ལྕགས་ནག་རྦབ་རྒོད་ཀྱི་རབ་ཁ་གསུམ་ལ་འགྲོ་འདུག་...

开始翻译流程 (尝试 1/2):
========================================
步骤1: 输入藏语文本...
输入文本时出错: Message: tab crashed
  (Session info: chrome=143.0.7499.169)

✗ 输入文本失败

开始翻译流程 (尝试 2/2):
========================================
步骤1: 输入藏语文本...
输入文本时出错: Message: tab crashed
  (Session info: chrome=143.0.7499.169)

✗ 输入文本失败
========================================
✗ 翻译失败，跳过此行
✓ 已保存到文件: 603/4500 条

[604/4500] 翻译进度: 13.4%
藏语原文: སྔོན་མ་སྔོན་དུ་ཡོང་ཞིང་གདའ།

开始翻译流程 (尝试 1/2):
========================================
步骤1: 输入藏语文本...
输入文本时出错: Message: tab crashed
  (Session info: chrome=143.0.7499.169)

✗ 输入文本失败

开始翻译流程 (尝试 2/2):
========================================
步骤1: 输入藏语文本...
输入文本时出错: Message: tab crashed
  (Session info: chrome=143.0.7499.169)

✗ 输入文本失败
========================================
✗ 翻译失败，跳过此行
✓ 已保存到文件: 604/4500 条

[605/4500] 翻译进度: 13.4%
藏语原文: ཌིས་ལྟ་སོ་མྱུལ་ཡོང་ཞིང་གདའ།

开始翻译流程 (尝试 1/2):
========================================
步骤1: 输入藏语文本...
输入文本时出错: Message: tab crashed
  (Session info: chrome=143.0.7499.169)

✗ 输入文本失败

开始翻译流程 (尝试 2/2):
========================================
步骤1: 输入藏语文本...
输入文本时出错: Message: tab crashed
  (Session info: chrome=143.0.7499.169)

✗ 输入文本失败
========================================
✗ 翻译失败，跳过此行
✓ 已保存到文件: 605/4500 条

[606/4500] 翻译进度: 13.5%
藏语原文: དེ་ཚོ་རྗེས་ནས་ཡོང་ཞིང་གདའ།

开始翻译流程 (尝试 1/2):
========================================
步骤1: 输入藏语文本...
输入文本时出错: Message: tab crashed
  (Session info: chrome=143.0.7499.169)

✗ 输入文本失败

开始翻译流程 (尝试 2/2):
========================================
步骤1: 输入藏语文本...
输入文本时出错: Message: tab crashed
  (Session info: chrome=143.0.7499.169)

✗ 输入文本失败
========================================
✗ 翻译失败，跳过此行
✓ 已保存到文件: 606/4500 条

[607/4500] 翻译进度: 13.5%
藏语原文: རུ་གྲལ་བསྒྲིགས་ནས་ཡོང་ཞིང་གདའ།

开始翻译流程 (尝试 1/2):
========================================
步骤1: 输入藏语文本...
输入文本时出错: Message: tab crashed
  (Session info: chrome=143.0.7499.169)

✗ 输入文本失败

开始翻译流程 (尝试 2/2):
========================================
步骤1: 输入藏语文本...
输入文本时出错: Message: tab crashed
  (Session info: chrome=143.0.7499.169)

✗ 输入文本失败
========================================
✗ 翻译失败，跳过此行
✓ 已保存到文件: 607/4500 条

[608/4500] 翻译进度: 13.5%
藏语原文: ཚོཁྲི་དམག་བཞི་ཡི་དཔུང་རོགས་གདའ།

开始翻译流程 (尝试 1/2):
========================================
步骤1: 输入藏语文本...
输入文本时出错: Message: tab crashed
  (Session info: chrome=143.0.7499.169)

✗ 输入文本失败

开始翻译流程 (尝试 2/2):
========================================
步骤1: 输入藏语文本...
输入文本时出错: Message: tab crashed
  (Session info: chrome=143.0.7499.169)

✗ 输入文本失败
========================================
✗ 翻译失败，跳过此行
✓ 已保存到文件: 608/4500 条

[609/4500] 翻译进度: 13.5%
藏语原文: ལམ་དེ་གཏད་ནས་ཡོང་ཞིང་གདའ།

开始翻译流程 (尝试 1/2):
========================================
步骤1: 输入藏语文本...
输入文本时出错: Message: tab crashed
  (Session info: chrome=143.0.7499.169)

✗ 输入文本失败

开始翻译流程 (尝试 2/2):
========================================
步骤1: 输入藏语文本...
输入文本时出错: Message: tab crashed
  (Session info: chrome=143.0.7499.169)

✗ 输入文本失败
========================================
✗ 翻译失败，跳过此行
✓ 已保存到文件: 609/4500 条

[610/4500] 翻译进度: 13.6%
藏语原文: མདའ་སྐྱེན་པོའི་མཐེབ་རྩལ་ངོམ་རན་གདའ།

开始翻译流程 (尝试 1/2):
========================================
步骤1: 输入藏语文本...
输入文本时出错: Message: tab crashed
  (Session info: chrome=143.0.7499.169)

✗ 输入文本失败

开始翻译流程 (尝试 2/2):
========================================
步骤1: 输入藏语文本...
输入文本时出错: Message: tab crashed
  (Session info: chrome=143.0.7499.169)

✗ 输入文本失败
========================================
✗ 翻译失败，跳过此行
✓ 已保存到文件: 610/4500 条

[611/4500] 翻译进度: 13.6%
藏语原文: གྲི་རྣོ་ངར་སུ་ཆེ་ལྟ་རན་གདའ།

开始翻译流程 (尝试 1/2):
========================================
步骤1: 输入藏语文本...
输入文本时出错: Message: tab crashed
  (Session info: chrome=143.0.7499.169)

✗ 输入文本失败

开始翻译流程 (尝试 2/2):
========================================
步骤1: 输入藏语文本...
输入文本时出错: Message: tab crashed
  (Session info: chrome=143.0.7499.169)

✗ 输入文本失败
========================================
✗ 翻译失败，跳过此行
✓ 已保存到文件: 611/4500 条

[612/4500] 翻译进度: 13.6%
藏语原文: རྟ་བང་ཤུགས་སུ་ཆེ་འགྲན་རན་གདའ།

开始翻译流程 (尝试 1/2):
========================================
步骤1: 输入藏语文本...
输入文本时出错: Message: tab crashed
  (Session info: chrome=143.0.7499.169)

✗ 输入文本失败

开始翻译流程 (尝试 2/2):
========================================
步骤1: 输入藏语文本...
输入文本时出错: Message: tab crashed
  (Session info: chrome=143.0.7499.169)

✗ 输入文本失败
========================================
✗ 翻译失败，跳过此行
✓ 已保存到文件: 612/4500 条

[613/4500] 翻译进度: 13.6%
藏语原文: གཏམ་རྒྱུད་བོད་ལ་འཇོག་རན་གདའ།

开始翻译流程 (尝试 1/2):
========================================
步骤1: 输入藏语文本...
输入文本时出错: Message: tab crashed
  (Session info: chrome=143.0.7499.169)

✗ 输入文本失败

开始翻译流程 (尝试 2/2):
========================================
步骤1: 输入藏语文本...
输入文本时出错: Message: tab crashed
  (Session info: chrome=143.0.7499.169)

✗ 输入文本失败
========================================
✗ 翻译失败，跳过此行
✓ 已保存到文件: 613/4500 条

[614/4500] 翻译进度: 13.6%
藏语原文: སོ་ལྟ་སོ་མྱུལ་ཡོང་ཞིང་གདའ།

开始翻译流程 (尝试 1/2):
========================================
步骤1: 输入藏语文本...
输入文本时出错: Message: tab crashed
  (Session info: chrome=143.0.7499.169)

✗ 输入文本失败

开始翻译流程 (尝试 2/2):
========================================
步骤1: 输入藏语文本...
输入文本时出错: Message: tab crashed
  (Session info: chrome=143.0.7499.169)

✗ 输入文本失败
========================================
✗ 翻译失败，跳过此行
✓ 已保存到文件: 614/4500 条

[615/4500] 翻译进度: 13.7%
藏语原文: ལྷོ་ཆུ་བོ་བཞིན་དུ་བབས་འོང་གདའ།

开始翻译流程 (尝试 1/2):
========================================
步骤1: 输入藏语文本...
输入文本时出错: Message: tab crashed
  (Session info: chrome=143.0.7499.169)

✗ 输入文本失败

开始翻译流程 (尝试 2/2):
========================================
步骤1: 输入藏语文本...
输入文本时出错: Message: tab crashed
  (Session info: chrome=143.0.7499.169)

✗ 输入文本失败
========================================
✗ 翻译失败，跳过此行
✓ 已保存到文件: 615/4500 条

[616/4500] 翻译进度: 13.7%
藏语原文: མེ་ལྕེ་བཞིན་དུ་མཆེད་འོང་གདའ།

开始翻译流程 (尝试 1/2):
========================================
步骤1: 输入藏语文本...
输入文本时出错: Message: tab crashed
  (Session info: chrome=143.0.7499.169)

✗ 输入文本失败

开始翻译流程 (尝试 2/2):
========================================
步骤1: 输入藏语文本...
输入文本时出错: Message: tab crashed
  (Session info: chrome=143.0.7499.169)

✗ 输入文本失败
========================================
✗ 翻译失败，跳过此行
✓ 已保存到文件: 616/4500 条

[617/4500] 翻译进度: 13.7%
藏语原文: དཔུང་དེ་ཕར་ཙམ་ལ་འབྲོས་རྩིས་བྱས་ཀྱང་།

开始翻译流程 (尝试 1/2):
========================================
步骤1: 输入藏语文本...
输入文本时出错: Message: tab crashed
  (Session info: chrome=143.0.7499.169)

✗ 输入文本失败

开始翻译流程 (尝试 2/2):
========================================
步骤1: 输入藏语文本...
输入文本时出错: Message: tab crashed
  (Session info: chrome=143.0.7499.169)

✗ 输入文本失败
========================================
✗ 翻译失败，跳过此行
✓ 已保存到文件: 617/4500 条

[618/4500] 翻译进度: 13.7%
藏语原文: ཞེས་ཟེར་ཞིང་རྟ་གོང་ལ་ཟུར་འདུག་ཅིག་བྱས་ནས་ཁོའི་བསམ་...

开始翻译流程 (尝试 1/2):
========================================
步骤1: 输入藏语文本...
输入文本时出错: Message: tab crashed
  (Session info: chrome=143.0.7499.169)

✗ 输入文本失败

开始翻译流程 (尝试 2/2):
========================================
步骤1: 输入藏语文本...
输入文本时出错: Message: tab crashed
  (Session info: chrome=143.0.7499.169)

✗ 输入文本失败
========================================
✗ 翻译失败，跳过此行
✓ 已保存到文件: 618/4500 条

[619/4500] 翻译进度: 13.8%
藏语原文: ཨ་ཙི་ཚེ་ཟད་ཧམ་པ་ལ།

开始翻译流程 (尝试 1/2):
========================================
步骤1: 输入藏语文本...
输入文本时出错: Message: tab crashed
  (Session info: chrome=143.0.7499.169)

✗ 输入文本失败

开始翻译流程 (尝试 2/2):
========================================
步骤1: 输入藏语文本...
输入文本时出错: Message: tab crashed
  (Session info: chrome=143.0.7499.169)

✗ 输入文本失败
========================================
✗ 翻译失败，跳过此行
✓ 已保存到文件: 619/4500 条

[620/4500] 翻译进度: 13.8%
藏语原文: སྡང་དགྲའི་མགོ་ལག་རྣམས་ལྷ་གུར་གྱི་སྒོ་ལ་བཞག་ཅིང་རང་...

开始翻译流程 (尝试 1/2):
========================================
步骤1: 输入藏语文本...
输入文本时出错: Message: tab crashed
  (Session info: chrome=143.0.7499.169)

✗ 输入文本失败

开始翻译流程 (尝试 2/2):
========================================
步骤1: 输入藏语文本...
输入文本时出错: Message: tab crashed
  (Session info: chrome=143.0.7499.169)

✗ 输入文本失败
========================================
✗ 翻译失败，跳过此行
✓ 已保存到文件: 620/4500 条

[621/4500] 翻译进度: 13.8%
藏语原文: དེ་ནས་འདུན་མ་ཨེ་འདུག་བལྟ།

开始翻译流程 (尝试 1/2):
========================================
步骤1: 输入藏语文本...
输入文本时出错: Message: tab crashed
  (Session info: chrome=143.0.7499.169)

✗ 输入文本失败

开始翻译流程 (尝试 2/2):
========================================
步骤1: 输入藏语文本...
输入文本时出错: Message: tab crashed
  (Session info: chrome=143.0.7499.169)

✗ 输入文本失败
========================================
✗ 翻译失败，跳过此行
✓ 已保存到文件: 621/4500 条

[622/4500] 翻译进度: 13.8%
藏语原文: བུ་དཔའ་བོའི་དཔུང་བ་བསྡུར་རན་གདའ།

开始翻译流程 (尝试 1/2):
========================================
步骤1: 输入藏语文本...
输入文本时出错: Message: tab crashed
  (Session info: chrome=143.0.7499.169)

✗ 输入文本失败

开始翻译流程 (尝试 2/2):
========================================
步骤1: 输入藏语文本...
输入文本时出错: Message: tab crashed
  (Session info: chrome=143.0.7499.169)

✗ 输入文本失败
========================================
✗ 翻译失败，跳过此行
✓ 已保存到文件: 622/4500 条

[623/4500] 翻译进度: 13.8%
藏语原文: རྟ་བྱང་མའི་བང་ཁ་ཚད་རན་གདའ།

开始翻译流程 (尝试 1/2):
========================================
步骤1: 输入藏语文本...
输入文本时出错: Message: tab crashed
  (Session info: chrome=143.0.7499.169)

✗ 输入文本失败

开始翻译流程 (尝试 2/2):
========================================
步骤1: 输入藏语文本...
输入文本时出错: Message: tab crashed
  (Session info: chrome=143.0.7499.169)

✗ 输入文本失败
========================================
✗ 翻译失败，跳过此行
✓ 已保存到文件: 623/4500 条

[624/4500] 翻译进度: 13.9%
藏语原文: མཚོན་རྣོན་པོའི་སོ་ཤུབས་འཕུད་རན་གདའ།

开始翻译流程 (尝试 1/2):
========================================
步骤1: 输入藏语文本...
输入文本时出错: Message: tab crashed
  (Session info: chrome=143.0.7499.169)

✗ 输入文本失败

开始翻译流程 (尝试 2/2):
========================================
步骤1: 输入藏语文本...
输入文本时出错: Message: tab crashed
  (Session info: chrome=143.0.7499.169)

✗ 输入文本失败
========================================
✗ 翻译失败，跳过此行
✓ 已保存到文件: 624/4500 条

[625/4500] 翻译进度: 13.9%
藏语原文: ཆགས་བཞག་ན་འདྲ་མ་འདི་འདྲ་གདའ་ཟེར་ཐོག་གླིང་གཡུལ་འགྱེ...

开始翻译流程 (尝试 1/2):
========================================
步骤1: 输入藏语文本...
输入文本时出错: Message: tab crashed
  (Session info: chrome=143.0.7499.169)

✗ 输入文本失败

开始翻译流程 (尝试 2/2):
========================================
步骤1: 输入藏语文本...
输入文本时出错: Message: tab crashed
  (Session info: chrome=143.0.7499.169)

✗ 输入文本失败
========================================
✗ 翻译失败，跳过此行
✓ 已保存到文件: 625/4500 条

[626/4500] 翻译进度: 13.9%
藏语原文: ཆགས་བཞག་ན་འདྲ་མ་འདི་འདྲ་གདའ།

开始翻译流程 (尝试 1/2):
========================================
步骤1: 输入藏语文本...
输入文本时出错: Message: tab crashed
  (Session info: chrome=143.0.7499.169)

✗ 输入文本失败

开始翻译流程 (尝试 2/2):
========================================
步骤1: 输入藏语文本...
输入文本时出错: Message: tab crashed
  (Session info: chrome=143.0.7499.169)

✗ 输入文本失败
========================================
✗ 翻译失败，跳过此行
✓ 已保存到文件: 626/4500 条

[627/4500] 翻译进度: 13.9%
藏语原文: གཡུ་འབྲུག་མཚོ་ལ་འགྱིང་འདྲ་གདའ།

开始翻译流程 (尝试 1/2):
========================================
步骤1: 输入藏语文本...
输入文本时出错: Message: tab crashed
  (Session info: chrome=143.0.7499.169)

✗ 输入文本失败

开始翻译流程 (尝试 2/2):
========================================
步骤1: 输入藏语文本...
输入文本时出错: Message: tab crashed
  (Session info: chrome=143.0.7499.169)

✗ 输入文本失败
========================================
✗ 翻译失败，跳过此行
✓ 已保存到文件: 627/4500 条

[628/4500] 翻译进度: 14.0%
藏语原文: རྫ་ལ་ཆར་རྐང་འཁྲིགས་འདྲ་གདའ།

开始翻译流程 (尝试 1/2):
========================================
步骤1: 输入藏语文本...
输入文本时出错: Message: tab crashed
  (Session info: chrome=143.0.7499.169)

✗ 输入文本失败

开始翻译流程 (尝试 2/2):
========================================
步骤1: 输入藏语文本...
输入文本时出错: Message: tab crashed
  (Session info: chrome=143.0.7499.169)

✗ 输入文本失败
========================================
✗ 翻译失败，跳过此行
✓ 已保存到文件: 628/4500 条

[629/4500] 翻译进度: 14.0%
藏语原文: འཕྲུ་ནག་དུག་རླངས་འཕྱུར་འདྲ་གདའ།

开始翻译流程 (尝试 1/2):
========================================
步骤1: 输入藏语文本...
输入文本时出错: Message: tab crashed
  (Session info: chrome=143.0.7499.169)

✗ 输入文本失败

开始翻译流程 (尝试 2/2):
========================================
步骤1: 输入藏语文本...
输入文本时出错: Message: tab crashed
  (Session info: chrome=143.0.7499.169)

✗ 输入文本失败
========================================
✗ 翻译失败，跳过此行
✓ 已保存到文件: 629/4500 条

[630/4500] 翻译进度: 14.0%
藏语原文: རི་ནག་སྨུག་པ་ལངས་འདྲ་གདའ།

开始翻译流程 (尝试 1/2):
========================================
步骤1: 输入藏语文本...
输入文本时出错: Message: tab crashed
  (Session info: chrome=143.0.7499.169)

✗ 输入文本失败

开始翻译流程 (尝试 2/2):
========================================
步骤1: 输入藏语文本...
输入文本时出错: Message: tab crashed
  (Session info: chrome=143.0.7499.169)

✗ 输入文本失败
========================================
✗ 翻译失败，跳过此行
✓ 已保存到文件: 630/4500 条

[631/4500] 翻译进度: 14.0%
藏语原文: དམག་སྒར་ཁྲག་མཚོ་འཁྱིལ་འདྲ་གདའ།

开始翻译流程 (尝试 1/2):
========================================
步骤1: 输入藏语文本...
输入文本时出错: Message: tab crashed
  (Session info: chrome=143.0.7499.169)

✗ 输入文本失败

开始翻译流程 (尝试 2/2):
========================================
步骤1: 输入藏语文本...
输入文本时出错: Message: tab crashed
  (Session info: chrome=143.0.7499.169)

✗ 输入文本失败
========================================
✗ 翻译失败，跳过此行
✓ 已保存到文件: 631/4500 条

[632/4500] 翻译进度: 14.0%
藏语原文: ༢༩ གུར་དམར་པོ་ཁྲག་མཚོ་འཁྱིལ་འདྲ་གདའ།

开始翻译流程 (尝试 1/2):
========================================
步骤1: 输入藏语文本...
输入文本时出错: Message: tab crashed
  (Session info: chrome=143.0.7499.169)

✗ 输入文本失败

开始翻译流程 (尝试 2/2):
========================================
步骤1: 输入藏语文本...
输入文本时出错: Message: tab crashed
  (Session info: chrome=143.0.7499.169)

✗ 输入文本失败
========================================
✗ 翻译失败，跳过此行
✓ 已保存到文件: 632/4500 条

[633/4500] 翻译进度: 14.1%
藏语原文: ༢ གུར་ནག་པོ་མུན་པ་རུབ་འདྲ་གདའ།

开始翻译流程 (尝试 1/2):
========================================
步骤1: 输入藏语文本...
输入文本时出错: Message: tab crashed
  (Session info: chrome=143.0.7499.169)

✗ 输入文本失败

开始翻译流程 (尝试 2/2):
========================================
步骤1: 输入藏语文本...
输入文本时出错: Message: tab crashed
  (Session info: chrome=143.0.7499.169)

✗ 输入文本失败
========================================
✗ 翻译失败，跳过此行
✓ 已保存到文件: 633/4500 条

[634/4500] 翻译进度: 14.1%
藏语原文: རི་ལུང་སྨུག་པས་བཏུམས་འདྲ་གདའ།

开始翻译流程 (尝试 1/2):
========================================
步骤1: 输入藏语文本...
输入文本时出错: Message: tab crashed
  (Session info: chrome=143.0.7499.169)

✗ 输入文本失败

开始翻译流程 (尝试 2/2):
========================================
步骤1: 输入藏语文本...
输入文本时出错: Message: tab crashed
  (Session info: chrome=143.0.7499.169)

✗ 输入文本失败
========================================
✗ 翻译失败，跳过此行
✓ 已保存到文件: 634/4500 条

[635/4500] 翻译进度: 14.1%
藏语原文: ད་རུང་དེ་འདྲ་མང་པོ་འདུག།

开始翻译流程 (尝试 1/2):
========================================
步骤1: 输入藏语文本...
输入文本时出错: Message: tab crashed
  (Session info: chrome=143.0.7499.169)

✗ 输入文本失败

开始翻译流程 (尝试 2/2):
========================================
步骤1: 输入藏语文本...
输入文本时出错: Message: tab crashed
  (Session info: chrome=143.0.7499.169)

✗ 输入文本失败
========================================
✗ 翻译失败，跳过此行
✓ 已保存到文件: 635/4500 条

[636/4500] 翻译进度: 14.1%
藏语原文: གངས་རི་ཐང་ལ་སྤུངས་འདྲ་གདའ།

开始翻译流程 (尝试 1/2):
========================================
步骤1: 输入藏语文本...
输入文本时出错: Message: tab crashed
  (Session info: chrome=143.0.7499.169)

✗ 输入文本失败

开始翻译流程 (尝试 2/2):
========================================
步骤1: 输入藏语文本...
输入文本时出错: Message: tab crashed
  (Session info: chrome=143.0.7499.169)

✗ 输入文本失败
========================================
✗ 翻译失败，跳过此行
✓ 已保存到文件: 636/4500 条

[637/4500] 翻译进度: 14.2%
藏语原文: དཔྱད་ན་འདྲ་མ་འདི་འདྲ་གདའ།

开始翻译流程 (尝试 1/2):
========================================
步骤1: 输入藏语文本...
输入文本时出错: Message: tab crashed
  (Session info: chrome=143.0.7499.169)

✗ 输入文本失败

开始翻译流程 (尝试 2/2):
========================================
步骤1: 输入藏语文本...
输入文本时出错: Message: tab crashed
  (Session info: chrome=143.0.7499.169)

✗ 输入文本失败
========================================
✗ 翻译失败，跳过此行
✓ 已保存到文件: 637/4500 条

[638/4500] 翻译进度: 14.2%
藏语原文: ཟེར་བའི་དཔེ་དང་མཐུན་འདུག་བསམ།

开始翻译流程 (尝试 1/2):
========================================
步骤1: 输入藏语文本...
输入文本时出错: Message: tab crashed
  (Session info: chrome=143.0.7499.169)

✗ 输入文本失败

开始翻译流程 (尝试 2/2):
========================================
步骤1: 输入藏语文本...
输入文本时出错: Message: tab crashed
  (Session info: chrome=143.0.7499.169)

✗ 输入文本失败
========================================
✗ 翻译失败，跳过此行
✓ 已保存到文件: 638/4500 条

[639/4500] 翻译进度: 14.2%
藏语原文: རི་བོ་བཞིན་དུ་ཆགས་ནས་འདུག།

开始翻译流程 (尝试 1/2):
========================================
步骤1: 输入藏语文本...
输入文本时出错: Message: tab crashed
  (Session info: chrome=143.0.7499.169)

✗ 输入文本失败

开始翻译流程 (尝试 2/2):
========================================
步骤1: 输入藏语文本...
输入文本时出错: Message: tab crashed
  (Session info: chrome=143.0.7499.169)

✗ 输入文本失败
========================================
✗ 翻译失败，跳过此行
✓ 已保存到文件: 639/4500 条

[640/4500] 翻译进度: 14.2%
藏语原文: ང་རང་བློན་པོའི་བསམ་ཚུལ་ལ།

开始翻译流程 (尝试 1/2):
========================================
步骤1: 输入藏语文本...
输入文本时出错: Message: tab crashed
  (Session info: chrome=143.0.7499.169)

✗ 输入文本失败

开始翻译流程 (尝试 2/2):
========================================
步骤1: 输入藏语文本...
输入文本时出错: Message: tab crashed
  (Session info: chrome=143.0.7499.169)

✗ 输入文本失败
========================================
✗ 翻译失败，跳过此行
✓ 已保存到文件: 640/4500 条

[641/4500] 翻译进度: 14.2%
藏语原文: ཨོ་ལོ་ཟེར་བ་འཇིག་རྟེན་དཔེ་ལ་གདའ།

开始翻译流程 (尝试 1/2):
========================================
步骤1: 输入藏语文本...
输入文本时出错: Message: tab crashed
  (Session info: chrome=143.0.7499.169)

✗ 输入文本失败

开始翻译流程 (尝试 2/2):
========================================
步骤1: 输入藏语文本...
输入文本时出错: Message: tab crashed
  (Session info: chrome=143.0.7499.169)

✗ 输入文本失败
========================================
✗ 翻译失败，跳过此行
✓ 已保存到文件: 641/4500 条

[642/4500] 翻译进度: 14.3%
藏语原文: རང་རང་འགྲོ་སའི་ལམ་ལ་འགྲོ།

开始翻译流程 (尝试 1/2):
========================================
步骤1: 输入藏语文本...
输入文本时出错: Message: tab crashed
  (Session info: chrome=143.0.7499.169)

✗ 输入文本失败

开始翻译流程 (尝试 2/2):
========================================
步骤1: 输入藏语文本...
输入文本时出错: Message: tab crashed
  (Session info: chrome=143.0.7499.169)

✗ 输入文本失败
========================================
✗ 翻译失败，跳过此行
✓ 已保存到文件: 642/4500 条

[643/4500] 翻译进度: 14.3%
藏语原文: ཨ་ཙི་མི་འདིའི་ཧམ་པ་ལ།

开始翻译流程 (尝试 1/2):
========================================
步骤1: 输入藏语文本...
输入文本时出错: Message: tab crashed
  (Session info: chrome=143.0.7499.169)

✗ 输入文本失败

开始翻译流程 (尝试 2/2):
========================================
步骤1: 输入藏语文本...
输入文本时出错: Message: tab crashed
  (Session info: chrome=143.0.7499.169)

✗ 输入文本失败
========================================
✗ 翻译失败，跳过此行
✓ 已保存到文件: 643/4500 条

[644/4500] 翻译进度: 14.3%
藏语原文: གླིང་སྒར་དེ་གྲགས་པ་ཆེ་བ་མ་གཏོགས་དཔའ་རྩལ་དེ་ག་ཙམ་མི...

开始翻译流程 (尝试 1/2):
========================================
步骤1: 输入藏语文本...
输入文本时出错: Message: tab crashed
  (Session info: chrome=143.0.7499.169)

✗ 输入文本失败

开始翻译流程 (尝试 2/2):
========================================
步骤1: 输入藏语文本...
输入文本时出错: Message: tab crashed
  (Session info: chrome=143.0.7499.169)

✗ 输入文本失败
========================================
✗ 翻译失败，跳过此行
✓ 已保存到文件: 644/4500 条

[645/4500] 翻译进度: 14.3%
藏语原文: ཁོ་ཚོས་དམག་དཔོན་གཉིས་ལ་དགའ་བསུ་དང་ཇ་ཆང་མངར་རིགས་སོ...

开始翻译流程 (尝试 1/2):
========================================
步骤1: 输入藏语文本...
输入文本时出错: Message: tab crashed
  (Session info: chrome=143.0.7499.169)

✗ 输入文本失败

开始翻译流程 (尝试 2/2):
========================================
步骤1: 输入藏语文本...
输入文本时出错: Message: tab crashed
  (Session info: chrome=143.0.7499.169)

✗ 输入文本失败
========================================
✗ 翻译失败，跳过此行
✓ 已保存到文件: 645/4500 条

[646/4500] 翻译进度: 14.4%
藏语原文: རྟ་སྔོན་བྱ་ཁྲ་ལྡིང་འདྲ་གདའ།

开始翻译流程 (尝试 1/2):
========================================
步骤1: 输入藏语文本...
输入文本时出错: Message: tab crashed
  (Session info: chrome=143.0.7499.169)

✗ 输入文本失败

开始翻译流程 (尝试 2/2):
========================================
步骤1: 输入藏语文本...
输入文本时出错: Message: tab crashed
  (Session info: chrome=143.0.7499.169)

✗ 输入文本失败
========================================
✗ 翻译失败，跳过此行
✓ 已保存到文件: 646/4500 条

[647/4500] 翻译进度: 14.4%
藏语原文: ཡང་གཅིག་གཡུགས་པས་ཁོ་ཕར་ཙམ་ཕྱིར་འགྱེད་བྱས་པ་དང་།

开始翻译流程 (尝试 1/2):
========================================
步骤1: 输入藏语文本...
输入文本时出错: Message: tab crashed
  (Session info: chrome=143.0.7499.169)

✗ 输入文本失败

开始翻译流程 (尝试 2/2):
========================================
步骤1: 输入藏语文本...
输入文本时出错: Message: tab crashed
  (Session info: chrome=143.0.7499.169)

✗ 输入文本失败
========================================
✗ 翻译失败，跳过此行
✓ 已保存到文件: 647/4500 条

[648/4500] 翻译进度: 14.4%
藏语原文: དེ་གསུམ་སྔོན་ནས་ཡོང་ཞིང་གདའ།

开始翻译流程 (尝试 1/2):
========================================
步骤1: 输入藏语文本...
输入文本时出错: Message: tab crashed
  (Session info: chrome=143.0.7499.169)

✗ 输入文本失败

开始翻译流程 (尝试 2/2):
========================================
步骤1: 输入藏语文本...
输入文本时出错: Message: tab crashed
  (Session info: chrome=143.0.7499.169)

✗ 输入文本失败
========================================
✗ 翻译失败，跳过此行
✓ 已保存到文件: 648/4500 条

[649/4500] 翻译进度: 14.4%
藏语原文: འདོ་བ་ཁམ་ནག་འཕུར་ཤེས་ལ་སྒ་བཞག་དང་སྟན་བཞག་དུས་གཅིག་...

开始翻译流程 (尝试 1/2):
========================================
步骤1: 输入藏语文本...
输入文本时出错: Message: tab crashed
  (Session info: chrome=143.0.7499.169)

✗ 输入文本失败

开始翻译流程 (尝试 2/2):
========================================
步骤1: 输入藏语文本...
输入文本时出错: Message: tab crashed
  (Session info: chrome=143.0.7499.169)

✗ 输入文本失败
========================================
✗ 翻译失败，跳过此行
✓ 已保存到文件: 649/4500 条

[650/4500] 翻译进度: 14.4%
藏语原文: བསམ་པ་བཞིན་དུ་ཐུག་ནས་འདུག།

开始翻译流程 (尝试 1/2):
========================================
步骤1: 输入藏语文本...
输入文本时出错: Message: tab crashed
  (Session info: chrome=143.0.7499.169)

✗ 输入文本失败

开始翻译流程 (尝试 2/2):
========================================
步骤1: 输入藏语文本...
输入文本时出错: Message: tab crashed
  (Session info: chrome=143.0.7499.169)

✗ 输入文本失败
========================================
✗ 翻译失败，跳过此行
✓ 已保存到文件: 650/4500 条

[651/4500] 翻译进度: 14.5%
藏语原文: ཤ་ལན་དགུ་སྐོར་མ་བླངས་ན་མི་འདུག་ཟེར་བཞིན་རང་རང་ལས་ག...

开始翻译流程 (尝试 1/2):
========================================
步骤1: 输入藏语文本...
输入文本时出错: Message: tab crashed
  (Session info: chrome=143.0.7499.169)

✗ 输入文本失败

开始翻译流程 (尝试 2/2):
========================================
步骤1: 输入藏语文本...
输入文本时出错: Message: tab crashed
  (Session info: chrome=143.0.7499.169)

✗ 输入文本失败
========================================
✗ 翻译失败，跳过此行
✓ 已保存到文件: 651/4500 条

[652/4500] 翻译进度: 14.5%
藏语原文: ཟེར་བའི་དཔེ་དང་མཚུངས་ནས་འདུག།

开始翻译流程 (尝试 1/2):
========================================
步骤1: 输入藏语文本...
输入文本时出错: Message: tab crashed
  (Session info: chrome=143.0.7499.169)

✗ 输入文本失败

开始翻译流程 (尝试 2/2):
========================================
步骤1: 输入藏语文本...
输入文本时出错: Message: tab crashed
  (Session info: chrome=143.0.7499.169)

✗ 输入文本失败
========================================
✗ 翻译失败，跳过此行
✓ 已保存到文件: 652/4500 条

[653/4500] 翻译进度: 14.5%
藏语原文: གནམ་ས་བར་ལ་མི་འཆི་འདུག་པའི་གནས་ནི་མཐོ་དམན་དྲག་ཞན་ས...

开始翻译流程 (尝试 1/2):
========================================
步骤1: 输入藏语文本...
输入文本时出错: Message: tab crashed
  (Session info: chrome=143.0.7499.169)

✗ 输入文本失败

开始翻译流程 (尝试 2/2):
========================================
步骤1: 输入藏语文本...
输入文本时出错: Message: tab crashed
  (Session info: chrome=143.0.7499.169)

✗ 输入文本失败
========================================
✗ 翻译失败，跳过此行
✓ 已保存到文件: 653/4500 条

[654/4500] 翻译进度: 14.5%
藏语原文: ང་འདན་མའི་གདོང་ལ་ཅི་འདུག་བལྟ།

开始翻译流程 (尝试 1/2):
========================================
步骤1: 输入藏语文本...
输入文本时出错: Message: tab crashed
  (Session info: chrome=143.0.7499.169)

✗ 输入文本失败

开始翻译流程 (尝试 2/2):
========================================
步骤1: 输入藏语文本...
输入文本时出错: Message: tab crashed
  (Session info: chrome=143.0.7499.169)

✗ 输入文本失败
========================================
✗ 翻译失败，跳过此行
✓ 已保存到文件: 654/4500 条

[655/4500] 翻译进度: 14.6%
藏语原文: ང་རང་རྒྱལ་ན་ང་རང་བྱེད།

开始翻译流程 (尝试 1/2):
========================================
步骤1: 输入藏语文本...
输入文本时出错: Message: tab crashed
  (Session info: chrome=143.0.7499.169)

✗ 输入文本失败

开始翻译流程 (尝试 2/2):
========================================
步骤1: 输入藏语文本...
输入文本时出错: Message: tab crashed
  (Session info: chrome=143.0.7499.169)

✗ 输入文本失败
========================================
✗ 翻译失败，跳过此行
✓ 已保存到文件: 655/4500 条

[656/4500] 翻译进度: 14.6%
藏语原文: ཨ་ཙི་གླིང་རུ་མཚར་ལུགས་ལ།

开始翻译流程 (尝试 1/2):
========================================
步骤1: 输入藏语文本...
输入文本时出错: Message: tab crashed
  (Session info: chrome=143.0.7499.169)

✗ 输入文本失败

开始翻译流程 (尝试 2/2):
========================================
步骤1: 输入藏语文本...
输入文本时出错: Message: tab crashed
  (Session info: chrome=143.0.7499.169)

✗ 输入文本失败
========================================
✗ 翻译失败，跳过此行
✓ 已保存到文件: 656/4500 条

[657/4500] 翻译进度: 14.6%
藏语原文: ཟེར་བའི་དཔེ་དང་མཚུངས་ནས་འདུག།

开始翻译流程 (尝试 1/2):
========================================
步骤1: 输入藏语文本...
输入文本时出错: Message: tab crashed
  (Session info: chrome=143.0.7499.169)

✗ 输入文本失败

开始翻译流程 (尝试 2/2):
========================================
步骤1: 输入藏语文本...
输入文本时出错: Message: tab crashed
  (Session info: chrome=143.0.7499.169)

✗ 输入文本失败
========================================
✗ 翻译失败，跳过此行
✓ 已保存到文件: 657/4500 条

[658/4500] 翻译进度: 14.6%
藏语原文: ཟེར་བའི་དཔེ་དང་མཚུངས་ནས་འདུག།

开始翻译流程 (尝试 1/2):
========================================
步骤1: 输入藏语文本...
输入文本时出错: Message: tab crashed
  (Session info: chrome=143.0.7499.169)

✗ 输入文本失败

开始翻译流程 (尝试 2/2):
========================================
步骤1: 输入藏语文本...
输入文本时出错: Message: tab crashed
  (Session info: chrome=143.0.7499.169)

✗ 输入文本失败
========================================
✗ 翻译失败，跳过此行
✓ 已保存到文件: 658/4500 条

[659/4500] 翻译进度: 14.6%
藏语原文: འདི་མུས་འདུག་ཐབས་མི་འདུག་པས།

开始翻译流程 (尝试 1/2):
========================================
步骤1: 输入藏语文本...
输入文本时出错: Message: tab crashed
  (Session info: chrome=143.0.7499.169)

✗ 输入文本失败

开始翻译流程 (尝试 2/2):
========================================
步骤1: 输入藏语文本...
输入文本时出错: Message: tab crashed
  (Session info: chrome=143.0.7499.169)

✗ 输入文本失败
========================================
✗ 翻译失败，跳过此行
✓ 已保存到文件: 659/4500 条

[660/4500] 翻译进度: 14.7%
藏语原文: ང་རང་དམག་དཔོན་བསམ་ཚུལ་ལ།

开始翻译流程 (尝试 1/2):
========================================
步骤1: 输入藏语文本...
输入文本时出错: Message: tab crashed
  (Session info: chrome=143.0.7499.169)

✗ 输入文本失败

开始翻译流程 (尝试 2/2):
========================================
步骤1: 输入藏语文本...
输入文本时出错: Message: tab crashed
  (Session info: chrome=143.0.7499.169)

✗ 输入文本失败
========================================
✗ 翻译失败，跳过此行
✓ 已保存到文件: 660/4500 条

[661/4500] 翻译进度: 14.7%
藏语原文: ཕྱོགས་ཀྱི་དམག་དཔོན་བཀའ་བློན་རྣམས་འདུས་ཏེ་རང་རང་བབ་...

开始翻译流程 (尝试 1/2):
========================================
步骤1: 输入藏语文本...
输入文本时出错: Message: tab crashed
  (Session info: chrome=143.0.7499.169)

✗ 输入文本失败

开始翻译流程 (尝试 2/2):
========================================
步骤1: 输入藏语文本...
输入文本时出错: Message: tab crashed
  (Session info: chrome=143.0.7499.169)

✗ 输入文本失败
========================================
✗ 翻译失败，跳过此行
✓ 已保存到文件: 661/4500 条

[662/4500] 翻译进度: 14.7%
藏语原文: སམ་འདུག་མྱུར་དུ་འགྲོ་དགོས་གསུངས།

开始翻译流程 (尝试 1/2):
========================================
步骤1: 输入藏语文本...
输入文本时出错: Message: tab crashed
  (Session info: chrome=143.0.7499.169)

✗ 输入文本失败

开始翻译流程 (尝试 2/2):
========================================
步骤1: 输入藏语文本...
输入文本时出错: Message: tab crashed
  (Session info: chrome=143.0.7499.169)

✗ 输入文本失败
========================================
✗ 翻译失败，跳过此行
✓ 已保存到文件: 662/4500 条

[663/4500] 翻译进度: 14.7%
藏语原文: དེ་སྒུག་བཞིན་རང་སྒར་བསྲུངས་འདུག་གསུངས།

开始翻译流程 (尝试 1/2):
========================================
步骤1: 输入藏语文本...
输入文本时出错: Message: tab crashed
  (Session info: chrome=143.0.7499.169)

✗ 输入文本失败

开始翻译流程 (尝试 2/2):
========================================
步骤1: 输入藏语文本...
输入文本时出错: Message: tab crashed
  (Session info: chrome=143.0.7499.169)

✗ 输入文本失败
========================================
✗ 翻译失败，跳过此行
✓ 已保存到文件: 663/4500 条

[664/4500] 翻译进度: 14.8%
藏语原文: བྲག་སྐེད་ཟི་ར་འཚུབ་འདྲ་ཞིག་འདུག་དེའི་འདབས་ལ་ཕུག་པ་...

开始翻译流程 (尝试 1/2):
========================================
步骤1: 输入藏语文本...
输入文本时出错: Message: tab crashed
  (Session info: chrome=143.0.7499.169)

✗ 输入文本失败

开始翻译流程 (尝试 2/2):
========================================
步骤1: 输入藏语文本...
输入文本时出错: Message: tab crashed
  (Session info: chrome=143.0.7499.169)

✗ 输入文本失败
========================================
✗ 翻译失败，跳过此行
✓ 已保存到文件: 664/4500 条

[665/4500] 翻译进度: 14.8%
藏语原文: ཅེས་གསུངས་ཙ་ན།

开始翻译流程 (尝试 1/2):
========================================
步骤1: 输入藏语文本...
输入文本时出错: Message: tab crashed
  (Session info: chrome=143.0.7499.169)

✗ 输入文本失败

开始翻译流程 (尝试 2/2):
========================================
步骤1: 输入藏语文本...
输入文本时出错: Message: tab crashed
  (Session info: chrome=143.0.7499.169)

✗ 输入文本失败
========================================
✗ 翻译失败，跳过此行
✓ 已保存到文件: 665/4500 条

[666/4500] 翻译进度: 14.8%
藏语原文: ཕྱི་ཆུ་ལ་ཤ་སྦྲུག་ན་རི་བུ་ཡུག་བཞིན་དུ་འཚུབ་ཅིང་འདུག...

开始翻译流程 (尝试 1/2):
========================================
步骤1: 输入藏语文本...
输入文本时出错: Message: tab crashed
  (Session info: chrome=143.0.7499.169)

✗ 输入文本失败

开始翻译流程 (尝试 2/2):
========================================
步骤1: 输入藏语文本...
输入文本时出错: Message: tab crashed
  (Session info: chrome=143.0.7499.169)

✗ 输入文本失败
========================================
✗ 翻译失败，跳过此行
✓ 已保存到文件: 666/4500 条

[667/4500] 翻译进度: 14.8%
藏语原文: ས་བཙན་ཆུ་བཙན་བཟུང་ནས་འདུག།

开始翻译流程 (尝试 1/2):
========================================
步骤1: 输入藏语文本...
输入文本时出错: Message: tab crashed
  (Session info: chrome=143.0.7499.169)

✗ 输入文本失败

开始翻译流程 (尝试 2/2):
========================================
步骤1: 输入藏语文本...
输入文本时出错: Message: tab crashed
  (Session info: chrome=143.0.7499.169)

✗ 输入文本失败
========================================
✗ 翻译失败，跳过此行
✓ 已保存到文件: 667/4500 条

[668/4500] 翻译进度: 14.8%
藏语原文: ཧོར་སྡིག་གཅོད་ཤན་པ་ཟེར་བ་གདའ།

开始翻译流程 (尝试 1/2):
========================================
步骤1: 输入藏语文本...
输入文本时出错: Message: tab crashed
  (Session info: chrome=143.0.7499.169)

✗ 输入文本失败

开始翻译流程 (尝试 2/2):
========================================
步骤1: 输入藏语文本...
输入文本时出错: Message: tab crashed
  (Session info: chrome=143.0.7499.169)

✗ 输入文本失败
========================================
✗ 翻译失败，跳过此行
✓ 已保存到文件: 668/4500 条

[669/4500] 翻译进度: 14.9%
藏语原文: འཇང་ཕྲུག་གཡུ་ལྷ་ཐོག་འགྱུར་གདའ།

开始翻译流程 (尝试 1/2):
========================================
步骤1: 输入藏语文本...
输入文本时出错: Message: tab crashed
  (Session info: chrome=143.0.7499.169)

✗ 输入文本失败

开始翻译流程 (尝试 2/2):
========================================
步骤1: 输入藏语文本...
输入文本时出错: Message: tab crashed
  (Session info: chrome=143.0.7499.169)

✗ 输入文本失败
========================================
✗ 翻译失败，跳过此行
✓ 已保存到文件: 669/4500 条

[670/4500] 翻译进度: 14.9%
藏语原文: ཚ་ཞང་འདན་མ་ཟེར་བ་གདའ།

开始翻译流程 (尝试 1/2):
========================================
步骤1: 输入藏语文本...
输入文本时出错: Message: tab crashed
  (Session info: chrome=143.0.7499.169)

✗ 输入文本失败

开始翻译流程 (尝试 2/2):
========================================
步骤1: 输入藏语文本...
输入文本时出错: Message: tab crashed
  (Session info: chrome=143.0.7499.169)

✗ 输入文本失败
========================================
✗ 翻译失败，跳过此行
✓ 已保存到文件: 670/4500 条

[671/4500] 翻译进度: 14.9%
藏语原文: ནགླིང་དམག་ཚུར་ལ་ཡོང་ཞིང་གདའ།

开始翻译流程 (尝试 1/2):
========================================
步骤1: 输入藏语文本...
输入文本时出错: Message: tab crashed
  (Session info: chrome=143.0.7499.169)

✗ 输入文本失败

开始翻译流程 (尝试 2/2):
========================================
步骤1: 输入藏语文本...
输入文本时出错: Message: tab crashed
  (Session info: chrome=143.0.7499.169)

✗ 输入文本失败
========================================
✗ 翻译失败，跳过此行
✓ 已保存到文件: 671/4500 条

[672/4500] 翻译进度: 14.9%
藏语原文: འཛིང་བའི་ལན་ཡ་མི་གདའ་ལགས།

开始翻译流程 (尝试 1/2):
========================================
步骤1: 输入藏语文本...
输入文本时出错: Message: tab crashed
  (Session info: chrome=143.0.7499.169)

✗ 输入文本失败

开始翻译流程 (尝试 2/2):
========================================
步骤1: 输入藏语文本...
输入文本时出错: Message: tab crashed
  (Session info: chrome=143.0.7499.169)

✗ 输入文本失败
========================================
✗ 翻译失败，跳过此行
✓ 已保存到文件: 672/4500 条

[673/4500] 翻译进度: 15.0%
藏语原文: རང་རྒྱལ་ཆུས་ཟིན་པ་དཀའ་འདུག་སྙམ།

开始翻译流程 (尝试 1/2):
========================================
步骤1: 输入藏语文本...
输入文本时出错: Message: tab crashed
  (Session info: chrome=143.0.7499.169)

✗ 输入文本失败

开始翻译流程 (尝试 2/2):
========================================
步骤1: 输入藏语文本...
输入文本时出错: Message: tab crashed
  (Session info: chrome=143.0.7499.169)

✗ 输入文本失败
========================================
✗ 翻译失败，跳过此行
✓ 已保存到文件: 673/4500 条

[674/4500] 翻译进度: 15.0%
藏语原文: ང་རང་ཕར་ལ་འགྲོ་དགོས་གསུངས།

开始翻译流程 (尝试 1/2):
========================================
步骤1: 输入藏语文本...
输入文本时出错: Message: tab crashed
  (Session info: chrome=143.0.7499.169)

✗ 输入文本失败

开始翻译流程 (尝试 2/2):
========================================
步骤1: 输入藏语文本...
输入文本时出错: Message: tab crashed
  (Session info: chrome=143.0.7499.169)

✗ 输入文本失败
========================================
✗ 翻译失败，跳过此行
✓ 已保存到文件: 674/4500 条

[675/4500] 翻译进度: 15.0%
藏语原文: ཡ་འདིར་ཚོགས་བཀའ་བློན་རྣམས་ང་རང་བསམ་ཚུལ་ཨེ་འདྲ་ཡོད་...

开始翻译流程 (尝试 1/2):
========================================
步骤1: 输入藏语文本...
输入文本时出错: Message: tab crashed
  (Session info: chrome=143.0.7499.169)

✗ 输入文本失败

开始翻译流程 (尝试 2/2):
========================================
步骤1: 输入藏语文本...
输入文本时出错: Message: tab crashed
  (Session info: chrome=143.0.7499.169)

✗ 输入文本失败
========================================
✗ 翻译失败，跳过此行
✓ 已保存到文件: 675/4500 条

[676/4500] 翻译进度: 15.0%
藏语原文: སྲ་འཐས་རྡོ་ལ་མི་འགྲོ་འདུག།

开始翻译流程 (尝试 1/2):
========================================
步骤1: 输入藏语文本...
输入文本时出错: Message: tab crashed
  (Session info: chrome=143.0.7499.169)

✗ 输入文本失败

开始翻译流程 (尝试 2/2):
========================================
步骤1: 输入藏语文本...
输入文本时出错: Message: tab crashed
  (Session info: chrome=143.0.7499.169)

✗ 输入文本失败
========================================
✗ 翻译失败，跳过此行
✓ 已保存到文件: 676/4500 条

[677/4500] 翻译进度: 15.0%
藏语原文: ཉྫུ་ཟེར་བའི་དཔེ་དང་མཚུངས་ནས་འདུག།

开始翻译流程 (尝试 1/2):
========================================
步骤1: 输入藏语文本...
输入文本时出错: Message: tab crashed
  (Session info: chrome=143.0.7499.169)

✗ 输入文本失败

开始翻译流程 (尝试 2/2):
========================================
步骤1: 输入藏语文本...
输入文本时出错: Message: tab crashed
  (Session info: chrome=143.0.7499.169)

✗ 输入文本失败
========================================
✗ 翻译失败，跳过此行
✓ 已保存到文件: 677/4500 条

[678/4500] 翻译进度: 15.1%
藏语原文: དཔུང་རོགས་རྣམས་ཁྲིད་ཅིང་རང་སྒར་ལ་ཞལ་བསྒྱུར།

开始翻译流程 (尝试 1/2):
========================================
步骤1: 输入藏语文本...
输入文本时出错: Message: tab crashed
  (Session info: chrome=143.0.7499.169)

✗ 输入文本失败

开始翻译流程 (尝试 2/2):
========================================
步骤1: 输入藏语文本...
输入文本时出错: Message: tab crashed
  (Session info: chrome=143.0.7499.169)

✗ 输入文本失败
========================================
✗ 翻译失败，跳过此行
✓ 已保存到文件: 678/4500 条

[679/4500] 翻译进度: 15.1%
藏语原文: ཚང་མ་དགའ་ཞིང་སྐྱིད་པའི་ངང་དུ་གནས་གདའོ།

开始翻译流程 (尝试 1/2):
========================================
步骤1: 输入藏语文本...
输入文本时出错: Message: tab crashed
  (Session info: chrome=143.0.7499.169)

✗ 输入文本失败

开始翻译流程 (尝试 2/2):
========================================
步骤1: 输入藏语文本...
输入文本时出错: Message: tab crashed
  (Session info: chrome=143.0.7499.169)

✗ 输入文本失败
========================================
✗ 翻译失败，跳过此行
✓ 已保存到文件: 679/4500 条

[680/4500] 翻译进度: 15.1%
藏语原文: ང་རང་ལ་བསམ་ཚུལ་འདི་འདྲ་ཡོད་ཟེར་ནས་གླུ་འདི་བླངས་སོ།

开始翻译流程 (尝试 1/2):
========================================
步骤1: 输入藏语文本...
输入文本时出错: Message: tab crashed
  (Session info: chrome=143.0.7499.169)

✗ 输入文本失败

开始翻译流程 (尝试 2/2):
========================================
步骤1: 输入藏语文本...
输入文本时出错: Message: tab crashed
  (Session info: chrome=143.0.7499.169)

✗ 输入文本失败
========================================
✗ 翻译失败，跳过此行
✓ 已保存到文件: 680/4500 条

[681/4500] 翻译进度: 15.1%
藏语原文: ཟེར་བའི་དཔེ་དང་མཚུངས་ནས་འདུག།

开始翻译流程 (尝试 1/2):
========================================
步骤1: 输入藏语文本...
输入文本时出错: Message: tab crashed
  (Session info: chrome=143.0.7499.169)

✗ 输入文本失败

开始翻译流程 (尝试 2/2):
========================================
步骤1: 输入藏语文本...
输入文本时出错: Message: tab crashed
  (Session info: chrome=143.0.7499.169)

✗ 输入文本失败
========================================
✗ 翻译失败，跳过此行
✓ 已保存到文件: 681/4500 条

[682/4500] 翻译进度: 15.2%
藏语原文: རལ་གྲི་ཤུབས་ནས་ཕྱུང་སྟེ་རྒྱུག་གྲབས་བྱེད་ཙ་ན།

开始翻译流程 (尝试 1/2):
========================================
步骤1: 输入藏语文本...
输入文本时出错: Message: tab crashed
  (Session info: chrome=143.0.7499.169)

✗ 输入文本失败

开始翻译流程 (尝试 2/2):
========================================
步骤1: 输入藏语文本...
输入文本时出错: Message: tab crashed
  (Session info: chrome=143.0.7499.169)

✗ 输入文本失败
========================================
✗ 翻译失败，跳过此行
✓ 已保存到文件: 682/4500 条

[683/4500] 翻译进度: 15.2%
藏语原文: ཟེར་བའི་དཔེ་དང་མཚུངས་ནས་འདུག།

开始翻译流程 (尝试 1/2):
========================================
步骤1: 输入藏语文本...
输入文本时出错: Message: tab crashed
  (Session info: chrome=143.0.7499.169)

✗ 输入文本失败

开始翻译流程 (尝试 2/2):
========================================
步骤1: 输入藏语文本...
输入文本时出错: Message: tab crashed
  (Session info: chrome=143.0.7499.169)

✗ 输入文本失败
========================================
✗ 翻译失败，跳过此行
✓ 已保存到文件: 683/4500 条

[684/4500] 翻译进度: 15.2%
藏语原文: བཀའ་བློན་འདན་མ་བྱང་ཁྲ་དེས་དཔའ་ཚོད་བཟུང་ནས་རང་ཕྱོགས...

开始翻译流程 (尝试 1/2):
========================================
步骤1: 输入藏语文本...
输入文本时出错: Message: tab crashed
  (Session info: chrome=143.0.7499.169)

✗ 输入文本失败

开始翻译流程 (尝试 2/2):
========================================
步骤1: 输入藏语文本...
输入文本时出错: Message: tab crashed
  (Session info: chrome=143.0.7499.169)

✗ 输入文本失败
========================================
✗ 翻译失败，跳过此行
✓ 已保存到文件: 684/4500 条

[685/4500] 翻译进度: 15.2%
藏语原文: རྟ་གོང་ལ་ཟུར་འདུག་ཅིག་བྱས།

开始翻译流程 (尝试 1/2):
========================================
步骤1: 输入藏语文本...
输入文本时出错: Message: tab crashed
  (Session info: chrome=143.0.7499.169)

✗ 输入文本失败

开始翻译流程 (尝试 2/2):
========================================
步骤1: 输入藏语文本...
输入文本时出错: Message: tab crashed
  (Session info: chrome=143.0.7499.169)

✗ 输入文本失败
========================================
✗ 翻译失败，跳过此行
✓ 已保存到文件: 685/4500 条

[686/4500] 翻译进度: 15.2%
藏语原文: དཔུང་རིགས་རྒྱ་དུག་སྤྲུལ་ཚང་ནས་ལངས་འདྲ་གདའ།

开始翻译流程 (尝试 1/2):
========================================
步骤1: 输入藏语文本...
输入文本时出错: Message: tab crashed
  (Session info: chrome=143.0.7499.169)

✗ 输入文本失败

开始翻译流程 (尝试 2/2):
========================================
步骤1: 输入藏语文本...
输入文本时出错: Message: tab crashed
  (Session info: chrome=143.0.7499.169)

✗ 输入文本失败
========================================
✗ 翻译失败，跳过此行
✓ 已保存到文件: 686/4500 条

[687/4500] 翻译进度: 15.3%
藏语原文: ཞེས་ཟེར་ནས་རྟ་གོང་ལ་ཟུར་འདུག་ཅིག་བྱས།

开始翻译流程 (尝试 1/2):
========================================
步骤1: 输入藏语文本...
输入文本时出错: Message: tab crashed
  (Session info: chrome=143.0.7499.169)

✗ 输入文本失败

开始翻译流程 (尝试 2/2):
========================================
步骤1: 输入藏语文本...
输入文本时出错: Message: tab crashed
  (Session info: chrome=143.0.7499.169)

✗ 输入文本失败
========================================
✗ 翻译失败，跳过此行
✓ 已保存到文件: 687/4500 条

[688/4500] 翻译进度: 15.3%
藏语原文: ཟེར་བའི་དཔེ་དང་མཚུངས་ནས་འདུག།

开始翻译流程 (尝试 1/2):
========================================
步骤1: 输入藏语文本...
输入文本时出错: Message: tab crashed
  (Session info: chrome=143.0.7499.169)

✗ 输入文本失败

开始翻译流程 (尝试 2/2):
========================================
步骤1: 输入藏语文本...
输入文本时出错: Message: tab crashed
  (Session info: chrome=143.0.7499.169)

✗ 输入文本失败
========================================
✗ 翻译失败，跳过此行
✓ 已保存到文件: 688/4500 条

[689/4500] 翻译进度: 15.3%
藏语原文: ད་འདི་མུས་འདུག་ཐབས་ག་ན་ཡོད།

开始翻译流程 (尝试 1/2):
========================================
步骤1: 输入藏语文本...
输入文本时出错: Message: tab crashed
  (Session info: chrome=143.0.7499.169)

✗ 输入文本失败

开始翻译流程 (尝试 2/2):
========================================
步骤1: 输入藏语文本...
输入文本时出错: Message: tab crashed
  (Session info: chrome=143.0.7499.169)

✗ 输入文本失败
========================================
✗ 翻译失败，跳过此行
✓ 已保存到文件: 689/4500 条

[690/4500] 翻译进度: 15.3%
藏语原文: ཟེར་བའི་དཔེ་དང་མཚུངས་ནས་འདུག།

开始翻译流程 (尝试 1/2):
========================================
步骤1: 输入藏语文本...
输入文本时出错: Message: tab crashed
  (Session info: chrome=143.0.7499.169)

✗ 输入文本失败

开始翻译流程 (尝试 2/2):
========================================
步骤1: 输入藏语文本...
输入文本时出错: Message: tab crashed
  (Session info: chrome=143.0.7499.169)

✗ 输入文本失败
========================================
✗ 翻译失败，跳过此行
✓ 已保存到文件: 690/4500 条

[691/4500] 翻译进度: 15.4%
藏语原文: དེ་འཁོར་དེ་འདྲ་མང་པོ་གདའ།

开始翻译流程 (尝试 1/2):
========================================
步骤1: 输入藏语文本...
输入文本时出错: Message: tab crashed
  (Session info: chrome=143.0.7499.169)

✗ 输入文本失败

开始翻译流程 (尝试 2/2):
========================================
步骤1: 输入藏语文本...
输入文本时出错: Message: tab crashed
  (Session info: chrome=143.0.7499.169)

✗ 输入文本失败
========================================
✗ 翻译失败，跳过此行
✓ 已保存到文件: 691/4500 条

[692/4500] 翻译进度: 15.4%
藏语原文: དེ་འཁོར་དེ་འདྲ་མང་པོ་གདའ།

开始翻译流程 (尝试 1/2):
========================================
步骤1: 输入藏语文本...
输入文本时出错: Message: tab crashed
  (Session info: chrome=143.0.7499.169)

✗ 输入文本失败

开始翻译流程 (尝试 2/2):
========================================
步骤1: 输入藏语文本...
输入文本时出错: Message: tab crashed
  (Session info: chrome=143.0.7499.169)

✗ 输入文本失败
========================================
✗ 翻译失败，跳过此行
✓ 已保存到文件: 692/4500 条

[693/4500] 翻译进度: 15.4%
藏语原文: དེ་འཁོར་དེ་འདྲ་མང་བོ་གདའ།

开始翻译流程 (尝试 1/2):
========================================
步骤1: 输入藏语文本...
输入文本时出错: Message: tab crashed
  (Session info: chrome=143.0.7499.169)

✗ 输入文本失败

开始翻译流程 (尝试 2/2):
========================================
步骤1: 输入藏语文本...
输入文本时出错: Message: tab crashed
  (Session info: chrome=143.0.7499.169)

✗ 输入文本失败
========================================
✗ 翻译失败，跳过此行
✓ 已保存到文件: 693/4500 条

[694/4500] 翻译进度: 15.4%
藏语原文: དཔའ་ཅི་འདུག་སྔོན་མའི་ལས་ལ་ལྟོས།

开始翻译流程 (尝试 1/2):
========================================
步骤1: 输入藏语文本...
输入文本时出错: Message: tab crashed
  (Session info: chrome=143.0.7499.169)

✗ 输入文本失败

开始翻译流程 (尝试 2/2):
========================================
步骤1: 输入藏语文本...
输入文本时出错: Message: tab crashed
  (Session info: chrome=143.0.7499.169)

✗ 输入文本失败
========================================
✗ 翻译失败，跳过此行
✓ 已保存到文件: 694/4500 条

[695/4500] 翻译进度: 15.4%
藏语原文: ང་རང་བློན་པོའི་བསམ་ཚུལ་དེ།

开始翻译流程 (尝试 1/2):
========================================
步骤1: 输入藏语文本...
输入文本时出错: Message: tab crashed
  (Session info: chrome=143.0.7499.169)

✗ 输入文本失败

开始翻译流程 (尝试 2/2):
========================================
步骤1: 输入藏语文本...
输入文本时出错: Message: tab crashed
  (Session info: chrome=143.0.7499.169)

✗ 输入文本失败
========================================
✗ 翻译失败，跳过此行
✓ 已保存到文件: 695/4500 条

[696/4500] 翻译进度: 15.5%
藏语原文: མཐར་བྱ་བ་འདི་འདྲ་ཞིག་ལ་ཐུག་དུས་ཇོ་རུའི་དམག་ལ་མགོ་འ...

开始翻译流程 (尝试 1/2):
========================================
步骤1: 输入藏语文本...
输入文本时出错: Message: tab crashed
  (Session info: chrome=143.0.7499.169)

✗ 输入文本失败

开始翻译流程 (尝试 2/2):
========================================
步骤1: 输入藏语文本...
输入文本时出错: Message: tab crashed
  (Session info: chrome=143.0.7499.169)

✗ 输入文本失败
========================================
✗ 翻译失败，跳过此行
✓ 已保存到文件: 696/4500 条

[697/4500] 翻译进度: 15.5%
藏语原文: ཨ་ཙི་ཁྱི་རྒན་ཧམ་པ་ལ།

开始翻译流程 (尝试 1/2):
========================================
步骤1: 输入藏语文本...
输入文本时出错: Message: tab crashed
  (Session info: chrome=143.0.7499.169)

✗ 输入文本失败

开始翻译流程 (尝试 2/2):
========================================
步骤1: 输入藏语文本...
输入文本时出错: Message: tab crashed
  (Session info: chrome=143.0.7499.169)

✗ 输入文本失败
========================================
✗ 翻译失败，跳过此行
✓ 已保存到文件: 697/4500 条

[698/4500] 翻译进度: 15.5%
藏语原文: ཨ་ཙི་མི་གཡོག་ཧམ་པ་ལ།

开始翻译流程 (尝试 1/2):
========================================
步骤1: 输入藏语文本...
输入文本时出错: Message: tab crashed
  (Session info: chrome=143.0.7499.169)

✗ 输入文本失败

开始翻译流程 (尝试 2/2):
========================================
步骤1: 输入藏语文本...
输入文本时出错: Message: tab crashed
  (Session info: chrome=143.0.7499.169)

✗ 输入文本失败
========================================
✗ 翻译失败，跳过此行
✓ 已保存到文件: 698/4500 条

[699/4500] 翻译进度: 15.5%
藏语原文: སྡུག་གྱོང་རང་མགོ་ཐོན་པ་མིན།

开始翻译流程 (尝试 1/2):
========================================
步骤1: 输入藏语文本...
输入文本时出错: Message: tab crashed
  (Session info: chrome=143.0.7499.169)

✗ 输入文本失败

开始翻译流程 (尝试 2/2):
========================================
步骤1: 输入藏语文本...
输入文本时出错: Message: tab crashed
  (Session info: chrome=143.0.7499.169)

✗ 输入文本失败
========================================
✗ 翻译失败，跳过此行
✓ 已保存到文件: 699/4500 条

[700/4500] 翻译进度: 15.6%
藏语原文: སྡུག་དུས་སེམས་ཁམས་མ་དམའ་ཟེར།

开始翻译流程 (尝试 1/2):
========================================
步骤1: 输入藏语文本...
输入文本时出错: Message: tab crashed
  (Session info: chrome=143.0.7499.169)

✗ 输入文本失败

开始翻译流程 (尝试 2/2):
========================================
步骤1: 输入藏语文本...
输入文本时出错: Message: tab crashed
  (Session info: chrome=143.0.7499.169)

✗ 输入文本失败
========================================
✗ 翻译失败，跳过此行
✓ 已保存到文件: 700/4500 条

[701/4500] 翻译进度: 15.6%
藏语原文: ཨ་ཙི་སྤྲང་རྒན་ཧམ་པ་ཅན།

开始翻译流程 (尝试 1/2):
========================================
步骤1: 输入藏语文本...
输入文本时出错: Message: tab crashed
  (Session info: chrome=143.0.7499.169)

✗ 输入文本失败

开始翻译流程 (尝试 2/2):
========================================
步骤1: 输入藏语文本...
输入文本时出错: Message: tab crashed
  (Session info: chrome=143.0.7499.169)

✗ 输入文本失败
========================================
✗ 翻译失败，跳过此行
✓ 已保存到文件: 701/4500 条

[702/4500] 翻译进度: 15.6%
藏语原文: ཟེར་བའི་དཔེ་དང་མཚུངས་ནས་འདུག།

开始翻译流程 (尝试 1/2):
========================================
步骤1: 输入藏语文本...
输入文本时出错: Message: tab crashed
  (Session info: chrome=143.0.7499.169)

✗ 输入文本失败

开始翻译流程 (尝试 2/2):
========================================
步骤1: 输入藏语文本...
输入文本时出错: Message: tab crashed
  (Session info: chrome=143.0.7499.169)

✗ 输入文本失败
========================================
✗ 翻译失败，跳过此行
✓ 已保存到文件: 702/4500 条

[703/4500] 翻译进度: 15.6%
藏语原文: ཧཱུཾ་རྩ་ཌི་ཎ་རྐགྲི་སོ་མུན་པ་རུབ་འདྲ་གདའ།

开始翻译流程 (尝试 1/2):
========================================
步骤1: 输入藏语文本...
输入文本时出错: Message: tab crashed
  (Session info: chrome=143.0.7499.169)

✗ 输入文本失败

开始翻译流程 (尝试 2/2):
========================================
步骤1: 输入藏语文本...
输入文本时出错: Message: tab crashed
  (Session info: chrome=143.0.7499.169)

✗ 输入文本失败
========================================
✗ 翻译失败，跳过此行
✓ 已保存到文件: 703/4500 条

[704/4500] 翻译进度: 15.6%
藏语原文: མི་རྒན་ལ་བསམ་ཚུལ་འདི་འདྲ་གདའ་ཟེར་ནས་གླུ་འདི་ལྟར་བླ...

开始翻译流程 (尝试 1/2):
========================================
步骤1: 输入藏语文本...
输入文本时出错: Message: tab crashed
  (Session info: chrome=143.0.7499.169)

✗ 输入文本失败

开始翻译流程 (尝试 2/2):
========================================
步骤1: 输入藏语文本...
输入文本时出错: Message: tab crashed
  (Session info: chrome=143.0.7499.169)

✗ 输入文本失败
========================================
✗ 翻译失败，跳过此行
✓ 已保存到文件: 704/4500 条

[705/4500] 翻译进度: 15.7%
藏语原文: ཞུས་ཀྱང་ཕན་པ་མི་གདའ་འོ།

开始翻译流程 (尝试 1/2):
========================================
步骤1: 输入藏语文本...
输入文本时出错: Message: tab crashed
  (Session info: chrome=143.0.7499.169)

✗ 输入文本失败

开始翻译流程 (尝试 2/2):
========================================
步骤1: 输入藏语文本...
输入文本时出错: Message: tab crashed
  (Session info: chrome=143.0.7499.169)

✗ 输入文本失败
========================================
✗ 翻译失败，跳过此行
✓ 已保存到文件: 705/4500 条

[706/4500] 翻译进度: 15.7%
藏语原文: ང་བློན་རྒན་བསམ་ཚུལ་དེ་འདྲ་གདའ།

开始翻译流程 (尝试 1/2):
========================================
步骤1: 输入藏语文本...
输入文本时出错: Message: tab crashed
  (Session info: chrome=143.0.7499.169)

✗ 输入文本失败

开始翻译流程 (尝试 2/2):
========================================
步骤1: 输入藏语文本...
输入文本时出错: Message: tab crashed
  (Session info: chrome=143.0.7499.169)

✗ 输入文本失败
========================================
✗ 翻译失败，跳过此行
✓ 已保存到文件: 706/4500 条

[707/4500] 翻译进度: 15.7%
藏语原文: གུར་དང་སྒར་ཆས་སྡུད་ཅིང་གདའ།

开始翻译流程 (尝试 1/2):
========================================
步骤1: 输入藏语文本...
输入文本时出错: Message: tab crashed
  (Session info: chrome=143.0.7499.169)

✗ 输入文本失败

开始翻译流程 (尝试 2/2):
========================================
步骤1: 输入藏语文本...
输入文本时出错: Message: tab crashed
  (Session info: chrome=143.0.7499.169)

✗ 输入文本失败
========================================
✗ 翻译失败，跳过此行
✓ 已保存到文件: 707/4500 条

[708/4500] 翻译进度: 15.7%
藏语原文: འདི་མུར་འདུག་ཐབས་ལར་ནས་མེད་ཟེར།

开始翻译流程 (尝试 1/2):
========================================
步骤1: 输入藏语文本...
输入文本时出错: Message: tab crashed
  (Session info: chrome=143.0.7499.169)

✗ 输入文本失败

开始翻译流程 (尝试 2/2):
========================================
步骤1: 输入藏语文本...
输入文本时出错: Message: tab crashed
  (Session info: chrome=143.0.7499.169)

✗ 输入文本失败
========================================
✗ 翻译失败，跳过此行
✓ 已保存到文件: 708/4500 条

[709/4500] 翻译进度: 15.8%
藏语原文: ང་རྒྱལ་པོའི་བསམ་ཚུལ་འདི་འདྲ་གདའ་གསུངས་ནས།

开始翻译流程 (尝试 1/2):
========================================
步骤1: 输入藏语文本...
输入文本时出错: Message: tab crashed
  (Session info: chrome=143.0.7499.169)

✗ 输入文本失败

开始翻译流程 (尝试 2/2):
========================================
步骤1: 输入藏语文本...
输入文本时出错: Message: tab crashed
  (Session info: chrome=143.0.7499.169)

✗ 输入文本失败
========================================
✗ 翻译失败，跳过此行
✓ 已保存到文件: 709/4500 条

[710/4500] 翻译进度: 15.8%
藏语原文: དེ་རིང་རང་ངོ་མ་ཤེས་ན།

开始翻译流程 (尝试 1/2):
========================================
步骤1: 输入藏语文本...
输入文本时出错: Message: tab crashed
  (Session info: chrome=143.0.7499.169)

✗ 输入文本失败

开始翻译流程 (尝试 2/2):
========================================
步骤1: 输入藏语文本...
输入文本时出错: Message: tab crashed
  (Session info: chrome=143.0.7499.169)

✗ 输入文本失败
========================================
✗ 翻译失败，跳过此行