nohup: ignoring input
============================================================
藏语文件翻译处理
严格按照用户需求:
1. 读取藏语文件（支持文本和JSON格式）
2. 使用muban.json作为翻译结果保存格式
3. leixing字段：文本文件为'不明'，JSON文件使用原type
4. 自动加id
5. 藏语原文是tibetan字段，翻译结果是chinese字段
6. 统计条数，时间统一写2025-12-29
7. 保存为JSON格式，和muban.json一样
8. 输出文件命名: '原藏语文件'_result.json
============================================================
使用命令行参数指定的文件: tibetan/oral_kham_025.json

加载文件: tibetan/oral_kham_025.json
成功加载JSON文件: tibetan/oral_kham_025.json
文件类型: oral_kham
藏语句子数量: 4500
总字符数: 228244
文件类型: oral_kham
找到 4500 行需要翻译

创建JSON模板...
创建初始文件...
✓ 初始文件已创建: results/oral_kham_025_result.json
  文件位置: /root/myproj/translate/results/oral_kham_025_result.json

开始翻译...
注意: 翻译过程可能需要较长时间，请耐心等待
首次运行可能会自动下载ChromeDriver
即时保存: 每翻译一条就保存一条到文件
============================================================
初始化翻译器...
检查必要的Python包...
✓ selenium已安装 (版本: 4.39.0)
✓ webdriver-manager已安装
正在自动下载和管理ChromeDriver...
✓ ChromeDriver自动配置成功
✓ WebDriver初始化成功
开始逐条翻译 4500 行...
注意: 只访问一次网页，之后重复使用同一个页面进行翻译
即时保存: 每翻译一条就保存一条到文件
============================================================

[1/4500] 翻译进度: 0.0%
藏语原文: བལ་པོར་ཨ་ཏི་ཤའི་ཐུགས་དམ་གཙུག་ལག་ཁང་གཅིག་བཞེངས་པར་ག...
页面未初始化，正在初始化...
正在访问: http://222.19.82.141:5002/index-Final.html
翻译页面加载成功
页面初始化完成

开始翻译流程 (尝试 1/2):
========================================
步骤1: 输入藏语文本...
已输入藏语文本: བལ་པོར་ཨ་ཏི་ཤའི་ཐུགས་དམ་གཙུག་ལག་ཁང་གཅིག་བཞེངས་པར་གདའ་བས།
✓ 文本输入成功
步骤2: 点击智能翻译按钮...
已点击智能翻译按钮
✓ 翻译按钮点击成功
步骤3: 等待翻译处理 (4秒) - 第一次翻译，等待更长时间确保成功...
✓ 翻译处理完成
步骤4: 获取翻译结果...
翻译结果: 尼泊尔建造了一座阿底峡修行殿。
✓ 翻译结果获取成功
✓ 第一次翻译成功完成，后续翻译将使用正常等待时间
========================================
✓ 翻译成功
汉语结果: 尼泊尔建造了一座阿底峡修行殿。
✓ 已保存到文件: 1/4500 条

[2/4500] 翻译进度: 0.0%
藏语原文: ཆགས་སྡང་མེད་ཅིང་རང་ཚུགས་ཟིན་པ་དང་།

开始翻译流程 (尝试 1/2):
========================================
步骤1: 输入藏语文本...
已输入藏语文本: ཆགས་སྡང་མེད་ཅིང་རང་ཚུགས་ཟིན་པ་དང་།
✓ 文本输入成功
步骤2: 点击智能翻译按钮...
已点击智能翻译按钮
✓ 翻译按钮点击成功
步骤3: 等待翻译处理 (0.5秒) - 后续翻译，等待0.5秒...
✓ 翻译处理完成
步骤4: 获取翻译结果...
翻译结果: 做到不存恩怨、不搞徘徊，
✓ 翻译结果获取成功
========================================
✓ 翻译成功
汉语结果: 做到不存恩怨、不搞徘徊，
✓ 已保存到文件: 2/4500 条

[3/4500] 翻译进度: 0.1%
藏语原文: གཞན་ཡང་རང་སའི་ས་བདག་ཡོངས་བསྐུལ་ནས།

开始翻译流程 (尝试 1/2):
========================================
步骤1: 输入藏语文本...
已输入藏语文本: གཞན་ཡང་རང་སའི་ས་བདག་ཡོངས་བསྐུལ་ནས།
✓ 文本输入成功
步骤2: 点击智能翻译按钮...
已点击智能翻译按钮
✓ 翻译按钮点击成功
步骤3: 等待翻译处理 (0.5秒) - 后续翻译，等待0.5秒...
✓ 翻译处理完成
步骤4: 获取翻译结果...
翻译结果: 并动员本地地主。
✓ 翻译结果获取成功
========================================
✓ 翻译成功
汉语结果: 并动员本地地主。
✓ 已保存到文件: 3/4500 条

[4/4500] 翻译进度: 0.1%
藏语原文: མ་གཅིག་གསུང་ལ་ལྷག་ཆད་མི་གདའ་ལགས།

开始翻译流程 (尝试 1/2):
========================================
步骤1: 输入藏语文本...
已输入藏语文本: མ་གཅིག་གསུང་ལ་ལྷག་ཆད་མི་གདའ་ལགས།
✓ 文本输入成功
步骤2: 点击智能翻译按钮...
已点击智能翻译按钮
✓ 翻译按钮点击成功
步骤3: 等待翻译处理 (0.5秒) - 后续翻译，等待0.5秒...
✓ 翻译处理完成
步骤4: 获取翻译结果...
翻译结果: 没有不如母语之精
✓ 翻译结果获取成功
========================================
✓ 翻译成功
汉语结果: 没有不如母语之精
✓ 已保存到文件: 4/4500 条

[5/4500] 翻译进度: 0.1%
藏语原文: ལོག་ལྟ་ཆེན་པོ་བོད་ལ་སྐྱེ་ཉེན་གདའ།

开始翻译流程 (尝试 1/2):
========================================
步骤1: 输入藏语文本...
已输入藏语文本: ལོག་ལྟ་ཆེན་པོ་བོད་ལ་སྐྱེ་ཉེན་གདའ།
✓ 文本输入成功
步骤2: 点击智能翻译按钮...
已点击智能翻译按钮
✓ 翻译按钮点击成功
步骤3: 等待翻译处理 (0.5秒) - 后续翻译，等待0.5秒...
✓ 翻译处理完成
步骤4: 获取翻译结果...
翻译结果: 大逆不道的邪说，会在藏区滋长。
✓ 翻译结果获取成功
========================================
✓ 翻译成功
汉语结果: 大逆不道的邪说，会在藏区滋长。
✓ 已保存到文件: 5/4500 条

[6/4500] 翻译进度: 0.1%
藏语原文: ཁོང་རང་ཙམ་གྱིས་གསེར་གྱིས་བླུས་ཟེར་བ།

开始翻译流程 (尝试 1/2):
========================================
步骤1: 输入藏语文本...
已输入藏语文本: ཁོང་རང་ཙམ་གྱིས་གསེར་གྱིས་བླུས་ཟེར་བ།
✓ 文本输入成功
步骤2: 点击智能翻译按钮...
已点击智能翻译按钮
✓ 翻译按钮点击成功
步骤3: 等待翻译处理 (0.5秒) - 后续翻译，等待0.5秒...
✓ 翻译处理完成
步骤4: 获取翻译结果...
翻译结果: 他自己说要用金子赎回
✓ 翻译结果获取成功
========================================
✓ 翻译成功
汉语结果: 他自己说要用金子赎回
✓ 已保存到文件: 6/4500 条

[7/4500] 翻译进度: 0.2%
藏语原文: ད་དུང་ཁྱེད་དང་མ་མཇལ་སྐྱོ་ཡིན་གདའ།

开始翻译流程 (尝试 1/2):
========================================
步骤1: 输入藏语文本...
已输入藏语文本: ད་དུང་ཁྱེད་དང་མ་མཇལ་སྐྱོ་ཡིན་གདའ།
✓ 文本输入成功
步骤2: 点击智能翻译按钮...
已点击智能翻译按钮
✓ 翻译按钮点击成功
步骤3: 等待翻译处理 (0.5秒) - 后续翻译，等待0.5秒...
✓ 翻译处理完成
步骤4: 获取翻译结果...
翻译结果: 还没有见到您，真遗憾。
✓ 翻译结果获取成功
========================================
✓ 翻译成功
汉语结果: 还没有见到您，真遗憾。
✓ 已保存到文件: 7/4500 条

[8/4500] 翻译进度: 0.2%
藏语原文: ཡོན་ཏན་གང་ལའང་རང་བཟོ་ཆུང་བར་མཛོད།

开始翻译流程 (尝试 1/2):
========================================
步骤1: 输入藏语文本...
已输入藏语文本: ཡོན་ཏན་གང་ལའང་རང་བཟོ་ཆུང་བར་མཛོད།
✓ 文本输入成功
步骤2: 点击智能翻译按钮...
已点击智能翻译按钮
✓ 翻译按钮点击成功
步骤3: 等待翻译处理 (0.5秒) - 后续翻译，等待0.5秒...
✓ 翻译处理完成
步骤4: 获取翻译结果...
翻译结果: 对任何知识都要谦虚。
✓ 翻译结果获取成功
========================================
✓ 翻译成功
汉语结果: 对任何知识都要谦虚。
✓ 已保存到文件: 8/4500 条

[9/4500] 翻译进度: 0.2%
藏语原文: ཁྱེད་རང་མ་སྐྱོ་ལྷག་པར་གོ་ཆ་གོན།

开始翻译流程 (尝试 1/2):
========================================
步骤1: 输入藏语文本...
已输入藏语文本: ཁྱེད་རང་མ་སྐྱོ་ལྷག་པར་གོ་ཆ་གོན།
✓ 文本输入成功
步骤2: 点击智能翻译按钮...
已点击智能翻译按钮
✓ 翻译按钮点击成功
步骤3: 等待翻译处理 (0.5秒) - 后续翻译，等待0.5秒...
✓ 翻译处理完成
步骤4: 获取翻译结果...
翻译结果: 你别难过了，还是
✓ 翻译结果获取成功
========================================
✓ 翻译成功
汉语结果: 你别难过了，还是
✓ 已保存到文件: 9/4500 条

[10/4500] 翻译进度: 0.2%
藏语原文: འདི་རུ་མ་འདུག་གདུལ་བྱ་བོད་ན་ཡོད།

开始翻译流程 (尝试 1/2):
========================================
步骤1: 输入藏语文本...
已输入藏语文本: འདི་རུ་མ་འདུག་གདུལ་བྱ་བོད་ན་ཡོད།
✓ 文本输入成功
步骤2: 点击智能翻译按钮...
已点击智能翻译按钮
✓ 翻译按钮点击成功
步骤3: 等待翻译处理 (0.5秒) - 后续翻译，等待0.5秒...
✓ 翻译处理完成
步骤4: 获取翻译结果...
翻译结果: 不要呆在这里，去造
✓ 翻译结果获取成功
========================================
✓ 翻译成功
汉语结果: 不要呆在这里，去造
✓ 已保存到文件: 10/4500 条

[11/4500] 翻译进度: 0.2%
藏语原文: ཡོངས་འཛིན་བསྟེན་ཅིང་རང་བཟོ་ནུབ་པར་འགྱུར།

开始翻译流程 (尝试 1/2):
========================================
步骤1: 输入藏语文本...
已输入藏语文本: ཡོངས་འཛིན་བསྟེན་ཅིང་རང་བཟོ་ནུབ་པར་འགྱུར།
✓ 文本输入成功
步骤2: 点击智能翻译按钮...
已点击智能翻译按钮
✓ 翻译按钮点击成功
步骤3: 等待翻译处理 (0.5秒) - 后续翻译，等待0.5秒...
✓ 翻译处理完成
步骤4: 获取翻译结果...
翻译结果: 依赖百宝箱而忽略自创的危险
✓ 翻译结果获取成功
========================================
✓ 翻译成功
汉语结果: 依赖百宝箱而忽略自创的危险
✓ 已保存到文件: 11/4500 条

[12/4500] 翻译进度: 0.3%
藏语原文: ལན་གཅིག་དཀྱིལ་འཁོར་གཅིག་ལ་ཞུགས་ཙ་ན།

开始翻译流程 (尝试 1/2):
========================================
步骤1: 输入藏语文本...
已输入藏语文本: ལན་གཅིག་དཀྱིལ་འཁོར་གཅིག་ལ་ཞུགས་ཙ་ན།
✓ 文本输入成功
步骤2: 点击智能翻译按钮...
已点击智能翻译按钮
✓ 翻译按钮点击成功
步骤3: 等待翻译处理 (0.5秒) - 后续翻译，等待0.5秒...
✓ 翻译处理完成
步骤4: 获取翻译结果...
翻译结果: 参加一次仪式。
✓ 翻译结果获取成功
========================================
✓ 翻译成功
汉语结果: 参加一次仪式。
✓ 已保存到文件: 12/4500 条

[13/4500] 翻译进度: 0.3%
藏语原文: བསླབ་གསུམ་རང་རང་རྒྱུད་ལ་དར་བར་མཛོད།

开始翻译流程 (尝试 1/2):
========================================
步骤1: 输入藏语文本...
已输入藏语文本: བསླབ་གསུམ་རང་རང་རྒྱུད་ལ་དར་བར་མཛོད།
✓ 文本输入成功
步骤2: 点击智能翻译按钮...
已点击智能翻译按钮
✓ 翻译按钮点击成功
步骤3: 等待翻译处理 (0.5秒) - 后续翻译，等待0.5秒...
✓ 翻译处理完成
步骤4: 获取翻译结果...
翻译结果: 
✗ 翻译结果获取失败
   将重试...

开始翻译流程 (尝试 2/2):
========================================
步骤1: 输入藏语文本...
已输入藏语文本: བསླབ་གསུམ་རང་རང་རྒྱུད་ལ་དར་བར་མཛོད།
✓ 文本输入成功
步骤2: 点击智能翻译按钮...
已点击智能翻译按钮
✓ 翻译按钮点击成功
步骤3: 等待翻译处理 (0.5秒) - 后续翻译，等待0.5秒...
✓ 翻译处理完成
步骤4: 获取翻译结果...
翻译结果: 各学各的发达!
✓ 翻译结果获取成功
========================================
✓ 翻译成功
汉语结果: 各学各的发达!
✓ 已保存到文件: 13/4500 条

[14/4500] 翻译进度: 0.3%
藏语原文: རང་རང་སྲོག་སྔགས་ལ་སོགས་རྗེ་ལ་འབུལ།

开始翻译流程 (尝试 1/2):
========================================
步骤1: 输入藏语文本...
已输入藏语文本: རང་རང་སྲོག་སྔགས་ལ་སོགས་རྗེ་ལ་འབུལ།
✓ 文本输入成功
步骤2: 点击智能翻译按钮...
已点击智能翻译按钮
✓ 翻译按钮点击成功
步骤3: 等待翻译处理 (0.5秒) - 后续翻译，等待0.5秒...
✓ 翻译处理完成
步骤4: 获取翻译结果...
翻译结果: 献上生命咒语等等。
✓ 翻译结果获取成功
========================================
✓ 翻译成功
汉语结果: 献上生命咒语等等。
✓ 已保存到文件: 14/4500 条

[15/4500] 翻译进度: 0.3%
藏语原文: ཁ་བ་ཅན་ན་བྱི་དོར་བྱེད་ཅིང་གདའ།

开始翻译流程 (尝试 1/2):
========================================
步骤1: 输入藏语文本...
已输入藏语文本: ཁ་བ་ཅན་ན་བྱི་དོར་བྱེད་ཅིང་གདའ།
✓ 文本输入成功
步骤2: 点击智能翻译按钮...
已点击智能翻译按钮
✓ 翻译按钮点击成功
步骤3: 等待翻译处理 (0.5秒) - 后续翻译，等待0.5秒...
✓ 翻译处理完成
步骤4: 获取翻译结果...
翻译结果: 在卡瓦坚正在清理
✓ 翻译结果获取成功
========================================
✓ 翻译成功
汉语结果: 在卡瓦坚正在清理
✓ 已保存到文件: 15/4500 条

[16/4500] 翻译进度: 0.4%
藏语原文: ཙ་ན་ཀིརྟི།

开始翻译流程 (尝试 1/2):
========================================
步骤1: 输入藏语文本...
已输入藏语文本: ཙ་ན་ཀིརྟི།
✓ 文本输入成功
步骤2: 点击智能翻译按钮...
已点击智能翻译按钮
✓ 翻译按钮点击成功
步骤3: 等待翻译处理 (0.5秒) - 后续翻译，等待0.5秒...
✓ 翻译处理完成
步骤4: 获取翻译结果...
翻译结果: 鲸鱼
✓ 翻译结果获取成功
========================================
✓ 翻译成功
汉语结果: 鲸鱼
✓ 已保存到文件: 16/4500 条

[17/4500] 翻译进度: 0.4%
藏语原文: དེ་ཡང་རང་བཞིན་གྱིས་ཡོན་ཏན་མང་པོ་དང་ལྡན་པ་ཁྱད་པར་དུ...

开始翻译流程 (尝试 1/2):
========================================
步骤1: 输入藏语文本...
已输入藏语文本: དེ་ཡང་རང་བཞིན་གྱིས་ཡོན་ཏན་མང་པོ་དང་ལྡན་པ་ཁྱད་པར་དུ་སྦྱངས་པའི་ཡོན་ཏན་བཅུ་གཉིས་དང་ལྡན་པའོ་མ་ཧཱ་ཤྲཱི།
✓ 文本输入成功
步骤2: 点击智能翻译按钮...
已点击智能翻译按钮
✓ 翻译按钮点击成功
步骤3: 等待翻译处理 (0.5秒) - 后续翻译，等待0.5秒...
✓ 翻译处理完成
步骤4: 获取翻译结果...
翻译结果: 本来就很有学问，特别是有十二种学问的马哈士。
✓ 翻译结果获取成功
========================================
✓ 翻译成功
汉语结果: 本来就很有学问，特别是有十二种学问的马哈士。
✓ 已保存到文件: 17/4500 条

[18/4500] 翻译进度: 0.4%
藏语原文: ཕྱག་རྒྱ་ཆེན་པོའི་དངོས་གྲུབ་ཀྱང་དེ་ཙ་ན་ཐོབ་གསུང་ངོ་...

开始翻译流程 (尝试 1/2):
========================================
步骤1: 输入藏语文本...
已输入藏语文本: ཕྱག་རྒྱ་ཆེན་པོའི་དངོས་གྲུབ་ཀྱང་དེ་ཙ་ན་ཐོབ་གསུང་ངོ་ཌ་བྷི་པ།
✓ 文本输入成功
步骤2: 点击智能翻译按钮...
已点击智能翻译按钮
✓ 翻译按钮点击成功
步骤3: 等待翻译处理 (0.5秒) - 后续翻译，等待0.5秒...
✓ 翻译处理完成
步骤4: 获取翻译结果...
翻译结果: 
✗ 翻译结果获取失败
   将重试...

开始翻译流程 (尝试 2/2):
========================================
步骤1: 输入藏语文本...
已输入藏语文本: ཕྱག་རྒྱ་ཆེན་པོའི་དངོས་གྲུབ་ཀྱང་དེ་ཙ་ན་ཐོབ་གསུང་ངོ་ཌ་བྷི་པ།
✓ 文本输入成功
步骤2: 点击智能翻译按钮...
已点击智能翻译按钮
✓ 翻译按钮点击成功
步骤3: 等待翻译处理 (0.5秒) - 后续翻译，等待0.5秒...
✓ 翻译处理完成
步骤4: 获取翻译结果...
翻译结果: 也在此时成就了“大密乘”。
✓ 翻译结果获取成功
========================================
✓ 翻译成功
汉语结果: 也在此时成就了“大密乘”。
✓ 已保存到文件: 18/4500 条

[19/4500] 翻译进度: 0.4%
藏语原文: སྲོད་ནས་གྲོ་ཚུན་ཆད་ཏིང་ངེ་འཛིན་གཅིག་ལ་སྙོམས་པར་ཞུག...

开始翻译流程 (尝试 1/2):
========================================
步骤1: 输入藏语文本...
已输入藏语文本: སྲོད་ནས་གྲོ་ཚུན་ཆད་ཏིང་ངེ་འཛིན་གཅིག་ལ་སྙོམས་པར་ཞུགས་འདུག་པས།
✓ 文本输入成功
步骤2: 点击智能翻译按钮...
已点击智能翻译按钮
✓ 翻译按钮点击成功
步骤3: 等待翻译处理 (0.5秒) - 后续翻译，等待0.5秒...
✓ 翻译处理完成
步骤4: 获取翻译结果...
翻译结果: 从黄昏开始直到凌
✓ 翻译结果获取成功
========================================
✓ 翻译成功
汉语结果: 从黄昏开始直到凌
✓ 已保存到文件: 19/4500 条

[20/4500] 翻译进度: 0.4%
藏语原文: འཇིག་རྟེན་ཁམས་གཞན་དུ་བཞུད་དམ་གསུང་ད་གདའ།

开始翻译流程 (尝试 1/2):
========================================
步骤1: 输入藏语文本...
已输入藏语文本: འཇིག་རྟེན་ཁམས་གཞན་དུ་བཞུད་དམ་གསུང་ད་གདའ།
✓ 文本输入成功
步骤2: 点击智能翻译按钮...
已点击智能翻译按钮
✓ 翻译按钮点击成功
步骤3: 等待翻译处理 (0.5秒) - 后续翻译，等待0.5秒...
✓ 翻译处理完成
步骤4: 获取翻译结果...
翻译结果: 是否要到他方世界去？
✓ 翻译结果获取成功
========================================
✓ 翻译成功
汉语结果: 是否要到他方世界去？
✓ 已保存到文件: 20/4500 条

[21/4500] 翻译进度: 0.5%
藏语原文: གཉིད་སད་སློབ་དཔོན་དངོས་སུ་བཞུགས་འདུག་གོ།

开始翻译流程 (尝试 1/2):
========================================
步骤1: 输入藏语文本...
已输入藏语文本: གཉིད་སད་སློབ་དཔོན་དངོས་སུ་བཞུགས་འདུག་གོ།
✓ 文本输入成功
步骤2: 点击智能翻译按钮...
已点击智能翻译按钮
✓ 翻译按钮点击成功
步骤3: 等待翻译处理 (0.5秒) - 后续翻译，等待0.5秒...
✓ 翻译处理完成
步骤4: 获取翻译结果...
翻译结果: 
✗ 翻译结果获取失败
   将重试...

开始翻译流程 (尝试 2/2):
========================================
步骤1: 输入藏语文本...
已输入藏语文本: གཉིད་སད་སློབ་དཔོན་དངོས་སུ་བཞུགས་འདུག་གོ།
✓ 文本输入成功
步骤2: 点击智能翻译按钮...
已点击智能翻译按钮
✓ 翻译按钮点击成功
步骤3: 等待翻译处理 (0.5秒) - 后续翻译，等待0.5秒...
✓ 翻译处理完成
步骤4: 获取翻译结果...
翻译结果: 梦醒大师，真在座。
✓ 翻译结果获取成功
========================================
✓ 翻译成功
汉语结果: 梦醒大师，真在座。
✓ 已保存到文件: 21/4500 条

[22/4500] 翻译进度: 0.5%
藏语原文: དེའི་ནང་ནས་དོན་དམ་པའི་རྒྱུད་དྲུག་བྱ་བ་མཐར་ཐུག་འབའ་...

开始翻译流程 (尝试 1/2):
========================================
步骤1: 输入藏语文本...
已输入藏语文本: དེའི་ནང་ནས་དོན་དམ་པའི་རྒྱུད་དྲུག་བྱ་བ་མཐར་ཐུག་འབའ་ཞིག་སྟོན་པ་ཡང་བཞུགས་ཀྱི་གདའ་སྐད།
✓ 文本输入成功
步骤2: 点击智能翻译按钮...
已点击智能翻译按钮
✓ 翻译按钮点击成功
步骤3: 等待翻译处理 (0.5秒) - 后续翻译，等待0.5秒...
✓ 翻译处理完成
步骤4: 获取翻译结果...
翻译结果: 其中最终只有真实的六度工作指向的也是存在的。
✓ 翻译结果获取成功
========================================
✓ 翻译成功
汉语结果: 其中最终只有真实的六度工作指向的也是存在的。
✓ 已保存到文件: 22/4500 条

[23/4500] 翻译进度: 0.5%
藏语原文: ལོགས་ཤིག་ན་པོ་ཏི་ནག་ཆུང་ཁ་གཅིག་འདུག་འདི་རྣམས་ཅི་ཡི...

开始翻译流程 (尝试 1/2):
========================================
步骤1: 输入藏语文本...
输入文本时出错: Message: tab crashed
  (Session info: chrome=143.0.7499.169)

✗ 输入文本失败

开始翻译流程 (尝试 2/2):
========================================
步骤1: 输入藏语文本...
输入文本时出错: Message: tab crashed
  (Session info: chrome=143.0.7499.169)

✗ 输入文本失败
========================================
✗ 翻译失败，跳过此行
✓ 已保存到文件: 23/4500 条

[24/4500] 翻译进度: 0.5%
藏语原文: དེ་ལས་ལྔ་ཙམ་གྱིས་གོགཞན་གྱིས་མ་གོདེ་ནས་རབ་ཏུ་ཕྲ་བར་...

开始翻译流程 (尝试 1/2):
========================================
步骤1: 输入藏语文本...
输入文本时出错: Message: tab crashed
  (Session info: chrome=143.0.7499.169)

✗ 输入文本失败

开始翻译流程 (尝试 2/2):
========================================
步骤1: 输入藏语文本...
输入文本时出错: Message: tab crashed
  (Session info: chrome=143.0.7499.169)

✗ 输入文本失败
========================================
✗ 翻译失败，跳过此行
✓ 已保存到文件: 24/4500 条

[25/4500] 翻译进度: 0.6%
藏语原文: ཇོ་བོ་བོད་དུ་བྱོན་ཙ་ན།

开始翻译流程 (尝试 1/2):
========================================
步骤1: 输入藏语文本...
输入文本时出错: Message: tab crashed
  (Session info: chrome=143.0.7499.169)

✗ 输入文本失败

开始翻译流程 (尝试 2/2):
========================================
步骤1: 输入藏语文本...
输入文本时出错: Message: tab crashed
  (Session info: chrome=143.0.7499.169)

✗ 输入文本失败
========================================
✗ 翻译失败，跳过此行
✓ 已保存到文件: 25/4500 条

[26/4500] 翻译进度: 0.6%
藏语原文: མཛོ་འཕྲང་ལ་ཚུད་འདུག་གསུང་བ་དང་།

开始翻译流程 (尝试 1/2):
========================================
步骤1: 输入藏语文本...
输入文本时出错: Message: tab crashed
  (Session info: chrome=143.0.7499.169)

✗ 输入文本失败

开始翻译流程 (尝试 2/2):
========================================
步骤1: 输入藏语文本...
输入文本时出错: Message: tab crashed
  (Session info: chrome=143.0.7499.169)

✗ 输入文本失败
========================================
✗ 翻译失败，跳过此行
✓ 已保存到文件: 26/4500 条

[27/4500] 翻译进度: 0.6%
藏语原文: ཇོ་བོ་ཡེར་པར་བཞུགས་ཙ་ན་ཐིགས་པས་མར་མེ་བསད་པས།

开始翻译流程 (尝试 1/2):
========================================
步骤1: 输入藏语文本...
输入文本时出错: Message: tab crashed
  (Session info: chrome=143.0.7499.169)

✗ 输入文本失败

开始翻译流程 (尝试 2/2):
========================================
步骤1: 输入藏语文本...
输入文本时出错: Message: tab crashed
  (Session info: chrome=143.0.7499.169)

✗ 输入文本失败
========================================
✗ 翻译失败，跳过此行
✓ 已保存到文件: 27/4500 条

[28/4500] 翻译进度: 0.6%
藏语原文: ཇོ་བོས་ལྷའི་སྐྱ་རིས་གཅིག་འདེབས་ཀྱིན་འདུག་པས་ལྷ་འབྲ...

开始翻译流程 (尝试 1/2):
========================================
步骤1: 输入藏语文本...
输入文本时出错: Message: tab crashed
  (Session info: chrome=143.0.7499.169)

✗ 输入文本失败

开始翻译流程 (尝试 2/2):
========================================
步骤1: 输入藏语文本...
输入文本时出错: Message: tab crashed
  (Session info: chrome=143.0.7499.169)

✗ 输入文本失败
========================================
✗ 翻译失败，跳过此行
✓ 已保存到文件: 28/4500 条

[29/4500] 翻译进度: 0.6%
藏语原文: རྒྱལ་པོ་ཙ་ན་ཀས་མཛད་པའི་རྩ་ན་ཀའི་ལུགས་ཀྱི་བསྟན་བཅོས...

开始翻译流程 (尝试 1/2):
========================================
步骤1: 输入藏语文本...
输入文本时出错: Message: tab crashed
  (Session info: chrome=143.0.7499.169)

✗ 输入文本失败

开始翻译流程 (尝试 2/2):
========================================
步骤1: 输入藏语文本...
输入文本时出错: Message: tab crashed
  (Session info: chrome=143.0.7499.169)

✗ 输入文本失败
========================================
✗ 翻译失败，跳过此行
✓ 已保存到文件: 29/4500 条

[30/4500] 翻译进度: 0.7%
藏语原文: ངམ་ཤོད་དུ་ཡང་བྱོན་འདུག་གསུང་།

开始翻译流程 (尝试 1/2):
========================================
步骤1: 输入藏语文本...
输入文本时出错: Message: tab crashed
  (Session info: chrome=143.0.7499.169)

✗ 输入文本失败

开始翻译流程 (尝试 2/2):
========================================
步骤1: 输入藏语文本...
输入文本时出错: Message: tab crashed
  (Session info: chrome=143.0.7499.169)

✗ 输入文本失败
========================================
✗ 翻译失败，跳过此行
✓ 已保存到文件: 30/4500 条

[31/4500] 翻译进度: 0.7%
藏语原文: ཡི་དམ་གྱི་ལྷ་མཐོང་བ་དང་སྒྲུབ་པ་གཤའ་མར་བྱེད་པ་ལ་སྔོ...

开始翻译流程 (尝试 1/2):
========================================
步骤1: 输入藏语文本...
输入文本时出错: Message: tab crashed
  (Session info: chrome=143.0.7499.169)

✗ 输入文本失败

开始翻译流程 (尝试 2/2):
========================================
步骤1: 输入藏语文本...
输入文本时出错: Message: tab crashed
  (Session info: chrome=143.0.7499.169)

✗ 输入文本失败
========================================
✗ 翻译失败，跳过此行
✓ 已保存到文件: 31/4500 条

[32/4500] 翻译进度: 0.7%
藏语原文: ལོ་གསུམ་མཛད་པར་ཡང་འདོད་པ་ཡིན་ཏེ་དོན་ལ་འགལ་བ་མེད་པར...

开始翻译流程 (尝试 1/2):
========================================
步骤1: 输入藏语文本...
输入文本时出错: Message: tab crashed
  (Session info: chrome=143.0.7499.169)

✗ 输入文本失败

开始翻译流程 (尝试 2/2):
========================================
步骤1: 输入藏语文本...
输入文本时出错: Message: tab crashed
  (Session info: chrome=143.0.7499.169)

✗ 输入文本失败
========================================
✗ 翻译失败，跳过此行
✓ 已保存到文件: 32/4500 条

[33/4500] 翻译进度: 0.7%
藏语原文: གནས་བརྟན་གྱི་རྩར་འོངས་ནས་སྤྲང་པོའི་ལུས་ལ་འོད་འཕྲོ་...

开始翻译流程 (尝试 1/2):
========================================
步骤1: 输入藏语文本...
输入文本时出错: Message: tab crashed
  (Session info: chrome=143.0.7499.169)

✗ 输入文本失败

开始翻译流程 (尝试 2/2):
========================================
步骤1: 输入藏语文本...
输入文本时出错: Message: tab crashed
  (Session info: chrome=143.0.7499.169)

✗ 输入文本失败
========================================
✗ 翻译失败，跳过此行
✓ 已保存到文件: 33/4500 条

[34/4500] 翻译进度: 0.8%
藏语原文: ཇོ་བོའི་ཐུགས་དགོངས་ལ་ད་ནི་བདག་ངེས་པར་རབ་ཏུ་བྱུང་དག...

开始翻译流程 (尝试 1/2):
========================================
步骤1: 输入藏语文本...
输入文本时出错: Message: tab crashed
  (Session info: chrome=143.0.7499.169)

✗ 输入文本失败

开始翻译流程 (尝试 2/2):
========================================
步骤1: 输入藏语文本...
输入文本时出错: Message: tab crashed
  (Session info: chrome=143.0.7499.169)

✗ 输入文本失败
========================================
✗ 翻译失败，跳过此行
✓ 已保存到文件: 34/4500 条

[35/4500] 翻译进度: 0.8%
藏语原文: ཇི་ཙམ་གདའ་ཞུས་པས།

开始翻译流程 (尝试 1/2):
========================================
步骤1: 输入藏语文本...
输入文本时出错: Message: tab crashed
  (Session info: chrome=143.0.7499.169)

✗ 输入文本失败

开始翻译流程 (尝试 2/2):
========================================
步骤1: 输入藏语文本...
输入文本时出错: Message: tab crashed
  (Session info: chrome=143.0.7499.169)

✗ 输入文本失败
========================================
✗ 翻译失败，跳过此行
✓ 已保存到文件: 35/4500 条

[36/4500] 翻译进度: 0.8%
藏语原文: དབུ་རུ་གཡུ་རུའི་བར་གྱི་རི་རྒྱུད་འདི་ཙམ་འདུག་གསུང་།

开始翻译流程 (尝试 1/2):
========================================
步骤1: 输入藏语文本...
输入文本时出错: Message: tab crashed
  (Session info: chrome=143.0.7499.169)

✗ 输入文本失败

开始翻译流程 (尝试 2/2):
========================================
步骤1: 输入藏语文本...
输入文本时出错: Message: tab crashed
  (Session info: chrome=143.0.7499.169)

✗ 输入文本失败
========================================
✗ 翻译失败，跳过此行
✓ 已保存到文件: 36/4500 条

[37/4500] 翻译进度: 0.8%
藏语原文: རྒྱ་མཚོ་ཆེན་པོ་ན་གསེར་གྱི་སྐུ་གཅིག་འདུག་པ་ལ།

开始翻译流程 (尝试 1/2):
========================================
步骤1: 输入藏语文本...
输入文本时出错: Message: tab crashed
  (Session info: chrome=143.0.7499.169)

✗ 输入文本失败

开始翻译流程 (尝试 2/2):
========================================
步骤1: 输入藏语文本...
输入文本时出错: Message: tab crashed
  (Session info: chrome=143.0.7499.169)

✗ 输入文本失败
========================================
✗ 翻译失败，跳过此行
✓ 已保存到文件: 37/4500 条

[38/4500] 翻译进度: 0.8%
藏语原文: དེའི་ཞབས་བརྐྱངས་པའི་སྐྱིད་པའི་འོག་ན་ཕར་ལ་མི་གཅིག་ཟ...

开始翻译流程 (尝试 1/2):
========================================
步骤1: 输入藏语文本...
输入文本时出错: Message: tab crashed
  (Session info: chrome=143.0.7499.169)

✗ 输入文本失败

开始翻译流程 (尝试 2/2):
========================================
步骤1: 输入藏语文本...
输入文本时出错: Message: tab crashed
  (Session info: chrome=143.0.7499.169)

✗ 输入文本失败
========================================
✗ 翻译失败，跳过此行
✓ 已保存到文件: 38/4500 条

[39/4500] 翻译进度: 0.9%
藏语原文: རྟེན་བཟང་པོ་རང་བྱུང་དང་བཞེངས་པ་གྲངས་མེད་པ་བཞུགས་འད...

开始翻译流程 (尝试 1/2):
========================================
步骤1: 输入藏语文本...
输入文本时出错: Message: tab crashed
  (Session info: chrome=143.0.7499.169)

✗ 输入文本失败

开始翻译流程 (尝试 2/2):
========================================
步骤1: 输入藏语文本...
输入文本时出错: Message: tab crashed
  (Session info: chrome=143.0.7499.169)

✗ 输入文本失败
========================================
✗ 翻译失败，跳过此行
✓ 已保存到文件: 39/4500 条

[40/4500] 翻译进度: 0.9%
藏语原文: ཁ་སང་འགྲོན་པོ་གཅིག་འོངས་པ་འགྲོན་ཁང་ན་འདུག་གོ།

开始翻译流程 (尝试 1/2):
========================================
步骤1: 输入藏语文本...
输入文本时出错: Message: tab crashed
  (Session info: chrome=143.0.7499.169)

✗ 输入文本失败

开始翻译流程 (尝试 2/2):
========================================
步骤1: 输入藏语文本...
输入文本时出错: Message: tab crashed
  (Session info: chrome=143.0.7499.169)

✗ 输入文本失败
========================================
✗ 翻译失败，跳过此行
✓ 已保存到文件: 40/4500 条

[41/4500] 翻译进度: 0.9%
藏语原文: རྒད་པོས་དེར་ཕྱིན་པས་སྒོམ་ཀྱིན་བཞུགས་ནས་འདུག་པ་དང་ཕ...

开始翻译流程 (尝试 1/2):
========================================
步骤1: 输入藏语文本...
输入文本时出错: Message: tab crashed
  (Session info: chrome=143.0.7499.169)

✗ 输入文本失败

开始翻译流程 (尝试 2/2):
========================================
步骤1: 输入藏语文本...
输入文本时出错: Message: tab crashed
  (Session info: chrome=143.0.7499.169)

✗ 输入文本失败
========================================
✗ 翻译失败，跳过此行
✓ 已保存到文件: 41/4500 条

[42/4500] 翻译进度: 0.9%
藏语原文: འཁོར་ས་ན་ཕར་ལྡེར་ཚོ་མང་པོ་བཞུགས་ནས་གདའ་བས་ལྡེར་ཚོ་...

开始翻译流程 (尝试 1/2):
========================================
步骤1: 输入藏语文本...
输入文本时出错: Message: tab crashed
  (Session info: chrome=143.0.7499.169)

✗ 输入文本失败

开始翻译流程 (尝试 2/2):
========================================
步骤1: 输入藏语文本...
输入文本时出错: Message: tab crashed
  (Session info: chrome=143.0.7499.169)

✗ 输入文本失败
========================================
✗ 翻译失败，跳过此行
✓ 已保存到文件: 42/4500 条

[43/4500] 翻译进度: 1.0%
藏语原文: ལྡེར་ཚོ་གཅིག་ལ་ཞུ་བ་བྱེད་ཀྱིན་འདུག་པ་ལ།

开始翻译流程 (尝试 1/2):
========================================
步骤1: 输入藏语文本...
输入文本时出错: Message: tab crashed
  (Session info: chrome=143.0.7499.169)

✗ 输入文本失败

开始翻译流程 (尝试 2/2):
========================================
步骤1: 输入藏语文本...
输入文本时出错: Message: tab crashed
  (Session info: chrome=143.0.7499.169)

✗ 输入文本失败
========================================
✗ 翻译失败，跳过此行
✓ 已保存到文件: 43/4500 条

[44/4500] 翻译进度: 1.0%
藏语原文: ཡང་ཇོ་བོས་སློབ་དཔོན་ཀླུ་སྒྲུབ་ཀྱིས་མཛད་པའི་རྡོ་རྗེ...

开始翻译流程 (尝试 1/2):
========================================
步骤1: 输入藏语文本...
输入文本时出错: Message: tab crashed
  (Session info: chrome=143.0.7499.169)

✗ 输入文本失败

开始翻译流程 (尝试 2/2):
========================================
步骤1: 输入藏语文本...
输入文本时出错: Message: tab crashed
  (Session info: chrome=143.0.7499.169)

✗ 输入文本失败
========================================
✗ 翻译失败，跳过此行
✓ 已保存到文件: 44/4500 条

[45/4500] 翻译进度: 1.0%
藏语原文: ཡང་རྡོ་རྗེ་གདན་གྱི་གྷན་རྡོ་ལི་ལ་བསྐོར་བ་མཛད་ཀྱིན་བ...

开始翻译流程 (尝试 1/2):
========================================
步骤1: 输入藏语文本...
输入文本时出错: Message: tab crashed
  (Session info: chrome=143.0.7499.169)

✗ 输入文本失败

开始翻译流程 (尝试 2/2):
========================================
步骤1: 输入藏语文本...
输入文本时出错: Message: tab crashed
  (Session info: chrome=143.0.7499.169)

✗ 输入文本失败
========================================
✗ 翻译失败，跳过此行
✓ 已保存到文件: 45/4500 条

[46/4500] 翻译进度: 1.0%
藏语原文: ཡང་སློབ་དཔོན་ཀླུ་སྒྲུབ་ཀྱི་རྡོ་རྗེ་ར་བའི་ཁང་བུ་ལ་བ...

开始翻译流程 (尝试 1/2):
========================================
步骤1: 输入藏语文本...
输入文本时出错: Message: tab crashed
  (Session info: chrome=143.0.7499.169)

✗ 输入文本失败

开始翻译流程 (尝试 2/2):
========================================
步骤1: 输入藏语文本...
输入文本时出错: Message: tab crashed
  (Session info: chrome=143.0.7499.169)

✗ 输入文本失败
========================================
✗ 翻译失败，跳过此行
✓ 已保存到文件: 46/4500 条

[47/4500] 翻译进度: 1.0%
藏语原文: ངས་བལྟས་པས་དེ་ལྟར་མི་འདུག་བྱས་པས།

开始翻译流程 (尝试 1/2):
========================================
步骤1: 输入藏语文本...
输入文本时出错: Message: tab crashed
  (Session info: chrome=143.0.7499.169)

✗ 输入文本失败

开始翻译流程 (尝试 2/2):
========================================
步骤1: 输入藏语文本...
输入文本时出错: Message: tab crashed
  (Session info: chrome=143.0.7499.169)

✗ 输入文本失败
========================================
✗ 翻译失败，跳过此行
✓ 已保存到文件: 47/4500 条

[48/4500] 翻译进度: 1.1%
藏语原文: དེའི་རྩ་ན་ཤིང་ནྱ་གྲོ་ཏའི་ཕུང་པོ་གཅིག་ཡོད་པའི་དྲུང་...

开始翻译流程 (尝试 1/2):
========================================
步骤1: 输入藏语文本...
输入文本时出错: Message: tab crashed
  (Session info: chrome=143.0.7499.169)

✗ 输入文本失败

开始翻译流程 (尝试 2/2):
========================================
步骤1: 输入藏语文本...
输入文本时出错: Message: tab crashed
  (Session info: chrome=143.0.7499.169)

✗ 输入文本失败
========================================
✗ 翻译失败，跳过此行
✓ 已保存到文件: 48/4500 条

[49/4500] 翻译进度: 1.1%
藏语原文: ཇོ་བོ་རྡོ་རྗེ་གདན་ན་བཞུགས་ཙ་ན་མ་ག་ཏའི་རྒྱལ་པོ་ནེ་ཡ...

开始翻译流程 (尝试 1/2):
========================================
步骤1: 输入藏语文本...
输入文本时出错: Message: tab crashed
  (Session info: chrome=143.0.7499.169)

✗ 输入文本失败

开始翻译流程 (尝试 2/2):
========================================
步骤1: 输入藏语文本...
输入文本时出错: Message: tab crashed
  (Session info: chrome=143.0.7499.169)

✗ 输入文本失败
========================================
✗ 翻译失败，跳过此行
✓ 已保存到文件: 49/4500 条

[50/4500] 翻译进度: 1.1%
藏语原文: དེ་ཡིན་ཏེ་འོང་ཁོང་དུག་བྱེད་ཀྱིན་འདུག་གསུང་།

开始翻译流程 (尝试 1/2):
========================================
步骤1: 输入藏语文本...
输入文本时出错: Message: tab crashed
  (Session info: chrome=143.0.7499.169)

✗ 输入文本失败

开始翻译流程 (尝试 2/2):
========================================
步骤1: 输入藏语文本...
输入文本时出错: Message: tab crashed
  (Session info: chrome=143.0.7499.169)

✗ 输入文本失败
========================================
✗ 翻译失败，跳过此行
✓ 已保存到文件: 50/4500 条

[51/4500] 翻译进度: 1.1%
藏语原文: བ་ལང་སྐྱོང་བྱ་བ་ལགས་པར་གདའ།

开始翻译流程 (尝试 1/2):
========================================
步骤1: 输入藏语文本...
输入文本时出错: Message: tab crashed
  (Session info: chrome=143.0.7499.169)

✗ 输入文本失败

开始翻译流程 (尝试 2/2):
========================================
步骤1: 输入藏语文本...
输入文本时出错: Message: tab crashed
  (Session info: chrome=143.0.7499.169)

✗ 输入文本失败
========================================
✗ 翻译失败，跳过此行
✓ 已保存到文件: 51/4500 条

[52/4500] 翻译进度: 1.2%
藏语原文: སྐུ་གསུང་ཐུགས་ཀྱི་ནོངས་པ་མཐོང་མ་མྱོང་བ་ཡིན་པར་འདུག...

开始翻译流程 (尝试 1/2):
========================================
步骤1: 输入藏语文本...
输入文本时出错: Message: tab crashed
  (Session info: chrome=143.0.7499.169)

✗ 输入文本失败

开始翻译流程 (尝试 2/2):
========================================
步骤1: 输入藏语文本...
输入文本时出错: Message: tab crashed
  (Session info: chrome=143.0.7499.169)

✗ 输入文本失败
========================================
✗ 翻译失败，跳过此行
✓ 已保存到文件: 52/4500 条

[53/4500] 翻译进度: 1.2%
藏语原文: དེ་མ་ཡིན་པ་ཡང་བོད་ལ་ཕན་ཐོགས་པའི་པཎྜི་ཏ་ཇི་ལྟ་བུ་འད...

开始翻译流程 (尝试 1/2):
========================================
步骤1: 输入藏语文本...
输入文本时出错: Message: tab crashed
  (Session info: chrome=143.0.7499.169)

✗ 输入文本失败

开始翻译流程 (尝试 2/2):
========================================
步骤1: 输入藏语文本...
输入文本时出错: Message: tab crashed
  (Session info: chrome=143.0.7499.169)

✗ 输入文本失败
========================================
✗ 翻译失败，跳过此行
✓ 已保存到文件: 53/4500 条

[54/4500] 翻译进度: 1.2%
藏语原文: དཔལ་རྡོ་རྗེ་གདན་ནས་རྒྱལ་པོ་མ་ཧཱ་པ་ལ་བྱ་བས་སྤྱན་དྲང...

开始翻译流程 (尝试 1/2):
========================================
步骤1: 输入藏语文本...
输入文本时出错: Message: tab crashed
  (Session info: chrome=143.0.7499.169)

✗ 输入文本失败

开始翻译流程 (尝试 2/2):
========================================
步骤1: 输入藏语文本...
输入文本时出错: Message: tab crashed
  (Session info: chrome=143.0.7499.169)

✗ 输入文本失败
========================================
✗ 翻译失败，跳过此行
✓ 已保存到文件: 54/4500 条

[55/4500] 翻译进度: 1.2%
藏语原文: ཇོ་བོ་ལ་དད་པ་ཡང་སྐྱེས་ནས་དགྱེས་པ་ཡིན་པར་གདའ་གསུང་།

开始翻译流程 (尝试 1/2):
========================================
步骤1: 输入藏语文本...
输入文本时出错: Message: tab crashed
  (Session info: chrome=143.0.7499.169)

✗ 输入文本失败

开始翻译流程 (尝试 2/2):
========================================
步骤1: 输入藏语文本...
输入文本时出错: Message: tab crashed
  (Session info: chrome=143.0.7499.169)

✗ 输入文本失败
========================================
✗ 翻译失败，跳过此行
✓ 已保存到文件: 55/4500 条

[56/4500] 翻译进度: 1.2%
藏语原文: ལོ་ཙཱ་ཡང་ཤེས་པས་པཎྜི་ཏ་སྤྱན་འདྲེན་པའི་ཕོ་ཉ་ལ་གཏོང་...

开始翻译流程 (尝试 1/2):
========================================
步骤1: 输入藏语文本...
输入文本时出错: Message: tab crashed
  (Session info: chrome=143.0.7499.169)

✗ 输入文本失败

开始翻译流程 (尝试 2/2):
========================================
步骤1: 输入藏语文本...
输入文本时出错: Message: tab crashed
  (Session info: chrome=143.0.7499.169)

✗ 输入文本失败
========================================
✗ 翻译失败，跳过此行
✓ 已保存到文件: 56/4500 条

[57/4500] 翻译进度: 1.3%
藏语原文: རྒྱ་གར་ཐང་ཆེ་བ་ལ་མཆི་ན་དགུང་གསུམ་དགོས་པར་འདུག་གསུང...

开始翻译流程 (尝试 1/2):
========================================
步骤1: 输入藏语文本...
输入文本时出错: Message: tab crashed
  (Session info: chrome=143.0.7499.169)

✗ 输入文本失败

开始翻译流程 (尝试 2/2):
========================================
步骤1: 输入藏语文本...
输入文本时出错: Message: tab crashed
  (Session info: chrome=143.0.7499.169)

✗ 输入文本失败
========================================
✗ 翻译失败，跳过此行
✓ 已保存到文件: 57/4500 条

[58/4500] 翻译进度: 1.3%
藏语原文: དེ་ནས་སྲོད་འཁོར་ཙ་ན་གྲུ་བྱུང་ནས་ཡང་སྔོན་ལ་རྒྱལ་པོ་...

开始翻译流程 (尝试 1/2):
========================================
步骤1: 输入藏语文本...
输入文本时出错: Message: tab crashed
  (Session info: chrome=143.0.7499.169)

✗ 输入文本失败

开始翻译流程 (尝试 2/2):
========================================
步骤1: 输入藏语文本...
输入文本时出错: Message: tab crashed
  (Session info: chrome=143.0.7499.169)

✗ 输入文本失败
========================================
✗ 翻译失败，跳过此行
✓ 已保存到文件: 58/4500 条

[59/4500] 翻译进度: 1.3%
藏语原文: ནམ་ལ་བྱུང་བདེ་ཀུན་སུ་ཡིན་སྙམ་ཙ་ན།

开始翻译流程 (尝试 1/2):
========================================
步骤1: 输入藏语文本...
输入文本时出错: Message: tab crashed
  (Session info: chrome=143.0.7499.169)

✗ 输入文本失败

开始翻译流程 (尝试 2/2):
========================================
步骤1: 输入藏语文本...
输入文本时出错: Message: tab crashed
  (Session info: chrome=143.0.7499.169)

✗ 输入文本失败
========================================
✗ 翻译失败，跳过此行
✓ 已保存到文件: 59/4500 条

[60/4500] 翻译进度: 1.3%
藏语原文: བེ་རོ་ཙ་ན་རཀྵི་ཏ་བྱ་བ་དང་།

开始翻译流程 (尝试 1/2):
========================================
步骤1: 输入藏语文本...
输入文本时出错: Message: tab crashed
  (Session info: chrome=143.0.7499.169)

✗ 输入文本失败

开始翻译流程 (尝试 2/2):
========================================
步骤1: 输入藏语文本...
输入文本时出错: Message: tab crashed
  (Session info: chrome=143.0.7499.169)

✗ 输入文本失败
========================================
✗ 翻译失败，跳过此行
✓ 已保存到文件: 60/4500 条

[61/4500] 翻译进度: 1.4%
藏语原文: ཚེ་དང་ལྡན་པ་འདི་སྤྱན་འདྲེན་དུ་བཏང་གདའ་བས།

开始翻译流程 (尝试 1/2):
========================================
步骤1: 输入藏语文本...
输入文本时出错: Message: tab crashed
  (Session info: chrome=143.0.7499.169)

✗ 输入文本失败

开始翻译流程 (尝试 2/2):
========================================
步骤1: 输入藏语文本...
输入文本时出错: Message: tab crashed
  (Session info: chrome=143.0.7499.169)

✗ 输入文本失败
========================================
✗ 翻译失败，跳过此行
✓ 已保存到文件: 61/4500 条

[62/4500] 翻译进度: 1.4%
藏语原文: དེ་ནས་ནངས་པར་ཇོ་བོས་མེ་ཏོག་སྙིམ་པ་གང་བླངས་ནས་བྱོན་...

开始翻译流程 (尝试 1/2):
========================================
步骤1: 输入藏语文本...
输入文本时出错: Message: tab crashed
  (Session info: chrome=143.0.7499.169)

✗ 输入文本失败

开始翻译流程 (尝试 2/2):
========================================
步骤1: 输入藏语文本...
输入文本时出错: Message: tab crashed
  (Session info: chrome=143.0.7499.169)

✗ 输入文本失败
========================================
✗ 翻译失败，跳过此行
✓ 已保存到文件: 62/4500 条

[63/4500] 翻译进度: 1.4%
藏语原文: ཁྱད་པར་དུ་ཨུ་པ་སི་ཀ་གཅིག་ལ་ཕན་ཐོགས་ནས་འོང་པར་འདུག་...

开始翻译流程 (尝试 1/2):
========================================
步骤1: 输入藏语文本...
输入文本时出错: Message: tab crashed
  (Session info: chrome=143.0.7499.169)

✗ 输入文本失败

开始翻译流程 (尝试 2/2):
========================================
步骤1: 输入藏语文本...
输入文本时出错: Message: tab crashed
  (Session info: chrome=143.0.7499.169)

✗ 输入文本失败
========================================
✗ 翻译失败，跳过此行
✓ 已保存到文件: 63/4500 条

[64/4500] 翻译进度: 1.4%
藏语原文: ཕྱིར་རྗེས་ལྟར་ན་སྟོན་པ་ཡིན་པར་འདུག་ཚེ་ནི་བོད་དུ་བྱ...

开始翻译流程 (尝试 1/2):
========================================
步骤1: 输入藏语文本...
输入文本时出错: Message: tab crashed
  (Session info: chrome=143.0.7499.169)

✗ 输入文本失败

开始翻译流程 (尝试 2/2):
========================================
步骤1: 输入藏语文本...
输入文本时出错: Message: tab crashed
  (Session info: chrome=143.0.7499.169)

✗ 输入文本失败
========================================
✗ 翻译失败，跳过此行
✓ 已保存到文件: 64/4500 条

[65/4500] 翻译进度: 1.4%
藏语原文: དུས་དེ་ཙ་ན་རྗེ་བཙུན་ནཱ་རོ་པ་ཆེན་པོ་བྲི་ཀ་མ་ལ་ཤི་ལའ...

开始翻译流程 (尝试 1/2):
========================================
步骤1: 输入藏语文本...
输入文本时出错: Message: tab crashed
  (Session info: chrome=143.0.7499.169)

✗ 输入文本失败

开始翻译流程 (尝试 2/2):
========================================
步骤1: 输入藏语文本...
输入文本时出错: Message: tab crashed
  (Session info: chrome=143.0.7499.169)

✗ 输入文本失败
========================================
✗ 翻译失败，跳过此行
✓ 已保存到文件: 65/4500 条

[66/4500] 翻译进度: 1.5%
藏语原文: དེ་ཙ་ན་འདི་དགོས་པ་ཡིན།

开始翻译流程 (尝试 1/2):
========================================
步骤1: 输入藏语文本...
输入文本时出错: Message: tab crashed
  (Session info: chrome=143.0.7499.169)

✗ 输入文本失败

开始翻译流程 (尝试 2/2):
========================================
步骤1: 输入藏语文本...
输入文本时出错: Message: tab crashed
  (Session info: chrome=143.0.7499.169)

✗ 输入文本失败
========================================
✗ 翻译失败，跳过此行
✓ 已保存到文件: 66/4500 条

[67/4500] 翻译进度: 1.5%
藏语原文: ཇོ་བོ་ཡང་བསམ་པ་དག་པས་འབྱོན་པ་ལ་དགྱེས་པར་འདུག་པས་མ་...

开始翻译流程 (尝试 1/2):
========================================
步骤1: 输入藏语文本...
输入文本时出错: Message: tab crashed
  (Session info: chrome=143.0.7499.169)

✗ 输入文本失败

开始翻译流程 (尝试 2/2):
========================================
步骤1: 输入藏语文本...
输入文本时出错: Message: tab crashed
  (Session info: chrome=143.0.7499.169)

✗ 输入文本失败
========================================
✗ 翻译失败，跳过此行
✓ 已保存到文件: 67/4500 条

[68/4500] 翻译进度: 1.5%
藏语原文: ངེད་པས་བྲི་ཀ་མ་ལ་ཤི་ལ་བ་དྲག་སྟེབ་བཤོལ་མ་ཐེབས་པར་འད...

开始翻译流程 (尝试 1/2):
========================================
步骤1: 输入藏语文本...
输入文本时出错: Message: tab crashed
  (Session info: chrome=143.0.7499.169)

✗ 输入文本失败

开始翻译流程 (尝试 2/2):
========================================
步骤1: 输入藏语文本...
输入文本时出错: Message: tab crashed
  (Session info: chrome=143.0.7499.169)

✗ 输入文本失败
========================================
✗ 翻译失败，跳过此行
✓ 已保存到文件: 68/4500 条

[69/4500] 翻译进度: 1.5%
藏语原文: མུ་སྟེགས་ཀྱི་གནས་ཤིག་འདུག་དེ་ན་མུ་སྟེགས་ཀྱི་སྟོན་པ...

开始翻译流程 (尝试 1/2):
========================================
步骤1: 输入藏语文本...
输入文本时出错: Message: tab crashed
  (Session info: chrome=143.0.7499.169)

✗ 输入文本失败

开始翻译流程 (尝试 2/2):
========================================
步骤1: 输入藏语文本...
输入文本时出错: Message: tab crashed
  (Session info: chrome=143.0.7499.169)

✗ 输入文本失败
========================================
✗ 翻译失败，跳过此行
✓ 已保存到文件: 69/4500 条

[70/4500] 翻译进度: 1.6%
藏语原文: ཡང་རྒྱ་གར་མཐའ་འཁོབ་ན་ཚུར་ལ་བྱོན་ཙ་ན།

开始翻译流程 (尝试 1/2):
========================================
步骤1: 输入藏语文本...
输入文本时出错: Message: tab crashed
  (Session info: chrome=143.0.7499.169)

✗ 输入文本失败

开始翻译流程 (尝试 2/2):
========================================
步骤1: 输入藏语文本...
输入文本时出错: Message: tab crashed
  (Session info: chrome=143.0.7499.169)

✗ 输入文本失败
========================================
✗ 翻译失败，跳过此行
✓ 已保存到文件: 70/4500 条

[71/4500] 翻译进度: 1.6%
藏语原文: ཁྱེད་རང་གང་འདོད་གསུང་།

开始翻译流程 (尝试 1/2):
========================================
步骤1: 输入藏语文本...
输入文本时出错: Message: tab crashed
  (Session info: chrome=143.0.7499.169)

✗ 输入文本失败

开始翻译流程 (尝试 2/2):
========================================
步骤1: 输入藏语文本...
输入文本时出错: Message: tab crashed
  (Session info: chrome=143.0.7499.169)

✗ 输入文本失败
========================================
✗ 翻译失败，跳过此行
✓ 已保存到文件: 71/4500 条

[72/4500] 翻译进度: 1.6%
藏语原文: ཀུན་དང་མི་མཐུན་པའི་ལྟ་བ་གཅིག་ཡོད་པར་འདུག་སྙམ་ཡང་ཇོ...

开始翻译流程 (尝试 1/2):
========================================
步骤1: 输入藏语文本...
输入文本时出错: Message: tab crashed
  (Session info: chrome=143.0.7499.169)

✗ 输入文本失败

开始翻译流程 (尝试 2/2):
========================================
步骤1: 输入藏语文本...
输入文本时出错: Message: tab crashed
  (Session info: chrome=143.0.7499.169)

✗ 输入文本失败
========================================
✗ 翻译失败，跳过此行
✓ 已保存到文件: 72/4500 条

[73/4500] 翻译进度: 1.6%
藏语原文: ཁྱེད་རང་སྤྱོད་དང་གསུང་།

开始翻译流程 (尝试 1/2):
========================================
步骤1: 输入藏语文本...
输入文本时出错: Message: tab crashed
  (Session info: chrome=143.0.7499.169)

✗ 输入文本失败

开始翻译流程 (尝试 2/2):
========================================
步骤1: 输入藏语文本...
输入文本时出错: Message: tab crashed
  (Session info: chrome=143.0.7499.169)

✗ 输入文本失败
========================================
✗ 翻译失败，跳过此行
✓ 已保存到文件: 73/4500 条

[74/4500] 翻译进度: 1.6%
藏语原文: དེ་ཙ་ན་ལོ་ཙཱ་བ་རིན་ཆེན་བཟང་པོ་ལ་ལོ་ཙཱ་བ་ཆེན་པོ་ཟེར...

开始翻译流程 (尝试 1/2):
========================================
步骤1: 输入藏语文本...
输入文本时出错: Message: tab crashed
  (Session info: chrome=143.0.7499.169)

✗ 输入文本失败

开始翻译流程 (尝试 2/2):
========================================
步骤1: 输入藏语文本...
输入文本时出错: Message: tab crashed
  (Session info: chrome=143.0.7499.169)

✗ 输入文本失败
========================================
✗ 翻译失败，跳过此行
✓ 已保存到文件: 74/4500 条

[75/4500] 翻译进度: 1.7%
藏语原文: དེ་གོང་དུ་མཁྱེན་པ་ཆེ་ཡང་བསྒྲུབ་པའི་གདམས་པ་ཡེ་མི་གད...

开始翻译流程 (尝试 1/2):
========================================
步骤1: 输入藏语文本...
输入文本时出错: Message: tab crashed
  (Session info: chrome=143.0.7499.169)

✗ 输入文本失败

开始翻译流程 (尝试 2/2):
========================================
步骤1: 输入藏语文本...
输入文本时出错: Message: tab crashed
  (Session info: chrome=143.0.7499.169)

✗ 输入文本失败
========================================
✗ 翻译失败，跳过此行
✓ 已保存到文件: 75/4500 条

[76/4500] 翻译进度: 1.7%
藏语原文: ཨ་ལེ་བོད་ན་རྒྱ་གར་ན་མེད་པའི་གཏམ་མང་པོ་འདུག་གསུངས་ན...

开始翻译流程 (尝试 1/2):
========================================
步骤1: 输入藏语文本...
输入文本时出错: Message: tab crashed
  (Session info: chrome=143.0.7499.169)

✗ 输入文本失败

开始翻译流程 (尝试 2/2):
========================================
步骤1: 输入藏语文本...
输入文本时出错: Message: tab crashed
  (Session info: chrome=143.0.7499.169)

✗ 输入文本失败
========================================
✗ 翻译失败，跳过此行
✓ 已保存到文件: 76/4500 条

[77/4500] 翻译进度: 1.7%
藏语原文: བྱིས་པ་ཙ་ནའི་བོད་སྐད་དེ་ཙ་ན་ཡང་གསུངས་པས།

开始翻译流程 (尝试 1/2):
========================================
步骤1: 输入藏语文本...
输入文本时出错: Message: tab crashed
  (Session info: chrome=143.0.7499.169)

✗ 输入文本失败

开始翻译流程 (尝试 2/2):
========================================
步骤1: 输入藏语文本...
输入文本时出错: Message: tab crashed
  (Session info: chrome=143.0.7499.169)

✗ 输入文本失败
========================================
✗ 翻译失败，跳过此行
✓ 已保存到文件: 77/4500 条

[78/4500] 翻译进度: 1.7%
藏语原文: ཡང་ལུགས་གཅིག་ལ་སེ་བཙུན་ནོར་ཆེ་བ་དང་གཡོན་ཆིངས་ལ་སོག...

开始翻译流程 (尝试 1/2):
========================================
步骤1: 输入藏语文本...
输入文本时出错: Message: tab crashed
  (Session info: chrome=143.0.7499.169)

✗ 输入文本失败

开始翻译流程 (尝试 2/2):
========================================
步骤1: 输入藏语文本...
输入文本时出错: Message: tab crashed
  (Session info: chrome=143.0.7499.169)

✗ 输入文本失败
========================================
✗ 翻译失败，跳过此行
✓ 已保存到文件: 78/4500 条

[79/4500] 翻译进度: 1.8%
藏语原文: དེ་རིང་པོ་མི་ཐོགས་པར་རྒྱ་གར་དུ་འབྱོན་པར་འདུག་བྱ་བ་...

开始翻译流程 (尝试 1/2):
========================================
步骤1: 输入藏语文本...
输入文本时出错: Message: tab crashed
  (Session info: chrome=143.0.7499.169)

✗ 输入文本失败

开始翻译流程 (尝试 2/2):
========================================
步骤1: 输入藏语文本...
输入文本时出错: Message: tab crashed
  (Session info: chrome=143.0.7499.169)

✗ 输入文本失败
========================================
✗ 翻译失败，跳过此行
✓ 已保存到文件: 79/4500 条

[80/4500] 翻译进度: 1.8%
藏语原文: དེ་ནས་བྱང་འཕྲང་ཁའི་སྡོག་ཆུ་ཁར་བྱོན་ཙ་ན་ཁང་པ་གཅིག་ན...

开始翻译流程 (尝试 1/2):
========================================
步骤1: 输入藏语文本...
输入文本时出错: Message: tab crashed
  (Session info: chrome=143.0.7499.169)

✗ 输入文本失败

开始翻译流程 (尝试 2/2):
========================================
步骤1: 输入藏语文本...
输入文本时出错: Message: tab crashed
  (Session info: chrome=143.0.7499.169)

✗ 输入文本失败
========================================
✗ 翻译失败，跳过此行
✓ 已保存到文件: 80/4500 条

[81/4500] 翻译进度: 1.8%
藏语原文: དེ་ཙ་ན་ཇོ་བོ་དཔོན་གཡོག་པུ་རངས་རྒྱ་ཞིང་བྱ་བ་ན་བཞུགས...

开始翻译流程 (尝试 1/2):
========================================
步骤1: 输入藏语文本...
输入文本时出错: Message: tab crashed
  (Session info: chrome=143.0.7499.169)

✗ 输入文本失败

开始翻译流程 (尝试 2/2):
========================================
步骤1: 输入藏语文本...
输入文本时出错: Message: tab crashed
  (Session info: chrome=143.0.7499.169)

✗ 输入文本失败
========================================
✗ 翻译失败，跳过此行
✓ 已保存到文件: 81/4500 条

[82/4500] 翻译进度: 1.8%
藏语原文: སྔགས་མ་རྒྱུད་ཀྱིས་འགྲོ་བའི་དོན་བྱེད་ཀྱིན་འདུག་བྱ་བ...

开始翻译流程 (尝试 1/2):
========================================
步骤1: 输入藏语文本...
输入文本时出错: Message: tab crashed
  (Session info: chrome=143.0.7499.169)

✗ 输入文本失败

开始翻译流程 (尝试 2/2):
========================================
步骤1: 输入藏语文本...
输入文本时出错: Message: tab crashed
  (Session info: chrome=143.0.7499.169)

✗ 输入文本失败
========================================
✗ 翻译失败，跳过此行
✓ 已保存到文件: 82/4500 条

[83/4500] 翻译进度: 1.8%
藏语原文: ལྷ་བཙུན་པ་ཡང་ཇོ་བོ་བཞུགས་ན་དགྱེས་པར་འདུག་པ་ལ་ཞུ་བ་...

开始翻译流程 (尝试 1/2):
========================================
步骤1: 输入藏语文本...
输入文本时出错: Message: tab crashed
  (Session info: chrome=143.0.7499.169)

✗ 输入文本失败

开始翻译流程 (尝试 2/2):
========================================
步骤1: 输入藏语文本...
输入文本时出错: Message: tab crashed
  (Session info: chrome=143.0.7499.169)

✗ 输入文本失败
========================================
✗ 翻译失败，跳过此行
✓ 已保存到文件: 83/4500 条

[84/4500] 翻译进度: 1.9%
藏语原文: ལོ་ཙཱ་བ་སྔར་རྒྱུ་གར་དུ་བྱོན་ནས་ཇོ་བོའི་ཕྱགས་ཕྱི་ན་...

开始翻译流程 (尝试 1/2):
========================================
步骤1: 输入藏语文本...
输入文本时出错: Message: tab crashed
  (Session info: chrome=143.0.7499.169)

✗ 输入文本失败

开始翻译流程 (尝试 2/2):
========================================
步骤1: 输入藏语文本...
输入文本时出错: Message: tab crashed
  (Session info: chrome=143.0.7499.169)

✗ 输入文本失败
========================================
✗ 翻译失败，跳过此行
✓ 已保存到文件: 84/4500 条

[85/4500] 翻译进度: 1.9%
藏语原文: ལྷུང་བཟེད་རང་ཡང་དཀར་པོར་འདུག་ཟེར།

开始翻译流程 (尝试 1/2):
========================================
步骤1: 输入藏语文本...
输入文本时出错: Message: tab crashed
  (Session info: chrome=143.0.7499.169)

✗ 输入文本失败

开始翻译流程 (尝试 2/2):
========================================
步骤1: 输入藏语文本...
输入文本时出错: Message: tab crashed
  (Session info: chrome=143.0.7499.169)

✗ 输入文本失败
========================================
✗ 翻译失败，跳过此行
✓ 已保存到文件: 85/4500 条

[86/4500] 翻译进度: 1.9%
藏语原文: འོ་ན་ངོ་མཚར་ཅན་གཅིག་ཡོད་པར་འདུག་པས།

开始翻译流程 (尝试 1/2):
========================================
步骤1: 输入藏语文本...
输入文本时出错: Message: tab crashed
  (Session info: chrome=143.0.7499.169)

✗ 输入文本失败

开始翻译流程 (尝试 2/2):
========================================
步骤1: 输入藏语文本...
输入文本时出错: Message: tab crashed
  (Session info: chrome=143.0.7499.169)

✗ 输入文本失败
========================================
✗ 翻译失败，跳过此行
✓ 已保存到文件: 86/4500 条

[87/4500] 翻译进度: 1.9%
藏语原文: རྒྱ་གར་གྱི་རབ་བྱུང་པས་བོད་ཀྱི་རབ་བྱུང་འཚོ་བ་བཟང་པར...

开始翻译流程 (尝试 1/2):
========================================
步骤1: 输入藏语文本...
输入文本时出错: Message: tab crashed
  (Session info: chrome=143.0.7499.169)

✗ 输入文本失败

开始翻译流程 (尝试 2/2):
========================================
步骤1: 输入藏语文本...
输入文本时出错: Message: tab crashed
  (Session info: chrome=143.0.7499.169)

✗ 输入文本失败
========================================
✗ 翻译失败，跳过此行
✓ 已保存到文件: 87/4500 条

[88/4500] 翻译进度: 2.0%
藏语原文: དེར་ལམ་སྒྲོན་བལྟས་པས་དེ་རྣམས་དེ་ན་ལེགས་པར་གཏན་ལ་ཕབ...

开始翻译流程 (尝试 1/2):
========================================
步骤1: 输入藏语文本...
输入文本时出错: Message: tab crashed
  (Session info: chrome=143.0.7499.169)

✗ 输入文本失败

开始翻译流程 (尝试 2/2):
========================================
步骤1: 输入藏语文本...
输入文本时出错: Message: tab crashed
  (Session info: chrome=143.0.7499.169)

✗ 输入文本失败
========================================
✗ 翻译失败，跳过此行
✓ 已保存到文件: 88/4500 条

[89/4500] 翻译进度: 2.0%
藏语原文: དེ་ནས་རྩང་རོང་ན་མར་བྱོན་ཙ་ན་ཁང་པ་དོག་པས་གནས་ཁང་འདོ...

开始翻译流程 (尝试 1/2):
========================================
步骤1: 输入藏语文本...
输入文本时出错: Message: tab crashed
  (Session info: chrome=143.0.7499.169)

✗ 输入文本失败

开始翻译流程 (尝试 2/2):
========================================
步骤1: 输入藏语文本...
输入文本时出错: Message: tab crashed
  (Session info: chrome=143.0.7499.169)

✗ 输入文本失败
========================================
✗ 翻译失败，跳过此行
✓ 已保存到文件: 89/4500 条

[90/4500] 翻译进度: 2.0%
藏语原文: ཇོ་བོའི་དབུ་སྔས་སུ་མཎྜལ་གཅིག་ཀྱང་ཚང་བར་བྱས་འདུག་པས...

开始翻译流程 (尝试 1/2):
========================================
步骤1: 输入藏语文本...
输入文本时出错: Message: tab crashed
  (Session info: chrome=143.0.7499.169)

✗ 输入文本失败

开始翻译流程 (尝试 2/2):
========================================
步骤1: 输入藏语文本...
输入文本时出错: Message: tab crashed
  (Session info: chrome=143.0.7499.169)

✗ 输入文本失败
========================================
✗ 翻译失败，跳过此行
✓ 已保存到文件: 90/4500 条

[91/4500] 翻译进度: 2.0%
藏语原文: དེ་ནས་དབུས་སུ་སྤྱན་དྲངས་ནས་གན་པ་བྱང་ཐང་ན་མར་བྱོན་ཙ...

开始翻译流程 (尝试 1/2):
========================================
步骤1: 输入藏语文本...
输入文本时出错: Message: tab crashed
  (Session info: chrome=143.0.7499.169)

✗ 输入文本失败

开始翻译流程 (尝试 2/2):
========================================
步骤1: 输入藏语文本...
输入文本时出错: Message: tab crashed
  (Session info: chrome=143.0.7499.169)

✗ 输入文本失败
========================================
✗ 翻译失败，跳过此行
✓ 已保存到文件: 91/4500 条

[92/4500] 翻译进度: 2.0%
藏语原文: ཆུ་བོ་རི་འདི་རཏྣ་ལྔ་ལས་གྲུབ་པའི་རིར་འདུག་པས་བརྣབ་ས...

开始翻译流程 (尝试 1/2):
========================================
步骤1: 输入藏语文本...
输入文本时出错: Message: tab crashed
  (Session info: chrome=143.0.7499.169)

✗ 输入文本失败

开始翻译流程 (尝试 2/2):
========================================
步骤1: 输入藏语文本...
输入文本时出错: Message: tab crashed
  (Session info: chrome=143.0.7499.169)

✗ 输入文本失败
========================================
✗ 翻译失败，跳过此行
✓ 已保存到文件: 92/4500 条

[93/4500] 翻译进度: 2.1%
藏语原文: མ་ཧཱ་བོ་དྷི་དང་ཁྱད་མི་འདུག་གསུང་།

开始翻译流程 (尝试 1/2):
========================================
步骤1: 输入藏语文本...
输入文本时出错: Message: tab crashed
  (Session info: chrome=143.0.7499.169)

✗ 输入文本失败

开始翻译流程 (尝试 2/2):
========================================
步骤1: 输入藏语文本...
输入文本时出错: Message: tab crashed
  (Session info: chrome=143.0.7499.169)

✗ 输入文本失败
========================================
✗ 翻译失败，跳过此行
✓ 已保存到文件: 93/4500 条

[94/4500] 翻译进度: 2.1%
藏语原文: དེ་ཙ་ན་ཇོ་བོའི་སྤྱན་སྔ་ན་དགེ་ཚུལ་གླེན་ནེ་བྱ་བ་གཅིག...

开始翻译流程 (尝试 1/2):
========================================
步骤1: 输入藏语文本...
输入文本时出错: Message: tab crashed
  (Session info: chrome=143.0.7499.169)

✗ 输入文本失败

开始翻译流程 (尝试 2/2):
========================================
步骤1: 输入藏语文本...
输入文本时出错: Message: tab crashed
  (Session info: chrome=143.0.7499.169)

✗ 输入文本失败
========================================
✗ 翻译失败，跳过此行
✓ 已保存到文件: 94/4500 条

[95/4500] 翻译进度: 2.1%
藏语原文: དེ་ནས་ཇོ་བོ་བསམ་ཡས་མཆིམས་ཕུར་བྱོན་ཙ་ན།

开始翻译流程 (尝试 1/2):
========================================
步骤1: 输入藏语文本...
输入文本时出错: Message: tab crashed
  (Session info: chrome=143.0.7499.169)

✗ 输入文本失败

开始翻译流程 (尝试 2/2):
========================================
步骤1: 输入藏语文本...
输入文本时出错: Message: tab crashed
  (Session info: chrome=143.0.7499.169)

✗ 输入文本失败
========================================
✗ 翻译失败，跳过此行
✓ 已保存到文件: 95/4500 条

[96/4500] 翻译进度: 2.1%
藏语原文: ཁོ་རང་ལྷ་སྡིངས་སུ་བཞུགས་དུས་མི་ཕྱུགས་ཐམས་ཅད་ཞག་བདུ...

开始翻译流程 (尝试 1/2):
========================================
步骤1: 输入藏语文本...
输入文本时出错: Message: tab crashed
  (Session info: chrome=143.0.7499.169)

✗ 输入文本失败

开始翻译流程 (尝试 2/2):
========================================
步骤1: 输入藏语文本...
输入文本时出错: Message: tab crashed
  (Session info: chrome=143.0.7499.169)

✗ 输入文本失败
========================================
✗ 翻译失败，跳过此行
✓ 已保存到文件: 96/4500 条

[97/4500] 翻译进度: 2.2%
藏语原文: ཟླ་བ་གཅིག་ལས་མ་ལོན་པ་ལ་ལོ་གཅིག་ལོན་པ་ཙམ་དུ་འོ་ཤིན་...

开始翻译流程 (尝试 1/2):
========================================
步骤1: 输入藏语文本...
输入文本时出错: Message: tab crashed
  (Session info: chrome=143.0.7499.169)

✗ 输入文本失败

开始翻译流程 (尝试 2/2):
========================================
步骤1: 输入藏语文本...
输入文本时出错: Message: tab crashed
  (Session info: chrome=143.0.7499.169)

✗ 输入文本失败
========================================
✗ 翻译失败，跳过此行
✓ 已保存到文件: 97/4500 条

[98/4500] 翻译进度: 2.2%
藏语原文: དེ་ནས་ཇོ་བོའི་ཞལ་ནས་ཨུ་པ་སི་ཀ་ཆེན་པོ་ང་རང་དང་པོ་གང...

开始翻译流程 (尝试 1/2):
========================================
步骤1: 输入藏语文本...
输入文本时出错: Message: tab crashed
  (Session info: chrome=143.0.7499.169)

✗ 输入文本失败

开始翻译流程 (尝试 2/2):
========================================
步骤1: 输入藏语文本...
输入文本时出错: Message: tab crashed
  (Session info: chrome=143.0.7499.169)

✗ 输入文本失败
========================================
✗ 翻译失败，跳过此行
✓ 已保存到文件: 98/4500 条

[99/4500] 翻译进度: 2.2%
藏语原文: སྔོན་ལ་ཁོ་རང་ཕྱིབས་བཟང་པས་སླེབས་ནས་བྱུང་།

开始翻译流程 (尝试 1/2):
========================================
步骤1: 输入藏语文本...
输入文本时出错: Message: tab crashed
  (Session info: chrome=143.0.7499.169)

✗ 输入文本失败

开始翻译流程 (尝试 2/2):
========================================
步骤1: 输入藏语文本...
输入文本时出错: Message: tab crashed
  (Session info: chrome=143.0.7499.169)

✗ 输入文本失败
========================================
✗ 翻译失败，跳过此行
✓ 已保存到文件: 99/4500 条

[100/4500] 翻译进度: 2.2%
藏语原文: དེར་བཞུགས་ཙ་ན་རྒན་རྒོན་གཉིས་ཀྱིས་ཇོ་བོ་ལ་ར་གཅིག་ཕུ...

开始翻译流程 (尝试 1/2):
========================================
步骤1: 输入藏语文本...
输入文本时出错: Message: tab crashed
  (Session info: chrome=143.0.7499.169)

✗ 输入文本失败

开始翻译流程 (尝试 2/2):
========================================
步骤1: 输入藏语文本...
输入文本时出错: Message: tab crashed
  (Session info: chrome=143.0.7499.169)

✗ 输入文本失败
========================================
✗ 翻译失败，跳过此行
✓ 已保存到文件: 100/4500 条

[101/4500] 翻译进度: 2.2%
藏语原文: ཁོ་བོས་ཕྱག་བྱས་ཙ་ན་སྐུ་ལུས་རྡོ་རྗེ་དཀྱིལ་དཀྲུང་མཛད...

开始翻译流程 (尝试 1/2):
========================================
步骤1: 输入藏语文本...
输入文本时出错: Message: tab crashed
  (Session info: chrome=143.0.7499.169)

✗ 输入文本失败

开始翻译流程 (尝试 2/2):
========================================
步骤1: 输入藏语文本...
输入文本时出错: Message: tab crashed
  (Session info: chrome=143.0.7499.169)

✗ 输入文本失败
========================================
✗ 翻译失败，跳过此行
✓ 已保存到文件: 101/4500 条

[102/4500] 翻译进度: 2.3%
藏语原文: མགུ་བའི་དུས་ཀྱང་མི་གདའ་ན།

开始翻译流程 (尝试 1/2):
========================================
步骤1: 输入藏语文本...
输入文本时出错: Message: tab crashed
  (Session info: chrome=143.0.7499.169)

✗ 输入文本失败

开始翻译流程 (尝试 2/2):
========================================
步骤1: 输入藏语文本...
输入文本时出错: Message: tab crashed
  (Session info: chrome=143.0.7499.169)

✗ 输入文本失败
========================================
✗ 翻译失败，跳过此行
✓ 已保存到文件: 102/4500 条

[103/4500] 翻译进度: 2.3%
藏语原文: བཞུད་པའི་དུས་ཀྱང་མི་གདའ་ན།

开始翻译流程 (尝试 1/2):
========================================
步骤1: 输入藏语文本...
输入文本时出错: Message: tab crashed
  (Session info: chrome=143.0.7499.169)

✗ 输入文本失败

开始翻译流程 (尝试 2/2):
========================================
步骤1: 输入藏语文本...
输入文本时出错: Message: tab crashed
  (Session info: chrome=143.0.7499.169)

✗ 输入文本失败
========================================
✗ 翻译失败，跳过此行
✓ 已保存到文件: 103/4500 条

[104/4500] 翻译进度: 2.3%
藏语原文: འབབས་པའི་དུས་ཀྱང་མི་གདའ་ན།

开始翻译流程 (尝试 1/2):
========================================
步骤1: 输入藏语文本...
输入文本时出错: Message: tab crashed
  (Session info: chrome=143.0.7499.169)

✗ 输入文本失败

开始翻译流程 (尝试 2/2):
========================================
步骤1: 输入藏语文本...
输入文本时出错: Message: tab crashed
  (Session info: chrome=143.0.7499.169)

✗ 输入文本失败
========================================
✗ 翻译失败，跳过此行
✓ 已保存到文件: 104/4500 条

[105/4500] 翻译进度: 2.3%
藏语原文: འགྱུར་ལེགས་པར་གདའ་འམ་གསུང་།

开始翻译流程 (尝试 1/2):
========================================
步骤1: 输入藏语文本...
输入文本时出错: Message: tab crashed
  (Session info: chrome=143.0.7499.169)

✗ 输入文本失败

开始翻译流程 (尝试 2/2):
========================================
步骤1: 输入藏语文本...
输入文本时出错: Message: tab crashed
  (Session info: chrome=143.0.7499.169)

✗ 输入文本失败
========================================
✗ 翻译失败，跳过此行
✓ 已保存到文件: 105/4500 条

[106/4500] 翻译进度: 2.4%
藏语原文: ངེད་ལ་ལྐོག་ཏུ་ཇི་ལྟར་ཁྲིད་པ་བཞིན་དུ་བྲིས་ནས་འདུག་ཅ...

开始翻译流程 (尝试 1/2):
========================================
步骤1: 输入藏语文本...
输入文本时出错: Message: tab crashed
  (Session info: chrome=143.0.7499.169)

✗ 输入文本失败

开始翻译流程 (尝试 2/2):
========================================
步骤1: 输入藏语文本...
输入文本时出错: Message: tab crashed
  (Session info: chrome=143.0.7499.169)

✗ 输入文本失败
========================================
✗ 翻译失败，跳过此行
✓ 已保存到文件: 106/4500 条

[107/4500] 翻译进度: 2.4%
藏语原文: ཇོ་བོ་ནམ་མཁའ་ལ་བསྐོར་བ་མཛད་ཀྱིན་གདའ་བ་ཞུས་པས།

开始翻译流程 (尝试 1/2):
========================================
步骤1: 输入藏语文本...
输入文本时出错: Message: tab crashed
  (Session info: chrome=143.0.7499.169)

✗ 输入文本失败

开始翻译流程 (尝试 2/2):
========================================
步骤1: 输入藏语文本...
输入文本时出错: Message: tab crashed
  (Session info: chrome=143.0.7499.169)

✗ 输入文本失败
========================================
✗ 翻译失败，跳过此行
✓ 已保存到文件: 107/4500 条

[108/4500] 翻译进度: 2.4%
藏语原文: འདི་སུ་ལ་ཡང་མ་བསྟན་ཅིག་ལྷ་བསྲུང་བཟང་པོ་འདུག་གོ་གསུ...

开始翻译流程 (尝试 1/2):
========================================
步骤1: 输入藏语文本...
输入文本时出错: Message: tab crashed
  (Session info: chrome=143.0.7499.169)

✗ 输入文本失败

开始翻译流程 (尝试 2/2):
========================================
步骤1: 输入藏语文本...
输入文本时出错: Message: tab crashed
  (Session info: chrome=143.0.7499.169)

✗ 输入文本失败
========================================
✗ 翻译失败，跳过此行
✓ 已保存到文件: 108/4500 条

[109/4500] 翻译进度: 2.4%
藏语原文: གཞན་རྣམས་གདུང་རྟེན་ནང་ན་བཞུགས་འདུག་གསུང་ཡང་ན་ཅིག་ཐ...

开始翻译流程 (尝试 1/2):
========================================
步骤1: 输入藏语文本...
输入文本时出错: Message: tab crashed
  (Session info: chrome=143.0.7499.169)

✗ 输入文本失败

开始翻译流程 (尝试 2/2):
========================================
步骤1: 输入藏语文本...
输入文本时出错: Message: tab crashed
  (Session info: chrome=143.0.7499.169)

✗ 输入文本失败
========================================
✗ 翻译失败，跳过此行
✓ 已保存到文件: 109/4500 条

[110/4500] 翻译进度: 2.4%
藏语原文: དེ་ཇི་ལྟར་གདའ་ཞུས་པས།

开始翻译流程 (尝试 1/2):
========================================
步骤1: 输入藏语文本...
输入文本时出错: Message: tab crashed
  (Session info: chrome=143.0.7499.169)

✗ 输入文本失败

开始翻译流程 (尝试 2/2):
========================================
步骤1: 输入藏语文本...
输入文本时出错: Message: tab crashed
  (Session info: chrome=143.0.7499.169)

✗ 输入文本失败
========================================
✗ 翻译失败，跳过此行
✓ 已保存到文件: 110/4500 条

[111/4500] 翻译进度: 2.5%
藏语原文: རྣལ་འབྱོར་པས་བལྟས་པས་སྐུ་གཤེགས་མ་ཁད་དུ་འདུག་གསུང་།

开始翻译流程 (尝试 1/2):
========================================
步骤1: 输入藏语文本...
输入文本时出错: Message: tab crashed
  (Session info: chrome=143.0.7499.169)

✗ 输入文本失败

开始翻译流程 (尝试 2/2):
========================================
步骤1: 输入藏语文本...
输入文本时出错: Message: tab crashed
  (Session info: chrome=143.0.7499.169)

✗ 输入文本失败
========================================
✗ 翻译失败，跳过此行
✓ 已保存到文件: 111/4500 条

[112/4500] 翻译进度: 2.5%
藏语原文: གྲིབ་ཀྱི་རི་དང་ལྷ་ས་གཉིས་ཕར་བཞུད་ཚུར་བཞུད་བྱེད་པའི...

开始翻译流程 (尝试 1/2):
========================================
步骤1: 输入藏语文本...
输入文本时出错: Message: tab crashed
  (Session info: chrome=143.0.7499.169)

✗ 输入文本失败

开始翻译流程 (尝试 2/2):
========================================
步骤1: 输入藏语文本...
输入文本时出错: Message: tab crashed
  (Session info: chrome=143.0.7499.169)

✗ 输入文本失败
========================================
✗ 翻译失败，跳过此行
✓ 已保存到文件: 112/4500 条

[113/4500] 翻译进度: 2.5%
藏语原文: བཞི་གདའ་བ་གསུང་།

开始翻译流程 (尝试 1/2):
========================================
步骤1: 输入藏语文本...
输入文本时出错: Message: tab crashed
  (Session info: chrome=143.0.7499.169)

✗ 输入文本失败

开始翻译流程 (尝试 2/2):
========================================
步骤1: 输入藏语文本...
输入文本时出错: Message: tab crashed
  (Session info: chrome=143.0.7499.169)

✗ 输入文本失败
========================================
✗ 翻译失败，跳过此行
✓ 已保存到文件: 113/4500 条

[114/4500] 翻译进度: 2.5%
藏语原文: ཡང་ཇོ་བོ་ཡེར་པ་ན་བཞུགས་ཙ་ན།

开始翻译流程 (尝试 1/2):
========================================
步骤1: 输入藏语文本...
输入文本时出错: Message: tab crashed
  (Session info: chrome=143.0.7499.169)

✗ 输入文本失败

开始翻译流程 (尝试 2/2):
========================================
步骤1: 输入藏语文本...
输入文本时出错: Message: tab crashed
  (Session info: chrome=143.0.7499.169)

✗ 输入文本失败
========================================
✗ 翻译失败，跳过此行
✓ 已保存到文件: 114/4500 条

[115/4500] 翻译进度: 2.6%
藏语原文: གཡས་གཡོན་གཉིས་ལ་དར་ཡུལ་བ་དང་ཁོང་རང་གཉིས་བཞུགས་ནས།

开始翻译流程 (尝试 1/2):
========================================
步骤1: 输入藏语文本...
输入文本时出错: Message: tab crashed
  (Session info: chrome=143.0.7499.169)

✗ 输入文本失败

开始翻译流程 (尝试 2/2):
========================================
步骤1: 输入藏语文本...
输入文本时出错: Message: tab crashed
  (Session info: chrome=143.0.7499.169)

✗ 输入文本失败
========================================
✗ 翻译失败，跳过此行
✓ 已保存到文件: 115/4500 条

[116/4500] 翻译进度: 2.6%
藏语原文: དུས་དེ་ཙ་ན་སྒྲུབ་པ་པོ་ཐམས་ཅད་ལ་འདྲེ་ངན་གྱིས་ཡི་དམ་...

开始翻译流程 (尝试 1/2):
========================================
步骤1: 输入藏语文本...
输入文本时出错: Message: tab crashed
  (Session info: chrome=143.0.7499.169)

✗ 输入文本失败

开始翻译流程 (尝试 2/2):
========================================
步骤1: 输入藏语文本...
输入文本时出错: Message: tab crashed
  (Session info: chrome=143.0.7499.169)

✗ 输入文本失败
========================================
✗ 翻译失败，跳过此行
✓ 已保存到文件: 116/4500 条

[117/4500] 翻译进度: 2.6%
藏语原文: ད་རུང་དུ་ཇོ་བོའི་བཀའ་བརྒྱུད་མེད་པའི་ས་ན་ཡོད་པར་འདུ...

开始翻译流程 (尝试 1/2):
========================================
步骤1: 输入藏语文本...
输入文本时出错: Message: tab crashed
  (Session info: chrome=143.0.7499.169)

✗ 输入文本失败

开始翻译流程 (尝试 2/2):
========================================
步骤1: 输入藏语文本...
输入文本时出错: Message: tab crashed
  (Session info: chrome=143.0.7499.169)

✗ 输入文本失败
========================================
✗ 翻译失败，跳过此行
✓ 已保存到文件: 117/4500 条

[118/4500] 翻译进度: 2.6%
藏语原文: ཡང་སྤྱང་ཁུ་ལ་ཁ་ན་ཕར་བྱོན་ཙ་ན།

开始翻译流程 (尝试 1/2):
========================================
步骤1: 输入藏语文本...
输入文本时出错: Message: tab crashed
  (Session info: chrome=143.0.7499.169)

✗ 输入文本失败

开始翻译流程 (尝试 2/2):
========================================
步骤1: 输入藏语文本...
输入文本时出错: Message: tab crashed
  (Session info: chrome=143.0.7499.169)

✗ 输入文本失败
========================================
✗ 翻译失败，跳过此行
✓ 已保存到文件: 118/4500 条

[119/4500] 翻译进度: 2.6%
藏语原文: ཨུ་པ་སི་ཀ་ཕན་མེད་མི་མ་ཡིན་ཆེན་པོ་འདུག་པ་ལ་ང་ལ་མི་ས...

开始翻译流程 (尝试 1/2):
========================================
步骤1: 输入藏语文本...
输入文本时出错: Message: tab crashed
  (Session info: chrome=143.0.7499.169)

✗ 输入文本失败

开始翻译流程 (尝试 2/2):
========================================
步骤1: 输入藏语文本...
输入文本时出错: Message: tab crashed
  (Session info: chrome=143.0.7499.169)

✗ 输入文本失败
========================================
✗ 翻译失败，跳过此行
✓ 已保存到文件: 119/4500 条

[120/4500] 翻译进度: 2.7%
藏语原文: བྲན་ཁས་ཇོ་བོ་ལ་བར་ཆད་བརྩམས་པས་མ་ཚུགས་པར་གདའ།

开始翻译流程 (尝试 1/2):
========================================
步骤1: 输入藏语文本...
输入文本时出错: Message: tab crashed
  (Session info: chrome=143.0.7499.169)

✗ 输入文本失败

开始翻译流程 (尝试 2/2):
========================================
步骤1: 输入藏语文本...
输入文本时出错: Message: tab crashed
  (Session info: chrome=143.0.7499.169)

✗ 输入文本失败
========================================
✗ 翻译失败，跳过此行
✓ 已保存到文件: 120/4500 条

[121/4500] 翻译进度: 2.7%
藏语原文: འདི་ཚར་བཅད་དགོས་པར་འདུག་གསུང་།

开始翻译流程 (尝试 1/2):
========================================
步骤1: 输入藏语文本...
输入文本时出错: Message: tab crashed
  (Session info: chrome=143.0.7499.169)

✗ 输入文本失败

开始翻译流程 (尝试 2/2):
========================================
步骤1: 输入藏语文本...
输入文本时出错: Message: tab crashed
  (Session info: chrome=143.0.7499.169)

✗ 输入文本失败
========================================
✗ 翻译失败，跳过此行
✓ 已保存到文件: 121/4500 条

[122/4500] 翻译进度: 2.7%
藏语原文: ངའི་དགེ་ཚུལ་དང་འཚེངས་ཏེ་རྒྱལ་པོ་ངན་པ་དེ་ལ་ད་ཙ་ན་བད...

开始翻译流程 (尝试 1/2):
========================================
步骤1: 输入藏语文本...
输入文本时出错: Message: tab crashed
  (Session info: chrome=143.0.7499.169)

✗ 输入文本失败

开始翻译流程 (尝试 2/2):
========================================
步骤1: 输入藏语文本...
输入文本时出错: Message: tab crashed
  (Session info: chrome=143.0.7499.169)

✗ 输入文本失败
========================================
✗ 翻译失败，跳过此行
✓ 已保存到文件: 122/4500 条

[123/4500] 翻译进度: 2.7%
藏语原文: གཞུང་ལ་ཁྱེད་རང་མཁས་ཞུས་པས།

开始翻译流程 (尝试 1/2):
========================================
步骤1: 输入藏语文本...
输入文本时出错: Message: tab crashed
  (Session info: chrome=143.0.7499.169)

✗ 输入文本失败

开始翻译流程 (尝试 2/2):
========================================
步骤1: 输入藏语文本...
输入文本时出错: Message: tab crashed
  (Session info: chrome=143.0.7499.169)

✗ 输入文本失败
========================================
✗ 翻译失败，跳过此行
✓ 已保存到文件: 123/4500 条

[124/4500] 翻译进度: 2.8%
藏语原文: དེ་ཙ་ན་ཞང་སྣ་ཆུང་སྟོན་པ་དང་ལྗང་སྟོན་པ་དང་ཀྱུ་ར་སྟོ...

开始翻译流程 (尝试 1/2):
========================================
步骤1: 输入藏语文本...
输入文本时出错: Message: tab crashed
  (Session info: chrome=143.0.7499.169)

✗ 输入文本失败

开始翻译流程 (尝试 2/2):
========================================
步骤1: 输入藏语文本...
输入文本时出错: Message: tab crashed
  (Session info: chrome=143.0.7499.169)

✗ 输入文本失败
========================================
✗ 翻译失败，跳过此行
✓ 已保存到文件: 124/4500 条

[125/4500] 翻译进度: 2.8%
藏语原文: ཁོ་བོ་ཡང་མི་དགོས་པར་འདུག་པ་ལ་གསུངས་ནས་གདམས་པ་གཤའ་མ...

开始翻译流程 (尝试 1/2):
========================================
步骤1: 输入藏语文本...
输入文本时出错: Message: tab crashed
  (Session info: chrome=143.0.7499.169)

✗ 输入文本失败

开始翻译流程 (尝试 2/2):
========================================
步骤1: 输入藏语文本...
输入文本时出错: Message: tab crashed
  (Session info: chrome=143.0.7499.169)

✗ 输入文本失败
========================================
✗ 翻译失败，跳过此行
✓ 已保存到文件: 125/4500 条

[126/4500] 翻译进度: 2.8%
藏语原文: ཇོ་བོ་སྙེ་ཐང་ན་བཞུགས་ཙམ་ན་རྔོག་ལ་སོགས་ཀྱིས་སྙུན་སྨ...

开始翻译流程 (尝试 1/2):
========================================
步骤1: 输入藏语文本...
输入文本时出错: Message: tab crashed
  (Session info: chrome=143.0.7499.169)

✗ 输入文本失败

开始翻译流程 (尝试 2/2):
========================================
步骤1: 输入藏语文本...
输入文本时出错: Message: tab crashed
  (Session info: chrome=143.0.7499.169)

✗ 输入文本失败
========================================
✗ 翻译失败，跳过此行
✓ 已保存到文件: 126/4500 条

[127/4500] 翻译进度: 2.8%
藏语原文: བོད་ན་མུ་སྟེགས་དངོས་མི་འདུག་སྟེ་ཆ་འཐུན་འདུག་གསུང་།

开始翻译流程 (尝试 1/2):
========================================
步骤1: 输入藏语文本...
输入文本时出错: Message: tab crashed
  (Session info: chrome=143.0.7499.169)

✗ 输入文本失败

开始翻译流程 (尝试 2/2):
========================================
步骤1: 输入藏语文本...
输入文本时出错: Message: tab crashed
  (Session info: chrome=143.0.7499.169)

✗ 输入文本失败
========================================
✗ 翻译失败，跳过此行
✓ 已保存到文件: 127/4500 条

[128/4500] 翻译进度: 2.8%
藏语原文: བརྫུན་མ་བཏང་ཙམ་དུ་གདའ་གསུང་ནས་མ་མཉེས།

开始翻译流程 (尝试 1/2):
========================================
步骤1: 输入藏语文本...
输入文本时出错: Message: tab crashed
  (Session info: chrome=143.0.7499.169)

✗ 输入文本失败

开始翻译流程 (尝试 2/2):
========================================
步骤1: 输入藏语文本...
输入文本时出错: Message: tab crashed
  (Session info: chrome=143.0.7499.169)

✗ 输入文本失败
========================================
✗ 翻译失败，跳过此行
✓ 已保存到文件: 128/4500 条

[129/4500] 翻译进度: 2.9%
藏语原文: ནངས་ཤིག་ཙ་ན་ཇོ་བོའི་ཞལ་ནས།

开始翻译流程 (尝试 1/2):
========================================
步骤1: 输入藏语文本...
输入文本时出错: Message: tab crashed
  (Session info: chrome=143.0.7499.169)

✗ 输入文本失败

开始翻译流程 (尝试 2/2):
========================================
步骤1: 输入藏语文本...
输入文本时出错: Message: tab crashed
  (Session info: chrome=143.0.7499.169)

✗ 输入文本失败
========================================
✗ 翻译失败，跳过此行
✓ 已保存到文件: 129/4500 条

[130/4500] 翻译进度: 2.9%
藏语原文: ཇོ་བོས་གང་ཟག་ལ་བདག་མེད་པ་གསུངས་ཙ་ན་ཁོང་གཉིས་དད།

开始翻译流程 (尝试 1/2):
========================================
步骤1: 输入藏语文本...
输入文本时出错: Message: tab crashed
  (Session info: chrome=143.0.7499.169)

✗ 输入文本失败

开始翻译流程 (尝试 2/2):
========================================
步骤1: 输入藏语文本...
输入文本时出错: Message: tab crashed
  (Session info: chrome=143.0.7499.169)

✗ 输入文本失败
========================================
✗ 翻译失败，跳过此行
✓ 已保存到文件: 130/4500 条

[131/4500] 翻译进度: 2.9%
藏语原文: ཡང་སྙེ་ཐང་ན་བཞུགས་ཙ་ན།

开始翻译流程 (尝试 1/2):
========================================
步骤1: 输入藏语文本...
输入文本时出错: Message: tab crashed
  (Session info: chrome=143.0.7499.169)

✗ 输入文本失败

开始翻译流程 (尝试 2/2):
========================================
步骤1: 输入藏语文本...
输入文本时出错: Message: tab crashed
  (Session info: chrome=143.0.7499.169)

✗ 输入文本失败
========================================
✗ 翻译失败，跳过此行
✓ 已保存到文件: 131/4500 条

[132/4500] 翻译进度: 2.9%
藏语原文: ཇོ་བོའི་ཞལ་ནས་རྒྱ་གར་ན་ངོ་མཚར་ཅན་གྱི་གཏམ་ཅི་ལྟ་བུ་...

开始翻译流程 (尝试 1/2):
========================================
步骤1: 输入藏语文本...
输入文本时出错: Message: tab crashed
  (Session info: chrome=143.0.7499.169)

✗ 输入文本失败

开始翻译流程 (尝试 2/2):
========================================
步骤1: 输入藏语文本...
输入文本时出错: Message: tab crashed
  (Session info: chrome=143.0.7499.169)

✗ 输入文本失败
========================================
✗ 翻译失败，跳过此行
✓ 已保存到文件: 132/4500 条

[133/4500] 翻译进度: 3.0%
藏语原文: གཞན་དང་མི་འདུག་སྟེ།

开始翻译流程 (尝试 1/2):
========================================
步骤1: 输入藏语文本...
输入文本时出错: Message: tab crashed
  (Session info: chrome=143.0.7499.169)

✗ 输入文本失败

开始翻译流程 (尝试 2/2):
========================================
步骤1: 输入藏语文本...
输入文本时出错: Message: tab crashed
  (Session info: chrome=143.0.7499.169)

✗ 输入文本失败
========================================
✗ 翻译失败，跳过此行
✓ 已保存到文件: 133/4500 条

[134/4500] 翻译进度: 3.0%
藏语原文: དེ་ལ་མེ་ཏོག་ཤར་ནས་ཞག་བདུན་དུ་སོལ་ལེ་འདུག་པ་ད་ལྟ་ཡོ...

开始翻译流程 (尝试 1/2):
========================================
步骤1: 输入藏语文本...
输入文本时出错: Message: tab crashed
  (Session info: chrome=143.0.7499.169)

✗ 输入文本失败

开始翻译流程 (尝试 2/2):
========================================
步骤1: 输入藏语文本...
输入文本时出错: Message: tab crashed
  (Session info: chrome=143.0.7499.169)

✗ 输入文本失败
========================================
✗ 翻译失败，跳过此行
✓ 已保存到文件: 134/4500 条

[135/4500] 翻译进度: 3.0%
藏语原文: དེ་ཙ་ན་ཇོ་བོའི་ཞལ་ནས།

开始翻译流程 (尝试 1/2):
========================================
步骤1: 输入藏语文本...
输入文本时出错: Message: tab crashed
  (Session info: chrome=143.0.7499.169)

✗ 输入文本失败

开始翻译流程 (尝试 2/2):
========================================
步骤1: 输入藏语文本...
输入文本时出错: Message: tab crashed
  (Session info: chrome=143.0.7499.169)

✗ 输入文本失败
========================================
✗ 翻译失败，跳过此行
✓ 已保存到文件: 135/4500 条

[136/4500] 翻译进度: 3.0%
藏语原文: ཁྱེད་རང་མཁས་གསུངས་ནས་མ་གནང་ངོ།

开始翻译流程 (尝试 1/2):
========================================
步骤1: 输入藏语文本...
输入文本时出错: Message: tab crashed
  (Session info: chrome=143.0.7499.169)

✗ 输入文本失败

开始翻译流程 (尝试 2/2):
========================================
步骤1: 输入藏语文本...
输入文本时出错: Message: tab crashed
  (Session info: chrome=143.0.7499.169)

✗ 输入文本失败
========================================
✗ 翻译失败，跳过此行
✓ 已保存到文件: 136/4500 条

[137/4500] 翻译进度: 3.0%
藏语原文: དོན་ཟབ་ལ་རྒྱ་ཆེ་བར་འདུག་གསུང་།

开始翻译流程 (尝试 1/2):
========================================
步骤1: 输入藏语文本...
输入文本时出错: Message: tab crashed
  (Session info: chrome=143.0.7499.169)

✗ 输入文本失败

开始翻译流程 (尝试 2/2):
========================================
步骤1: 输入藏语文本...
输入文本时出错: Message: tab crashed
  (Session info: chrome=143.0.7499.169)

✗ 输入文本失败
========================================
✗ 翻译失败，跳过此行
✓ 已保存到文件: 137/4500 条

[138/4500] 翻译进度: 3.1%
藏语原文: འོ་ན་སོ་སོར་བསྟན་འདུག་པ་ཞུས་པས།

开始翻译流程 (尝试 1/2):
========================================
步骤1: 输入藏语文本...
输入文本时出错: Message: tab crashed
  (Session info: chrome=143.0.7499.169)

✗ 输入文本失败

开始翻译流程 (尝试 2/2):
========================================
步骤1: 输入藏语文本...
输入文本时出错: Message: tab crashed
  (Session info: chrome=143.0.7499.169)

✗ 输入文本失败
========================================
✗ 翻译失败，跳过此行
✓ 已保存到文件: 138/4500 条

[139/4500] 翻译进度: 3.1%
藏语原文: ཡང་དེ་ཙ་ན་ཇོ་བོའི་ཞལ་ནས།

开始翻译流程 (尝试 1/2):
========================================
步骤1: 输入藏语文本...
输入文本时出错: Message: tab crashed
  (Session info: chrome=143.0.7499.169)

✗ 输入文本失败

开始翻译流程 (尝试 2/2):
========================================
步骤1: 输入藏语文本...
输入文本时出错: Message: tab crashed
  (Session info: chrome=143.0.7499.169)

✗ 输入文本失败
========================================
✗ 翻译失败，跳过此行
✓ 已保存到文件: 139/4500 条

[140/4500] 翻译进度: 3.1%
藏语原文: དེ་སླར་རྒྱ་གར་དུ་བཞུད་པར་འདུག་གོ་བྱ་བ་ཅིག་གསན་པས།

开始翻译流程 (尝试 1/2):
========================================
步骤1: 输入藏语文本...
输入文本时出错: Message: tab crashed
  (Session info: chrome=143.0.7499.169)

✗ 输入文本失败

开始翻译流程 (尝试 2/2):
========================================
步骤1: 输入藏语文本...
输入文本时出错: Message: tab crashed
  (Session info: chrome=143.0.7499.169)

✗ 输入文本失败
========================================
✗ 翻译失败，跳过此行
✓ 已保存到文件: 140/4500 条

[141/4500] 翻译进度: 3.1%
藏语原文: ཁོང་སླར་རྒྱ་གར་དུ་བཞུད་པར་འདུག་གསུངས་པས།

开始翻译流程 (尝试 1/2):
========================================
步骤1: 输入藏语文本...
输入文本时出错: Message: tab crashed
  (Session info: chrome=143.0.7499.169)

✗ 输入文本失败

开始翻译流程 (尝试 2/2):
========================================
步骤1: 输入藏语文本...
输入文本时出错: Message: tab crashed
  (Session info: chrome=143.0.7499.169)

✗ 输入文本失败
========================================
✗ 翻译失败，跳过此行
✓ 已保存到文件: 141/4500 条

[142/4500] 翻译进度: 3.2%
藏语原文: ངས་བསྒོམས་པ་ཡིན་པ་ལ་རྟོགས་པ་དེ་ཁོང་གཉིས་མཐོ་བར་འདུ...

开始翻译流程 (尝试 1/2):
========================================
步骤1: 输入藏语文本...
输入文本时出错: Message: tab crashed
  (Session info: chrome=143.0.7499.169)

✗ 输入文本失败

开始翻译流程 (尝试 2/2):
========================================
步骤1: 输入藏语文本...
输入文本时出错: Message: tab crashed
  (Session info: chrome=143.0.7499.169)

✗ 输入文本失败
========================================
✗ 翻译失败，跳过此行
✓ 已保存到文件: 142/4500 条

[143/4500] 翻译进度: 3.2%
藏语原文: ཡང་ལན་ཅིག་ཙ་ན་ཞལ་སྐྱལ་ཡང་མཛད་དེ་སློབ་དཔོན་སྟོན་པས་...

开始翻译流程 (尝试 1/2):
========================================
步骤1: 输入藏语文本...
输入文本时出错: Message: tab crashed
  (Session info: chrome=143.0.7499.169)

✗ 输入文本失败

开始翻译流程 (尝试 2/2):
========================================
步骤1: 输入藏语文本...
输入文本时出错: Message: tab crashed
  (Session info: chrome=143.0.7499.169)

✗ 输入文本失败
========================================
✗ 翻译失败，跳过此行
✓ 已保存到文件: 143/4500 条

[144/4500] 翻译进度: 3.2%
藏语原文: ས་གཅིག་ནམ་ཟིན་ཙ་ན་དེར་སྐྱོལ།

开始翻译流程 (尝试 1/2):
========================================
步骤1: 输入藏语文本...
输入文本时出错: Message: tab crashed
  (Session info: chrome=143.0.7499.169)

✗ 输入文本失败

开始翻译流程 (尝试 2/2):
========================================
步骤1: 输入藏语文本...
输入文本时出错: Message: tab crashed
  (Session info: chrome=143.0.7499.169)

✗ 输入文本失败
========================================
✗ 翻译失败，跳过此行
✓ 已保存到文件: 144/4500 条

[145/4500] 翻译进度: 3.2%
藏语原文: འདི་རང་བཞིན་གྱི་རྣལ་འབྱོར་མ་ཅིག་འདུག་སྙམ་ནས་ཕྱག་བྱ...

开始翻译流程 (尝试 1/2):
========================================
步骤1: 输入藏语文本...
输入文本时出错: Message: tab crashed
  (Session info: chrome=143.0.7499.169)

✗ 输入文本失败

开始翻译流程 (尝试 2/2):
========================================
步骤1: 输入藏语文本...
输入文本时出错: Message: tab crashed
  (Session info: chrome=143.0.7499.169)

✗ 输入文本失败
========================================
✗ 翻译失败，跳过此行
✓ 已保存到文件: 145/4500 条

[146/4500] 翻译进度: 3.2%
藏语原文: རང་བཞིན་གྱི་རྣལ་འབྱོར་མ་ཅིག་འདུག་གསུང་།

开始翻译流程 (尝试 1/2):
========================================
步骤1: 输入藏语文本...
输入文本时出错: Message: tab crashed
  (Session info: chrome=143.0.7499.169)

✗ 输入文本失败

开始翻译流程 (尝试 2/2):
========================================
步骤1: 输入藏语文本...
输入文本时出错: Message: tab crashed
  (Session info: chrome=143.0.7499.169)

✗ 输入文本失败
========================================
✗ 翻译失败，跳过此行
✓ 已保存到文件: 146/4500 条

[147/4500] 翻译进度: 3.3%
藏语原文: ད་ལྟ་ཡར་ལུངས་ནས་བྱོན་པའི་གདུང་དེ་ནག་པོ་གཅིག་གདའ་གས...

开始翻译流程 (尝试 1/2):
========================================
步骤1: 输入藏语文本...
输入文本时出错: Message: tab crashed
  (Session info: chrome=143.0.7499.169)

✗ 输入文本失败

开始翻译流程 (尝试 2/2):
========================================
步骤1: 输入藏语文本...
输入文本时出错: Message: tab crashed
  (Session info: chrome=143.0.7499.169)

✗ 输入文本失败
========================================
✗ 翻译失败，跳过此行
✓ 已保存到文件: 147/4500 条

[148/4500] 翻译进度: 3.3%
藏语原文: འབྲོམ་ཐོག་ཁ་ན་བོག་ནས་སྣང་བྱས་པས་ཁུས་བུར་སྐལ་བཞག་ནས...

开始翻译流程 (尝试 1/2):
========================================
步骤1: 输入藏语文本...
输入文本时出错: Message: tab crashed
  (Session info: chrome=143.0.7499.169)

✗ 输入文本失败

开始翻译流程 (尝试 2/2):
========================================
步骤1: 输入藏语文本...
输入文本时出错: Message: tab crashed
  (Session info: chrome=143.0.7499.169)

✗ 输入文本失败
========================================
✗ 翻译失败，跳过此行
✓ 已保存到文件: 148/4500 条

[149/4500] 翻译进度: 3.3%
藏语原文: རྣལ་འབྱོར་པ་གོང་འོག་འདི་ཀུན་རྟ་རྫི་དང་ཡོས་འཐག་ཡིན་...

开始翻译流程 (尝试 1/2):
========================================
步骤1: 输入藏语文本...
输入文本时出错: Message: tab crashed
  (Session info: chrome=143.0.7499.169)

✗ 输入文本失败

开始翻译流程 (尝试 2/2):
========================================
步骤1: 输入藏语文本...
输入文本时出错: Message: tab crashed
  (Session info: chrome=143.0.7499.169)

✗ 输入文本失败
========================================
✗ 翻译失败，跳过此行
✓ 已保存到文件: 149/4500 条

[150/4500] 翻译进度: 3.3%
藏语原文: གཅིག་ལོ་ན་ཡོད་སྤྱན་སྔའི་ཕྱིར་བྱོན་འདུག་གསུང་།

开始翻译流程 (尝试 1/2):
========================================
步骤1: 输入藏语文本...
输入文本时出错: Message: tab crashed
  (Session info: chrome=143.0.7499.169)

✗ 输入文本失败

开始翻译流程 (尝试 2/2):
========================================
步骤1: 输入藏语文本...
输入文本时出错: Message: tab crashed
  (Session info: chrome=143.0.7499.169)

✗ 输入文本失败
========================================
✗ 翻译失败，跳过此行
✓ 已保存到文件: 150/4500 条

[151/4500] 翻译进度: 3.4%
藏语原文: གཏམ་གསར་གཞན་མི་འདུག་སྟེ།

开始翻译流程 (尝试 1/2):
========================================
步骤1: 输入藏语文本...
输入文本时出错: Message: tab crashed
  (Session info: chrome=143.0.7499.169)

✗ 输入文本失败

开始翻译流程 (尝试 2/2):
========================================
步骤1: 输入藏语文本...
输入文本时出错: Message: tab crashed
  (Session info: chrome=143.0.7499.169)

✗ 输入文本失败
========================================
✗ 翻译失败，跳过此行
✓ 已保存到文件: 151/4500 条

[152/4500] 翻译进度: 3.4%
藏语原文: འཕན་ཡུལ་གྱི་ནག་ཆུས་ཁྱེར་ཟེར་གྱི་འདུག་ཟེར།

开始翻译流程 (尝试 1/2):
========================================
步骤1: 输入藏语文本...
输入文本时出错: Message: tab crashed
  (Session info: chrome=143.0.7499.169)

✗ 输入文本失败

开始翻译流程 (尝试 2/2):
========================================
步骤1: 输入藏语文本...
输入文本时出错: Message: tab crashed
  (Session info: chrome=143.0.7499.169)

✗ 输入文本失败
========================================
✗ 翻译失败，跳过此行
✓ 已保存到文件: 152/4500 条

[153/4500] 翻译进度: 3.4%
藏语原文: ཁོང་རང་བྱོན་པ་ལ་དགྱེས་པས་དེ་འབྲོག་ལ་ཞལ་གྱིས་བཞེས་ན...

开始翻译流程 (尝试 1/2):
========================================
步骤1: 输入藏语文本...
输入文本时出错: Message: tab crashed
  (Session info: chrome=143.0.7499.169)

✗ 输入文本失败

开始翻译流程 (尝试 2/2):
========================================
步骤1: 输入藏语文本...
输入文本时出错: Message: tab crashed
  (Session info: chrome=143.0.7499.169)

✗ 输入文本失败
========================================
✗ 翻译失败，跳过此行
✓ 已保存到文件: 153/4500 条

[154/4500] 翻译进度: 3.4%
藏语原文: གསལ་ཙམ་ལས་མི་འདུག་སྟེ་སྤྲུལ་པའི་སྐུ་དངོས་ཡིན་གསུང་...

开始翻译流程 (尝试 1/2):
========================================
步骤1: 输入藏语文本...
输入文本时出错: Message: tab crashed
  (Session info: chrome=143.0.7499.169)

✗ 输入文本失败

开始翻译流程 (尝试 2/2):
========================================
步骤1: 输入藏语文本...
输入文本时出错: Message: tab crashed
  (Session info: chrome=143.0.7499.169)

✗ 输入文本失败
========================================
✗ 翻译失败，跳过此行
✓ 已保存到文件: 154/4500 条

[155/4500] 翻译进度: 3.4%
藏语原文: རས་དེ་ལ་སྒྲོལ་མདཀར་སྔོ་གཉིས་བཞེངས་ནས་ད་ལྟ་རྭ་སྒྲེང...

开始翻译流程 (尝试 1/2):
========================================
步骤1: 输入藏语文本...
输入文本时出错: Message: tab crashed
  (Session info: chrome=143.0.7499.169)

✗ 输入文本失败

开始翻译流程 (尝试 2/2):
========================================
步骤1: 输入藏语文本...
输入文本时出错: Message: tab crashed
  (Session info: chrome=143.0.7499.169)

✗ 输入文本失败
========================================
✗ 翻译失败，跳过此行
✓ 已保存到文件: 155/4500 条

[156/4500] 翻译进度: 3.5%
藏语原文: རྨི་ལམ་བཏབ་པས་དབུ་རྩེ་རྙིང་པའི་ཤུལ་འདི་ན་གསེར་གྱི་...

开始翻译流程 (尝试 1/2):
========================================
步骤1: 输入藏语文本...
输入文本时出错: Message: tab crashed
  (Session info: chrome=143.0.7499.169)

✗ 输入文本失败

开始翻译流程 (尝试 2/2):
========================================
步骤1: 输入藏语文本...
输入文本时出错: Message: tab crashed
  (Session info: chrome=143.0.7499.169)

✗ 输入文本失败
========================================
✗ 翻译失败，跳过此行
✓ 已保存到文件: 156/4500 条

[157/4500] 翻译进度: 3.5%
藏语原文: ཁུ་ལ་ཞུ་སྙམ་ཙ་ན་རྣལ་འབྱོར་པས་ཞལ་ནས་སྟོན་པ་ལ།

开始翻译流程 (尝试 1/2):
========================================
步骤1: 输入藏语文本...
输入文本时出错: Message: tab crashed
  (Session info: chrome=143.0.7499.169)

✗ 输入文本失败

开始翻译流程 (尝试 2/2):
========================================
步骤1: 输入藏语文本...
输入文本时出错: Message: tab crashed
  (Session info: chrome=143.0.7499.169)

✗ 输入文本失败
========================================
✗ 翻译失败，跳过此行
✓ 已保存到文件: 157/4500 条

[158/4500] 翻译进度: 3.5%
藏语原文: གཞན་རྣམས་སྙམ་ཙ་ན་མི་དང་མི་འཕྲད་པ་ཡིན་སྙམ་ཙ་ན་ཤུག་ག...

开始翻译流程 (尝试 1/2):
========================================
步骤1: 输入藏语文本...
输入文本时出错: Message: tab crashed
  (Session info: chrome=143.0.7499.169)

✗ 输入文本失败

开始翻译流程 (尝试 2/2):
========================================
步骤1: 输入藏语文本...
输入文本时出错: Message: tab crashed
  (Session info: chrome=143.0.7499.169)

✗ 输入文本失败
========================================
✗ 翻译失败，跳过此行
✓ 已保存到文件: 158/4500 条

[159/4500] 翻译进度: 3.5%
藏语原文: ཕྱི་རོལ་གྱི་རྣམ་པར་རྟོག་པ་ལས་པོ་ཆེ་གཅད་པ་ལགས་པར་གད...

开始翻译流程 (尝试 1/2):
========================================
步骤1: 输入藏语文本...
输入文本时出错: Message: tab crashed
  (Session info: chrome=143.0.7499.169)

✗ 输入文本失败

开始翻译流程 (尝试 2/2):
========================================
步骤1: 输入藏语文本...
输入文本时出错: Message: tab crashed
  (Session info: chrome=143.0.7499.169)

✗ 输入文本失败
========================================
✗ 翻译失败，跳过此行
✓ 已保存到文件: 159/4500 条

[160/4500] 翻译进度: 3.6%
藏语原文: ཁོང་གསང་ཕུ་བ་དང་གཉིས་ཐུགས་འཐུན་པས་ཁོང་གཉིས་གསང་ཕུ་...

开始翻译流程 (尝试 1/2):
========================================
步骤1: 输入藏语文本...
输入文本时出错: Message: tab crashed
  (Session info: chrome=143.0.7499.169)

✗ 输入文本失败

开始翻译流程 (尝试 2/2):
========================================
步骤1: 输入藏语文本...
输入文本时出错: Message: tab crashed
  (Session info: chrome=143.0.7499.169)

✗ 输入文本失败
========================================
✗ 翻译失败，跳过此行
✓ 已保存到文件: 160/4500 条

[161/4500] 翻译进度: 3.6%
藏语原文: ཕྱག་གསུམ་བཙལ་ནས་ཁོ་བོ་ལ་མིའི་ཏིག་པོ་མི་འདུག་པས་བཀའ...

开始翻译流程 (尝试 1/2):
========================================
步骤1: 输入藏语文本...
输入文本时出错: Message: tab crashed
  (Session info: chrome=143.0.7499.169)

✗ 输入文本失败

开始翻译流程 (尝试 2/2):
========================================
步骤1: 输入藏语文本...
输入文本时出错: Message: tab crashed
  (Session info: chrome=143.0.7499.169)

✗ 输入文本失败
========================================
✗ 翻译失败，跳过此行
✓ 已保存到文件: 161/4500 条

[162/4500] 翻译进度: 3.6%
藏语原文: དེངས་ཀྱང་ནགས་སུ་དེངས་པ་ལྟ་བུ་ཅིག་ལགས་པར་གདའ་སྟེ།

开始翻译流程 (尝试 1/2):
========================================
步骤1: 输入藏语文本...
输入文本时出错: Message: tab crashed
  (Session info: chrome=143.0.7499.169)

✗ 输入文本失败

开始翻译流程 (尝试 2/2):
========================================
步骤1: 输入藏语文本...
输入文本时出错: Message: tab crashed
  (Session info: chrome=143.0.7499.169)

✗ 输入文本失败
========================================
✗ 翻译失败，跳过此行
✓ 已保存到文件: 162/4500 条

[163/4500] 翻译进度: 3.6%
藏语原文: བསྒྲུབ་པ་སྐུ་ཉམས་སུ་བཞེས་པ་ཅིག་ལགས་པར་གདའ་སྐད་དེ།

开始翻译流程 (尝试 1/2):
========================================
步骤1: 输入藏语文本...
输入文本时出错: Message: tab crashed
  (Session info: chrome=143.0.7499.169)

✗ 输入文本失败

开始翻译流程 (尝试 2/2):
========================================
步骤1: 输入藏语文本...
输入文本时出错: Message: tab crashed
  (Session info: chrome=143.0.7499.169)

✗ 输入文本失败
========================================
✗ 翻译失败，跳过此行
✓ 已保存到文件: 163/4500 条

[164/4500] 翻译进度: 3.6%
藏语原文: ཇོ་བོ་དངོས་ལ་ལོ་བཅུ་དགུར་བསྟེན་པའི་ལོ་ཙཱ་བ་ཆེན་པོ་...

开始翻译流程 (尝试 1/2):
========================================
步骤1: 输入藏语文本...
输入文本时出错: Message: tab crashed
  (Session info: chrome=143.0.7499.169)

✗ 输入文本失败

开始翻译流程 (尝试 2/2):
========================================
步骤1: 输入藏语文本...
输入文本时出错: Message: tab crashed
  (Session info: chrome=143.0.7499.169)

✗ 输入文本失败
========================================
✗ 翻译失败，跳过此行
✓ 已保存到文件: 164/4500 条

[165/4500] 翻译进度: 3.7%
藏语原文: རྒྱ་ར་སྟོན་བྱེད་ལ་སྔགས་ཀྱི་གདམས་པ་མ་ལུས་པར་ཡོད་པ་ཡ...

开始翻译流程 (尝试 1/2):
========================================
步骤1: 输入藏语文本...
输入文本时出错: Message: tab crashed
  (Session info: chrome=143.0.7499.169)

✗ 输入文本失败

开始翻译流程 (尝试 2/2):
========================================
步骤1: 输入藏语文本...
输入文本时出错: Message: tab crashed
  (Session info: chrome=143.0.7499.169)

✗ 输入文本失败
========================================
✗ 翻译失败，跳过此行
✓ 已保存到文件: 165/4500 条

[166/4500] 翻译进度: 3.7%
藏语原文: དེ་ཡང་བསམ་ན་འབྱུང་ཁུངས་མ་གཏོགས་པ་ཟབ་པར་གདའ།

开始翻译流程 (尝试 1/2):
========================================
步骤1: 输入藏语文本...
输入文本时出错: Message: tab crashed
  (Session info: chrome=143.0.7499.169)

✗ 输入文本失败

开始翻译流程 (尝试 2/2):
========================================
步骤1: 输入藏语文本...
输入文本时出错: Message: tab crashed
  (Session info: chrome=143.0.7499.169)

✗ 输入文本失败
========================================
✗ 翻译失败，跳过此行
✓ 已保存到文件: 166/4500 条

[167/4500] 翻译进度: 3.7%
藏语原文: སྔོན་རྒྱ་གར་བ་ཀུན་ཡིན་ན་རིགས་ངེས་མ་ངེས་བྱ་བ་ཡོད་པར...

开始翻译流程 (尝试 1/2):
========================================
步骤1: 输入藏语文本...
输入文本时出错: Message: tab crashed
  (Session info: chrome=143.0.7499.169)

✗ 输入文本失败

开始翻译流程 (尝试 2/2):
========================================
步骤1: 输入藏语文本...
输入文本时出错: Message: tab crashed
  (Session info: chrome=143.0.7499.169)

✗ 输入文本失败
========================================
✗ 翻译失败，跳过此行
✓ 已保存到文件: 167/4500 条

[168/4500] 翻译进度: 3.7%
藏语原文: ལ་ལ་དགའ་བདོ་ཙ་ན།

开始翻译流程 (尝试 1/2):
========================================
步骤1: 输入藏语文本...
输入文本时出错: Message: tab crashed
  (Session info: chrome=143.0.7499.169)

✗ 输入文本失败

开始翻译流程 (尝试 2/2):
========================================
步骤1: 输入藏语文本...
输入文本时出错: Message: tab crashed
  (Session info: chrome=143.0.7499.169)

✗ 输入文本失败
========================================
✗ 翻译失败，跳过此行
✓ 已保存到文件: 168/4500 条

[169/4500] 翻译进度: 3.8%
藏语原文: ཕྲ་བ་ལ་འཛེམ་གསུང་སྟེ་ཤིན་ཏུ་ཟབ་པར་གདའ།

开始翻译流程 (尝试 1/2):
========================================
步骤1: 输入藏语文本...
输入文本时出错: Message: tab crashed
  (Session info: chrome=143.0.7499.169)

✗ 输入文本失败

开始翻译流程 (尝试 2/2):
========================================
步骤1: 输入藏语文本...
输入文本时出错: Message: tab crashed
  (Session info: chrome=143.0.7499.169)

✗ 输入文本失败
========================================
✗ 翻译失败，跳过此行
✓ 已保存到文件: 169/4500 条

[170/4500] 翻译进度: 3.8%
藏语原文: ཁོ་རང་ཡང་ད་ནི་ང་ཡིན་སྙམ་ནས་ཕྱི་མ་འོང་སྙམ་པ་རང་མེད།

开始翻译流程 (尝试 1/2):
========================================
步骤1: 输入藏语文本...
输入文本时出错: Message: tab crashed
  (Session info: chrome=143.0.7499.169)

✗ 输入文本失败

开始翻译流程 (尝试 2/2):
========================================
步骤1: 输入藏语文本...
输入文本时出错: Message: tab crashed
  (Session info: chrome=143.0.7499.169)

✗ 输入文本失败
========================================
✗ 翻译失败，跳过此行
✓ 已保存到文件: 170/4500 条

[171/4500] 翻译进度: 3.8%
藏语原文: ད་འདི་ལྟར་ཕུན་སུམ་ཚོགས་པ་ལ་ཅི་བྱེད་དམ་སྙམ་ཙ་ན།

开始翻译流程 (尝试 1/2):
========================================
步骤1: 输入藏语文本...
输入文本时出错: Message: tab crashed
  (Session info: chrome=143.0.7499.169)

✗ 输入文本失败

开始翻译流程 (尝试 2/2):
========================================
步骤1: 输入藏语文本...
输入文本时出错: Message: tab crashed
  (Session info: chrome=143.0.7499.169)

✗ 输入文本失败
========================================
✗ 翻译失败，跳过此行
✓ 已保存到文件: 171/4500 条

[172/4500] 翻译进度: 3.8%
藏语原文: ཁོ་ཡི་ནོར་དེ་ཚོས་ཅི་བྱེད་ན་སྙམ་ཙ་ན།

开始翻译流程 (尝试 1/2):
========================================
步骤1: 输入藏语文本...
输入文本时出错: Message: tab crashed
  (Session info: chrome=143.0.7499.169)

✗ 输入文本失败

开始翻译流程 (尝试 2/2):
========================================
步骤1: 输入藏语文本...
输入文本时出错: Message: tab crashed
  (Session info: chrome=143.0.7499.169)

✗ 输入文本失败
========================================
✗ 翻译失败，跳过此行
✓ 已保存到文件: 172/4500 条

[173/4500] 翻译进度: 3.8%
藏语原文: ཁོ་ཤི་ཙ་ན་དེ་རྣམས་ཐམས་ཅད་བཞག་ནས་ཁོ་རང་གཅིག་པུ་མར་ཐ...

开始翻译流程 (尝试 1/2):
========================================
步骤1: 输入藏语文本...
输入文本时出错: Message: tab crashed
  (Session info: chrome=143.0.7499.169)

✗ 输入文本失败

开始翻译流程 (尝试 2/2):
========================================
步骤1: 输入藏语文本...
输入文本时出错: Message: tab crashed
  (Session info: chrome=143.0.7499.169)

✗ 输入文本失败
========================================
✗ 翻译失败，跳过此行
✓ 已保存到文件: 173/4500 条

[174/4500] 翻译进度: 3.9%
藏语原文: ཞེས་བཤེས་གཉེན་པ་གསུངས་པར་གདའ་སྟེ།

开始翻译流程 (尝试 1/2):
========================================
步骤1: 输入藏语文本...
输入文本时出错: Message: tab crashed
  (Session info: chrome=143.0.7499.169)

✗ 输入文本失败

开始翻译流程 (尝试 2/2):
========================================
步骤1: 输入藏语文本...
输入文本时出错: Message: tab crashed
  (Session info: chrome=143.0.7499.169)

✗ 输入文本失败
========================================
✗ 翻译失败，跳过此行
✓ 已保存到文件: 174/4500 条

[175/4500] 翻译进度: 3.9%
藏语原文: དེ་རྣམས་ཀྱིས་མང་པོ་ཞིག་ཐོས་ཏེ་ཡོད་པར་གདའ།

开始翻译流程 (尝试 1/2):
========================================
步骤1: 输入藏语文本...
输入文本时出错: Message: tab crashed
  (Session info: chrome=143.0.7499.169)

✗ 输入文本失败

开始翻译流程 (尝试 2/2):
========================================
步骤1: 输入藏语文本...
输入文本时出错: Message: tab crashed
  (Session info: chrome=143.0.7499.169)

✗ 输入文本失败
========================================
✗ 翻译失败，跳过此行
✓ 已保存到文件: 175/4500 条

[176/4500] 翻译进度: 3.9%
藏语原文: གུས་པོ་བྱེད་ཅིང་འདུག་པར་མི་ཁོ་བོས་མཐོང་།

开始翻译流程 (尝试 1/2):
========================================
步骤1: 输入藏语文本...
输入文本时出错: Message: tab crashed
  (Session info: chrome=143.0.7499.169)

✗ 输入文本失败

开始翻译流程 (尝试 2/2):
========================================
步骤1: 输入藏语文本...
输入文本时出错: Message: tab crashed
  (Session info: chrome=143.0.7499.169)

✗ 输入文本失败
========================================
✗ 翻译失败，跳过此行
✓ 已保存到文件: 176/4500 条

[177/4500] 翻译进度: 3.9%
藏语原文: ཁ་ནིང་རྗེ་བཙུན་པ་སྐུ་གཤེགས་པའི་དུས་སུ་ཡང་བཤེས་གཉེན...

开始翻译流程 (尝试 1/2):
========================================
步骤1: 输入藏语文本...
输入文本时出错: Message: tab crashed
  (Session info: chrome=143.0.7499.169)

✗ 输入文本失败

开始翻译流程 (尝试 2/2):
========================================
步骤1: 输入藏语文本...
输入文本时出错: Message: tab crashed
  (Session info: chrome=143.0.7499.169)

✗ 输入文本失败
========================================
✗ 翻译失败，跳过此行
✓ 已保存到文件: 177/4500 条

[178/4500] 翻译进度: 4.0%
藏语原文: དོ་ཞག་ཡ་མཚན་ཆེན་པོ་འདུག་གསུངས་ནས་སྙེ་ཐང་དུ་སྤྱན་དྲ...

开始翻译流程 (尝试 1/2):
========================================
步骤1: 输入藏语文本...
输入文本时出错: Message: tab crashed
  (Session info: chrome=143.0.7499.169)

✗ 输入文本失败

开始翻译流程 (尝试 2/2):
========================================
步骤1: 输入藏语文本...
输入文本时出错: Message: tab crashed
  (Session info: chrome=143.0.7499.169)

✗ 输入文本失败
========================================
✗ 翻译失败，跳过此行
✓ 已保存到文件: 178/4500 条

[179/4500] 翻译进度: 4.0%
藏语原文: ཐིག་ལེའི་ནང་ན་རྒྱས་པར་མི་གདའ།

开始翻译流程 (尝试 1/2):
========================================
步骤1: 输入藏语文本...
输入文本时出错: Message: tab crashed
  (Session info: chrome=143.0.7499.169)

✗ 输入文本失败

开始翻译流程 (尝试 2/2):
========================================
步骤1: 输入藏语文本...
输入文本时出错: Message: tab crashed
  (Session info: chrome=143.0.7499.169)

✗ 输入文本失败
========================================
✗ 翻译失败，跳过此行
✓ 已保存到文件: 179/4500 条

[180/4500] 翻译进度: 4.0%
藏语原文: ཞེས་པ་ཅིག་གདའ་སྟེ།

开始翻译流程 (尝试 1/2):
========================================
步骤1: 输入藏语文本...
输入文本时出错: Message: tab crashed
  (Session info: chrome=143.0.7499.169)

✗ 输入文本失败

开始翻译流程 (尝试 2/2):
========================================
步骤1: 输入藏语文本...
输入文本时出错: Message: tab crashed
  (Session info: chrome=143.0.7499.169)

✗ 输入文本失败
========================================
✗ 翻译失败，跳过此行
✓ 已保存到文件: 180/4500 条

[181/4500] 翻译进度: 4.0%
藏语原文: ཡེར་པར་བྱམས་པའི་དྲུང་དུ་ཕྱིན་ཙ་ན།

开始翻译流程 (尝试 1/2):
========================================
步骤1: 输入藏语文本...
输入文本时出错: Message: tab crashed
  (Session info: chrome=143.0.7499.169)

✗ 输入文本失败

开始翻译流程 (尝试 2/2):
========================================
步骤1: 输入藏语文本...
输入文本时出错: Message: tab crashed
  (Session info: chrome=143.0.7499.169)

✗ 输入文本失败
========================================
✗ 翻译失败，跳过此行
✓ 已保存到文件: 181/4500 条

[182/4500] 翻译进度: 4.0%
藏语原文: ད་མི་སོ་མ་གཞན་མི་གདའ་འམ་ཟེར།

开始翻译流程 (尝试 1/2):
========================================
步骤1: 输入藏语文本...
输入文本时出错: Message: tab crashed
  (Session info: chrome=143.0.7499.169)

✗ 输入文本失败

开始翻译流程 (尝试 2/2):
========================================
步骤1: 输入藏语文本...
输入文本时出错: Message: tab crashed
  (Session info: chrome=143.0.7499.169)

✗ 输入文本失败
========================================
✗ 翻译失败，跳过此行
✓ 已保存到文件: 182/4500 条

[183/4500] 翻译进度: 4.1%
藏语原文: མ་ཧཱ་བོ་དྷིའི་དྲུང་ན་ཇོ་བོ་ཆེན་པོ་བཞུགས་ནས་འདུག་པའ...

开始翻译流程 (尝试 1/2):
========================================
步骤1: 输入藏语文本...
输入文本时出错: Message: tab crashed
  (Session info: chrome=143.0.7499.169)

✗ 输入文本失败

开始翻译流程 (尝试 2/2):
========================================
步骤1: 输入藏语文本...
输入文本时出错: Message: tab crashed
  (Session info: chrome=143.0.7499.169)

✗ 输入文本失败
========================================
✗ 翻译失败，跳过此行
✓ 已保存到文件: 183/4500 条

[184/4500] 翻译进度: 4.1%
藏语原文: ཁྱེའུ་དཀར་པོ་ཤེལ་གྱི་མཁར་བ་ཐོགས་པ་གཅིག་ཇོ་བོའི་དྲུ...

开始翻译流程 (尝试 1/2):
========================================
步骤1: 输入藏语文本...
输入文本时出错: Message: tab crashed
  (Session info: chrome=143.0.7499.169)

✗ 输入文本失败

开始翻译流程 (尝试 2/2):
========================================
步骤1: 输入藏语文本...
输入文本时出错: Message: tab crashed
  (Session info: chrome=143.0.7499.169)

✗ 输入文本失败
========================================
✗ 翻译失败，跳过此行
✓ 已保存到文件: 184/4500 条

[185/4500] 翻译进度: 4.1%
藏语原文: དེ་ནས་རྣལ་འབྱོར་མ་གཅིག་བྱུང་ནས་ཡབ་སྲས་གཉིས་ཀ་ལ་འདུ...

开始翻译流程 (尝试 1/2):
========================================
步骤1: 输入藏语文本...
输入文本时出错: Message: tab crashed
  (Session info: chrome=143.0.7499.169)

✗ 输入文本失败

开始翻译流程 (尝试 2/2):
========================================
步骤1: 输入藏语文本...
输入文本时出错: Message: tab crashed
  (Session info: chrome=143.0.7499.169)

✗ 输入文本失败
========================================
✗ 翻译失败，跳过此行
✓ 已保存到文件: 185/4500 条

[186/4500] 翻译进度: 4.1%
藏语原文: སྒྲོལ་མ་ཡིན་པའི་རིགས་སུ་གདའ།

开始翻译流程 (尝试 1/2):
========================================
步骤1: 输入藏语文本...
输入文本时出错: Message: tab crashed
  (Session info: chrome=143.0.7499.169)

✗ 输入文本失败

开始翻译流程 (尝试 2/2):
========================================
步骤1: 输入藏语文本...
输入文本时出错: Message: tab crashed
  (Session info: chrome=143.0.7499.169)

✗ 输入文本失败
========================================
✗ 翻译失败，跳过此行
✓ 已保存到文件: 186/4500 条

[187/4500] 翻译进度: 4.2%
藏语原文: དེ་ལྟར་ན་ལོ་ཙཱ་བས་ཡོན་ཏོན་བརྗོད་ཙ་ན།

开始翻译流程 (尝试 1/2):
========================================
步骤1: 输入藏语文本...
输入文本时出错: Message: tab crashed
  (Session info: chrome=143.0.7499.169)

✗ 输入文本失败

开始翻译流程 (尝试 2/2):
========================================
步骤1: 输入藏语文本...
输入文本时出错: Message: tab crashed
  (Session info: chrome=143.0.7499.169)

✗ 输入文本失败
========================================
✗ 翻译失败，跳过此行
✓ 已保存到文件: 187/4500 条

[188/4500] 翻译进度: 4.2%
藏语原文: མི་མང་པོ་ཚོ་ལ་བལྟས་ནས་ལབ་པར་གདའ་སྟེ།

开始翻译流程 (尝试 1/2):
========================================
步骤1: 输入藏语文本...
输入文本时出错: Message: tab crashed
  (Session info: chrome=143.0.7499.169)

✗ 输入文本失败

开始翻译流程 (尝试 2/2):
========================================
步骤1: 输入藏语文本...
输入文本时出错: Message: tab crashed
  (Session info: chrome=143.0.7499.169)

✗ 输入文本失败
========================================
✗ 翻译失败，跳过此行
✓ 已保存到文件: 188/4500 条

[189/4500] 翻译进度: 4.2%
藏语原文: ལ་ལས་ཞབས་ཏོག་གཅིག་པུ་རང་ལ་དགོས་པའང་འདུག་དེས་ཀྱང་ག་...

开始翻译流程 (尝试 1/2):
========================================
步骤1: 输入藏语文本...
输入文本时出错: Message: tab crashed
  (Session info: chrome=143.0.7499.169)

✗ 输入文本失败

开始翻译流程 (尝试 2/2):
========================================
步骤1: 输入藏语文本...
输入文本时出错: Message: tab crashed
  (Session info: chrome=143.0.7499.169)

✗ 输入文本失败
========================================
✗ 翻译失败，跳过此行
✓ 已保存到文件: 189/4500 条

[190/4500] 翻译进度: 4.2%
藏语原文: ཁོ་བོའི་ཡིད་ལ་ཞལ་སྐྱ་ཡིན་སྙམ་ཙ་ན་བྷཾ་ག་ལ་པ་རྣམས་བད...

开始翻译流程 (尝试 1/2):
========================================
步骤1: 输入藏语文本...
输入文本时出错: Message: tab crashed
  (Session info: chrome=143.0.7499.169)

✗ 输入文本失败

开始翻译流程 (尝试 2/2):
========================================
步骤1: 输入藏语文本...
输入文本时出错: Message: tab crashed
  (Session info: chrome=143.0.7499.169)

✗ 输入文本失败
========================================
✗ 翻译失败，跳过此行
✓ 已保存到文件: 190/4500 条

[191/4500] 翻译进度: 4.2%
藏语原文: ཁོ་བོ་ཐེ་ཚོམ་དུ་གྱུར་ཙ་ན།

开始翻译流程 (尝试 1/2):
========================================
步骤1: 输入藏语文本...
输入文本时出错: Message: tab crashed
  (Session info: chrome=143.0.7499.169)

✗ 输入文本失败

开始翻译流程 (尝试 2/2):
========================================
步骤1: 输入藏语文本...
输入文本时出错: Message: tab crashed
  (Session info: chrome=143.0.7499.169)

✗ 输入文本失败
========================================
✗ 翻译失败，跳过此行
✓ 已保存到文件: 191/4500 条

[192/4500] 翻译进度: 4.3%
藏语原文: ཏ་ལའི་གཟུངས་འདོན་ཞིང་གདའ།

开始翻译流程 (尝试 1/2):
========================================
步骤1: 输入藏语文本...
输入文本时出错: Message: tab crashed
  (Session info: chrome=143.0.7499.169)

✗ 输入文本失败

开始翻译流程 (尝试 2/2):
========================================
步骤1: 输入藏语文本...
输入文本时出错: Message: tab crashed
  (Session info: chrome=143.0.7499.169)

✗ 输入文本失败
========================================
✗ 翻译失败，跳过此行
✓ 已保存到文件: 192/4500 条

[193/4500] 翻译进度: 4.3%
藏语原文: ཞེས་བཤོས་གཉིས་དང་རྒྱ་རི་གཉིས་བྱས་ཡོད་ཙ་ན།

开始翻译流程 (尝试 1/2):
========================================
步骤1: 输入藏语文本...
输入文本时出错: Message: tab crashed
  (Session info: chrome=143.0.7499.169)

✗ 输入文本失败

开始翻译流程 (尝试 2/2):
========================================
步骤1: 输入藏语文本...
输入文本时出错: Message: tab crashed
  (Session info: chrome=143.0.7499.169)

✗ 输入文本失败
========================================
✗ 翻译失败，跳过此行
✓ 已保存到文件: 193/4500 条

[194/4500] 翻译进度: 4.3%
藏语原文: ཁོ་བོ་བསམ་པ་ལ་འདི་དག་བོད་ཀྱི་བཙུན་པ་མ་ཡིན་པར་འདུག་...

开始翻译流程 (尝试 1/2):
========================================
步骤1: 输入藏语文本...
输入文本时出错: Message: tab crashed
  (Session info: chrome=143.0.7499.169)

✗ 输入文本失败

开始翻译流程 (尝试 2/2):
========================================
步骤1: 输入藏语文本...
输入文本时出错: Message: tab crashed
  (Session info: chrome=143.0.7499.169)

✗ 输入文本失败
========================================
✗ 翻译失败，跳过此行
✓ 已保存到文件: 194/4500 条

[195/4500] 翻译进度: 4.3%
藏语原文: ཁ་ཆེ་ན་ད་ལྟ་པཎྜི་ཏ་དུ་འདུག་གསུང་།

开始翻译流程 (尝试 1/2):
========================================
步骤1: 输入藏语文本...
输入文本时出错: Message: tab crashed
  (Session info: chrome=143.0.7499.169)

✗ 输入文本失败

开始翻译流程 (尝试 2/2):
========================================
步骤1: 输入藏语文本...
输入文本时出错: Message: tab crashed
  (Session info: chrome=143.0.7499.169)

✗ 输入文本失败
========================================
✗ 翻译失败，跳过此行
✓ 已保存到文件: 195/4500 条

[196/4500] 翻译进度: 4.4%
藏语原文: ཨུ་པ་སི་ཀ་འདུག་གེ་གསུང་།

开始翻译流程 (尝试 1/2):
========================================
步骤1: 输入藏语文本...
输入文本时出错: Message: tab crashed
  (Session info: chrome=143.0.7499.169)

✗ 输入文本失败

开始翻译流程 (尝试 2/2):
========================================
步骤1: 输入藏语文本...
输入文本时出错: Message: tab crashed
  (Session info: chrome=143.0.7499.169)

✗ 输入文本失败
========================================
✗ 翻译失败，跳过此行
✓ 已保存到文件: 196/4500 条

[197/4500] 翻译进度: 4.4%
藏语原文: མི་འདུག་ཞུས་པས།

开始翻译流程 (尝试 1/2):
========================================
步骤1: 输入藏语文本...
输入文本时出错: Message: tab crashed
  (Session info: chrome=143.0.7499.169)

✗ 输入文本失败

开始翻译流程 (尝试 2/2):
========================================
步骤1: 输入藏语文本...
输入文本时出错: Message: tab crashed
  (Session info: chrome=143.0.7499.169)

✗ 输入文本失败
========================================
✗ 翻译失败，跳过此行
✓ 已保存到文件: 197/4500 条

[198/4500] 翻译进度: 4.4%
藏语原文: ཨུ་པ་སི་ཀ་ལྕམ་ཙེ་ཅིག་ཕྲག་ལ་བཀལ་ནས་སྒོ་ཕུག་ཏུ་སླེབ་...

开始翻译流程 (尝试 1/2):
========================================
步骤1: 输入藏语文本...
输入文本时出错: Message: tab crashed
  (Session info: chrome=143.0.7499.169)

✗ 输入文本失败

开始翻译流程 (尝试 2/2):
========================================
步骤1: 输入藏语文本...
输入文本时出错: Message: tab crashed
  (Session info: chrome=143.0.7499.169)

✗ 输入文本失败
========================================
✗ 翻译失败，跳过此行
✓ 已保存到文件: 198/4500 条

[199/4500] 翻译进度: 4.4%
藏语原文: པཎྜི་ཏའི་ཡོན་ཏན་རགས་པ་ཙམ་ཐོས་པ་དང་རང་ཕྱོགས་སུ་འབྱོ...

开始翻译流程 (尝试 1/2):
========================================
步骤1: 输入藏语文本...
输入文本时出错: Message: tab crashed
  (Session info: chrome=143.0.7499.169)

✗ 输入文本失败

开始翻译流程 (尝试 2/2):
========================================
步骤1: 输入藏语文本...
输入文本时出错: Message: tab crashed
  (Session info: chrome=143.0.7499.169)

✗ 输入文本失败
========================================
✗ 翻译失败，跳过此行
✓ 已保存到文件: 199/4500 条

[200/4500] 翻译进度: 4.4%
藏语原文: པཎྜི་ཏ་དང་ཁོང་རང་སྟན་མཉམ་པོ་ཙམ་བྱས།

开始翻译流程 (尝试 1/2):
========================================
步骤1: 输入藏语文本...
输入文本时出错: Message: tab crashed
  (Session info: chrome=143.0.7499.169)

✗ 输入文本失败

开始翻译流程 (尝试 2/2):
========================================
步骤1: 输入藏语文本...
输入文本时出错: Message: tab crashed
  (Session info: chrome=143.0.7499.169)

✗ 输入文本失败
========================================
✗ 翻译失败，跳过此行
✓ 已保存到文件: 200/4500 条

[201/4500] 翻译进度: 4.5%
藏语原文: བོད་ལ་ཁོ་བོ་དགོས་པར་འདུག་གསུངས་ནས་ལན་གཞན་མི་སྨྲ་བར...

开始翻译流程 (尝试 1/2):
========================================
步骤1: 输入藏语文本...
输入文本时出错: Message: tab crashed
  (Session info: chrome=143.0.7499.169)

✗ 输入文本失败

开始翻译流程 (尝试 2/2):
========================================
步骤1: 输入藏语文本...
输入文本时出错: Message: tab crashed
  (Session info: chrome=143.0.7499.169)

✗ 输入文本失败
========================================
✗ 翻译失败，跳过此行
✓ 已保存到文件: 201/4500 条

[202/4500] 翻译进度: 4.5%
藏语原文: འོ་ན་ཁྱེད་རང་ཇི་ལྟར་མཛད་ལགས་ཞུས་པས།

开始翻译流程 (尝试 1/2):
========================================
步骤1: 输入藏语文本...
输入文本时出错: Message: tab crashed
  (Session info: chrome=143.0.7499.169)

✗ 输入文本失败

开始翻译流程 (尝试 2/2):
========================================
步骤1: 输入藏语文本...
输入文本时出错: Message: tab crashed
  (Session info: chrome=143.0.7499.169)

✗ 输入文本失败
========================================
✗ 翻译失败，跳过此行
✓ 已保存到文件: 202/4500 条

[203/4500] 翻译进度: 4.5%
藏语原文: རོ་རྡུལ་ཉིད་དུ་འགྲོའོན་ཀྱང་རང་ཚུགས་མི་འཆོར་བར།

开始翻译流程 (尝试 1/2):
========================================
步骤1: 输入藏语文本...
输入文本时出错: Message: tab crashed
  (Session info: chrome=143.0.7499.169)

✗ 输入文本失败

开始翻译流程 (尝试 2/2):
========================================
步骤1: 输入藏语文本...
输入文本时出错: Message: tab crashed
  (Session info: chrome=143.0.7499.169)

✗ 输入文本失败
========================================
✗ 翻译失败，跳过此行
✓ 已保存到文件: 203/4500 条

[204/4500] 翻译进度: 4.5%
藏语原文: ཁོང་བྱ་འཆད་ཁ་བའི་གྲ་པར་འདུག་པས་ས་མི་འགྲིག་གོ།

开始翻译流程 (尝试 1/2):
========================================
步骤1: 输入藏语文本...
输入文本时出错: Message: tab crashed
  (Session info: chrome=143.0.7499.169)

✗ 输入文本失败

开始翻译流程 (尝试 2/2):
========================================
步骤1: 输入藏语文本...
输入文本时出错: Message: tab crashed
  (Session info: chrome=143.0.7499.169)

✗ 输入文本失败
========================================
✗ 翻译失败，跳过此行
✓ 已保存到文件: 204/4500 条

[205/4500] 翻译进度: 4.6%
藏语原文: ཡུལ་པའི་ཕྱུགས་མ་སྐྱོང་བཞིན་གདའ།

开始翻译流程 (尝试 1/2):
========================================
步骤1: 输入藏语文本...
输入文本时出错: Message: tab crashed
  (Session info: chrome=143.0.7499.169)

✗ 输入文本失败

开始翻译流程 (尝试 2/2):
========================================
步骤1: 输入藏语文本...
输入文本时出错: Message: tab crashed
  (Session info: chrome=143.0.7499.169)

✗ 输入文本失败
========================================
✗ 翻译失败，跳过此行
✓ 已保存到文件: 205/4500 条

[206/4500] 翻译进度: 4.6%
藏语原文: གཅིག་པུར་འདུག་ཚོ་སེམས་ལ་བརྟག།

开始翻译流程 (尝试 1/2):
========================================
步骤1: 输入藏语文本...
输入文本时出错: Message: tab crashed
  (Session info: chrome=143.0.7499.169)

✗ 输入文本失败

开始翻译流程 (尝试 2/2):
========================================
步骤1: 输入藏语文本...
输入文本时出错: Message: tab crashed
  (Session info: chrome=143.0.7499.169)

✗ 输入文本失败
========================================
✗ 翻译失败，跳过此行
✓ 已保存到文件: 206/4500 条

[207/4500] 翻译进度: 4.6%
藏语原文: ཐུགསའགྱུར་ནས་མི་ཕེབས་པའི་བརྗོད་བྱ་ཅན་གྱི་ཆབ་ཤོག་གས...

开始翻译流程 (尝试 1/2):
========================================
步骤1: 输入藏语文本...
输入文本时出错: Message: tab crashed
  (Session info: chrome=143.0.7499.169)

✗ 输入文本失败

开始翻译流程 (尝试 2/2):
========================================
步骤1: 输入藏语文本...
输入文本时出错: Message: tab crashed
  (Session info: chrome=143.0.7499.169)

✗ 输入文本失败
========================================
✗ 翻译失败，跳过此行
✓ 已保存到文件: 207/4500 条

[208/4500] 翻译进度: 4.6%
藏语原文: གྲྭ་ཚང་གཏད་ནས་བྱང་གླིང་དང་འོད་སྣའི་གདའ་སར་བཞུགས་ཤི...

开始翻译流程 (尝试 1/2):
========================================
步骤1: 输入藏语文本...
输入文本时出错: Message: tab crashed
  (Session info: chrome=143.0.7499.169)

✗ 输入文本失败

开始翻译流程 (尝试 2/2):
========================================
步骤1: 输入藏语文本...
输入文本时出错: Message: tab crashed
  (Session info: chrome=143.0.7499.169)

✗ 输入文本失败
========================================
✗ 翻译失败，跳过此行
✓ 已保存到文件: 208/4500 条

[209/4500] 翻译进度: 4.6%
藏语原文: གྲྭ་རྒྱུན་འཕེལ་བ་སོགས་གྲྭ་ཚངལ་བཀའ་དྲིན་མཆོག་ཏུ་ཆེ་...

开始翻译流程 (尝试 1/2):
========================================
步骤1: 输入藏语文本...
输入文本时出错: Message: tab crashed
  (Session info: chrome=143.0.7499.169)

✗ 输入文本失败

开始翻译流程 (尝试 2/2):
========================================
步骤1: 输入藏语文本...
输入文本时出错: Message: tab crashed
  (Session info: chrome=143.0.7499.169)

✗ 输入文本失败
========================================
✗ 翻译失败，跳过此行
✓ 已保存到文件: 209/4500 条

[210/4500] 翻译进度: 4.7%
藏语原文: སྔ་སོར་གསང་ཕུར་འཆར་ཉན་ཞིག་མཛད་འདུག་ཀྱང་བཞེདཔ་བཞིན་...

开始翻译流程 (尝试 1/2):
========================================
步骤1: 输入藏语文本...
输入文本时出错: Message: tab crashed
  (Session info: chrome=143.0.7499.169)

✗ 输入文本失败

开始翻译流程 (尝试 2/2):
========================================
步骤1: 输入藏语文本...
输入文本时出错: Message: tab crashed
  (Session info: chrome=143.0.7499.169)

✗ 输入文本失败
========================================
✗ 翻译失败，跳过此行
✓ 已保存到文件: 210/4500 条

[211/4500] 翻译进度: 4.7%
藏语原文: རྒྱལ་བ་ཙོང་ཁ་པ་ཆེན་པོའི་ཞབས་དྲུང་ལ་མཁས་གྲུབ་ཐམས་ཅད...

开始翻译流程 (尝试 1/2):
========================================
步骤1: 输入藏语文本...
输入文本时出错: Message: tab crashed
  (Session info: chrome=143.0.7499.169)

✗ 输入文本失败

开始翻译流程 (尝试 2/2):
========================================
步骤1: 输入藏语文本...
输入文本时出错: Message: tab crashed
  (Session info: chrome=143.0.7499.169)

✗ 输入文本失败
========================================
✗ 翻译失败，跳过此行
✓ 已保存到文件: 211/4500 条

[212/4500] 翻译进度: 4.7%
藏语原文: ཕོ་ཉའི་ལམ་གྱིས་ས་ལམ་བགྲོད་པ་ཞིག་འོང་བར་འདུག་ཅེས་མྱ...

开始翻译流程 (尝试 1/2):
========================================
步骤1: 输入藏语文本...
输入文本时出错: Message: tab crashed
  (Session info: chrome=143.0.7499.169)

✗ 输入文本失败

开始翻译流程 (尝试 2/2):
========================================
步骤1: 输入藏语文本...
输入文本时出错: Message: tab crashed
  (Session info: chrome=143.0.7499.169)

✗ 输入文本失败
========================================
✗ 翻译失败，跳过此行
✓ 已保存到文件: 212/4500 条

[213/4500] 翻译进度: 4.7%
藏语原文: དྲུང་རང་བྱུང་བ།

开始翻译流程 (尝试 1/2):
========================================
步骤1: 输入藏语文本...
输入文本时出错: Message: tab crashed
  (Session info: chrome=143.0.7499.169)

✗ 输入文本失败

开始翻译流程 (尝试 2/2):
========================================
步骤1: 输入藏语文本...
输入文本时出错: Message: tab crashed
  (Session info: chrome=143.0.7499.169)

✗ 输入文本失败
========================================
✗ 翻译失败，跳过此行
✓ 已保存到文件: 213/4500 条

[214/4500] 翻译进度: 4.8%
藏语原文: འབྱོས་བྱམས་པ་གླིང་བཏབ་སྟེ་གདུལ་བྱའི་དོན་མཛོད་པར་འད...

开始翻译流程 (尝试 1/2):
========================================
步骤1: 输入藏语文本...
输入文本时出错: Message: tab crashed
  (Session info: chrome=143.0.7499.169)

✗ 输入文本失败

开始翻译流程 (尝试 2/2):
========================================
步骤1: 输入藏语文本...
输入文本时出错: Message: tab crashed
  (Session info: chrome=143.0.7499.169)

✗ 输入文本失败
========================================
✗ 翻译失败，跳过此行
✓ 已保存到文件: 214/4500 条

[215/4500] 翻译进度: 4.8%
藏语原文: གཉིས་མེད་ཀྱི་ཡེ་ཤེས་སུ་གྱུར་པའི་སོ་སོ་རང་རིག་པའི་ཡ...

开始翻译流程 (尝试 1/2):
========================================
步骤1: 输入藏语文本...
输入文本时出错: Message: tab crashed
  (Session info: chrome=143.0.7499.169)

✗ 输入文本失败

开始翻译流程 (尝试 2/2):
========================================
步骤1: 输入藏语文本...
输入文本时出错: Message: tab crashed
  (Session info: chrome=143.0.7499.169)

✗ 输入文本失败
========================================
✗ 翻译失败，跳过此行
✓ 已保存到文件: 215/4500 条

[216/4500] 翻译进度: 4.8%
藏语原文: རབ་ཏུ་སྨིན་པའི་འཁོར་ལོ་དེ་ངེས་དོན་གཙོ་ཆེ་ཞིང་རང་ཉི...

开始翻译流程 (尝试 1/2):
========================================
步骤1: 输入藏语文本...
输入文本时出错: Message: tab crashed
  (Session info: chrome=143.0.7499.169)

✗ 输入文本失败

开始翻译流程 (尝试 2/2):
========================================
步骤1: 输入藏语文本...
输入文本时出错: Message: tab crashed
  (Session info: chrome=143.0.7499.169)

✗ 输入文本失败
========================================
✗ 翻译失败，跳过此行
✓ 已保存到文件: 216/4500 条

[217/4500] 翻译进度: 4.8%
藏语原文: དེ་ལྟར་བསྐྱེད་པའི་སེམས་དེ་ལའང་རང་བཞིན་འོད་གསལ་གྱི་...

开始翻译流程 (尝试 1/2):
========================================
步骤1: 输入藏语文本...
输入文本时出错: Message: tab crashed
  (Session info: chrome=143.0.7499.169)

✗ 输入文本失败

开始翻译流程 (尝试 2/2):
========================================
步骤1: 输入藏语文本...
输入文本时出错: Message: tab crashed
  (Session info: chrome=143.0.7499.169)

✗ 输入文本失败
========================================
✗ 翻译失败，跳过此行
✓ 已保存到文件: 217/4500 条

[218/4500] 翻译进度: 4.8%
藏语原文: དེ་ཁོ་ན་ཉིད་མངོན་སུམ་དང་རང་རིག་པས་གསལ་བ་དང་།

开始翻译流程 (尝试 1/2):
========================================
步骤1: 输入藏语文本...
输入文本时出错: Message: tab crashed
  (Session info: chrome=143.0.7499.169)

✗ 输入文本失败

开始翻译流程 (尝试 2/2):
========================================
步骤1: 输入藏语文本...
输入文本时出错: Message: tab crashed
  (Session info: chrome=143.0.7499.169)

✗ 输入文本失败
========================================
✗ 翻译失败，跳过此行
✓ 已保存到文件: 218/4500 条

[219/4500] 翻译进度: 4.9%
藏语原文: ཚེ་འདི་ལ་སྔར་འགྲེང་བ་དང་འདུག་པ་ལ་སོགས་པའི་བྱ་བ་ཐམས...

开始翻译流程 (尝试 1/2):
========================================
步骤1: 输入藏语文本...
输入文本时出错: Message: tab crashed
  (Session info: chrome=143.0.7499.169)

✗ 输入文本失败

开始翻译流程 (尝试 2/2):
========================================
步骤1: 输入藏语文本...
输入文本时出错: Message: tab crashed
  (Session info: chrome=143.0.7499.169)

✗ 输入文本失败
========================================
✗ 翻译失败，跳过此行
✓ 已保存到文件: 219/4500 条

[220/4500] 翻译进度: 4.9%
藏语原文: འོག་མིན་འགྲོ་དང་།

开始翻译流程 (尝试 1/2):
========================================
步骤1: 输入藏语文本...
输入文本时出错: Message: tab crashed
  (Session info: chrome=143.0.7499.169)

✗ 输入文本失败

开始翻译流程 (尝试 2/2):
========================================
步骤1: 输入藏语文本...
输入文本时出错: Message: tab crashed
  (Session info: chrome=143.0.7499.169)

✗ 输入文本失败
========================================
✗ 翻译失败，跳过此行
✓ 已保存到文件: 220/4500 条

[221/4500] 翻译进度: 4.9%
藏语原文: འཕྲི་བྱ་བཞི་ནི་འོག་མིན་འགྲོའི་འཕར་གསུམ།

开始翻译流程 (尝试 1/2):
========================================
步骤1: 输入藏语文本...
输入文本时出错: Message: tab crashed
  (Session info: chrome=143.0.7499.169)

✗ 输入文本失败

开始翻译流程 (尝试 2/2):
========================================
步骤1: 输入藏语文本...
输入文本时出错: Message: tab crashed
  (Session info: chrome=143.0.7499.169)

✗ 输入文本失败
========================================
✗ 翻译失败，跳过此行
✓ 已保存到文件: 221/4500 条

[222/4500] 翻译进度: 4.9%
藏语原文: དེ་ཡང་དངོས་བསྟན་གྱི་འོག་མིན་འགྲོ་འཕར་གསུམ་གྱི་དབྱེ...

开始翻译流程 (尝试 1/2):
========================================
步骤1: 输入藏语文本...
输入文本时出错: Message: tab crashed
  (Session info: chrome=143.0.7499.169)

✗ 输入文本失败

开始翻译流程 (尝试 2/2):
========================================
步骤1: 输入藏语文本...
输入文本时出错: Message: tab crashed
  (Session info: chrome=143.0.7499.169)

✗ 输入文本失败
========================================
✗ 翻译失败，跳过此行
✓ 已保存到文件: 222/4500 条

[223/4500] 翻译进度: 5.0%
藏语原文: ཨ་བྷྱ་ཀ་རས་ནི་རྒྱན་གྱི་དངོས་བསྟན་དེ་ལྟར་བཞག་ནས་འོག...

开始翻译流程 (尝试 1/2):
========================================
步骤1: 输入藏语文本...
输入文本时出错: Message: tab crashed
  (Session info: chrome=143.0.7499.169)

✗ 输入文本失败

开始翻译流程 (尝试 2/2):
========================================
步骤1: 输入藏语文本...
输入文本时出错: Message: tab crashed
  (Session info: chrome=143.0.7499.169)

✗ 输入文本失败
========================================
✗ 翻译失败，跳过此行
✓ 已保存到文件: 223/4500 条

[224/4500] 翻译进度: 5.0%
藏语原文: བྱེད་དང་བྱེད་མིན་འོག་མིན་འགྲོ།

开始翻译流程 (尝试 1/2):
========================================
步骤1: 输入藏语文本...
输入文本时出错: Message: tab crashed
  (Session info: chrome=143.0.7499.169)

✗ 输入文本失败

开始翻译流程 (尝试 2/2):
========================================
步骤1: 输入藏语文本...
输入文本时出错: Message: tab crashed
  (Session info: chrome=143.0.7499.169)

✗ 输入文本失败
========================================
✗ 翻译失败，跳过此行
✓ 已保存到文件: 224/4500 条

[225/4500] 翻译进度: 5.0%
藏语原文: འོག་མིན་འགྲོ་ནི།

开始翻译流程 (尝试 1/2):
========================================
步骤1: 输入藏语文本...
输入文本时出错: Message: tab crashed
  (Session info: chrome=143.0.7499.169)

✗ 输入文本失败

开始翻译流程 (尝试 2/2):
========================================
步骤1: 输入藏语文本...
输入文本时出错: Message: tab crashed
  (Session info: chrome=143.0.7499.169)

✗ 输入文本失败
========================================
✗ 翻译失败，跳过此行
✓ 已保存到文件: 225/4500 条

[226/4500] 翻译进度: 5.0%
藏语原文: འོག་མིན་འགྲོ་དང་།

开始翻译流程 (尝试 1/2):
========================================
步骤1: 输入藏语文本...
输入文本时出错: Message: tab crashed
  (Session info: chrome=143.0.7499.169)

✗ 输入文本失败

开始翻译流程 (尝试 2/2):
========================================
步骤1: 输入藏语文本...
输入文本时出错: Message: tab crashed
  (Session info: chrome=143.0.7499.169)

✗ 输入文本失败
========================================
✗ 翻译失败，跳过此行
✓ 已保存到文件: 226/4500 条

[227/4500] 翻译进度: 5.0%
藏语原文: འགོག་པ་ལུས་ཀྱིས་མངོན་སུམ་དུ་བྱེད་བ་འོག་མིན་འགྲོ་ལས...

开始翻译流程 (尝试 1/2):
========================================
步骤1: 输入藏语文本...
输入文本时出错: Message: tab crashed
  (Session info: chrome=143.0.7499.169)

✗ 输入文本失败

开始翻译流程 (尝试 2/2):
========================================
步骤1: 输入藏语文本...
输入文本时出错: Message: tab crashed
  (Session info: chrome=143.0.7499.169)

✗ 输入文本失败
========================================
✗ 翻译失败，跳过此行
✓ 已保存到文件: 227/4500 条

[228/4500] 翻译进度: 5.1%
藏语原文: འོག་མིན་འགྲོ་དང་།

开始翻译流程 (尝试 1/2):
========================================
步骤1: 输入藏语文本...
输入文本时出错: Message: tab crashed
  (Session info: chrome=143.0.7499.169)

✗ 输入文本失败

开始翻译流程 (尝试 2/2):
========================================
步骤1: 输入藏语文本...
输入文本时出错: Message: tab crashed
  (Session info: chrome=143.0.7499.169)

✗ 输入文本失败
========================================
✗ 翻译失败，跳过此行
✓ 已保存到文件: 228/4500 条

[229/4500] 翻译进度: 5.1%
藏语原文: དོན་འདི་ནི་རང་རང་ངོ་བོས་སྟོང་པར་འདོད་པ་པོ་རྣམས་ཀྱི...

开始翻译流程 (尝试 1/2):
========================================
步骤1: 输入藏语文本...
输入文本时出错: Message: tab crashed
  (Session info: chrome=143.0.7499.169)

✗ 输入文本失败

开始翻译流程 (尝试 2/2):
========================================
步骤1: 输入藏语文本...
输入文本时出错: Message: tab crashed
  (Session info: chrome=143.0.7499.169)

✗ 输入文本失败
========================================
✗ 翻译失败，跳过此行
✓ 已保存到文件: 229/4500 条

[230/4500] 翻译进度: 5.1%
藏语原文: དེ་དང་ལྷན་ཅིག་འདུག་པའི་ཚུལ་གྱིས་རྣམ་པར་སྨིན་པའི་རྣ...

开始翻译流程 (尝试 1/2):
========================================
步骤1: 输入藏语文本...
输入文本时出错: Message: tab crashed
  (Session info: chrome=143.0.7499.169)

✗ 输入文本失败

开始翻译流程 (尝试 2/2):
========================================
步骤1: 输入藏语文本...
输入文本时出错: Message: tab crashed
  (Session info: chrome=143.0.7499.169)

✗ 输入文本失败
========================================
✗ 翻译失败，跳过此行
✓ 已保存到文件: 230/4500 条

[231/4500] 翻译进度: 5.1%
藏语原文: འབྲས་བུའི་མིང་དུ་བསྟན་པ་གཉིས་ཀ་ཡང་རང་བཞིན་གཅིག་པའི...

开始翻译流程 (尝试 1/2):
========================================
步骤1: 输入藏语文本...
输入文本时出错: Message: tab crashed
  (Session info: chrome=143.0.7499.169)

✗ 输入文本失败

开始翻译流程 (尝试 2/2):
========================================
步骤1: 输入藏语文本...
输入文本时出错: Message: tab crashed
  (Session info: chrome=143.0.7499.169)

✗ 输入文本失败
========================================
✗ 翻译失败，跳过此行
✓ 已保存到文件: 231/4500 条

[232/4500] 翻译进度: 5.2%
藏语原文: གཉེན་པོ་ཡོངས་རྫོགས་སྐྱེས་མ་ཐག་དུས་མཉམ་པ་ཡིན་པས།

开始翻译流程 (尝试 1/2):
========================================
步骤1: 输入藏语文本...
输入文本时出错: Message: tab crashed
  (Session info: chrome=143.0.7499.169)

✗ 输入文本失败

开始翻译流程 (尝试 2/2):
========================================
步骤1: 输入藏语文本...
输入文本时出错: Message: tab crashed
  (Session info: chrome=143.0.7499.169)

✗ 输入文本失败
========================================
✗ 翻译失败，跳过此行
✓ 已保存到文件: 232/4500 条

[233/4500] 翻译进度: 5.2%
藏语原文: དེ་ཡང་རྣམ་པར་མི་རྟོག་པའི་ཡེ་ཤེས་ཀྱི་ཡུལ་ཅན་དེའི་ངོ...

开始翻译流程 (尝试 1/2):
========================================
步骤1: 输入藏语文本...
输入文本时出错: Message: tab crashed
  (Session info: chrome=143.0.7499.169)

✗ 输入文本失败

开始翻译流程 (尝试 2/2):
========================================
步骤1: 输入藏语文本...
输入文本时出错: Message: tab crashed
  (Session info: chrome=143.0.7499.169)

✗ 输入文本失败
========================================
✗ 翻译失败，跳过此行
✓ 已保存到文件: 233/4500 条

[234/4500] 翻译进度: 5.2%
藏语原文: འཇིག་རྟེན་བདེ་དང་རང་སྲོག་ལ།

开始翻译流程 (尝试 1/2):
========================================
步骤1: 输入藏语文本...
输入文本时出错: Message: tab crashed
  (Session info: chrome=143.0.7499.169)

✗ 输入文本失败

开始翻译流程 (尝试 2/2):
========================================
步骤1: 输入藏语文本...
输入文本时出错: Message: tab crashed
  (Session info: chrome=143.0.7499.169)

✗ 输入文本失败
========================================
✗ 翻译失败，跳过此行
✓ 已保存到文件: 234/4500 条

[235/4500] 翻译进度: 5.2%
藏语原文: དེ་བཞིན་དུ་ར་པ་ཙ་ན་སོགས་ཡི་གེ་འབྲུ་ཞེ་ཤེར་ཕྱིན་ཀར་...

开始翻译流程 (尝试 1/2):
========================================
步骤1: 输入藏语文本...
输入文本时出错: Message: tab crashed
  (Session info: chrome=143.0.7499.169)

✗ 输入文本失败

开始翻译流程 (尝试 2/2):
========================================
步骤1: 输入藏语文本...
输入文本时出错: Message: tab crashed
  (Session info: chrome=143.0.7499.169)

✗ 输入文本失败
========================================
✗ 翻译失败，跳过此行
✓ 已保存到文件: 235/4500 条

[236/4500] 翻译进度: 5.2%
藏语原文: དེང་སང་མི་ཤེས་པ་མང་པོས་ནི་ཀུན་རྫོབ་པའི་ཀ་བའི་རྣམ་པ...

开始翻译流程 (尝试 1/2):
========================================
步骤1: 输入藏语文本...
输入文本时出错: Message: tab crashed
  (Session info: chrome=143.0.7499.169)

✗ 输入文本失败

开始翻译流程 (尝试 2/2):
========================================
步骤1: 输入藏语文本...
输入文本时出错: Message: tab crashed
  (Session info: chrome=143.0.7499.169)

✗ 输入文本失败
========================================
✗ 翻译失败，跳过此行
✓ 已保存到文件: 236/4500 条

[237/4500] 翻译进度: 5.3%
藏语原文: འགོག་བདེན་ཁམས་གསུམ་ལས་འདས་པ་ཡིན་ཀྱང་བྲལ་བྱ་དྲི་མ་འ...

开始翻译流程 (尝试 1/2):
========================================
步骤1: 输入藏语文本...
输入文本时出错: Message: tab crashed
  (Session info: chrome=143.0.7499.169)

✗ 输入文本失败

开始翻译流程 (尝试 2/2):
========================================
步骤1: 输入藏语文本...
输入文本时出错: Message: tab crashed
  (Session info: chrome=143.0.7499.169)

✗ 输入文本失败
========================================
✗ 翻译失败，跳过此行
✓ 已保存到文件: 237/4500 条

[238/4500] 翻译进度: 5.3%
藏语原文: ངོ་བོ་དང་རང་བཞིན་ཉིད་དུ་གྲུབ་པར་མི་རྟོག་པས་འགྲེལ་པ...

开始翻译流程 (尝试 1/2):
========================================
步骤1: 输入藏语文本...
输入文本时出错: Message: tab crashed
  (Session info: chrome=143.0.7499.169)

✗ 输入文本失败

开始翻译流程 (尝试 2/2):
========================================
步骤1: 输入藏语文本...
输入文本时出错: Message: tab crashed
  (Session info: chrome=143.0.7499.169)

✗ 输入文本失败
========================================
✗ 翻译失败，跳过此行
✓ 已保存到文件: 238/4500 条

[239/4500] 翻译进度: 5.3%
藏语原文: དོན་དམ་མཆོག་ཀྱང་རང་སྟོང་ན།

开始翻译流程 (尝试 1/2):
========================================
步骤1: 输入藏语文本...
输入文本时出错: Message: tab crashed
  (Session info: chrome=143.0.7499.169)

✗ 输入文本失败

开始翻译流程 (尝试 2/2):
========================================
步骤1: 输入藏语文本...
输入文本时出错: Message: tab crashed
  (Session info: chrome=143.0.7499.169)

✗ 输入文本失败
========================================
✗ 翻译失败，跳过此行
✓ 已保存到文件: 239/4500 条

[240/4500] 翻译进度: 5.3%
藏语原文: ༢༤༢ན་གཞན་ཡང་རང་རྒྱལ་གྱི་སྐུ་གསུང་ཐུགས་ཀྱི་གནས་པ་ཅི...

开始翻译流程 (尝试 1/2):
========================================
步骤1: 输入藏语文本...
输入文本时出错: Message: tab crashed
  (Session info: chrome=143.0.7499.169)

✗ 输入文本失败

开始翻译流程 (尝试 2/2):
========================================
步骤1: 输入藏语文本...
输入文本时出错: Message: tab crashed
  (Session info: chrome=143.0.7499.169)

✗ 输入文本失败
========================================
✗ 翻译失败，跳过此行
✓ 已保存到文件: 240/4500 条

[241/4500] 翻译进度: 5.4%
藏语原文: དེ་ལ་རྩོད་པ་སྤང་ཞིང་རང་རྒྱལ་ལམ།

开始翻译流程 (尝试 1/2):
========================================
步骤1: 输入藏语文本...
输入文本时出错: Message: tab crashed
  (Session info: chrome=143.0.7499.169)

✗ 输入文本失败

开始翻译流程 (尝试 2/2):
========================================
步骤1: 输入藏语文本...
输入文本时出错: Message: tab crashed
  (Session info: chrome=143.0.7499.169)

✗ 输入文本失败
========================================
✗ 翻译失败，跳过此行
✓ 已保存到文件: 241/4500 条

[242/4500] 翻译进度: 5.4%
藏语原文: མཐོང་ལམ་ངོ་བོ་གཅིག་དུས་གཅིག་ཏུ་སྐྱེ་བ་ཡིན་ཏེ།

开始翻译流程 (尝试 1/2):
========================================
步骤1: 输入藏语文本...
输入文本时出错: Message: tab crashed
  (Session info: chrome=143.0.7499.169)

✗ 输入文本失败

开始翻译流程 (尝试 2/2):
========================================
步骤1: 输入藏语文本...
输入文本时出错: Message: tab crashed
  (Session info: chrome=143.0.7499.169)

✗ 输入文本失败
========================================
✗ 翻译失败，跳过此行
✓ 已保存到文件: 242/4500 条

[243/4500] 翻译进度: 5.4%
藏语原文: ངོ་བོ་ཉིད་མེད་པ་ཡང་རང་བཞིན་གྱིས་ཡིན་གྱི།

开始翻译流程 (尝试 1/2):
========================================
步骤1: 输入藏语文本...
输入文本时出错: Message: tab crashed
  (Session info: chrome=143.0.7499.169)

✗ 输入文本失败

开始翻译流程 (尝试 2/2):
========================================
步骤1: 输入藏语文本...
输入文本时出错: Message: tab crashed
  (Session info: chrome=143.0.7499.169)

✗ 输入文本失败
========================================
✗ 翻译失败，跳过此行
✓ 已保存到文件: 243/4500 条

[244/4500] 翻译进度: 5.4%
藏语原文: དེའང་རང་བཞིན་གཙིག་ཉིད་དུ་མཐོང་བའི་ཕྱིར་བློ་གཞན་ལ་ཉ...

开始翻译流程 (尝试 1/2):
========================================
步骤1: 输入藏语文本...
输入文本时出错: Message: tab crashed
  (Session info: chrome=143.0.7499.169)

✗ 输入文本失败

开始翻译流程 (尝试 2/2):
========================================
步骤1: 输入藏语文本...
输入文本时出错: Message: tab crashed
  (Session info: chrome=143.0.7499.169)

✗ 输入文本失败
========================================
✗ 翻译失败，跳过此行
✓ 已保存到文件: 244/4500 条

[245/4500] 翻译进度: 5.4%
藏语原文: བློ་རིག་རྣམ་པར་བཀྲ་བའི་དུད་འགྲོ་འགས་བཀའ་རྒྱ་དེ་དག་...

开始翻译流程 (尝试 1/2):
========================================
步骤1: 输入藏语文本...
输入文本时出错: Message: tab crashed
  (Session info: chrome=143.0.7499.169)

✗ 输入文本失败

开始翻译流程 (尝试 2/2):
========================================
步骤1: 输入藏语文本...
输入文本时出错: Message: tab crashed
  (Session info: chrome=143.0.7499.169)

✗ 输入文本失败
========================================
✗ 翻译失败，跳过此行
✓ 已保存到文件: 245/4500 条

[246/4500] 翻译进度: 5.5%
藏语原文: དེ་རྗེས་ཁོ་ཚོས་དབྱིན་ལན་གྱི་དུད་འགྲོ་ཞེས་པའི་གདངས་...

开始翻译流程 (尝试 1/2):
========================================
步骤1: 输入藏语文本...
输入文本时出错: Message: tab crashed
  (Session info: chrome=143.0.7499.169)

✗ 输入文本失败

开始翻译流程 (尝试 2/2):
========================================
步骤1: 输入藏语文本...
输入文本时出错: Message: tab crashed
  (Session info: chrome=143.0.7499.169)

✗ 输入文本失败
========================================
✗ 翻译失败，跳过此行
✓ 已保存到文件: 246/4500 条

[247/4500] 翻译进度: 5.5%
藏语原文: ཅེས་པ་རྣམས་རང་ཉིད་ཀྱིས་བཀླགས་རྗེས་ཁྱེད་ཚོས་སྐྱེལ་འ...

开始翻译流程 (尝试 1/2):
========================================
步骤1: 输入藏语文本...
输入文本时出错: Message: tab crashed
  (Session info: chrome=143.0.7499.169)

✗ 输入文本失败

开始翻译流程 (尝试 2/2):
========================================
步骤1: 输入藏语文本...
输入文本时出错: Message: tab crashed
  (Session info: chrome=143.0.7499.169)

✗ 输入文本失败
========================================
✗ 翻译失败，跳过此行
✓ 已保存到文件: 247/4500 条

[248/4500] 翻译进度: 5.5%
藏语原文: ཁ་ཅིག་དུས་རྟག་པ་དང་རྫས་ཀྱི་བདག་ཉིད་ཁོ་ནར་འདོད་པས།

开始翻译流程 (尝试 1/2):
========================================
步骤1: 输入藏语文本...
输入文本时出错: Message: tab crashed
  (Session info: chrome=143.0.7499.169)

✗ 输入文本失败

开始翻译流程 (尝试 2/2):
========================================
步骤1: 输入藏语文本...
输入文本时出错: Message: tab crashed
  (Session info: chrome=143.0.7499.169)

✗ 输入文本失败
========================================
✗ 翻译失败，跳过此行
✓ 已保存到文件: 248/4500 条

[249/4500] 翻译进度: 5.5%
藏语原文: ཆང་དེ་ཉིད་རྫས་དང་རང་བཞིན་དང་ལུས་ཀྱི་གནས་སྐབས་ལ་བལྟ...

开始翻译流程 (尝试 1/2):
========================================
步骤1: 输入藏语文本...
输入文本时出错: Message: tab crashed
  (Session info: chrome=143.0.7499.169)

✗ 输入文本失败

开始翻译流程 (尝试 2/2):
========================================
步骤1: 输入藏语文本...
输入文本时出错: Message: tab crashed
  (Session info: chrome=143.0.7499.169)

✗ 输入文本失败
========================================
✗ 翻译失败，跳过此行
✓ 已保存到文件: 249/4500 条

[250/4500] 翻译进度: 5.6%
藏语原文: སྦྲུམ་མའི་གན་དུ་འགྲོ་ན་དེའི་ལྟོ་ན་འདུག་པ་ལ་གནོད་པར...

开始翻译流程 (尝试 1/2):
========================================
步骤1: 输入藏语文本...
输入文本时出错: Message: tab crashed
  (Session info: chrome=143.0.7499.169)

✗ 输入文本失败

开始翻译流程 (尝试 2/2):
========================================
步骤1: 输入藏语文本...
输入文本时出错: Message: tab crashed
  (Session info: chrome=143.0.7499.169)

✗ 输入文本失败
========================================
✗ 翻译失败，跳过此行
✓ 已保存到文件: 250/4500 条

[251/4500] 翻译进度: 5.6%
藏语原文: དེར་རྒྱུ་དང་འབྲས་བུ་དག་དུས་སྔ་ཕྱིར་ངེས་པའི་ཕྱིར་རོ...

开始翻译流程 (尝试 1/2):
========================================
步骤1: 输入藏语文本...
输入文本时出错: Message: tab crashed
  (Session info: chrome=143.0.7499.169)

✗ 输入文本失败

开始翻译流程 (尝试 2/2):
========================================
步骤1: 输入藏语文本...
输入文本时出错: Message: tab crashed
  (Session info: chrome=143.0.7499.169)

✗ 输入文本失败
========================================
✗ 翻译失败，跳过此行
✓ 已保存到文件: 251/4500 条

[252/4500] 翻译进度: 5.6%
藏语原文: ལ་ལ་ནི་ཐེ་ཚོམ་དང་རང་འདོད་ཀྱིས་སྦྱིན་པར་བྱེད།

开始翻译流程 (尝试 1/2):
========================================
步骤1: 输入藏语文本...
输入文本时出错: Message: tab crashed
  (Session info: chrome=143.0.7499.169)

✗ 输入文本失败

开始翻译流程 (尝试 2/2):
========================================
步骤1: 输入藏语文本...
输入文本时出错: Message: tab crashed
  (Session info: chrome=143.0.7499.169)

✗ 输入文本失败
========================================
✗ 翻译失败，跳过此行
✓ 已保存到文件: 252/4500 条

[253/4500] 翻译进度: 5.6%
藏语原文: ཐ་མལ་པའི་ཚེ་ནི་ཐ་མལ་པར་འདུག་པའོ།

开始翻译流程 (尝试 1/2):
========================================
步骤1: 输入藏语文本...
输入文本时出错: Message: tab crashed
  (Session info: chrome=143.0.7499.169)

✗ 输入文本失败

开始翻译流程 (尝试 2/2):
========================================
步骤1: 输入藏语文本...
输入文本时出错: Message: tab crashed
  (Session info: chrome=143.0.7499.169)

✗ 输入文本失败
========================================
✗ 翻译失败，跳过此行
✓ 已保存到文件: 253/4500 条

[254/4500] 翻译进度: 5.6%
藏语原文: ཤིང་དྲུང་ན་འདུག་ཀྱང་རུང་།

开始翻译流程 (尝试 1/2):
========================================
步骤1: 输入藏语文本...
输入文本时出错: Message: tab crashed
  (Session info: chrome=143.0.7499.169)

✗ 输入文本失败

开始翻译流程 (尝试 2/2):
========================================
步骤1: 输入藏语文本...
输入文本时出错: Message: tab crashed
  (Session info: chrome=143.0.7499.169)

✗ 输入文本失败
========================================
✗ 翻译失败，跳过此行
✓ 已保存到文件: 254/4500 条

[255/4500] 翻译进度: 5.7%
藏语原文: ཁང་སྟོང་ན་འདུག་ཀྱང་རུང་།

开始翻译流程 (尝试 1/2):
========================================
步骤1: 输入藏语文本...
输入文本时出错: Message: tab crashed
  (Session info: chrome=143.0.7499.169)

✗ 输入文本失败

开始翻译流程 (尝试 2/2):
========================================
步骤1: 输入藏语文本...
输入文本时出错: Message: tab crashed
  (Session info: chrome=143.0.7499.169)

✗ 输入文本失败
========================================
✗ 翻译失败，跳过此行
✓ 已保存到文件: 255/4500 条

[256/4500] 翻译进度: 5.7%
藏语原文: རྒྱུན་ཏུ་ཞུགས་པ་རྣམས་ལ་ཀུན་ཏུ་སྦྱོར་བ་ནི་དྲི་བཟང་པ...

开始翻译流程 (尝试 1/2):
========================================
步骤1: 输入藏语文本...
输入文本时出错: Message: tab crashed
  (Session info: chrome=143.0.7499.169)

✗ 输入文本失败

开始翻译流程 (尝试 2/2):
========================================
步骤1: 输入藏语文本...
输入文本时出错: Message: tab crashed
  (Session info: chrome=143.0.7499.169)

✗ 输入文本失败
========================================
✗ 翻译失败，跳过此行
✓ 已保存到文件: 256/4500 条

[257/4500] 翻译进度: 5.7%
藏语原文: སྐྱེས་པ་དང་མ་སྐྱེས་པ་ཞིག་པའི་གནས་སྐབས་དག་དུས་རྣམ་པ...

开始翻译流程 (尝试 1/2):
========================================
步骤1: 输入藏语文本...
输入文本时出错: Message: tab crashed
  (Session info: chrome=143.0.7499.169)

✗ 输入文本失败

开始翻译流程 (尝试 2/2):
========================================
步骤1: 输入藏语文本...
输入文本时出错: Message: tab crashed
  (Session info: chrome=143.0.7499.169)

✗ 输入文本失败
========================================
✗ 翻译失败，跳过此行
✓ 已保存到文件: 257/4500 条

[258/4500] 翻译进度: 5.7%
藏语原文: ད་ལྟར་བར་བྱས་པས་འདི་ལ་ཁྱད་པར་ཡོད་པ་མ་ཡིན་པས་ལས་ཀྱི...

开始翻译流程 (尝试 1/2):
========================================
步骤1: 输入藏语文本...
输入文本时出错: Message: tab crashed
  (Session info: chrome=143.0.7499.169)

✗ 输入文本失败

开始翻译流程 (尝试 2/2):
========================================
步骤1: 输入藏语文本...
输入文本时出错: Message: tab crashed
  (Session info: chrome=143.0.7499.169)

✗ 输入文本失败
========================================
✗ 翻译失败，跳过此行
✓ 已保存到文件: 258/4500 条

[259/4500] 翻译进度: 5.8%
藏语原文: གནས་པར་གྱུར་པའི་ཞེས་བྱ་བ་ནི་ནང་དུ་ཡང་དག་འཇོག་པར་འད...

开始翻译流程 (尝试 1/2):
========================================
步骤1: 输入藏语文本...
输入文本时出错: Message: tab crashed
  (Session info: chrome=143.0.7499.169)

✗ 输入文本失败

开始翻译流程 (尝试 2/2):
========================================
步骤1: 输入藏语文本...
输入文本时出错: Message: tab crashed
  (Session info: chrome=143.0.7499.169)

✗ 输入文本失败
========================================
✗ 翻译失败，跳过此行
✓ 已保存到文件: 259/4500 条

[260/4500] 翻译进度: 5.8%
藏语原文: གང་ཞིག་དུས་སུ་སྤྱད་པས་བདེ་བའི་རྒྱུར་འགྱུར་བ་དེ་དག་...

开始翻译流程 (尝试 1/2):
========================================
步骤1: 输入藏语文本...
输入文本时出错: Message: tab crashed
  (Session info: chrome=143.0.7499.169)

✗ 输入文本失败

开始翻译流程 (尝试 2/2):
========================================
步骤1: 输入藏语文本...
输入文本时出错: Message: tab crashed
  (Session info: chrome=143.0.7499.169)

✗ 输入文本失败
========================================
✗ 翻译失败，跳过此行
✓ 已保存到文件: 260/4500 条

[261/4500] 翻译进度: 5.8%
藏语原文: དེ་ལྟ་མ་ཡིན་ཏེ་བཏང་བ་དང་ཐོབ་པ་དག་དུས་རྣམ་པར་ཆད་པ་མ...

开始翻译流程 (尝试 1/2):
========================================
步骤1: 输入藏语文本...
输入文本时出错: Message: tab crashed
  (Session info: chrome=143.0.7499.169)

✗ 输入文本失败

开始翻译流程 (尝试 2/2):
========================================
步骤1: 输入藏语文本...
输入文本时出错: Message: tab crashed
  (Session info: chrome=143.0.7499.169)

✗ 输入文本失败
========================================
✗ 翻译失败，跳过此行
✓ 已保存到文件: 261/4500 条

[262/4500] 翻译进度: 5.8%
藏语原文: སོ་སོར་མི་ཤེས་པས་གཅིག་ཏུ་མ་ངེས་པའི་ཕྱིར་དང་འདི་སོ་...

开始翻译流程 (尝试 1/2):
========================================
步骤1: 输入藏语文本...
输入文本时出错: Message: tab crashed
  (Session info: chrome=143.0.7499.169)

✗ 输入文本失败

开始翻译流程 (尝试 2/2):
========================================
步骤1: 输入藏语文本...
输入文本时出错: Message: tab crashed
  (Session info: chrome=143.0.7499.169)

✗ 输入文本失败
========================================
✗ 翻译失败，跳过此行
✓ 已保存到文件: 262/4500 条

[263/4500] 翻译进度: 5.8%
藏语原文: གང་རང་བཞིན་ཐ་མི་དད་པའི་གནས་སོ།

开始翻译流程 (尝试 1/2):
========================================
步骤1: 输入藏语文本...
输入文本时出错: Message: tab crashed
  (Session info: chrome=143.0.7499.169)

✗ 输入文本失败

开始翻译流程 (尝试 2/2):
========================================
步骤1: 输入藏语文本...
输入文本时出错: Message: tab crashed
  (Session info: chrome=143.0.7499.169)

✗ 输入文本失败
========================================
✗ 翻译失败，跳过此行
✓ 已保存到文件: 263/4500 条

[264/4500] 翻译进度: 5.9%
藏语原文: དེ་དག་ཀྱང་ཤེས་པའི་རང་བཞིན་དང་རང་བཞིན་གཞན་ཡིན་ནོ།

开始翻译流程 (尝试 1/2):
========================================
步骤1: 输入藏语文本...
输入文本时出错: Message: tab crashed
  (Session info: chrome=143.0.7499.169)

✗ 输入文本失败

开始翻译流程 (尝试 2/2):
========================================
步骤1: 输入藏语文本...
输入文本时出错: Message: tab crashed
  (Session info: chrome=143.0.7499.169)

✗ 输入文本失败
========================================
✗ 翻译失败，跳过此行
✓ 已保存到文件: 264/4500 条

[265/4500] 翻译进度: 5.9%
藏语原文: ན་ནུ་ཙ་ནཱི་ཡ་སྟེ།

开始翻译流程 (尝试 1/2):
========================================
步骤1: 输入藏语文本...
输入文本时出错: Message: tab crashed
  (Session info: chrome=143.0.7499.169)

✗ 输入文本失败

开始翻译流程 (尝试 2/2):
========================================
步骤1: 输入藏语文本...
输入文本时出错: Message: tab crashed
  (Session info: chrome=143.0.7499.169)

✗ 输入文本失败
========================================
✗ 翻译失败，跳过此行
✓ 已保存到文件: 265/4500 条

[266/4500] 翻译进度: 5.9%
藏语原文: རང་བྱུང་རང་བྱུང་བསྟན་པ་གཅེས་འཛིན་རྣམས།

开始翻译流程 (尝试 1/2):
========================================
步骤1: 输入藏语文本...
输入文本时出错: Message: tab crashed
  (Session info: chrome=143.0.7499.169)

✗ 输入文本失败

开始翻译流程 (尝试 2/2):
========================================
步骤1: 输入藏语文本...
输入文本时出错: Message: tab crashed
  (Session info: chrome=143.0.7499.169)

✗ 输入文本失败
========================================
✗ 翻译失败，跳过此行
✓ 已保存到文件: 266/4500 条

[267/4500] 翻译进度: 5.9%
藏语原文: དཔང་ལོ་ཙཱ་བ་ལྟ་བུའི་འགྱུར་ལའང་ཧོར་ཀོང་སྔགས་སུ་ལུས་...

开始翻译流程 (尝试 1/2):
========================================
步骤1: 输入藏语文本...
输入文本时出错: Message: tab crashed
  (Session info: chrome=143.0.7499.169)

✗ 输入文本失败

开始翻译流程 (尝试 2/2):
========================================
步骤1: 输入藏语文本...
输入文本时出错: Message: tab crashed
  (Session info: chrome=143.0.7499.169)

✗ 输入文本失败
========================================
✗ 翻译失败，跳过此行
✓ 已保存到文件: 267/4500 条

[268/4500] 翻译进度: 6.0%
藏语原文: མེ་འདུག་པ་ན་མུན་པ་མེད།

开始翻译流程 (尝试 1/2):
========================================
步骤1: 输入藏语文本...
输入文本时出错: Message: tab crashed
  (Session info: chrome=143.0.7499.169)

✗ 输入文本失败

开始翻译流程 (尝试 2/2):
========================================
步骤1: 输入藏语文本...
输入文本时出错: Message: tab crashed
  (Session info: chrome=143.0.7499.169)

✗ 输入文本失败
========================================
✗ 翻译失败，跳过此行
✓ 已保存到文件: 268/4500 条

[269/4500] 翻译进度: 6.0%
藏语原文: བདག་ནི་མལ་ན་འདུག་བཞིན་དུ།

开始翻译流程 (尝试 1/2):
========================================
步骤1: 输入藏语文本...
输入文本时出错: Message: tab crashed
  (Session info: chrome=143.0.7499.169)

✗ 输入文本失败

开始翻译流程 (尝试 2/2):
========================================
步骤1: 输入藏语文本...
输入文本时出错: Message: tab crashed
  (Session info: chrome=143.0.7499.169)

✗ 输入文本失败
========================================
✗ 翻译失败，跳过此行
✓ 已保存到文件: 269/4500 条

[270/4500] 翻译进度: 6.0%
藏语原文: བདེ་བར་འདུག་པ་རིགས་མ་ཡིན།

开始翻译流程 (尝试 1/2):
========================================
步骤1: 输入藏语文本...
输入文本时出错: Message: tab crashed
  (Session info: chrome=143.0.7499.169)

✗ 输入文本失败

开始翻译流程 (尝试 2/2):
========================================
步骤1: 输入藏语文本...
输入文本时出错: Message: tab crashed
  (Session info: chrome=143.0.7499.169)

✗ 输入文本失败
========================================
✗ 翻译失败，跳过此行
✓ 已保存到文件: 270/4500 条

[271/4500] 翻译进度: 6.0%
藏语原文: ཇི་ལྟར་བདག་ཡིད་བདེ་བར་འདུག།

开始翻译流程 (尝试 1/2):
========================================
步骤1: 输入藏语文本...
输入文本时出错: Message: tab crashed
  (Session info: chrome=143.0.7499.169)

✗ 输入文本失败

开始翻译流程 (尝试 2/2):
========================================
步骤1: 输入藏语文本...
输入文本时出错: Message: tab crashed
  (Session info: chrome=143.0.7499.169)

✗ 输入文本失败
========================================
✗ 翻译失败，跳过此行
✓ 已保存到文件: 271/4500 条

[272/4500] 翻译进度: 6.0%
藏语原文: རྐང་པ་བརྐྱང་སྟེ་མི་འདུག་ཅིང་།

开始翻译流程 (尝试 1/2):
========================================
步骤1: 输入藏语文本...
输入文本时出错: Message: tab crashed
  (Session info: chrome=143.0.7499.169)

✗ 输入文本失败

开始翻译流程 (尝试 2/2):
========================================
步骤1: 输入藏语文本...
输入文本时出错: Message: tab crashed
  (Session info: chrome=143.0.7499.169)

✗ 输入文本失败
========================================
✗ 翻译失败，跳过此行
✓ 已保存到文件: 272/4500 条

[273/4500] 翻译进度: 6.1%
藏语原文: བདག་ཉིད་ཀྱང་ནི་ཇི་ལྟར་འདུག།

开始翻译流程 (尝试 1/2):
========================================
步骤1: 输入藏语文本...
输入文本时出错: Message: tab crashed
  (Session info: chrome=143.0.7499.169)

✗ 输入文本失败

开始翻译流程 (尝试 2/2):
========================================
步骤1: 输入藏语文本...
输入文本时出错: Message: tab crashed
  (Session info: chrome=143.0.7499.169)

✗ 输入文本失败
========================================
✗ 翻译失败，跳过此行
✓ 已保存到文件: 273/4500 条

[274/4500] 翻译进度: 6.1%
藏语原文: མི་གཙང་རང་བཞིན་གཞན་གྱི་ལུས།

开始翻译流程 (尝试 1/2):
========================================
步骤1: 输入藏语文本...
输入文本时出错: Message: tab crashed
  (Session info: chrome=143.0.7499.169)

✗ 输入文本失败

开始翻译流程 (尝试 2/2):
========================================
步骤1: 输入藏语文本...
输入文本时出错: Message: tab crashed
  (Session info: chrome=143.0.7499.169)

✗ 输入文本失败
========================================
✗ 翻译失败，跳过此行
✓ 已保存到文件: 274/4500 条

[275/4500] 翻译进度: 6.1%
藏语原文: ལུང་གཞན་ལ་ཡང་རང་གཞན་དག།

开始翻译流程 (尝试 1/2):
========================================
步骤1: 输入藏语文本...
输入文本时出错: Message: tab crashed
  (Session info: chrome=143.0.7499.169)

✗ 输入文本失败

开始翻译流程 (尝试 2/2):
========================================
步骤1: 输入藏语文本...
输入文本时出错: Message: tab crashed
  (Session info: chrome=143.0.7499.169)

✗ 输入文本失败
========================================
✗ 翻译失败，跳过此行
✓ 已保存到文件: 275/4500 条

[276/4500] 翻译进度: 6.1%
藏语原文: གནས་པ་མ་ཡིན་འགྲོ་མ་ཡིན།

开始翻译流程 (尝试 1/2):
========================================
步骤1: 输入藏语文本...
输入文本时出错: Message: tab crashed
  (Session info: chrome=143.0.7499.169)

✗ 输入文本失败

开始翻译流程 (尝试 2/2):
========================================
步骤1: 输入藏语文本...
输入文本时出错: Message: tab crashed
  (Session info: chrome=143.0.7499.169)

✗ 输入文本失败
========================================
✗ 翻译失败，跳过此行
✓ 已保存到文件: 276/4500 条

[277/4500] 翻译进度: 6.2%
藏语原文: བྱེད་དང་བྱེད་མིན་འོག་མིན་འགྲོ།

开始翻译流程 (尝试 1/2):
========================================
步骤1: 输入藏语文本...
输入文本时出错: Message: tab crashed
  (Session info: chrome=143.0.7499.169)

✗ 输入文本失败

开始翻译流程 (尝试 2/2):
========================================
步骤1: 输入藏语文本...
输入文本时出错: Message: tab crashed
  (Session info: chrome=143.0.7499.169)

✗ 输入文本失败
========================================
✗ 翻译失败，跳过此行
✓ 已保存到文件: 277/4500 条

[278/4500] 翻译进度: 6.2%
藏语原文: བསྐལམཆོག་དུས་རིང་འགྲོ་བའི་སྒྲིབ་ཀུན་ཟད།

开始翻译流程 (尝试 1/2):
========================================
步骤1: 输入藏语文本...
输入文本时出错: Message: tab crashed
  (Session info: chrome=143.0.7499.169)

✗ 输入文本失败

开始翻译流程 (尝试 2/2):
========================================
步骤1: 输入藏语文本...
输入文本时出错: Message: tab crashed
  (Session info: chrome=143.0.7499.169)

✗ 输入文本失败
========================================
✗ 翻译失败，跳过此行
✓ 已保存到文件: 278/4500 条

[279/4500] 翻译进度: 6.2%
藏语原文: ཇི་ལྟར་རུས་སྦལ་དེ་ནི་ཆུ་ཡི་ནང་ན་ཀུན་ནས་བསྐུམས་ཤིང་...

开始翻译流程 (尝试 1/2):
========================================
步骤1: 输入藏语文本...
输入文本时出错: Message: tab crashed
  (Session info: chrome=143.0.7499.169)

✗ 输入文本失败

开始翻译流程 (尝试 2/2):
========================================
步骤1: 输入藏语文本...
输入文本时出错: Message: tab crashed
  (Session info: chrome=143.0.7499.169)

✗ 输入文本失败
========================================
✗ 翻译失败，跳过此行
✓ 已保存到文件: 279/4500 条

[280/4500] 翻译进度: 6.2%
藏语原文: དེ་བཞིན་གཡེམ་དང་གནས་དང་རང་གཞན་ཕན་བྱ་དོན་བྱེད་པའི།

开始翻译流程 (尝试 1/2):
========================================
步骤1: 输入藏语文本...
输入文本时出错: Message: tab crashed
  (Session info: chrome=143.0.7499.169)

✗ 输入文本失败

开始翻译流程 (尝试 2/2):
========================================
步骤1: 输入藏语文本...
输入文本时出错: Message: tab crashed
  (Session info: chrome=143.0.7499.169)

✗ 输入文本失败
========================================
✗ 翻译失败，跳过此行
✓ 已保存到文件: 280/4500 条

[281/4500] 翻译进度: 6.2%
藏语原文: འཇིག་རྟེན་བདེ་དང་རང་སྲོག་ལ།

开始翻译流程 (尝试 1/2):
========================================
步骤1: 输入藏语文本...
输入文本时出错: Message: tab crashed
  (Session info: chrome=143.0.7499.169)

✗ 输入文本失败

开始翻译流程 (尝试 2/2):
========================================
步骤1: 输入藏语文本...
输入文本时出错: Message: tab crashed
  (Session info: chrome=143.0.7499.169)

✗ 输入文本失败
========================================
✗ 翻译失败，跳过此行
✓ 已保存到文件: 281/4500 条

[282/4500] 翻译进度: 6.3%
藏语原文: སྐམ་དང་འཕེལ་དང་རང་བཞིན་གྱིས།

开始翻译流程 (尝试 1/2):
========================================
步骤1: 输入藏语文本...
输入文本时出错: Message: tab crashed
  (Session info: chrome=143.0.7499.169)

✗ 输入文本失败

开始翻译流程 (尝试 2/2):
========================================
步骤1: 输入藏语文本...
输入文本时出错: Message: tab crashed
  (Session info: chrome=143.0.7499.169)

✗ 输入文本失败
========================================
✗ 翻译失败，跳过此行
✓ 已保存到文件: 282/4500 条

[283/4500] 翻译进度: 6.3%
藏语原文: བདག་ཉིད་འདུག་པོ་གང་ཡིན་པ།

开始翻译流程 (尝试 1/2):
========================================
步骤1: 输入藏语文本...
输入文本时出错: Message: tab crashed
  (Session info: chrome=143.0.7499.169)

✗ 输入文本失败

开始翻译流程 (尝试 2/2):
========================================
步骤1: 输入藏语文本...
输入文本时出错: Message: tab crashed
  (Session info: chrome=143.0.7499.169)

✗ 输入文本失败
========================================
✗ 翻译失败，跳过此行
✓ 已保存到文件: 283/4500 条

[284/4500] 翻译进度: 6.3%
藏语原文: མི་རྟོག་པ་དང་རང་བཞིན་གྱིས།

开始翻译流程 (尝试 1/2):
========================================
步骤1: 输入藏语文本...
输入文本时出错: Message: tab crashed
  (Session info: chrome=143.0.7499.169)

✗ 输入文本失败

开始翻译流程 (尝试 2/2):
========================================
步骤1: 输入藏语文本...
输入文本时出错: Message: tab crashed
  (Session info: chrome=143.0.7499.169)

✗ 输入文本失败
========================================
✗ 翻译失败，跳过此行
✓ 已保存到文件: 284/4500 条

[285/4500] 翻译进度: 6.3%
藏语原文: རྣམ་པར་རྟོག་དང་རྣལ་འདུག་དང་།

开始翻译流程 (尝试 1/2):
========================================
步骤1: 输入藏语文本...
输入文本时出错: Message: tab crashed
  (Session info: chrome=143.0.7499.169)

✗ 输入文本失败

开始翻译流程 (尝试 2/2):
========================================
步骤1: 输入藏语文本...
输入文本时出错: Message: tab crashed
  (Session info: chrome=143.0.7499.169)

✗ 输入文本失败
========================================
✗ 翻译失败，跳过此行
✓ 已保存到文件: 285/4500 条

[286/4500] 翻译进度: 6.4%
藏语原文: མགོན་མེད་འདུག་གནས་སུ་ནི་འདུག་གྱུར་ལ།

开始翻译流程 (尝试 1/2):
========================================
步骤1: 输入藏语文本...
输入文本时出错: Message: tab crashed
  (Session info: chrome=143.0.7499.169)

✗ 输入文本失败

开始翻译流程 (尝试 2/2):
========================================
步骤1: 输入藏语文本...
输入文本时出错: Message: tab crashed
  (Session info: chrome=143.0.7499.169)

✗ 输入文本失败
========================================
✗ 翻译失败，跳过此行
✓ 已保存到文件: 286/4500 条

[287/4500] 翻译进度: 6.4%
藏语原文: ལྷ་མིན་དག་ནའང་རང་བཞིན་གྱིས་ལྷ་ཡི།

开始翻译流程 (尝试 1/2):
========================================
步骤1: 输入藏语文本...
输入文本时出错: Message: tab crashed
  (Session info: chrome=143.0.7499.169)

✗ 输入文本失败

开始翻译流程 (尝试 2/2):
========================================
步骤1: 输入藏语文本...
输入文本时出错: Message: tab crashed
  (Session info: chrome=143.0.7499.169)

✗ 输入文本失败
========================================
✗ 翻译失败，跳过此行
✓ 已保存到文件: 287/4500 条

[288/4500] 翻译进度: 6.4%
藏语原文: ཇི་ལྟར་མར་མེ་ནི་རང་དང་གཞན་རབ་ཏུ་གསལ་བར་བྱེད་པ་མཐོང...

开始翻译流程 (尝试 1/2):
========================================
步骤1: 输入藏语文本...
输入文本时出错: Message: tab crashed
  (Session info: chrome=143.0.7499.169)

✗ 输入文本失败

开始翻译流程 (尝试 2/2):
========================================
步骤1: 输入藏语文本...
输入文本时出错: Message: tab crashed
  (Session info: chrome=143.0.7499.169)

✗ 输入文本失败
========================================
✗ 翻译失败，跳过此行
✓ 已保存到文件: 288/4500 条

[289/4500] 翻译进度: 6.4%
藏语原文: གཞལ་བྱ་དག་དུས་གསུམ་དུམ་གྲུབ་བོ་ཞེས་ཁས་བླངས་པའི་ཕྱི...

开始翻译流程 (尝试 1/2):
========================================
步骤1: 输入藏语文本...
输入文本时出错: Message: tab crashed
  (Session info: chrome=143.0.7499.169)

✗ 输入文本失败

开始翻译流程 (尝试 2/2):
========================================
步骤1: 输入藏语文本...
输入文本时出错: Message: tab crashed
  (Session info: chrome=143.0.7499.169)

✗ 输入文本失败
========================================
✗ 翻译失败，跳过此行
✓ 已保存到文件: 289/4500 条

[290/4500] 翻译进度: 6.4%
藏语原文: གཉི་ག་དུས་གཅིག་ཏུ་གནས་པ་ན་འགལ་བ་ཡིན་ལ།

开始翻译流程 (尝试 1/2):
========================================
步骤1: 输入藏语文本...
输入文本时出错: Message: tab crashed
  (Session info: chrome=143.0.7499.169)

✗ 输入文本失败

开始翻译流程 (尝试 2/2):
========================================
步骤1: 输入藏语文本...
输入文本时出错: Message: tab crashed
  (Session info: chrome=143.0.7499.169)

✗ 输入文本失败
========================================
✗ 翻译失败，跳过此行
✓ 已保存到文件: 290/4500 条

[291/4500] 翻译进度: 6.5%
藏语原文: ཕྱིན་ཅི་ལོག་དེ་དག་ཀྱང་རང་བཞིན་གྱིས་སྟོང་པ་ཡིན་པའི་...

开始翻译流程 (尝试 1/2):
========================================
步骤1: 输入藏语文本...
输入文本时出错: Message: tab crashed
  (Session info: chrome=143.0.7499.169)

✗ 输入文本失败

开始翻译流程 (尝试 2/2):
========================================
步骤1: 输入藏语文本...
输入文本时出错: Message: tab crashed
  (Session info: chrome=143.0.7499.169)

✗ 输入文本失败
========================================
✗ 翻译失败，跳过此行
✓ 已保存到文件: 291/4500 条

[292/4500] 翻译进度: 6.5%
藏语原文: དེ་གཉིས་ནི་ཕན་ཚུན་རྒྱུ་ལས་བྱུང་བ་ཡིན་པའི་ཕྱིར་ཡང་ར...

开始翻译流程 (尝试 1/2):
========================================
步骤1: 输入藏语文本...
输入文本时出错: Message: tab crashed
  (Session info: chrome=143.0.7499.169)

✗ 输入文本失败

开始翻译流程 (尝试 2/2):
========================================
步骤1: 输入藏语文本...
输入文本时出错: Message: tab crashed
  (Session info: chrome=143.0.7499.169)

✗ 输入文本失败
========================================
✗ 翻译失败，跳过此行
✓ 已保存到文件: 292/4500 条

[293/4500] 翻译进度: 6.5%
藏语原文: དངོས་དང་རང་དངོས་ལོག་པ་ཡིན།

开始翻译流程 (尝试 1/2):
========================================
步骤1: 输入藏语文本...
输入文本时出错: Message: tab crashed
  (Session info: chrome=143.0.7499.169)

✗ 输入文本失败

开始翻译流程 (尝试 2/2):
========================================
步骤1: 输入藏语文本...
输入文本时出错: Message: tab crashed
  (Session info: chrome=143.0.7499.169)

✗ 输入文本失败
========================================
✗ 翻译失败，跳过此行
✓ 已保存到文件: 293/4500 条

[294/4500] 翻译进度: 6.5%
藏语原文: དུས་རིག་པ་དག་དུས་གསུམ་པ་དུ་མར་སེམས་ཏེ།

开始翻译流程 (尝试 1/2):
========================================
步骤1: 输入藏语文本...
输入文本时出错: Message: tab crashed
  (Session info: chrome=143.0.7499.169)

✗ 输入文本失败

开始翻译流程 (尝试 2/2):
========================================
步骤1: 输入藏语文本...
输入文本时出错: Message: tab crashed
  (Session info: chrome=143.0.7499.169)

✗ 输入文本失败
========================================
✗ 翻译失败，跳过此行
✓ 已保存到文件: 294/4500 条

[295/4500] 翻译进度: 6.6%
藏语原文: རྐྱེན་ལས་སྐྱེས་པའི་ཕྱིར་རྣམ་པར་བརྟག་པར་བྱ་བ་ཡང་རང་...

开始翻译流程 (尝试 1/2):
========================================
步骤1: 输入藏语文本...
输入文本时出错: Message: tab crashed
  (Session info: chrome=143.0.7499.169)

✗ 输入文本失败

开始翻译流程 (尝试 2/2):
========================================
步骤1: 输入藏语文本...
输入文本时出错: Message: tab crashed
  (Session info: chrome=143.0.7499.169)

✗ 输入文本失败
========================================
✗ 翻译失败，跳过此行
✓ 已保存到文件: 295/4500 条

[296/4500] 翻译进度: 6.6%
藏语原文: རྣམ་པར་རྟོག་པ་ཡང་རང་བཞིན་གྱིས་སྟོང་ངོ།

开始翻译流程 (尝试 1/2):
========================================
步骤1: 输入藏语文本...
输入文本时出错: Message: tab crashed
  (Session info: chrome=143.0.7499.169)

✗ 输入文本失败

开始翻译流程 (尝试 2/2):
========================================
步骤1: 输入藏语文本...
输入文本时出错: Message: tab crashed
  (Session info: chrome=143.0.7499.169)

✗ 输入文本失败
========================================
✗ 翻译失败，跳过此行
✓ 已保存到文件: 296/4500 条

[297/4500] 翻译进度: 6.6%
藏语原文: སྟོང་པ་ཡིན་པ་དེ་བཞིན་དུ་དངོས་པོ་ཐམས་ཅད་ཀྱང་རང་བཞིན...

开始翻译流程 (尝试 1/2):
========================================
步骤1: 输入藏语文本...
输入文本时出错: Message: tab crashed
  (Session info: chrome=143.0.7499.169)

✗ 输入文本失败

开始翻译流程 (尝试 2/2):
========================================
步骤1: 输入藏语文本...
输入文本时出错: Message: tab crashed
  (Session info: chrome=143.0.7499.169)

✗ 输入文本失败
========================================
✗ 翻译失败，跳过此行
✓ 已保存到文件: 297/4500 条

[298/4500] 翻译进度: 6.6%
藏语原文: འདིར་ནི་ཚིག་རང་བཞིན་མེད་པ་ཉིད་ཀྱི་དངོས་པོ་རྣམས་ཀྱང...

开始翻译流程 (尝试 1/2):
========================================
步骤1: 输入藏语文本...
输入文本时出错: Message: tab crashed
  (Session info: chrome=143.0.7499.169)

✗ 输入文本失败

开始翻译流程 (尝试 2/2):
========================================
步骤1: 输入藏语文本...
输入文本时出错: Message: tab crashed
  (Session info: chrome=143.0.7499.169)

✗ 输入文本失败
========================================
✗ 翻译失败，跳过此行
✓ 已保存到文件: 298/4500 条

[299/4500] 翻译进度: 6.6%
藏语原文: འོ་ན་ནི་ད་གཉེན་པོར་གྱུར་པ་མུན་པ་ཡང་རང་དང་གཞན་གྱི་བ...

开始翻译流程 (尝试 1/2):
========================================
步骤1: 输入藏语文本...
输入文本时出错: Message: tab crashed
  (Session info: chrome=143.0.7499.169)

✗ 输入文本失败

开始翻译流程 (尝试 2/2):
========================================
步骤1: 输入藏语文本...
输入文本时出错: Message: tab crashed
  (Session info: chrome=143.0.7499.169)

✗ 输入文本失败
========================================
✗ 翻译失败，跳过此行
✓ 已保存到文件: 299/4500 条

[300/4500] 翻译进度: 6.7%
藏语原文: གལ་ཏེ་མིང་ཅན་གྱི་རང་བཞིན་དེ་མེད་ན་དེའི་ཕྱིར་མིང་དེ...

开始翻译流程 (尝试 1/2):
========================================
步骤1: 输入藏语文本...
输入文本时出错: Message: tab crashed
  (Session info: chrome=143.0.7499.169)

✗ 输入文本失败

开始翻译流程 (尝试 2/2):
========================================
步骤1: 输入藏语文本...
输入文本时出错: Message: tab crashed
  (Session info: chrome=143.0.7499.169)

✗ 输入文本失败
========================================
✗ 翻译失败，跳过此行
✓ 已保存到文件: 300/4500 条

[301/4500] 翻译进度: 6.7%
藏语原文: འོན་ཀྱང་རང་བཞིན་མེད་པ་ལ་དངོས་པོ་རྣམས་རང་བཞིན་མེད་པ...

开始翻译流程 (尝试 1/2):
========================================
步骤1: 输入藏语文本...
输入文本时出错: Message: tab crashed
  (Session info: chrome=143.0.7499.169)

✗ 输入文本失败

开始翻译流程 (尝试 2/2):
========================================
步骤1: 输入藏语文本...
输入文本时出错: Message: tab crashed
  (Session info: chrome=143.0.7499.169)

✗ 输入文本失败
========================================
✗ 翻译失败，跳过此行
✓ 已保存到文件: 301/4500 条

[302/4500] 翻译进度: 6.7%
藏语原文: རང་རང་བློ་དང་འབྲེལ་པའི་ཕྱིར།

开始翻译流程 (尝试 1/2):
========================================
步骤1: 输入藏语文本...
输入文本时出错: Message: tab crashed
  (Session info: chrome=143.0.7499.169)

✗ 输入文本失败

开始翻译流程 (尝试 2/2):
========================================
步骤1: 输入藏语文本...
输入文本时出错: Message: tab crashed
  (Session info: chrome=143.0.7499.169)

✗ 输入文本失败
========================================
✗ 翻译失败，跳过此行
✓ 已保存到文件: 302/4500 条

[303/4500] 翻译进度: 6.7%
藏语原文: དེ་ཡང་རང་བཞིན་གཞན་མིན་ཕྱིར།

开始翻译流程 (尝试 1/2):
========================================
步骤1: 输入藏语文本...
输入文本时出错: Message: tab crashed
  (Session info: chrome=143.0.7499.169)

✗ 输入文本失败

开始翻译流程 (尝试 2/2):
========================================
步骤1: 输入藏语文本...
输入文本时出错: Message: tab crashed
  (Session info: chrome=143.0.7499.169)

✗ 输入文本失败
========================================
✗ 翻译失败，跳过此行
✓ 已保存到文件: 303/4500 条

[304/4500] 翻译进度: 6.8%
藏语原文: རང་རང་ངོ་བོ་ལ་གནས་པའི།

开始翻译流程 (尝试 1/2):
========================================
步骤1: 输入藏语文本...
输入文本时出错: Message: tab crashed
  (Session info: chrome=143.0.7499.169)

✗ 输入文本失败

开始翻译流程 (尝试 2/2):
========================================
步骤1: 输入藏语文本...
输入文本时出错: Message: tab crashed
  (Session info: chrome=143.0.7499.169)

✗ 输入文本失败
========================================
✗ 翻译失败，跳过此行
✓ 已保存到文件: 304/4500 条

[305/4500] 翻译进度: 6.8%
藏语原文: དགོས་ནའང་རང་གྲུབ་རྒྱུ་ཅི་དགོས།

开始翻译流程 (尝试 1/2):
========================================
步骤1: 输入藏语文本...
输入文本时出错: Message: tab crashed
  (Session info: chrome=143.0.7499.169)

✗ 输入文本失败

开始翻译流程 (尝试 2/2):
========================================
步骤1: 输入藏语文本...
输入文本时出错: Message: tab crashed
  (Session info: chrome=143.0.7499.169)

✗ 输入文本失败
========================================
✗ 翻译失败，跳过此行
✓ 已保存到文件: 305/4500 条

[306/4500] 翻译进度: 6.8%
藏语原文: མྱུ་གུ་རང་རང་རྒྱུ་ལ་ལྟོས།

开始翻译流程 (尝试 1/2):
========================================
步骤1: 输入藏语文本...
输入文本时出错: Message: tab crashed
  (Session info: chrome=143.0.7499.169)

✗ 输入文本失败

开始翻译流程 (尝试 2/2):
========================================
步骤1: 输入藏语文本...
输入文本时出错: Message: tab crashed
  (Session info: chrome=143.0.7499.169)

✗ 输入文本失败
========================================
✗ 翻译失败，跳过此行
✓ 已保存到文件: 306/4500 条

[307/4500] 翻译进度: 6.8%
藏语原文: དོན་རིག་གཉིས་དང་རང་རིག་དང་།

开始翻译流程 (尝试 1/2):
========================================
步骤1: 输入藏语文本...
输入文本时出错: Message: tab crashed
  (Session info: chrome=143.0.7499.169)

✗ 输入文本失败

开始翻译流程 (尝试 2/2):
========================================
步骤1: 输入藏语文本...
输入文本时出错: Message: tab crashed
  (Session info: chrome=143.0.7499.169)

✗ 输入文本失败
========================================
✗ 翻译失败，跳过此行
✓ 已保存到文件: 307/4500 条

[308/4500] 翻译进度: 6.8%
藏语原文: གཞན་དག་ལུང་དང་རང་ཚིག་ཟེར།

开始翻译流程 (尝试 1/2):
========================================
步骤1: 输入藏语文本...
输入文本时出错: Message: tab crashed
  (Session info: chrome=143.0.7499.169)

✗ 输入文本失败

开始翻译流程 (尝试 2/2):
========================================
步骤1: 输入藏语文本...
输入文本时出错: Message: tab crashed
  (Session info: chrome=143.0.7499.169)

✗ 输入文本失败
========================================
✗ 翻译失败，跳过此行
✓ 已保存到文件: 308/4500 条

[309/4500] 翻译进度: 6.9%
藏语原文: མུ་སྟེགས་གཞན་དང་རང་ཉིད་ཀྱིའང་།

开始翻译流程 (尝试 1/2):
========================================
步骤1: 输入藏语文本...
输入文本时出错: Message: tab crashed
  (Session info: chrome=143.0.7499.169)

✗ 输入文本失败

开始翻译流程 (尝试 2/2):
========================================
步骤1: 输入藏语文本...
输入文本时出错: Message: tab crashed
  (Session info: chrome=143.0.7499.169)

✗ 输入文本失败
========================================
✗ 翻译失败，跳过此行
✓ 已保存到文件: 309/4500 条

[310/4500] 翻译进度: 6.9%
藏语原文: རང་རང་ལུགས་བཞིན་བྱས་ན་འགྲུབ།

开始翻译流程 (尝试 1/2):
========================================
步骤1: 输入藏语文本...
输入文本时出错: Message: tab crashed
  (Session info: chrome=143.0.7499.169)

✗ 输入文本失败

开始翻译流程 (尝试 2/2):
========================================
步骤1: 输入藏语文本...
输入文本时出错: Message: tab crashed
  (Session info: chrome=143.0.7499.169)

✗ 输入文本失败
========================================
✗ 翻译失败，跳过此行
✓ 已保存到文件: 310/4500 条

[311/4500] 翻译进度: 6.9%
藏语原文: རང་རང་ལུགས་བཞིན་བྱས་ན་འགྲུབ།

开始翻译流程 (尝试 1/2):
========================================
步骤1: 输入藏语文本...
输入文本时出错: Message: tab crashed
  (Session info: chrome=143.0.7499.169)

✗ 输入文本失败

开始翻译流程 (尝试 2/2):
========================================
步骤1: 输入藏语文本...
输入文本时出错: Message: tab crashed
  (Session info: chrome=143.0.7499.169)

✗ 输入文本失败
========================================
✗ 翻译失败，跳过此行
✓ 已保存到文件: 311/4500 条

[312/4500] 翻译进度: 6.9%
藏语原文: རང་རང་ཆོ་ག་བཞིན་བྱས་ན།

开始翻译流程 (尝试 1/2):
========================================
步骤1: 输入藏语文本...
输入文本时出错: Message: tab crashed
  (Session info: chrome=143.0.7499.169)

✗ 输入文本失败

开始翻译流程 (尝试 2/2):
========================================
步骤1: 输入藏语文本...
输入文本时出错: Message: tab crashed
  (Session info: chrome=143.0.7499.169)

✗ 输入文本失败
========================================
✗ 翻译失败，跳过此行
✓ 已保存到文件: 312/4500 条

[313/4500] 翻译进度: 7.0%
藏语原文: སྨྲས་ཀྱང་རང་བཟོ་མ་ཡིན་པ།

开始翻译流程 (尝试 1/2):
========================================
步骤1: 输入藏语文本...
输入文本时出错: Message: tab crashed
  (Session info: chrome=143.0.7499.169)

✗ 输入文本失败

开始翻译流程 (尝试 2/2):
========================================
步骤1: 输入藏语文本...
输入文本时出错: Message: tab crashed
  (Session info: chrome=143.0.7499.169)

✗ 输入文本失败
========================================
✗ 翻译失败，跳过此行
✓ 已保存到文件: 313/4500 条

[314/4500] 翻译进度: 7.0%
藏语原文: རང་རང་གཞུང་ལུགས་བཞིན་བྱེད་ན།

开始翻译流程 (尝试 1/2):
========================================
步骤1: 输入藏语文本...
输入文本时出错: Message: tab crashed
  (Session info: chrome=143.0.7499.169)

✗ 输入文本失败

开始翻译流程 (尝试 2/2):
========================================
步骤1: 输入藏语文本...
输入文本时出错: Message: tab crashed
  (Session info: chrome=143.0.7499.169)

✗ 输入文本失败
========================================
✗ 翻译失败，跳过此行
✓ 已保存到文件: 314/4500 条

[315/4500] 翻译进度: 7.0%
藏语原文: གང་དག་དུས་གསུམ་མགོན་པོ་རྣམས།

开始翻译流程 (尝试 1/2):
========================================
步骤1: 输入藏语文本...
输入文本时出错: Message: tab crashed
  (Session info: chrome=143.0.7499.169)

✗ 输入文本失败

开始翻译流程 (尝试 2/2):
========================================
步骤1: 输入藏语文本...
输入文本时出错: Message: tab crashed
  (Session info: chrome=143.0.7499.169)

✗ 输入文本失败
========================================
✗ 翻译失败，跳过此行
✓ 已保存到文件: 315/4500 条

[316/4500] 翻译进度: 7.0%
藏语原文: ཁོ་རང་ལ་ཡང་ཅིས་མི་གནོད།

开始翻译流程 (尝试 1/2):
========================================
步骤1: 输入藏语文本...
输入文本时出错: Message: tab crashed
  (Session info: chrome=143.0.7499.169)

✗ 输入文本失败

开始翻译流程 (尝试 2/2):
========================================
步骤1: 输入藏语文本...
输入文本时出错: Message: tab crashed
  (Session info: chrome=143.0.7499.169)

✗ 输入文本失败
========================================
✗ 翻译失败，跳过此行
✓ 已保存到文件: 316/4500 条

[317/4500] 翻译进度: 7.0%
藏语原文: སུ་ལ་འདུག་ཀྱང་དོར་བྱ་ཡིན།

开始翻译流程 (尝试 1/2):
========================================
步骤1: 输入藏语文本...
输入文本时出错: Message: tab crashed
  (Session info: chrome=143.0.7499.169)

✗ 输入文本失败

开始翻译流程 (尝试 2/2):
========================================
步骤1: 输入藏语文本...
输入文本时出错: Message: tab crashed
  (Session info: chrome=143.0.7499.169)

✗ 输入文本失败
========================================
✗ 翻译失败，跳过此行
✓ 已保存到文件: 317/4500 条

[318/4500] 翻译进度: 7.1%
藏语原文: ངེད་ལའང་དེ་འདྲ་འདུག་ན་ནི།

开始翻译流程 (尝试 1/2):
========================================
步骤1: 输入藏语文本...
输入文本时出错: Message: tab crashed
  (Session info: chrome=143.0.7499.169)

✗ 输入文本失败

开始翻译流程 (尝试 2/2):
========================================
步骤1: 输入藏语文本...
输入文本时出错: Message: tab crashed
  (Session info: chrome=143.0.7499.169)

✗ 输入文本失败
========================================
✗ 翻译失败，跳过此行
✓ 已保存到文件: 318/4500 条

[319/4500] 翻译进度: 7.1%
藏语原文: རང་རང་གཞུང་ལས་ཐེག་གསུམ་གྱི།

开始翻译流程 (尝试 1/2):
========================================
步骤1: 输入藏语文本...
输入文本时出错: Message: tab crashed
  (Session info: chrome=143.0.7499.169)

✗ 输入文本失败

开始翻译流程 (尝试 2/2):
========================================
步骤1: 输入藏语文本...
输入文本时出错: Message: tab crashed
  (Session info: chrome=143.0.7499.169)

✗ 输入文本失败
========================================
✗ 翻译失败，跳过此行
✓ 已保存到文件: 319/4500 条

[320/4500] 翻译进度: 7.1%
藏语原文: རང་རང་ཆོ་གས་རིམ་བཞིན་དུ།

开始翻译流程 (尝试 1/2):
========================================
步骤1: 输入藏语文本...
输入文本时出错: Message: tab crashed
  (Session info: chrome=143.0.7499.169)

✗ 输入文本失败

开始翻译流程 (尝试 2/2):
========================================
步骤1: 输入藏语文本...
输入文本时出错: Message: tab crashed
  (Session info: chrome=143.0.7499.169)

✗ 输入文本失败
========================================
✗ 翻译失败，跳过此行
✓ 已保存到文件: 320/4500 条

[321/4500] 翻译进度: 7.1%
藏语原文: བདེན་ཚད་དེ་ཡང་རང་རྒྱུད་པས།

开始翻译流程 (尝试 1/2):
========================================
步骤1: 输入藏语文本...
输入文本时出错: Message: tab crashed
  (Session info: chrome=143.0.7499.169)

✗ 输入文本失败

开始翻译流程 (尝试 2/2):
========================================
步骤1: 输入藏语文本...
输入文本时出错: Message: tab crashed
  (Session info: chrome=143.0.7499.169)

✗ 输入文本失败
========================================
✗ 翻译失败，跳过此行
✓ 已保存到文件: 321/4500 条

[322/4500] 翻译进度: 7.2%
藏语原文: ཡེ་ཤེས་ཚོགས་བསག་དུས་སུ་ཡང་།

开始翻译流程 (尝试 1/2):
========================================
步骤1: 输入藏语文本...
输入文本时出错: Message: tab crashed
  (Session info: chrome=143.0.7499.169)

✗ 输入文本失败

开始翻译流程 (尝试 2/2):
========================================
步骤1: 输入藏语文本...
输入文本时出错: Message: tab crashed
  (Session info: chrome=143.0.7499.169)

✗ 输入文本失败
========================================
✗ 翻译失败，跳过此行
✓ 已保存到文件: 322/4500 条

[323/4500] 翻译进度: 7.2%
藏语原文: རང་རང་གདུལ་བྱའི་བློ་ཉིད་ལ།

开始翻译流程 (尝试 1/2):
========================================
步骤1: 输入藏语文本...
输入文本时出错: Message: tab crashed
  (Session info: chrome=143.0.7499.169)

✗ 输入文本失败

开始翻译流程 (尝试 2/2):
========================================
步骤1: 输入藏语文本...
输入文本时出错: Message: tab crashed
  (Session info: chrome=143.0.7499.169)

✗ 输入文本失败
========================================
✗ 翻译失败，跳过此行
✓ 已保存到文件: 323/4500 条

[324/4500] 翻译进度: 7.2%
藏语原文: རྒན་ལགས་ཕེབས་ཀྱི་འདུག་རྒན་ལགས་ཕེབས་ཀྱི་འདུག་ཅེས་བར...

开始翻译流程 (尝试 1/2):
========================================
步骤1: 输入藏语文本...
输入文本时出错: Message: tab crashed
  (Session info: chrome=143.0.7499.169)

✗ 输入文本失败

开始翻译流程 (尝试 2/2):
========================================
步骤1: 输入藏语文本...
输入文本时出错: Message: tab crashed
  (Session info: chrome=143.0.7499.169)

✗ 输入文本失败
========================================
✗ 翻译失败，跳过此行
✓ 已保存到文件: 324/4500 条

[325/4500] 翻译进度: 7.2%
藏语原文: སློབ་ཕྲུག་མང་ཆེ་བ་ཁ་ཁུ་སིམ་བུར་རང་རང་སོ་སོའི་སྡོད་...

开始翻译流程 (尝试 1/2):
========================================
步骤1: 输入藏语文本...
输入文本时出错: Message: tab crashed
  (Session info: chrome=143.0.7499.169)

✗ 输入文本失败

开始翻译流程 (尝试 2/2):
========================================
步骤1: 输入藏语文本...
输入文本时出错: Message: tab crashed
  (Session info: chrome=143.0.7499.169)

✗ 输入文本失败
========================================
✗ 翻译失败，跳过此行
✓ 已保存到文件: 325/4500 条

[326/4500] 翻译进度: 7.2%
藏语原文: དངོས་གནས་ཡག་པོ་འདུག་ཅེས་བུའི་བསམ་ཚུལ་ལ་རྒྱབ་སྐྱོར་...

开始翻译流程 (尝试 1/2):
========================================
步骤1: 输入藏语文本...
输入文本时出错: Message: tab crashed
  (Session info: chrome=143.0.7499.169)

✗ 输入文本失败

开始翻译流程 (尝试 2/2):
========================================
步骤1: 输入藏语文本...
输入文本时出错: Message: tab crashed
  (Session info: chrome=143.0.7499.169)

✗ 输入文本失败
========================================
✗ 翻译失败，跳过此行
✓ 已保存到文件: 326/4500 条

[327/4500] 翻译进度: 7.3%
藏语原文: ོ་ཉེན་དོན་ཁང་ལ་ང་ཞུ་ནུས་པ་མི་འདུག་ཅེས་བཤད།

开始翻译流程 (尝试 1/2):
========================================
步骤1: 输入藏语文本...
输入文本时出错: Message: tab crashed
  (Session info: chrome=143.0.7499.169)

✗ 输入文本失败

开始翻译流程 (尝试 2/2):
========================================
步骤1: 输入藏语文本...
输入文本时出错: Message: tab crashed
  (Session info: chrome=143.0.7499.169)

✗ 输入文本失败
========================================
✗ 翻译失败，跳过此行
✓ 已保存到文件: 327/4500 条

[328/4500] 翻译进度: 7.3%
藏语原文: ཡ་ཚ་༞ ཎ་ཏྲིཾ་ཀྱྀ་ཎ་ཡཱ་ནོར་ནོར་གྱིས་ཁྱི་དཀར་པོ་འདི་...

开始翻译流程 (尝试 1/2):
========================================
步骤1: 输入藏语文本...
输入文本时出错: Message: tab crashed
  (Session info: chrome=143.0.7499.169)

✗ 输入文本失败

开始翻译流程 (尝试 2/2):
========================================
步骤1: 输入藏语文本...
输入文本时出错: Message: tab crashed
  (Session info: chrome=143.0.7499.169)

✗ 输入文本失败
========================================
✗ 翻译失败，跳过此行
✓ 已保存到文件: 328/4500 条

[329/4500] 翻译进度: 7.3%
藏语原文: རྨོ་བོ་ལགས་ཀྱིས་ཁྱི་དེར་མིང་ཅི་ཞིག་འབོད་ཀྱི་འདུག་ག...

开始翻译流程 (尝试 1/2):
========================================
步骤1: 输入藏语文本...
输入文本时出错: Message: tab crashed
  (Session info: chrome=143.0.7499.169)

✗ 输入文本失败

开始翻译流程 (尝试 2/2):
========================================
步骤1: 输入藏语文本...
输入文本时出错: Message: tab crashed
  (Session info: chrome=143.0.7499.169)

✗ 输入文本失败
========================================
✗ 翻译失败，跳过此行
✓ 已保存到文件: 329/4500 条

[330/4500] 翻译进度: 7.3%
藏语原文: ཁྱེད་རང་གཉིས་ཀྱིས་མི་བཟང་ལས་བཟང་བྱས་པ་ཡིན་ཨེ།

开始翻译流程 (尝试 1/2):
========================================
步骤1: 输入藏语文本...
输入文本时出错: Message: tab crashed
  (Session info: chrome=143.0.7499.169)

✗ 输入文本失败

开始翻译流程 (尝试 2/2):
========================================
步骤1: 输入藏语文本...
输入文本时出错: Message: tab crashed
  (Session info: chrome=143.0.7499.169)

✗ 输入文本失败
========================================
✗ 翻译失败，跳过此行
✓ 已保存到文件: 330/4500 条

[331/4500] 翻译进度: 7.4%
藏语原文: ད་དུང་ལྔ་གཅིག་དུས་ཆེན་དང་།

开始翻译流程 (尝试 1/2):
========================================
步骤1: 输入藏语文本...
输入文本时出错: Message: tab crashed
  (Session info: chrome=143.0.7499.169)

✗ 输入文本失败

开始翻译流程 (尝试 2/2):
========================================
步骤1: 输入藏语文本...
输入文本时出错: Message: tab crashed
  (Session info: chrome=143.0.7499.169)

✗ 输入文本失败
========================================
✗ 翻译失败，跳过此行
✓ 已保存到文件: 331/4500 条

[332/4500] 翻译进度: 7.4%
藏语原文: ཕ་དོན་གྲུབ་ཀྱིས་ཨ་ཙི།

开始翻译流程 (尝试 1/2):
========================================
步骤1: 输入藏语文本...
输入文本时出错: Message: tab crashed
  (Session info: chrome=143.0.7499.169)

✗ 输入文本失败

开始翻译流程 (尝试 2/2):
========================================
步骤1: 输入藏语文本...
输入文本时出错: Message: tab crashed
  (Session info: chrome=143.0.7499.169)

✗ 输入文本失败
========================================
✗ 翻译失败，跳过此行
✓ 已保存到文件: 332/4500 条

[333/4500] 翻译进度: 7.4%
藏语原文: ང་ཡང་ཁྱེད་རང་དང་བསམ་བློ་གཏོང་སྟངས་གཅིག་པ་ཡིན།་

开始翻译流程 (尝试 1/2):
========================================
步骤1: 输入藏语文本...
输入文本时出错: Message: tab crashed
  (Session info: chrome=143.0.7499.169)

✗ 输入文本失败

开始翻译流程 (尝试 2/2):
========================================
步骤1: 输入藏语文本...
输入文本时出错: Message: tab crashed
  (Session info: chrome=143.0.7499.169)

✗ 输入文本失败
========================================
✗ 翻译失败，跳过此行
✓ 已保存到文件: 333/4500 条

[334/4500] 翻译进度: 7.4%
藏语原文: ཁྱིམ་བདག་དེ་དག་ལ་བློས་བཀལ་ནས་བཞག་ན་ཕྲུ་གུ་དེ་དག་འཕ...

开始翻译流程 (尝试 1/2):
========================================
步骤1: 输入藏语文本...
输入文本时出错: Message: tab crashed
  (Session info: chrome=143.0.7499.169)

✗ 输入文本失败

开始翻译流程 (尝试 2/2):
========================================
步骤1: 输入藏语文本...
输入文本时出错: Message: tab crashed
  (Session info: chrome=143.0.7499.169)

✗ 输入文本失败
========================================
✗ 翻译失败，跳过此行
✓ 已保存到文件: 334/4500 条

[335/4500] 翻译进度: 7.4%
藏语原文: མི་ཚོས་ཚོགས་ཆུང་ལྔ་པའི་ཕྲུ་གུར་ཤེས་རབ་ཅེས་བཏགས་ན་འ...

开始翻译流程 (尝试 1/2):
========================================
步骤1: 输入藏语文本...
输入文本时出错: Message: tab crashed
  (Session info: chrome=143.0.7499.169)

✗ 输入文本失败

开始翻译流程 (尝试 2/2):
========================================
步骤1: 输入藏语文本...
输入文本时出错: Message: tab crashed
  (Session info: chrome=143.0.7499.169)

✗ 输入文本失败
========================================
✗ 翻译失败，跳过此行
✓ 已保存到文件: 335/4500 条

[336/4500] 翻译进度: 7.5%
藏语原文: དེང་སང་ཕྲུ་གུ་ལ་ལྟ་བཟོ་འདུག་ཀྱང་མི་འདུག་འགོ་ཁྲིད་ལ...

开始翻译流程 (尝试 1/2):
========================================
步骤1: 输入藏语文本...
输入文本时出错: Message: tab crashed
  (Session info: chrome=143.0.7499.169)

✗ 输入文本失败

开始翻译流程 (尝试 2/2):
========================================
步骤1: 输入藏语文本...
输入文本时出错: Message: tab crashed
  (Session info: chrome=143.0.7499.169)

✗ 输入文本失败
========================================
✗ 翻译失败，跳过此行
✓ 已保存到文件: 336/4500 条

[337/4500] 翻译进度: 7.5%
藏语原文: ཡིན་ན་ཡང་ཨ་ཙི།

开始翻译流程 (尝试 1/2):
========================================
步骤1: 输入藏语文本...
输入文本时出错: Message: tab crashed
  (Session info: chrome=143.0.7499.169)

✗ 输入文本失败

开始翻译流程 (尝试 2/2):
========================================
步骤1: 输入藏语文本...
输入文本时出错: Message: tab crashed
  (Session info: chrome=143.0.7499.169)

✗ 输入文本失败
========================================
✗ 翻译失败，跳过此行
✓ 已保存到文件: 337/4500 条

[338/4500] 翻译进度: 7.5%
藏语原文: དངོས་གནས་ངའི་ངོས་ནས་བྱས་ན་ལས་ཀ་ཁག་གཅིག་བྱེད་ཁག་པོ་...

开始翻译流程 (尝试 1/2):
========================================
步骤1: 输入藏语文本...
输入文本时出错: Message: tab crashed
  (Session info: chrome=143.0.7499.169)

✗ 输入文本失败

开始翻译流程 (尝试 2/2):
========================================
步骤1: 输入藏语文本...
输入文本时出错: Message: tab crashed
  (Session info: chrome=143.0.7499.169)

✗ 输入文本失败
========================================
✗ 翻译失败，跳过此行
✓ 已保存到文件: 338/4500 条

[339/4500] 翻译进度: 7.5%
藏语原文: ད་ལྟ་ཁྱེད་རང་ཕ་མའི་གནང་སྟངས་ལ་བལྟས་ན་ཕྲུ་གུ་ཡང་རང་...

开始翻译流程 (尝试 1/2):
========================================
步骤1: 输入藏语文本...
输入文本时出错: Message: tab crashed
  (Session info: chrome=143.0.7499.169)

✗ 输入文本失败

开始翻译流程 (尝试 2/2):
========================================
步骤1: 输入藏语文本...
输入文本时出错: Message: tab crashed
  (Session info: chrome=143.0.7499.169)

✗ 输入文本失败
========================================
✗ 翻译失败，跳过此行
✓ 已保存到文件: 339/4500 条

[340/4500] 翻译进度: 7.6%
藏语原文: ཕྲུ་གུ་འཕྲོ་བརླགས་གཏོང་མཁན་གྱི་ཕ་ཕ་མ་སྡུག་ཆགས་ཤིག་...

开始翻译流程 (尝试 1/2):
========================================
步骤1: 输入藏语文本...
输入文本时出错: Message: tab crashed
  (Session info: chrome=143.0.7499.169)

✗ 输入文本失败

开始翻译流程 (尝试 2/2):
========================================
步骤1: 输入藏语文本...
输入文本时出错: Message: tab crashed
  (Session info: chrome=143.0.7499.169)

✗ 输入文本失败
========================================
✗ 翻译失败，跳过此行
✓ 已保存到文件: 340/4500 条

[341/4500] 翻译进度: 7.6%
藏语原文: བསམ་པ་བཅས་མི་ལེགས་པའི་ཕྱོགས་སུ་འཕེལ་རྒྱས་འགྲོ་བཞིན...

开始翻译流程 (尝试 1/2):
========================================
步骤1: 输入藏语文本...
输入文本时出错: Message: tab crashed
  (Session info: chrome=143.0.7499.169)

✗ 输入文本失败

开始翻译流程 (尝试 2/2):
========================================
步骤1: 输入藏语文本...
输入文本时出错: Message: tab crashed
  (Session info: chrome=143.0.7499.169)

✗ 输入文本失败
========================================
✗ 翻译失败，跳过此行
✓ 已保存到文件: 341/4500 条

[342/4500] 翻译进度: 7.6%
藏语原文: དཔེ་ཡག་པོ་འདུག་ང་དགའ་པོ་བྱུང་།

开始翻译流程 (尝试 1/2):
========================================
步骤1: 输入藏语文本...
输入文本时出错: Message: tab crashed
  (Session info: chrome=143.0.7499.169)

✗ 输入文本失败

开始翻译流程 (尝试 2/2):
========================================
步骤1: 输入藏语文本...
输入文本时出错: Message: tab crashed
  (Session info: chrome=143.0.7499.169)

✗ 输入文本失败
========================================
✗ 翻译失败，跳过此行
✓ 已保存到文件: 342/4500 条

[343/4500] 翻译进度: 7.6%
藏语原文: ཁ་ཤས་ཀྱིས་རྒན་ལགས་དེས་ཕྲུ་གུའི་གཙང་སྦྲ་སོགས་ཕྱིའི་...

开始翻译流程 (尝试 1/2):
========================================
步骤1: 输入藏语文本...
输入文本时出错: Message: tab crashed
  (Session info: chrome=143.0.7499.169)

✗ 输入文本失败

开始翻译流程 (尝试 2/2):
========================================
步骤1: 输入藏语文本...
输入文本时出错: Message: tab crashed
  (Session info: chrome=143.0.7499.169)

✗ 输入文本失败
========================================
✗ 翻译失败，跳过此行
✓ 已保存到文件: 343/4500 条

[344/4500] 翻译进度: 7.6%
藏语原文: ཡནོར་ནོར་དང་ཡོན་ཏན་གྱི་སེམས་ནང་ལ་ཡང་རང་སོ་སོའི་པཱ་...

开始翻译流程 (尝试 1/2):
========================================
步骤1: 输入藏语文本...
输入文本时出错: Message: tab crashed
  (Session info: chrome=143.0.7499.169)

✗ 输入文本失败

开始翻译流程 (尝试 2/2):
========================================
步骤1: 输入藏语文本...
输入文本时出错: Message: tab crashed
  (Session info: chrome=143.0.7499.169)

✗ 输入文本失败
========================================
✗ 翻译失败，跳过此行
✓ 已保存到文件: 344/4500 条

[345/4500] 翻译进度: 7.7%
藏语原文: དབྱང་དབྱང་རང་གང་དུ་འགྲོའམ་ཞེས་དྲིས་པར།

开始翻译流程 (尝试 1/2):
========================================
步骤1: 输入藏语文本...
输入文本时出错: Message: tab crashed
  (Session info: chrome=143.0.7499.169)

✗ 输入文本失败

开始翻译流程 (尝试 2/2):
========================================
步骤1: 输入藏语文本...
输入文本时出错: Message: tab crashed
  (Session info: chrome=143.0.7499.169)

✗ 输入文本失败
========================================
✗ 翻译失败，跳过此行
✓ 已保存到文件: 345/4500 条

[346/4500] 翻译进度: 7.7%
藏语原文: ཡིན་ནའང་ཁོ་པས་དེ་ནི་གསལ་གསལ་ཐིང་ཐིང་བློ་ལ་ངེས་འདུག...

开始翻译流程 (尝试 1/2):
========================================
步骤1: 输入藏语文本...
输入文本时出错: Message: tab crashed
  (Session info: chrome=143.0.7499.169)

✗ 输入文本失败

开始翻译流程 (尝试 2/2):
========================================
步骤1: 输入藏语文本...
输入文本时出错: Message: tab crashed
  (Session info: chrome=143.0.7499.169)

✗ 输入文本失败
========================================
✗ 翻译失败，跳过此行
✓ 已保存到文件: 346/4500 条

[347/4500] 翻译进度: 7.7%
藏语原文: ད་འོ་ན་འདུག་སེ་ཡིན་དཱ།

开始翻译流程 (尝试 1/2):
========================================
步骤1: 输入藏语文本...
输入文本时出错: Message: tab crashed
  (Session info: chrome=143.0.7499.169)

✗ 输入文本失败

开始翻译流程 (尝试 2/2):
========================================
步骤1: 输入藏语文本...
输入文本时出错: Message: tab crashed
  (Session info: chrome=143.0.7499.169)

✗ 输入文本失败
========================================
✗ 翻译失败，跳过此行
✓ 已保存到文件: 347/4500 条

[348/4500] 翻译进度: 7.7%
藏语原文: ཁྱེད་རང་ཐུགས་བསམ་ཞིག་བཞེས་གནང་དང་།

开始翻译流程 (尝试 1/2):
========================================
步骤1: 输入藏语文本...
输入文本时出错: Message: tab crashed
  (Session info: chrome=143.0.7499.169)

✗ 输入文本失败

开始翻译流程 (尝试 2/2):
========================================
步骤1: 输入藏语文本...
输入文本时出错: Message: tab crashed
  (Session info: chrome=143.0.7499.169)

✗ 输入文本失败
========================================
✗ 翻译失败，跳过此行
✓ 已保存到文件: 348/4500 条

[349/4500] 翻译进度: 7.8%
藏语原文: ཁྱེད་རང་ཐུགས་ཁྲལ་གནང་མི་དགོས།

开始翻译流程 (尝试 1/2):
========================================
步骤1: 输入藏语文本...
输入文本时出错: Message: tab crashed
  (Session info: chrome=143.0.7499.169)

✗ 输入文本失败

开始翻译流程 (尝试 2/2):
========================================
步骤1: 输入藏语文本...
输入文本时出错: Message: tab crashed
  (Session info: chrome=143.0.7499.169)

✗ 输入文本失败
========================================
✗ 翻译失败，跳过此行
✓ 已保存到文件: 349/4500 条

[350/4500] 翻译进度: 7.8%
藏语原文: རྒྱུན་དུ་ང་རང་ཞོག་ཁོག་བཟའ་རྒྱུར་དགའ་པོ་ཡོད།

开始翻译流程 (尝试 1/2):
========================================
步骤1: 输入藏语文本...
输入文本时出错: Message: tab crashed
  (Session info: chrome=143.0.7499.169)

✗ 输入文本失败

开始翻译流程 (尝试 2/2):
========================================
步骤1: 输入藏语文本...
输入文本时出错: Message: tab crashed
  (Session info: chrome=143.0.7499.169)

✗ 输入文本失败
========================================
✗ 翻译失败，跳过此行
✓ 已保存到文件: 350/4500 条

[351/4500] 翻译进度: 7.8%
藏语原文: དེ་ནས་རྒན་སྒྲོལ་དཀར་ལགས་ཀྱིས་རིའི་སྟེང་ལ་ཡོད་པའི་ས...

开始翻译流程 (尝试 1/2):
========================================
步骤1: 输入藏语文本...
输入文本时出错: Message: tab crashed
  (Session info: chrome=143.0.7499.169)

✗ 输入文本失败

开始翻译流程 (尝试 2/2):
========================================
步骤1: 输入藏语文本...
输入文本时出错: Message: tab crashed
  (Session info: chrome=143.0.7499.169)

✗ 输入文本失败
========================================
✗ 翻译失败，跳过此行
✓ 已保存到文件: 351/4500 条

[352/4500] 翻译进度: 7.8%
藏语原文: ང་སྐབས་དེར་རྒན་ལགས་ཀྱིས་སློབ་ཕྲུག་རྣམས་ལ་དག་བཤེར་ཞ...

开始翻译流程 (尝试 1/2):
========================================
步骤1: 输入藏语文本...
输入文本时出错: Message: tab crashed
  (Session info: chrome=143.0.7499.169)

✗ 输入文本失败

开始翻译流程 (尝试 2/2):
========================================
步骤1: 输入藏语文本...
输入文本时出错: Message: tab crashed
  (Session info: chrome=143.0.7499.169)

✗ 输入文本失败
========================================
✗ 翻译失败，跳过此行
✓ 已保存到文件: 352/4500 条

[353/4500] 翻译进度: 7.8%
藏语原文: ཡིན་ནའང་ང་རང་ནམ་རྒྱུན་ནས་ལྟ་བ་མཐོ་བས་ལབ་ནུས་མ་བྱུང...

开始翻译流程 (尝试 1/2):
========================================
步骤1: 输入藏语文本...
输入文本时出错: Message: tab crashed
  (Session info: chrome=143.0.7499.169)

✗ 输入文本失败

开始翻译流程 (尝试 2/2):
========================================
步骤1: 输入藏语文本...
输入文本时出错: Message: tab crashed
  (Session info: chrome=143.0.7499.169)

✗ 输入文本失败
========================================
✗ 翻译失败，跳过此行
✓ 已保存到文件: 353/4500 条

[354/4500] 翻译进度: 7.9%
藏语原文: ཕ་ཡུལ་གངས་ལྗོངས་ཀྱི་མདུན་ལམ་ལ་སེམས་འཁུར་ཀྱི་འོ་མཚོ...

开始翻译流程 (尝试 1/2):
========================================
步骤1: 输入藏语文本...
输入文本时出错: Message: tab crashed
  (Session info: chrome=143.0.7499.169)

✗ 输入文本失败

开始翻译流程 (尝试 2/2):
========================================
步骤1: 输入藏语文本...
输入文本时出错: Message: tab crashed
  (Session info: chrome=143.0.7499.169)

✗ 输入文本失败
========================================
✗ 翻译失败，跳过此行
✓ 已保存到文件: 354/4500 条

[355/4500] 翻译进度: 7.9%
藏语原文: ང་རང་བོད་ནང་བསྡད་ནས་དེ་རང་ཞུ་ཡི་ཡོད།

开始翻译流程 (尝试 1/2):
========================================
步骤1: 输入藏语文本...
输入文本时出错: Message: tab crashed
  (Session info: chrome=143.0.7499.169)

✗ 输入文本失败

开始翻译流程 (尝试 2/2):
========================================
步骤1: 输入藏语文本...
输入文本时出错: Message: tab crashed
  (Session info: chrome=143.0.7499.169)

✗ 输入文本失败
========================================
✗ 翻译失败，跳过此行
✓ 已保存到文件: 355/4500 条

[356/4500] 翻译进度: 7.9%
藏语原文: རང་རང་ལས་གནས་ནས་བྱས་རྗེས་བཞག་པ་ལ་མི་དམངས་ཀྱིས་གུས་...

开始翻译流程 (尝试 1/2):
========================================
步骤1: 输入藏语文本...
输入文本时出错: Message: tab crashed
  (Session info: chrome=143.0.7499.169)

✗ 输入文本失败

开始翻译流程 (尝试 2/2):
========================================
步骤1: 输入藏语文本...
输入文本时出错: Message: tab crashed
  (Session info: chrome=143.0.7499.169)

✗ 输入文本失败
========================================
✗ 翻译失败，跳过此行
✓ 已保存到文件: 356/4500 条

[357/4500] 翻译进度: 7.9%
藏语原文: རང་རང་ལ་ཕན་པས་ན།

开始翻译流程 (尝试 1/2):
========================================
步骤1: 输入藏语文本...
输入文本时出错: Message: tab crashed
  (Session info: chrome=143.0.7499.169)

✗ 输入文本失败

开始翻译流程 (尝试 2/2):
========================================
步骤1: 输入藏语文本...
输入文本时出错: Message: tab crashed
  (Session info: chrome=143.0.7499.169)

✗ 输入文本失败
========================================
✗ 翻译失败，跳过此行
✓ 已保存到文件: 357/4500 条

[358/4500] 翻译进度: 8.0%
藏语原文: གལ་ཏེ་ཁོ་རང་སེམས་ཤེས་པ་ཞིག་མིན་གྱུར་ན།

开始翻译流程 (尝试 1/2):
========================================
步骤1: 输入藏语文本...
输入文本时出错: Message: tab crashed
  (Session info: chrome=143.0.7499.169)

✗ 输入文本失败

开始翻译流程 (尝试 2/2):
========================================
步骤1: 输入藏语文本...
输入文本时出错: Message: tab crashed
  (Session info: chrome=143.0.7499.169)

✗ 输入文本失败
========================================
✗ 翻译失败，跳过此行
✓ 已保存到文件: 358/4500 条

[359/4500] 翻译进度: 8.0%
藏语原文: རང་ཁྱིམ་གྱི་ཕ་མ་དང་ཆུང་མའི་གནོན་ཤུགས་ཕོག་པས་རང་འདུ...

开始翻译流程 (尝试 1/2):
========================================
步骤1: 输入藏语文本...
输入文本时出错: Message: tab crashed
  (Session info: chrome=143.0.7499.169)

✗ 输入文本失败

开始翻译流程 (尝试 2/2):
========================================
步骤1: 输入藏语文本...
输入文本时出错: Message: tab crashed
  (Session info: chrome=143.0.7499.169)

✗ 输入文本失败
========================================
✗ 翻译失败，跳过此行
✓ 已保存到文件: 359/4500 条

[360/4500] 翻译进度: 8.0%
藏语原文: ང་རང་དགའ་སྤྲོ་ཧ་ཅང་ཆེན་པོ་བྱུང་།

开始翻译流程 (尝试 1/2):
========================================
步骤1: 输入藏语文本...
输入文本时出错: Message: tab crashed
  (Session info: chrome=143.0.7499.169)

✗ 输入文本失败

开始翻译流程 (尝试 2/2):
========================================
步骤1: 输入藏语文本...
输入文本时出错: Message: tab crashed
  (Session info: chrome=143.0.7499.169)

✗ 输入文本失败
========================================
✗ 翻译失败，跳过此行
✓ 已保存到文件: 360/4500 条

[361/4500] 翻译进度: 8.0%
藏语原文: བཟའ་འདུག་སྤྱོད་གསུམ་གྱི་ཕྱོགས་གང་ཐད་ལ་བརྩི་འཇོག་བྱ...

开始翻译流程 (尝试 1/2):
========================================
步骤1: 输入藏语文本...
输入文本时出错: Message: tab crashed
  (Session info: chrome=143.0.7499.169)

✗ 输入文本失败

开始翻译流程 (尝试 2/2):
========================================
步骤1: 输入藏语文本...
输入文本时出错: Message: tab crashed
  (Session info: chrome=143.0.7499.169)

✗ 输入文本失败
========================================
✗ 翻译失败，跳过此行
✓ 已保存到文件: 361/4500 条

[362/4500] 翻译进度: 8.0%
藏语原文: རང་རང་མཁོ་ཙམ་ལེན་པ་བྱ་མི་རུང་།

开始翻译流程 (尝试 1/2):
========================================
步骤1: 输入藏语文本...
输入文本时出错: Message: tab crashed
  (Session info: chrome=143.0.7499.169)

✗ 输入文本失败

开始翻译流程 (尝试 2/2):
========================================
步骤1: 输入藏语文本...
输入文本时出错: Message: tab crashed
  (Session info: chrome=143.0.7499.169)

✗ 输入文本失败
========================================
✗ 翻译失败，跳过此行
✓ 已保存到文件: 362/4500 条

[363/4500] 翻译进度: 8.1%
藏语原文: ཕན་ཚུན་དམིགས་བསལ་སྒོས་ཆེ་བ་གཅིག་མཐུན་ཆུང་བ་སོར་འཇོ...

开始翻译流程 (尝试 1/2):
========================================
步骤1: 输入藏语文本...
输入文本时出错: Message: tab crashed
  (Session info: chrome=143.0.7499.169)

✗ 输入文本失败

开始翻译流程 (尝试 2/2):
========================================
步骤1: 输入藏语文本...
输入文本时出错: Message: tab crashed
  (Session info: chrome=143.0.7499.169)

✗ 输入文本失败
========================================
✗ 翻译失败，跳过此行
✓ 已保存到文件: 363/4500 条

[364/4500] 翻译进度: 8.1%
藏语原文: ལུས་ལ་གྲྭ་བླཆས་དམར་པོ་གྱོན་ཅིང་སྐྲ་བཞར་ནས་དེར་འདུག...

开始翻译流程 (尝试 1/2):
========================================
步骤1: 输入藏语文本...
输入文本时出错: Message: tab crashed
  (Session info: chrome=143.0.7499.169)

✗ 输入文本失败

开始翻译流程 (尝试 2/2):
========================================
步骤1: 输入藏语文本...
输入文本时出错: Message: tab crashed
  (Session info: chrome=143.0.7499.169)

✗ 输入文本失败
========================================
✗ 翻译失败，跳过此行
✓ 已保存到文件: 364/4500 条

[365/4500] 翻译进度: 8.1%
藏语原文: དེར་བརྟེན་རང་རང་ཆུང་དུས་ནས་ཕ་མ་སྙོར་སྐྱོང་དང་ཞབས་ཞ...

开始翻译流程 (尝试 1/2):
========================================
步骤1: 输入藏语文本...
输入文本时出错: Message: tab crashed
  (Session info: chrome=143.0.7499.169)

✗ 输入文本失败

开始翻译流程 (尝试 2/2):
========================================
步骤1: 输入藏语文本...
输入文本时出错: Message: tab crashed
  (Session info: chrome=143.0.7499.169)

✗ 输入文本失败
========================================
✗ 翻译失败，跳过此行
✓ 已保存到文件: 365/4500 条

[366/4500] 翻译进度: 8.1%
藏语原文: རང་རང་ལ་ཐོབ་པའི་དལ་འབྱོར་གྱི་རྟེན་བཟང་བོ་འདི་ཉིད་ད...

开始翻译流程 (尝试 1/2):
========================================
步骤1: 输入藏语文本...
输入文本时出错: Message: tab crashed
  (Session info: chrome=143.0.7499.169)

✗ 输入文本失败

开始翻译流程 (尝试 2/2):
========================================
步骤1: 输入藏语文本...
输入文本时出错: Message: tab crashed
  (Session info: chrome=143.0.7499.169)

✗ 输入文本失败
========================================
✗ 翻译失败，跳过此行
✓ 已保存到文件: 366/4500 条

[367/4500] 翻译进度: 8.2%
藏语原文: དེ་ལྟར་བཅའ་ཡི་མ་འདུག་ལྷག་པར་དུ་ཅོ་ནེའི་ས་ཆ་ལ་མཚོན་...

开始翻译流程 (尝试 1/2):
========================================
步骤1: 输入藏语文本...
输入文本时出错: Message: tab crashed
  (Session info: chrome=143.0.7499.169)

✗ 输入文本失败

开始翻译流程 (尝试 2/2):
========================================
步骤1: 输入藏语文本...
输入文本时出错: Message: tab crashed
  (Session info: chrome=143.0.7499.169)

✗ 输入文本失败
========================================
✗ 翻译失败，跳过此行
✓ 已保存到文件: 367/4500 条

[368/4500] 翻译进度: 8.2%
藏语原文: རང་རང་ཡང་སྐྱིད་པོ་ཞིག་མི་ཡོང་།

开始翻译流程 (尝试 1/2):
========================================
步骤1: 输入藏语文本...
输入文本时出错: Message: tab crashed
  (Session info: chrome=143.0.7499.169)

✗ 输入文本失败

开始翻译流程 (尝试 2/2):
========================================
步骤1: 输入藏语文本...
输入文本时出错: Message: tab crashed
  (Session info: chrome=143.0.7499.169)

✗ 输入文本失败
========================================
✗ 翻译失败，跳过此行
✓ 已保存到文件: 368/4500 条

[369/4500] 翻译进度: 8.2%
藏语原文: རང་རང་ལ་ཐོབ་པའི་དལ་འབྱོར་གྱི་རྟེན་བཟང་པོ་འདི་དོན་ལ...

开始翻译流程 (尝试 1/2):
========================================
步骤1: 输入藏语文本...
输入文本时出错: Message: tab crashed
  (Session info: chrome=143.0.7499.169)

✗ 输入文本失败

开始翻译流程 (尝试 2/2):
========================================
步骤1: 输入藏语文本...
输入文本时出错: Message: tab crashed
  (Session info: chrome=143.0.7499.169)

✗ 输入文本失败
========================================
✗ 翻译失败，跳过此行
✓ 已保存到文件: 369/4500 条

[370/4500] 翻译进度: 8.2%
藏语原文: ཆབ་སྲིད་སློབ་སྦྱོང་དེ་ཕྲན་བུ་མང་དྲགས་འདུག་ཟེར།

开始翻译流程 (尝试 1/2):
========================================
步骤1: 输入藏语文本...
输入文本时出错: Message: tab crashed
  (Session info: chrome=143.0.7499.169)

✗ 输入文本失败

开始翻译流程 (尝试 2/2):
========================================
步骤1: 输入藏语文本...
输入文本时出错: Message: tab crashed
  (Session info: chrome=143.0.7499.169)

✗ 输入文本失败
========================================
✗ 翻译失败，跳过此行
✓ 已保存到文件: 370/4500 条

[371/4500] 翻译进度: 8.2%
藏语原文: ཡིན་ནའང་སྡུག་ཡུས་གསུངས་ན་དེ་ཡག་པོ་རང་མི་འདུག་བསམས་...

开始翻译流程 (尝试 1/2):
========================================
步骤1: 输入藏语文本...
输入文本时出错: Message: tab crashed
  (Session info: chrome=143.0.7499.169)

✗ 输入文本失败

开始翻译流程 (尝试 2/2):
========================================
步骤1: 输入藏语文本...
输入文本时出错: Message: tab crashed
  (Session info: chrome=143.0.7499.169)

✗ 输入文本失败
========================================
✗ 翻译失败，跳过此行
✓ 已保存到文件: 371/4500 条

[372/4500] 翻译进度: 8.3%
藏语原文: མི་གཅིག་མི་འདུག་གམ།

开始翻译流程 (尝试 1/2):
========================================
步骤1: 输入藏语文本...
输入文本时出错: Message: tab crashed
  (Session info: chrome=143.0.7499.169)

✗ 输入文本失败

开始翻译流程 (尝试 2/2):
========================================
步骤1: 输入藏语文本...
输入文本时出错: Message: tab crashed
  (Session info: chrome=143.0.7499.169)

✗ 输入文本失败
========================================
✗ 翻译失败，跳过此行
✓ 已保存到文件: 372/4500 条

[373/4500] 翻译进度: 8.3%
藏语原文: སྔགས་པ་དེ་ཡང་མང་དུ་གཏོང་དགོས་ཀྱི་འདུག་ཟེར།

开始翻译流程 (尝试 1/2):
========================================
步骤1: 输入藏语文本...
输入文本时出错: Message: tab crashed
  (Session info: chrome=143.0.7499.169)

✗ 输入文本失败

开始翻译流程 (尝试 2/2):
========================================
步骤1: 输入藏语文本...
输入文本时出错: Message: tab crashed
  (Session info: chrome=143.0.7499.169)

✗ 输入文本失败
========================================
✗ 翻译失败，跳过此行
✓ 已保存到文件: 373/4500 条

[374/4500] 翻译进度: 8.3%
藏语原文: ལྡབ་གཅིག་ཡར་སྤར་དགོས་ཀྱི་འདུག་ཟེར།

开始翻译流程 (尝试 1/2):
========================================
步骤1: 输入藏语文本...
输入文本时出错: Message: tab crashed
  (Session info: chrome=143.0.7499.169)

✗ 输入文本失败

开始翻译流程 (尝试 2/2):
========================================
步骤1: 输入藏语文本...
输入文本时出错: Message: tab crashed
  (Session info: chrome=143.0.7499.169)

✗ 输入文本失败
========================================
✗ 翻译失败，跳过此行
✓ 已保存到文件: 374/4500 条

[375/4500] 翻译进度: 8.3%
藏语原文: མ་བྱུང་བ་མ་ཟད་ངའི་ཁང་པ་ལ་སོགས་པ་ལས་བྱེད་ཚོས་ཟིན་བས...

开始翻译流程 (尝试 1/2):
========================================
步骤1: 输入藏语文本...
输入文本时出错: Message: tab crashed
  (Session info: chrome=143.0.7499.169)

✗ 输入文本失败

开始翻译流程 (尝试 2/2):
========================================
步骤1: 输入藏语文本...
输入文本时出错: Message: tab crashed
  (Session info: chrome=143.0.7499.169)

✗ 输入文本失败
========================================
✗ 翻译失败，跳过此行
✓ 已保存到文件: 375/4500 条

[376/4500] 翻译进度: 8.4%
藏语原文: ད་ལྟ་སེ་འབྲས་ལ་ཡིན་ནའང་དེ་འདྲ་འདུག་ག་ངས་མིང་ཞུ་ཡི་...

开始翻译流程 (尝试 1/2):
========================================
步骤1: 输入藏语文本...
输入文本时出错: Message: tab crashed
  (Session info: chrome=143.0.7499.169)

✗ 输入文本失败

开始翻译流程 (尝试 2/2):
========================================
步骤1: 输入藏语文本...
输入文本时出错: Message: tab crashed
  (Session info: chrome=143.0.7499.169)

✗ 输入文本失败
========================================
✗ 翻译失败，跳过此行
✓ 已保存到文件: 376/4500 条

[377/4500] 翻译进度: 8.4%
藏语原文: ང་རང་བོད་ནང་བསྡད་ནས་དེ་རང་ཞུ་ཡི་ཡོད།

开始翻译流程 (尝试 1/2):
========================================
步骤1: 输入藏语文本...
输入文本时出错: Message: tab crashed
  (Session info: chrome=143.0.7499.169)

✗ 输入文本失败

开始翻译流程 (尝试 2/2):
========================================
步骤1: 输入藏语文本...
输入文本时出错: Message: tab crashed
  (Session info: chrome=143.0.7499.169)

✗ 输入文本失败
========================================
✗ 翻译失败，跳过此行
✓ 已保存到文件: 377/4500 条

[378/4500] 翻译进度: 8.4%
藏语原文: ང་ཤ་རྒྱག་ལོས་ཀྱི་ཚད་ད་ལྟ་ལྡང་པ་འདུག་གཉིས་པ།

开始翻译流程 (尝试 1/2):
========================================
步骤1: 输入藏语文本...
输入文本时出错: Message: tab crashed
  (Session info: chrome=143.0.7499.169)

✗ 输入文本失败

开始翻译流程 (尝试 2/2):
========================================
步骤1: 输入藏语文本...
输入文本时出错: Message: tab crashed
  (Session info: chrome=143.0.7499.169)

✗ 输入文本失败
========================================
✗ 翻译失败，跳过此行
✓ 已保存到文件: 378/4500 条

[379/4500] 翻译进度: 8.4%
藏语原文: གཡུལ་ངོའི་ཐོག་མ་ལ་རབ་ཏུ་འདུག་པ།

开始翻译流程 (尝试 1/2):
========================================
步骤1: 输入藏语文本...
输入文本时出错: Message: tab crashed
  (Session info: chrome=143.0.7499.169)

✗ 输入文本失败

开始翻译流程 (尝试 2/2):
========================================
步骤1: 输入藏语文本...
输入文本时出错: Message: tab crashed
  (Session info: chrome=143.0.7499.169)

✗ 输入文本失败
========================================
✗ 翻译失败，跳过此行
✓ 已保存到文件: 379/4500 条

[380/4500] 翻译进度: 8.4%
藏语原文: རྔོག་མ་ལྕང་ལོར་འདུག་པ།

开始翻译流程 (尝试 1/2):
========================================
步骤1: 输入藏语文本...
输入文本时出错: Message: tab crashed
  (Session info: chrome=143.0.7499.169)

✗ 输入文本失败

开始翻译流程 (尝试 2/2):
========================================
步骤1: 输入藏语文本...
输入文本时出错: Message: tab crashed
  (Session info: chrome=143.0.7499.169)

✗ 输入文本失败
========================================
✗ 翻译失败，跳过此行
✓ 已保存到文件: 380/4500 条

[381/4500] 翻译进度: 8.5%
藏语原文: ཟུར་བརྒྱད་དུ་འདུག་པ།

开始翻译流程 (尝试 1/2):
========================================
步骤1: 输入藏语文本...
输入文本时出错: Message: tab crashed
  (Session info: chrome=143.0.7499.169)

✗ 输入文本失败

开始翻译流程 (尝试 2/2):
========================================
步骤1: 输入藏语文本...
输入文本时出错: Message: tab crashed
  (Session info: chrome=143.0.7499.169)

✗ 输入文本失败
========================================
✗ 翻译失败，跳过此行
✓ 已保存到文件: 381/4500 条

[382/4500] 翻译进度: 8.5%
藏语原文: མགུལ་རིམ་བཞིན་དུ་འདུག་པ།

开始翻译流程 (尝试 1/2):
========================================
步骤1: 输入藏语文本...
输入文本时出错: Message: tab crashed
  (Session info: chrome=143.0.7499.169)

✗ 输入文本失败

开始翻译流程 (尝试 2/2):
========================================
步骤1: 输入藏语文本...
输入文本时出错: Message: tab crashed
  (Session info: chrome=143.0.7499.169)

✗ 输入文本失败
========================================
✗ 翻译失败，跳过此行
✓ 已保存到文件: 382/4500 条

[383/4500] 翻译进度: 8.5%
藏语原文: ལག་པ་དང་རྐང་པའི་མཐིལ་རྒྱ་སྐྱེགས་ཀྱི་ཁུ་བ་ལྟར་འདུག་...

开始翻译流程 (尝试 1/2):
========================================
步骤1: 输入藏语文本...
输入文本时出错: Message: tab crashed
  (Session info: chrome=143.0.7499.169)

✗ 输入文本失败

开始翻译流程 (尝试 2/2):
========================================
步骤1: 输入藏语文本...
输入文本时出错: Message: tab crashed
  (Session info: chrome=143.0.7499.169)

✗ 输入文本失败
========================================
✗ 翻译失败，跳过此行
✓ 已保存到文件: 383/4500 条

[384/4500] 翻译进度: 8.5%
藏语原文: དེ་ན་འདུག་ཅིང་དེ་ནི་འདི་སྙམ་སེམས།

开始翻译流程 (尝试 1/2):
========================================
步骤1: 输入藏语文本...
输入文本时出错: Message: tab crashed
  (Session info: chrome=143.0.7499.169)

✗ 输入文本失败

开始翻译流程 (尝试 2/2):
========================================
步骤1: 输入藏语文本...
输入文本时出错: Message: tab crashed
  (Session info: chrome=143.0.7499.169)

✗ 输入文本失败
========================================
✗ 翻译失败，跳过此行
✓ 已保存到文件: 384/4500 条

[385/4500] 翻译进度: 8.6%
藏语原文: རྣམས་ཀྱི་མདུན་དུ་འདུག་ནས་འདི་སྐད་སྨྲས།

开始翻译流程 (尝试 1/2):
========================================
步骤1: 输入藏语文本...
输入文本时出错: Message: tab crashed
  (Session info: chrome=143.0.7499.169)

✗ 输入文本失败

开始翻译流程 (尝试 2/2):
========================================
步骤1: 输入藏语文本...
输入文本时出错: Message: tab crashed
  (Session info: chrome=143.0.7499.169)

✗ 输入文本失败
========================================
✗ 翻译失败，跳过此行
✓ 已保存到文件: 385/4500 条

[386/4500] 翻译进度: 8.6%
藏语原文: བཅོམ་ལྡན་འདས་ལ་འདུད་ཅིང་ཕྱོགས་གཅིག་ཏུ་འདུག་གོ།

开始翻译流程 (尝试 1/2):
========================================
步骤1: 输入藏语文本...
输入文本时出错: Message: tab crashed
  (Session info: chrome=143.0.7499.169)

✗ 输入文本失败

开始翻译流程 (尝试 2/2):
========================================
步骤1: 输入藏语文本...
输入文本时出错: Message: tab crashed
  (Session info: chrome=143.0.7499.169)

✗ 输入文本失败
========================================
✗ 翻译失败，跳过此行
✓ 已保存到文件: 386/4500 条

[387/4500] 翻译进度: 8.6%
藏语原文: མཚན་ཐམས་ཅད་ཕུན་སུམ་ཚོགས་པར་འདུག་བཞིན་དུ་འབྱུང་ལ།

开始翻译流程 (尝试 1/2):
========================================
步骤1: 输入藏语文本...
输入文本时出错: Message: tab crashed
  (Session info: chrome=143.0.7499.169)

✗ 输入文本失败

开始翻译流程 (尝试 2/2):
========================================
步骤1: 输入藏语文本...
输入文本时出错: Message: tab crashed
  (Session info: chrome=143.0.7499.169)

✗ 输入文本失败
========================================
✗ 翻译失败，跳过此行
✓ 已保存到文件: 387/4500 条

[388/4500] 翻译进度: 8.6%
藏语原文: ཟང་དེ་མུན་པ་ཤིན་ཏུ་གནག་པའི་ནང་ན་རིའི་སྤོ་ལ་མེའི་ཕུ...

开始翻译流程 (尝试 1/2):
========================================
步骤1: 输入藏语文本...
输入文本时出错: Message: tab crashed
  (Session info: chrome=143.0.7499.169)

✗ 输入文本失败

开始翻译流程 (尝试 2/2):
========================================
步骤1: 输入藏语文本...
输入文本时出错: Message: tab crashed
  (Session info: chrome=143.0.7499.169)

✗ 输入文本失败
========================================
✗ 翻译失败，跳过此行
✓ 已保存到文件: 388/4500 条

[389/4500] 翻译进度: 8.6%
藏语原文: དེ་སྣང་བར་བྱས་ནས་དེ་སྟནགང་ལ་འདུག་པ་དེ་སྣང་བར་བྱེད་...

开始翻译流程 (尝试 1/2):
========================================
步骤1: 输入藏语文本...
输入文本时出错: Message: tab crashed
  (Session info: chrome=143.0.7499.169)

✗ 输入文本失败

开始翻译流程 (尝试 2/2):
========================================
步骤1: 输入藏语文本...
输入文本时出错: Message: tab crashed
  (Session info: chrome=143.0.7499.169)

✗ 输入文本失败
========================================
✗ 翻译失败，跳过此行
✓ 已保存到文件: 389/4500 条

[390/4500] 翻译进度: 8.7%
藏语原文: དེར་ནི་དཔའ་བོ་རྣམ་པར་འདྲེན་པ་ཞུགས་པར་གྱུར་ནས་འདུག།

开始翻译流程 (尝试 1/2):
========================================
步骤1: 输入藏语文本...
输入文本时出错: Message: tab crashed
  (Session info: chrome=143.0.7499.169)

✗ 输入文本失败

开始翻译流程 (尝试 2/2):
========================================
步骤1: 输入藏语文本...
输入文本时出错: Message: tab crashed
  (Session info: chrome=143.0.7499.169)

✗ 输入文本失败
========================================
✗ 翻译失败，跳过此行
✓ 已保存到文件: 390/4500 条

[391/4500] 翻译进度: 8.7%
藏语原文: སའི་ཕྱོགས་མཐོན་དམན་དུ་འདུག་པ་རྣམས་ཀྱང་མཉམ་པར་གནས་པ...

开始翻译流程 (尝试 1/2):
========================================
步骤1: 输入藏语文本...
输入文本时出错: Message: tab crashed
  (Session info: chrome=143.0.7499.169)

✗ 输入文本失败

开始翻译流程 (尝试 2/2):
========================================
步骤1: 输入藏语文本...
输入文本时出错: Message: tab crashed
  (Session info: chrome=143.0.7499.169)

✗ 输入文本失败
========================================
✗ 翻译失败，跳过此行
✓ 已保存到文件: 391/4500 条

[392/4500] 翻译进度: 8.7%
藏语原文: ཚུལ་དུ་ཤིས་པར་ནམ་མཁའི་དཀྱིལ་དུ་བལྟས་ནས་བྱ་སྨྱངས་བྱ...

开始翻译流程 (尝试 1/2):
========================================
步骤1: 输入藏语文本...
输入文本时出错: Message: tab crashed
  (Session info: chrome=143.0.7499.169)

✗ 输入文本失败

开始翻译流程 (尝试 2/2):
========================================
步骤1: 输入藏语文本...
输入文本时出错: Message: tab crashed
  (Session info: chrome=143.0.7499.169)

✗ 输入文本失败
========================================
✗ 翻译失败，跳过此行
✓ 已保存到文件: 392/4500 条

[393/4500] 翻译进度: 8.7%
藏语原文: དེ་པད་མ་ཆེན་པོ་དེ་ལ་འདུག་ནས་ཕྱོགས་བཞིར་རྣམ་པར་ལྟ་ས...

开始翻译流程 (尝试 1/2):
========================================
步骤1: 输入藏语文本...
输入文本时出错: Message: tab crashed
  (Session info: chrome=143.0.7499.169)

✗ 输入文本失败

开始翻译流程 (尝试 2/2):
========================================
步骤1: 输入藏语文本...
输入文本时出错: Message: tab crashed
  (Session info: chrome=143.0.7499.169)

✗ 输入文本失败
========================================
✗ 翻译失败，跳过此行
✓ 已保存到文件: 393/4500 条

[394/4500] 翻译进度: 8.8%
藏语原文: མདུན་དུ་འདུག་སྟེ་རྒྱལ་པོ་ཟས་གཙང་མ་ལ་འདི་སྐད་ཅེས་སྨ...

开始翻译流程 (尝试 1/2):
========================================
步骤1: 输入藏语文本...
输入文本时出错: Message: tab crashed
  (Session info: chrome=143.0.7499.169)

✗ 输入文本失败

开始翻译流程 (尝试 2/2):
========================================
步骤1: 输入藏语文本...
输入文本时出错: Message: tab crashed
  (Session info: chrome=143.0.7499.169)

✗ 输入文本失败
========================================
✗ 翻译失败，跳过此行
✓ 已保存到文件: 394/4500 条

[395/4500] 翻译进度: 8.8%
藏语原文: སེམསཞིང་འདུག་པར་གྱུར་ཏོ།

开始翻译流程 (尝试 1/2):
========================================
步骤1: 输入藏语文本...
输入文本时出错: Message: tab crashed
  (Session info: chrome=143.0.7499.169)

✗ 输入文本失败

开始翻译流程 (尝试 2/2):
========================================
步骤1: 输入藏语文本...
输入文本时出错: Message: tab crashed
  (Session info: chrome=143.0.7499.169)

✗ 输入文本失败
========================================
✗ 翻译失败，跳过此行
✓ 已保存到文件: 395/4500 条

[396/4500] 翻译进度: 8.8%
藏语原文: རྒྱལ་པོ་དེ་དག་གང་དུ་མཆི་ཡང་གྲིབ་མི་གདའ།

开始翻译流程 (尝试 1/2):
========================================
步骤1: 输入藏语文本...
输入文本时出错: Message: tab crashed
  (Session info: chrome=143.0.7499.169)

✗ 输入文本失败

开始翻译流程 (尝试 2/2):
========================================
步骤1: 输入藏语文本...
输入文本时出错: Message: tab crashed
  (Session info: chrome=143.0.7499.169)

✗ 输入文本失败
========================================
✗ 翻译失败，跳过此行
✓ 已保存到文件: 396/4500 条

[397/4500] 翻译进度: 8.8%
藏语原文: བསླངས་ནསནམ་མཁའི་དཀྱིལ་ན་འདུག་སྟེ།

开始翻译流程 (尝试 1/2):
========================================
步骤1: 输入藏语文本...
输入文本时出错: Message: tab crashed
  (Session info: chrome=143.0.7499.169)

✗ 输入文本失败

开始翻译流程 (尝试 2/2):
========================================
步骤1: 输入藏语文本...
输入文本时出错: Message: tab crashed
  (Session info: chrome=143.0.7499.169)

✗ 输入文本失败
========================================
✗ 翻译失败，跳过此行
✓ 已保存到文件: 397/4500 条

[398/4500] 翻译进度: 8.8%
藏语原文: ཟླ་བ་སྐར་མའི་ཚོགས་ནང་འདུག་འདྲ་ཞིང་།

开始翻译流程 (尝试 1/2):
========================================
步骤1: 输入藏语文本...
输入文本时出错: Message: tab crashed
  (Session info: chrome=143.0.7499.169)

✗ 输入文本失败

开始翻译流程 (尝试 2/2):
========================================
步骤1: 输入藏语文本...
输入文本时出错: Message: tab crashed
  (Session info: chrome=143.0.7499.169)

✗ 输入文本失败
========================================
✗ 翻译失败，跳过此行
✓ 已保存到文件: 398/4500 条

[399/4500] 翻译进度: 8.9%
藏语原文: བབས་ཏེ་ས་སྟེང་འདུག་ནས་འཛམ་བུའི་ཤིང་དྲུང་ན།

开始翻译流程 (尝试 1/2):
========================================
步骤1: 输入藏语文本...
输入文本时出错: Message: tab crashed
  (Session info: chrome=143.0.7499.169)

✗ 输入文本失败

开始翻译流程 (尝试 2/2):
========================================
步骤1: 输入藏语文本...
输入文本时出错: Message: tab crashed
  (Session info: chrome=143.0.7499.169)

✗ 输入文本失败
========================================
✗ 翻译失败，跳过此行
✓ 已保存到文件: 399/4500 条

[400/4500] 翻译进度: 8.9%
藏语原文: དེ་ལྟར་དཔལ་གྱིས་འབར་ཞིང་ཕན་བྱེད་འདུག་པ་མཐོང་།

开始翻译流程 (尝试 1/2):
========================================
步骤1: 输入藏语文本...
输入文本时出错: Message: tab crashed
  (Session info: chrome=143.0.7499.169)

✗ 输入文本失败

开始翻译流程 (尝试 2/2):
========================================
步骤1: 输入藏语文本...
输入文本时出错: Message: tab crashed
  (Session info: chrome=143.0.7499.169)

✗ 输入文本失败
========================================
✗ 翻译失败，跳过此行
✓ 已保存到文件: 400/4500 条

[401/4500] 翻译进度: 8.9%
藏语原文: དུས་གཞན་ཞིག་ན་རྒྱལ་པོ་ཟས་གཙང་མ་ཤཱཀྱའི་ཚོགས་དང་ལྷན་...

开始翻译流程 (尝试 1/2):
========================================
步骤1: 输入藏语文本...
输入文本时出错: Message: tab crashed
  (Session info: chrome=143.0.7499.169)

✗ 输入文本失败

开始翻译流程 (尝试 2/2):
========================================
步骤1: 输入藏语文本...
输入文本时出错: Message: tab crashed
  (Session info: chrome=143.0.7499.169)

✗ 输入文本失败
========================================
✗ 翻译失败，跳过此行
✓ 已保存到文件: 401/4500 条

[402/4500] 翻译进度: 8.9%
藏语原文: བརྒྱ་ལ་སྐྱེ་བོ་ཕལ་དང་བཞུགས་པར་འགྱུར་ཡངགདའ།

开始翻译流程 (尝试 1/2):
========================================
步骤1: 输入藏语文本...
输入文本时出错: Message: tab crashed
  (Session info: chrome=143.0.7499.169)

✗ 输入文本失败

开始翻译流程 (尝试 2/2):
========================================
步骤1: 输入藏语文本...
输入文本时出错: Message: tab crashed
  (Session info: chrome=143.0.7499.169)

✗ 输入文本失败
========================================
✗ 翻译失败，跳过此行
✓ 已保存到文件: 402/4500 条

[403/4500] 翻译进度: 9.0%
藏语原文: སེང་གེའི་ཁྲི་ལ་འདུག་གོ།

开始翻译流程 (尝试 1/2):
========================================
步骤1: 输入藏语文本...
输入文本时出错: Message: tab crashed
  (Session info: chrome=143.0.7499.169)

✗ 输入文本失败

开始翻译流程 (尝试 2/2):
========================================
步骤1: 输入藏语文本...
输入文本时出错: Message: tab crashed
  (Session info: chrome=143.0.7499.169)

✗ 输入文本失败
========================================
✗ 翻译失败，跳过此行
✓ 已保存到文件: 403/4500 条

[404/4500] 翻译进度: 9.0%
藏语原文: ངའང་འདི་སྐད་ཟེར་རོ་སྙམ་དུ་སེམས་ཤིང་འདུག་པར་གྱུར་ཏོ...

开始翻译流程 (尝试 1/2):
========================================
步骤1: 输入藏语文本...
输入文本时出错: Message: tab crashed
  (Session info: chrome=143.0.7499.169)

✗ 输入文本失败

开始翻译流程 (尝试 2/2):
========================================
步骤1: 输入藏语文本...
输入文本时出错: Message: tab crashed
  (Session info: chrome=143.0.7499.169)

✗ 输入文本失败
========================================
✗ 翻译失败，跳过此行
✓ 已保存到文件: 404/4500 条

[405/4500] 翻译进度: 9.0%
藏语原文: དེ་ནས་ཀུན་དགའ་བོས་རྒྱང་གྲགས་གཉིས་ཀྱི་ཕ་རོལ་ན་རྔའི་...

开始翻译流程 (尝试 1/2):
========================================
步骤1: 输入藏语文本...
输入文本时出错: Message: tab crashed
  (Session info: chrome=143.0.7499.169)

✗ 输入文本失败

开始翻译流程 (尝试 2/2):
========================================
步骤1: 输入藏语文本...
输入文本时出错: Message: tab crashed
  (Session info: chrome=143.0.7499.169)

✗ 输入文本失败
========================================
✗ 翻译失败，跳过此行
✓ 已保存到文件: 405/4500 条

[406/4500] 翻译进度: 9.0%
藏语原文: ལྷ་སྦྱིན་གྱིས་རྒྱང་གྲགས་བཞིའི་ཕ་རོལ་ན་རྔའི་འབེན་འད...

开始翻译流程 (尝试 1/2):
========================================
步骤1: 输入藏语文本...
输入文本时出错: Message: tab crashed
  (Session info: chrome=143.0.7499.169)

✗ 输入文本失败

开始翻译流程 (尝试 2/2):
========================================
步骤1: 输入藏语文本...
输入文本时出错: Message: tab crashed
  (Session info: chrome=143.0.7499.169)

✗ 输入文本失败
========================================
✗ 翻译失败，跳过此行
✓ 已保存到文件: 406/4500 条

[407/4500] 翻译进度: 9.0%
藏语原文: ལག་ན་བེ་ཅོན་ཅན་གྱིས་རྒྱང་གྲགས་བརྒྱད་ཀྱི་ཕ་རོལ་ན་རྔ...

开始翻译流程 (尝试 1/2):
========================================
步骤1: 输入藏语文本...
输入文本时出错: Message: tab crashed
  (Session info: chrome=143.0.7499.169)

✗ 输入文本失败

开始翻译流程 (尝试 2/2):
========================================
步骤1: 输入藏语文本...
输入文本时出错: Message: tab crashed
  (Session info: chrome=143.0.7499.169)

✗ 输入文本失败
========================================
✗ 翻译失败，跳过此行
✓ 已保存到文件: 407/4500 条

[408/4500] 翻译进度: 9.1%
藏语原文: འདུག་དང་འགྲེང་དང་འཆག་པ་ལ།

开始翻译流程 (尝试 1/2):
========================================
步骤1: 输入藏语文本...
输入文本时出错: Message: tab crashed
  (Session info: chrome=143.0.7499.169)

✗ 输入文本失败

开始翻译流程 (尝试 2/2):
========================================
步骤1: 输入藏语文本...
输入文本时出错: Message: tab crashed
  (Session info: chrome=143.0.7499.169)

✗ 输入文本失败
========================================
✗ 翻译失败，跳过此行
✓ 已保存到文件: 408/4500 条

[409/4500] 翻译进度: 9.1%
藏语原文: འགྲེང་བ་འམ་དེ་བཞིན་འདུག་པ་དང་།

开始翻译流程 (尝试 1/2):
========================================
步骤1: 输入藏语文本...
输入文本时出错: Message: tab crashed
  (Session info: chrome=143.0.7499.169)

✗ 输入文本失败

开始翻译流程 (尝试 2/2):
========================================
步骤1: 输入藏语文本...
输入文本时出错: Message: tab crashed
  (Session info: chrome=143.0.7499.169)

✗ 输入文本失败
========================================
✗ 翻译失败，跳过此行
✓ 已保存到文件: 409/4500 条

[410/4500] 翻译进度: 9.1%
藏语原文: མི་སྨྲར་འདུག་ཀྱང་དེ་བཞིན་མཛེས།

开始翻译流程 (尝试 1/2):
========================================
步骤1: 输入藏语文本...
输入文本时出错: Message: tab crashed
  (Session info: chrome=143.0.7499.169)

✗ 输入文本失败

开始翻译流程 (尝试 2/2):
========================================
步骤1: 输入藏语文本...
输入文本时出错: Message: tab crashed
  (Session info: chrome=143.0.7499.169)

✗ 输入文本失败
========================================
✗ 翻译失败，跳过此行
✓ 已保存到文件: 410/4500 条

[411/4500] 翻译进度: 9.1%
藏语原文: དེ་ལ་དགེ་སློང་དག་དུས་གཞན་ཞིག་ན་ལྷ་དང་།

开始翻译流程 (尝试 1/2):
========================================
步骤1: 输入藏语文本...
输入文本时出错: Message: tab crashed
  (Session info: chrome=143.0.7499.169)

✗ 输入文本失败

开始翻译流程 (尝试 2/2):
========================================
步骤1: 输入藏语文本...
输入文本时出错: Message: tab crashed
  (Session info: chrome=143.0.7499.169)

✗ 输入文本失败
========================================
✗ 翻译失败，跳过此行
✓ 已保存到文件: 411/4500 条

[412/4500] 翻译进度: 9.2%
藏语原文: རྡུལ་བྲལ་བསམ་གཏན་མངོན་ཤེས་ལམ་མེར་འདུག།

开始翻译流程 (尝试 1/2):
========================================
步骤1: 输入藏语文本...
输入文本时出错: Message: tab crashed
  (Session info: chrome=143.0.7499.169)

✗ 输入文本失败

开始翻译流程 (尝试 2/2):
========================================
步骤1: 输入藏语文本...
输入文本时出错: Message: tab crashed
  (Session info: chrome=143.0.7499.169)

✗ 输入文本失败
========================================
✗ 翻译失败，跳过此行
✓ 已保存到文件: 412/4500 条

[413/4500] 翻译进度: 9.2%
藏语原文: ས་དགའ་བ་དང་མཆོག་ཏུ་དགའ་བ་དམ་པ་སྐྱེད་པའི་ཁྱིམ་དམ་པ་...

开始翻译流程 (尝试 1/2):
========================================
步骤1: 输入藏语文本...
输入文本时出错: Message: tab crashed
  (Session info: chrome=143.0.7499.169)

✗ 输入文本失败

开始翻译流程 (尝试 2/2):
========================================
步骤1: 输入藏语文本...
输入文本时出错: Message: tab crashed
  (Session info: chrome=143.0.7499.169)

✗ 输入文本失败
========================================
✗ 翻译失败，跳过此行
✓ 已保存到文件: 413/4500 条

[414/4500] 翻译进度: 9.2%
藏语原文: གཟུགས་བཟང་བའི་ནང་ན་འདུག་པ།

开始翻译流程 (尝试 1/2):
========================================
步骤1: 输入藏语文本...
输入文本时出错: Message: tab crashed
  (Session info: chrome=143.0.7499.169)

✗ 输入文本失败

开始翻译流程 (尝试 2/2):
========================================
步骤1: 输入藏语文本...
输入文本时出错: Message: tab crashed
  (Session info: chrome=143.0.7499.169)

✗ 输入文本失败
========================================
✗ 翻译失败，跳过此行
✓ 已保存到文件: 414/4500 条

[415/4500] 翻译进度: 9.2%
藏语原文: མལ་ན་འདུག་པའི་གཞོན་ནུ་དེ་ལ་སྐུལ།

开始翻译流程 (尝试 1/2):
========================================
步骤1: 输入藏语文本...
输入文本时出错: Message: tab crashed
  (Session info: chrome=143.0.7499.169)

✗ 输入文本失败

开始翻译流程 (尝试 2/2):
========================================
步骤1: 输入藏语文本...
输入文本时出错: Message: tab crashed
  (Session info: chrome=143.0.7499.169)

✗ 输入文本失败
========================================
✗ 翻译失败，跳过此行
✓ 已保存到文件: 415/4500 条

[416/4500] 翻译进度: 9.2%
藏语原文: དེ་ཚེ་ཕོངས་ཤིང་འདུག་པའི་མི་དེ་བླངས་ཏེ་བདེ་ལ་རབ་ཏུ་...

开始翻译流程 (尝试 1/2):
========================================
步骤1: 输入藏语文本...
输入文本时出错: Message: tab crashed
  (Session info: chrome=143.0.7499.169)

✗ 输入文本失败

开始翻译流程 (尝试 2/2):
========================================
步骤1: 输入藏语文本...
输入文本时出错: Message: tab crashed
  (Session info: chrome=143.0.7499.169)

✗ 输入文本失败
========================================
✗ 翻译失败，跳过此行
✓ 已保存到文件: 416/4500 条

[417/4500] 翻译进度: 9.3%
藏语原文: རྒྱལ་པོའང་མཆོག་ཏུ་རབ་ཏུ་ཡིད་དམན་གྱུར་ཏེ་སེམས་ཁོངས་...

开始翻译流程 (尝试 1/2):
========================================
步骤1: 输入藏语文本...
输入文本时出错: Message: tab crashed
  (Session info: chrome=143.0.7499.169)

✗ 输入文本失败

开始翻译流程 (尝试 2/2):
========================================
步骤1: 输入藏语文本...
输入文本时出错: Message: tab crashed
  (Session info: chrome=143.0.7499.169)

✗ 输入文本失败
========================================
✗ 翻译失败，跳过此行
✓ 已保存到文件: 417/4500 条

[418/4500] 翻译进度: 9.3%
藏语原文: རི་རབ་ངོས་ལ་སེང་གེའི་ཁྲི་ལ་ལ་དུ་ད་ཅི་མ་འདུག་ནས་ནི།

开始翻译流程 (尝试 1/2):
========================================
步骤1: 输入藏语文本...
输入文本时出错: Message: tab crashed
  (Session info: chrome=143.0.7499.169)

✗ 输入文本失败

开始翻译流程 (尝试 2/2):
========================================
步骤1: 输入藏语文本...
输入文本时出错: Message: tab crashed
  (Session info: chrome=143.0.7499.169)

✗ 输入文本失败
========================================
✗ 翻译失败，跳过此行
✓ 已保存到文件: 418/4500 条

[419/4500] 翻译进度: 9.3%
藏语原文: རྒྱལ་པོ་ཟས་གཙང་མའི་ཁང་བཟངས་སུ་ཕྱིན་ནས་འདུག་གོ།

开始翻译流程 (尝试 1/2):
========================================
步骤1: 输入藏语文本...
输入文本时出错: Message: tab crashed
  (Session info: chrome=143.0.7499.169)

✗ 输入文本失败

开始翻译流程 (尝试 2/2):
========================================
步骤1: 输入藏语文本...
输入文本时出错: Message: tab crashed
  (Session info: chrome=143.0.7499.169)

✗ 输入文本失败
========================================
✗ 翻译失败，跳过此行
✓ 已保存到文件: 419/4500 条

[420/4500] 翻译进度: 9.3%
藏语原文: ནེ་ཚོ་ཁུ་བྱུག་ངུར་པ་དག་ཀྱང་རང་སྒྲ་འབྱིན།

开始翻译流程 (尝试 1/2):
========================================
步骤1: 输入藏语文本...
输入文本时出错: Message: tab crashed
  (Session info: chrome=143.0.7499.169)

✗ 输入文本失败

开始翻译流程 (尝试 2/2):
========================================
步骤1: 输入藏语文本...
输入文本时出错: Message: tab crashed
  (Session info: chrome=143.0.7499.169)

✗ 输入文本失败
========================================
✗ 翻译失败，跳过此行
✓ 已保存到文件: 420/4500 条

[421/4500] 翻译进度: 9.4%
藏语原文: དེ་ནི་རྒྱལ་པོའི་མདུན་དུའདུག་ནས་འདི་སྐད་སྨྲས།

开始翻译流程 (尝试 1/2):
========================================
步骤1: 输入藏语文本...
输入文本时出错: Message: tab crashed
  (Session info: chrome=143.0.7499.169)

✗ 输入文本失败

开始翻译流程 (尝试 2/2):
========================================
步骤1: 输入藏语文本...
输入文本时出错: Message: tab crashed
  (Session info: chrome=143.0.7499.169)

✗ 输入文本失败
========================================
✗ 翻译失败，跳过此行
✓ 已保存到文件: 421/4500 条

[422/4500] 翻译进度: 9.4%
藏语原文: གླུ་དབྱངས་ལེན་པའི་ཁང་བཟངས་ན་མལ་བདེ་བ་ལ་འདུག་པ།

开始翻译流程 (尝试 1/2):
========================================
步骤1: 输入藏语文本...
输入文本时出错: Message: tab crashed
  (Session info: chrome=143.0.7499.169)

✗ 输入文本失败

开始翻译流程 (尝试 2/2):
========================================
步骤1: 输入藏语文本...
输入文本时出错: Message: tab crashed
  (Session info: chrome=143.0.7499.169)

✗ 输入文本失败
========================================
✗ 翻译失败，跳过此行
✓ 已保存到文件: 422/4500 条

[423/4500] 翻译进度: 9.4%
藏语原文: ལྷའི་བུ་ཉི་མ་དང་ཟླ་བ་གཉིཀྱང་གློ་གཡས་གཡོས་ན་འདུག་པར...

开始翻译流程 (尝试 1/2):
========================================
步骤1: 输入藏语文本...
输入文本时出错: Message: tab crashed
  (Session info: chrome=143.0.7499.169)

✗ 输入文本失败

开始翻译流程 (尝试 2/2):
========================================
步骤1: 输入藏语文本...
输入文本时出错: Message: tab crashed
  (Session info: chrome=143.0.7499.169)

✗ 输入文本失败
========================================
✗ 翻译失败，跳过此行
✓ 已保存到文件: 423/4500 条

[424/4500] 翻译进度: 9.4%
藏语原文: མི་ཡི་དམ་པ་དེ་ཡི་མདུན་འདུག་ནས།

开始翻译流程 (尝试 1/2):
========================================
步骤1: 输入藏语文本...
输入文本时出错: Message: tab crashed
  (Session info: chrome=143.0.7499.169)

✗ 输入文本失败

开始翻译流程 (尝试 2/2):
========================================
步骤1: 输入藏语文本...
输入文本时出错: Message: tab crashed
  (Session info: chrome=143.0.7499.169)

✗ 输入文本失败
========================================
✗ 翻译失败，跳过此行
✓ 已保存到文件: 424/4500 条

[425/4500] 翻译进度: 9.4%
藏语原文: བདེ་སོགས་ཁྱིམ་ཐབ་བརྒྱ་བྱིན་དཔུང་བསྐོར་སྒོ་ན་མཛེས་པ...

开始翻译流程 (尝试 1/2):
========================================
步骤1: 输入藏语文本...
输入文本时出错: Message: tab crashed
  (Session info: chrome=143.0.7499.169)

✗ 输入文本失败

开始翻译流程 (尝试 2/2):
========================================
步骤1: 输入藏语文本...
输入文本时出错: Message: tab crashed
  (Session info: chrome=143.0.7499.169)

✗ 输入文本失败
========================================
✗ 翻译失败，跳过此行
✓ 已保存到文件: 425/4500 条

[426/4500] 翻译进度: 9.5%
藏语原文: གར་ལ་ལྟ་བ་བཞིན་དུ་བདག་ལ་གདའ།

开始翻译流程 (尝试 1/2):
========================================
步骤1: 输入藏语文本...
输入文本时出错: Message: tab crashed
  (Session info: chrome=143.0.7499.169)

✗ 输入文本失败

开始翻译流程 (尝试 2/2):
========================================
步骤1: 输入藏语文本...
输入文本时出错: Message: tab crashed
  (Session info: chrome=143.0.7499.169)

✗ 输入文本失败
========================================
✗ 翻译失败，跳过此行
✓ 已保存到文件: 426/4500 条

[427/4500] 翻译进度: 9.5%
藏语原文: འགྲེང་འདུག་ཉལ་དང་འཆག་པར་མི་བྱའོ།

开始翻译流程 (尝试 1/2):
========================================
步骤1: 输入藏语文本...
输入文本时出错: Message: tab crashed
  (Session info: chrome=143.0.7499.169)

✗ 输入文本失败

开始翻译流程 (尝试 2/2):
========================================
步骤1: 输入藏语文本...
输入文本时出错: Message: tab crashed
  (Session info: chrome=143.0.7499.169)

✗ 输入文本失败
========================================
✗ 翻译失败，跳过此行
✓ 已保存到文件: 427/4500 条

[428/4500] 翻译进度: 9.5%
藏语原文: ཁྱིམ་དང་སྲང་ན་འདུག་པར་མི་དགའོ།

开始翻译流程 (尝试 1/2):
========================================
步骤1: 输入藏语文本...
输入文本时出错: Message: tab crashed
  (Session info: chrome=143.0.7499.169)

✗ 输入文本失败

开始翻译流程 (尝试 2/2):
========================================
步骤1: 输入藏语文本...
输入文本时出错: Message: tab crashed
  (Session info: chrome=143.0.7499.169)

✗ 输入文本失败
========================================
✗ 翻译失败，跳过此行
✓ 已保存到文件: 428/4500 条

[429/4500] 翻译进度: 9.5%
藏语原文: རི་རྒྱལ་སྐྱའདུག་པ་འདི་ཡིན་ཟེར།

开始翻译流程 (尝试 1/2):
========================================
步骤1: 输入藏语文本...
输入文本时出错: Message: tab crashed
  (Session info: chrome=143.0.7499.169)

✗ 输入文本失败

开始翻译流程 (尝试 2/2):
========================================
步骤1: 输入藏语文本...
输入文本时出错: Message: tab crashed
  (Session info: chrome=143.0.7499.169)

✗ 输入文本失败
========================================
✗ 翻译失败，跳过此行
✓ 已保存到文件: 429/4500 条

[430/4500] 翻译进度: 9.6%
藏语原文: ཡིད་ནི་མཆོག་ཏུ་དགའ་ཞིང་སྐར་ཁུང་འདུག།

开始翻译流程 (尝试 1/2):
========================================
步骤1: 输入藏语文本...
输入文本时出错: Message: tab crashed
  (Session info: chrome=143.0.7499.169)

✗ 输入文本失败

开始翻译流程 (尝试 2/2):
========================================
步骤1: 输入藏语文本...
输入文本时出错: Message: tab crashed
  (Session info: chrome=143.0.7499.169)

✗ 输入文本失败
========================================
✗ 翻译失败，跳过此行
✓ 已保存到文件: 430/4500 条

[431/4500] 翻译进度: 9.6%
藏语原文: ཇི་སྲིད་འདོད་པར་ཞི་བའི་ཡིད་ཀྱིས་འདུག།

开始翻译流程 (尝试 1/2):
========================================
步骤1: 输入藏语文本...
输入文本时出错: Message: tab crashed
  (Session info: chrome=143.0.7499.169)

✗ 输入文本失败

开始翻译流程 (尝试 2/2):
========================================
步骤1: 输入藏语文本...
输入文本时出错: Message: tab crashed
  (Session info: chrome=143.0.7499.169)

✗ 输入文本失败
========================================
✗ 翻译失败，跳过此行
✓ 已保存到文件: 431/4500 条

[432/4500] 翻译进度: 9.6%
藏语原文: དཔའ་བོའི་ཚུལ་དུ་འདུག་པ་དང་།

开始翻译流程 (尝试 1/2):
========================================
步骤1: 输入藏语文本...
输入文本时出错: Message: tab crashed
  (Session info: chrome=143.0.7499.169)

✗ 输入文本失败

开始翻译流程 (尝试 2/2):
========================================
步骤1: 输入藏语文本...
输入文本时出错: Message: tab crashed
  (Session info: chrome=143.0.7499.169)

✗ 输入文本失败
========================================
✗ 翻译失败，跳过此行
✓ 已保存到文件: 432/4500 条

[433/4500] 翻译进度: 9.6%
藏语原文: ཙོག་ཙོགཔོར་འདུག་པ་དང་།

开始翻译流程 (尝试 1/2):
========================================
步骤1: 输入藏语文本...
输入文本时出错: Message: tab crashed
  (Session info: chrome=143.0.7499.169)

✗ 输入文本失败

开始翻译流程 (尝试 2/2):
========================================
步骤1: 输入藏语文本...
输入文本时出错: Message: tab crashed
  (Session info: chrome=143.0.7499.169)

✗ 输入文本失败
========================================
✗ 翻译失败，跳过此行
✓ 已保存到文件: 433/4500 条

[434/4500] 翻译进度: 9.6%
藏语原文: གཅེར་བུར་འདུག་པ་དང་།

开始翻译流程 (尝试 1/2):
========================================
步骤1: 输入藏语文本...
输入文本时出错: Message: tab crashed
  (Session info: chrome=143.0.7499.169)

✗ 输入文本失败

开始翻译流程 (尝试 2/2):
========================================
步骤1: 输入藏语文本...
输入文本时出错: Message: tab crashed
  (Session info: chrome=143.0.7499.169)

✗ 输入文本失败
========================================
✗ 翻译失败，跳过此行
✓ 已保存到文件: 434/4500 条

[435/4500] 翻译进度: 9.7%
藏语原文: གནས་གཅིག་ན་འདུག་པས་དཀའ་ཐུབ་ལ་སོགས་པ་དང་།

开始翻译流程 (尝试 1/2):
========================================
步骤1: 输入藏语文本...
输入文本时出错: Message: tab crashed
  (Session info: chrome=143.0.7499.169)

✗ 输入文本失败

开始翻译流程 (尝试 2/2):
========================================
步骤1: 输入藏语文本...
输入文本时出错: Message: tab crashed
  (Session info: chrome=143.0.7499.169)

✗ 输入文本失败
========================================
✗ 翻译失败，跳过此行
✓ 已保存到文件: 435/4500 条

[436/4500] 翻译进度: 9.7%
藏语原文: ས་སྟེང་འདུག་ཅིང་འགྲེང་བ་འདི་སུ་ཞིག།

开始翻译流程 (尝试 1/2):
========================================
步骤1: 输入藏语文本...
输入文本时出错: Message: tab crashed
  (Session info: chrome=143.0.7499.169)

✗ 输入文本失败

开始翻译流程 (尝试 2/2):
========================================
步骤1: 输入藏语文本...
输入文本时出错: Message: tab crashed
  (Session info: chrome=143.0.7499.169)

✗ 输入文本失败
========================================
✗ 翻译失败，跳过此行
✓ 已保存到文件: 436/4500 条

[437/4500] 翻译进度: 9.7%
藏语原文: དགེ་སློང་དག་དེ་ནས་ཟས་མི་ཟ་བར་འདུག་གོ།

开始翻译流程 (尝试 1/2):
========================================
步骤1: 输入藏语文本...
输入文本时出错: Message: tab crashed
  (Session info: chrome=143.0.7499.169)

✗ 输入文本失败

开始翻译流程 (尝试 2/2):
========================================
步骤1: 输入藏语文本...
输入文本时出错: Message: tab crashed
  (Session info: chrome=143.0.7499.169)

✗ 输入文本失败
========================================
✗ 翻译失败，跳过此行
✓ 已保存到文件: 437/4500 条

[438/4500] 翻译进度: 9.7%
藏语原文: ཇི་ལྟར་འདུག་པ་བཞིན་དུ་གནས་ཏེ།

开始翻译流程 (尝试 1/2):
========================================
步骤1: 输入藏语文本...
输入文本时出错: Message: tab crashed
  (Session info: chrome=143.0.7499.169)

✗ 输入文本失败

开始翻译流程 (尝试 2/2):
========================================
步骤1: 输入藏语文本...
输入文本时出错: Message: tab crashed
  (Session info: chrome=143.0.7499.169)

✗ 输入文本失败
========================================
✗ 翻译失败，跳过此行
✓ 已保存到文件: 438/4500 条

[439/4500] 翻译进度: 9.8%
藏语原文: འདུག་ཅེའམ་ཚུར་ཤོག་ཅེས་ལས་མིན།

开始翻译流程 (尝试 1/2):
========================================
步骤1: 输入藏语文本...
输入文本时出错: Message: tab crashed
  (Session info: chrome=143.0.7499.169)

✗ 输入文本失败

开始翻译流程 (尝试 2/2):
========================================
步骤1: 输入藏语文本...
输入文本时出错: Message: tab crashed
  (Session info: chrome=143.0.7499.169)

✗ 输入文本失败
========================================
✗ 翻译失败，跳过此行
✓ 已保存到文件: 439/4500 条

[440/4500] 翻译进度: 9.8%
藏语原文: ཚེར་མར་ཉལ་ཞིང་ཙོག་པུར་འདུག།

开始翻译流程 (尝试 1/2):
========================================
步骤1: 输入藏语文本...
输入文本时出错: Message: tab crashed
  (Session info: chrome=143.0.7499.169)

✗ 输入文本失败

开始翻译流程 (尝试 2/2):
========================================
步骤1: 输入藏语文本...
输入文本时出错: Message: tab crashed
  (Session info: chrome=143.0.7499.169)

✗ 输入文本失败
========================================
✗ 翻译失败，跳过此行
✓ 已保存到文件: 440/4500 条

[441/4500] 翻译进度: 9.8%
藏语原文: གང་དང་གང་དུ་མཆིས་ཀྱང་དེ་དང་དེ་ན་དགེ་སྦྱོང་མཛེས་པ་ག...

开始翻译流程 (尝试 1/2):
========================================
步骤1: 输入藏语文本...
输入文本时出错: Message: tab crashed
  (Session info: chrome=143.0.7499.169)

✗ 输入文本失败

开始翻译流程 (尝试 2/2):
========================================
步骤1: 输入藏语文本...
输入文本时出错: Message: tab crashed
  (Session info: chrome=143.0.7499.169)

✗ 输入文本失败
========================================
✗ 翻译失败，跳过此行
✓ 已保存到文件: 441/4500 条

[442/4500] 翻译进度: 9.8%
藏语原文: དགེ་སྦྱོང་ངམ་བྲམ་ཟེ་གཞན་ནི་འགའ་ཡང་མི་གདའོ།

开始翻译流程 (尝试 1/2):
========================================
步骤1: 输入藏语文本...
输入文本时出错: Message: tab crashed
  (Session info: chrome=143.0.7499.169)

✗ 输入文本失败

开始翻译流程 (尝试 2/2):
========================================
步骤1: 输入藏语文本...
输入文本时出错: Message: tab crashed
  (Session info: chrome=143.0.7499.169)

✗ 输入文本失败
========================================
✗ 翻译失败，跳过此行
✓ 已保存到文件: 442/4500 条

[443/4500] 翻译进度: 9.8%
藏语原文: རུང་བ་དག་ཤམ་ཐབས་བགོས་ནས་བཅོམ་ལྡན་འདས་ནི་ཆུ་ཀླུང་ངོ...

开始翻译流程 (尝试 1/2):
========================================
步骤1: 输入藏语文本...
输入文本时出错: Message: tab crashed
  (Session info: chrome=143.0.7499.169)

✗ 输入文本失败

开始翻译流程 (尝试 2/2):
========================================
步骤1: 输入藏语文本...
输入文本时出错: Message: tab crashed
  (Session info: chrome=143.0.7499.169)

✗ 输入文本失败
========================================
✗ 翻译失败，跳过此行
✓ 已保存到文件: 443/4500 条

[444/4500] 翻译进度: 9.9%
藏语原文: རྒྱུ་སྐར་ཟླ་བར་བཅས་ཤིང་སྐར་མ་ཉི་མར་བཅས་པ་མཁའ་ལས་སར...

开始翻译流程 (尝试 1/2):
========================================
步骤1: 输入藏语文本...
输入文本时出错: Message: tab crashed
  (Session info: chrome=143.0.7499.169)

✗ 输入文本失败

开始翻译流程 (尝试 2/2):
========================================
步骤1: 输入藏语文本...
输入文本时出错: Message: tab crashed
  (Session info: chrome=143.0.7499.169)

✗ 输入文本失败
========================================
✗ 翻译失败，跳过此行
✓ 已保存到文件: 444/4500 条

[445/4500] 翻译进度: 9.9%
藏语原文: ལྕང་ལོརའཁྲིལ་བར་འདུག་པ།

开始翻译流程 (尝试 1/2):
========================================
步骤1: 输入藏语文本...
输入文本时出错: Message: tab crashed
  (Session info: chrome=143.0.7499.169)

✗ 输入文本失败

开始翻译流程 (尝试 2/2):
========================================
步骤1: 输入藏语文本...
输入文本时出错: Message: tab crashed
  (Session info: chrome=143.0.7499.169)

✗ 输入文本失败
========================================
✗ 翻译失败，跳过此行
✓ 已保存到文件: 445/4500 条

[446/4500] 翻译进度: 9.9%
藏语原文: ཡིད་དུ་འོབ་དག་བརྔ་ཞིང་འདུག་པ་མཐོང་ངོ།

开始翻译流程 (尝试 1/2):
========================================
步骤1: 输入藏语文本...
输入文本时出错: Message: tab crashed
  (Session info: chrome=143.0.7499.169)

✗ 输入文本失败

开始翻译流程 (尝试 2/2):
========================================
步骤1: 输入藏语文本...
输入文本时出错: Message: tab crashed
  (Session info: chrome=143.0.7499.169)

✗ 输入文本失败
========================================
✗ 翻译失败，跳过此行
✓ 已保存到文件: 446/4500 条

[447/4500] 翻译进度: 9.9%
藏语原文: མདུན་དུ་འདུགནས་རབ་ཏུ་དགའ་བའི་སེམས་ཀྱིས་འདི་སྐད་སྨྲ...

开始翻译流程 (尝试 1/2):
========================================
步骤1: 输入藏语文本...
输入文本时出错: Message: tab crashed
  (Session info: chrome=143.0.7499.169)

✗ 输入文本失败

开始翻译流程 (尝试 2/2):
========================================
步骤1: 输入藏语文本...
输入文本时出错: Message: tab crashed
  (Session info: chrome=143.0.7499.169)

✗ 输入文本失败
========================================
✗ 翻译失败，跳过此行
✓ 已保存到文件: 447/4500 条

[448/4500] 翻译进度: 10.0%
藏语原文: མིག་ལོག་པར་འདུག་པ།

开始翻译流程 (尝试 1/2):
========================================
步骤1: 输入藏语文本...
输入文本时出错: Message: tab crashed
  (Session info: chrome=143.0.7499.169)

✗ 输入文本失败

开始翻译流程 (尝试 2/2):
========================================
步骤1: 输入藏语文本...
输入文本时出错: Message: tab crashed
  (Session info: chrome=143.0.7499.169)

✗ 输入文本失败
========================================
✗ 翻译失败，跳过此行
✓ 已保存到文件: 448/4500 条

[449/4500] 翻译进度: 10.0%
藏语原文: སེར་པོར་འདུག་སྟེ།

开始翻译流程 (尝试 1/2):
========================================
步骤1: 输入藏语文本...
输入文本时出错: Message: tab crashed
  (Session info: chrome=143.0.7499.169)

✗ 输入文本失败

开始翻译流程 (尝试 2/2):
========================================
步骤1: 输入藏语文本...
输入文本时出错: Message: tab crashed
  (Session info: chrome=143.0.7499.169)

✗ 输入文本失败
========================================
✗ 翻译失败，跳过此行
✓ 已保存到文件: 449/4500 条

[450/4500] 翻译进度: 10.0%
藏语原文: འདུག་པ།

开始翻译流程 (尝试 1/2):
========================================
步骤1: 输入藏语文本...
输入文本时出错: Message: tab crashed
  (Session info: chrome=143.0.7499.169)

✗ 输入文本失败

开始翻译流程 (尝试 2/2):
========================================
步骤1: 输入藏语文本...
输入文本时出错: Message: tab crashed
  (Session info: chrome=143.0.7499.169)

✗ 输入文本失败
========================================
✗ 翻译失败，跳过此行
✓ 已保存到文件: 450/4500 条

[451/4500] 翻译进度: 10.0%
藏语原文: གསུས་པ་བུམ་པ་ལྟ་བུར་འདུག་པ།

开始翻译流程 (尝试 1/2):
========================================
步骤1: 输入藏语文本...
输入文本时出错: Message: tab crashed
  (Session info: chrome=143.0.7499.169)

✗ 输入文本失败

开始翻译流程 (尝试 2/2):
========================================
步骤1: 输入藏语文本...
输入文本时出错: Message: tab crashed
  (Session info: chrome=143.0.7499.169)

✗ 输入文本失败
========================================
✗ 翻译失败，跳过此行
✓ 已保存到文件: 451/4500 条

[452/4500] 翻译进度: 10.0%
藏语原文: རྐང་པ་མགོའི་ཐོད་པ་ལྟར་འདུག་པ།

开始翻译流程 (尝试 1/2):
========================================
步骤1: 输入藏语文本...
输入文本时出错: Message: tab crashed
  (Session info: chrome=143.0.7499.169)

✗ 输入文本失败

开始翻译流程 (尝试 2/2):
========================================
步骤1: 输入藏语文本...
输入文本时出错: Message: tab crashed
  (Session info: chrome=143.0.7499.169)

✗ 输入文本失败
========================================
✗ 翻译失败，跳过此行
✓ 已保存到文件: 452/4500 条

[453/4500] 翻译进度: 10.1%
藏语原文: ཁ་ཅིག་ནི་སྤྱིའུ་ཚུགས་སུ་འདུག་ལ་ཁབ་ལྟ་བུའི་སྤུ་ཅན་ད...

开始翻译流程 (尝试 1/2):
========================================
步骤1: 输入藏语文本...
输入文本时出错: Message: tab crashed
  (Session info: chrome=143.0.7499.169)

✗ 输入文本失败

开始翻译流程 (尝试 2/2):
========================================
步骤1: 输入藏语文本...
输入文本时出错: Message: tab crashed
  (Session info: chrome=143.0.7499.169)

✗ 输入文本失败
========================================
✗ 翻译失败，跳过此行
✓ 已保存到文件: 453/4500 条

[454/4500] 翻译进度: 10.1%
藏语原文: རི་སྐེགས་ས་ས་ས་འདུག་པར་ཉེ་བར་སྟོན་པ་དང་།

开始翻译流程 (尝试 1/2):
========================================
步骤1: 输入藏语文本...
输入文本时出错: Message: tab crashed
  (Session info: chrome=143.0.7499.169)

✗ 输入文本失败

开始翻译流程 (尝试 2/2):
========================================
步骤1: 输入藏语文本...
输入文本时出错: Message: tab crashed
  (Session info: chrome=143.0.7499.169)

✗ 输入文本失败
========================================
✗ 翻译失败，跳过此行
✓ 已保存到文件: 454/4500 条

[455/4500] 翻译进度: 10.1%
藏语原文: རྩེ་རྩེ་བ་ཕན་ཚུན་དྲན་པར་བྱེད་ཅིང་ཡང་ངོ་ཚ་བ་ལྟར་འདུ...

开始翻译流程 (尝试 1/2):
========================================
步骤1: 输入藏语文本...
输入文本时出错: Message: tab crashed
  (Session info: chrome=143.0.7499.169)

✗ 输入文本失败

开始翻译流程 (尝试 2/2):
========================================
步骤1: 输入藏语文本...
输入文本时出错: Message: tab crashed
  (Session info: chrome=143.0.7499.169)

✗ 输入文本失败
========================================
✗ 翻译失败，跳过此行
✓ 已保存到文件: 455/4500 条

[456/4500] 翻译进度: 10.1%
藏语原文: གར་བྱེད་ཅིང་ནི་རྒྱལ་པོའི་སྲས་པོ་ཤིང་དྲུང་འདུག་ལ་རྔ...

开始翻译流程 (尝试 1/2):
========================================
步骤1: 输入藏语文本...
输入文本时出错: Message: tab crashed
  (Session info: chrome=143.0.7499.169)

✗ 输入文本失败

开始翻译流程 (尝试 2/2):
========================================
步骤1: 输入藏语文本...
输入文本时出错: Message: tab crashed
  (Session info: chrome=143.0.7499.169)

✗ 输入文本失败
========================================
✗ 翻译失败，跳过此行
✓ 已保存到文件: 456/4500 条

[457/4500] 翻译进度: 10.2%
藏语原文: གང་ཞིག་དུས་ན་ས་ལས་སྐྱེས་པ་རྣམས་ཀྱང་ཉི་མས་སྐམས་པར་འ...

开始翻译流程 (尝试 1/2):
========================================
步骤1: 输入藏语文本...
输入文本时出错: Message: tab crashed
  (Session info: chrome=143.0.7499.169)

✗ 输入文本失败

开始翻译流程 (尝试 2/2):
========================================
步骤1: 输入藏语文本...
输入文本时出错: Message: tab crashed
  (Session info: chrome=143.0.7499.169)

✗ 输入文本失败
========================================
✗ 翻译失败，跳过此行
✓ 已保存到文件: 457/4500 条

[458/4500] 翻译进度: 10.2%
藏语原文: ཁོ་བོའི་ཡུལ་ན་འདུག་པ་ལོངས་ལ་ཚིག་བཞིན་གྱིས།

开始翻译流程 (尝试 1/2):
========================================
步骤1: 输入藏语文本...
输入文本时出错: Message: tab crashed
  (Session info: chrome=143.0.7499.169)

✗ 输入文本失败

开始翻译流程 (尝试 2/2):
========================================
步骤1: 输入藏语文本...
输入文本时出错: Message: tab crashed
  (Session info: chrome=143.0.7499.169)

✗ 输入文本失败
========================================
✗ 翻译失败，跳过此行
✓ 已保存到文件: 458/4500 条

[459/4500] 翻译进度: 10.2%
藏语原文: དེས་ཀྱང་ཤིང་དྲུང་འདུག་པ་ང་ལ་འཚེ་མི་ནུས།

开始翻译流程 (尝试 1/2):
========================================
步骤1: 输入藏语文本...
输入文本时出错: Message: tab crashed
  (Session info: chrome=143.0.7499.169)

✗ 输入文本失败

开始翻译流程 (尝试 2/2):
========================================
步骤1: 输入藏语文本...
输入文本时出错: Message: tab crashed
  (Session info: chrome=143.0.7499.169)

✗ 输入文本失败
========================================
✗ 翻译失败，跳过此行
✓ 已保存到文件: 459/4500 条

[460/4500] 翻译进度: 10.2%
藏语原文: རྐང་པ་ལག་པ་ལོཔར་འདུག་ཅིང་མགོ་འབར་ལ།

开始翻译流程 (尝试 1/2):
========================================
步骤1: 输入藏语文本...
输入文本时出错: Message: tab crashed
  (Session info: chrome=143.0.7499.169)

✗ 输入文本失败

开始翻译流程 (尝试 2/2):
========================================
步骤1: 输入藏语文本...
输入文本时出错: Message: tab crashed
  (Session info: chrome=143.0.7499.169)

✗ 输入文本失败
========================================
✗ 翻译失败，跳过此行
✓ 已保存到文件: 460/4500 条

[461/4500] 翻译进度: 10.2%
藏语原文: སྟོབས་བཅུའི་ཞལ་ནི་དྲི་རབ་གདའ།

开始翻译流程 (尝试 1/2):
========================================
步骤1: 输入藏语文本...
输入文本时出错: Message: tab crashed
  (Session info: chrome=143.0.7499.169)

✗ 输入文本失败

开始翻译流程 (尝试 2/2):
========================================
步骤1: 输入藏语文本...
输入文本时出错: Message: tab crashed
  (Session info: chrome=143.0.7499.169)

✗ 输入文本失败
========================================
✗ 翻译失败，跳过此行
✓ 已保存到文件: 461/4500 条

[462/4500] 翻译进度: 10.3%
藏语原文: གང་དུ་མདུན་རོལ་ན་འཇིགས་པ་ཡོད་པ་དེར་དེ་གཉིས་ཕུར་པ་ལ...

开始翻译流程 (尝试 1/2):
========================================
步骤1: 输入藏语文本...
输入文本时出错: Message: tab crashed
  (Session info: chrome=143.0.7499.169)

✗ 输入文本失败

开始翻译流程 (尝试 2/2):
========================================
步骤1: 输入藏语文本...
输入文本时出错: Message: tab crashed
  (Session info: chrome=143.0.7499.169)

✗ 输入文本失败
========================================
✗ 翻译失败，跳过此行
✓ 已保存到文件: 462/4500 条

[463/4500] 翻译进度: 10.3%
藏语原文: དེ་ད་ལྟར་ག་ལ་འདུག་སྙམ་དགོངས་པ་དང་།

开始翻译流程 (尝试 1/2):
========================================
步骤1: 输入藏语文本...
输入文本时出错: Message: tab crashed
  (Session info: chrome=143.0.7499.169)

✗ 输入文本失败

开始翻译流程 (尝试 2/2):
========================================
步骤1: 输入藏语文本...
输入文本时出错: Message: tab crashed
  (Session info: chrome=143.0.7499.169)

✗ 输入文本失败
========================================
✗ 翻译失败，跳过此行
✓ 已保存到文件: 463/4500 条

[464/4500] 翻译进度: 10.3%
藏语原文: དེ་ད་ལྟར་ག་ལ་འདུག་སྙམ་དགོངས་ན།

开始翻译流程 (尝试 1/2):
========================================
步骤1: 输入藏语文本...
输入文本时出错: Message: tab crashed
  (Session info: chrome=143.0.7499.169)

✗ 输入文本失败

开始翻译流程 (尝试 2/2):
========================================
步骤1: 输入藏语文本...
输入文本时出错: Message: tab crashed
  (Session info: chrome=143.0.7499.169)

✗ 输入文本失败
========================================
✗ 翻译失败，跳过此行
✓ 已保存到文件: 464/4500 条

[465/4500] 翻译进度: 10.3%
藏语原文: ཕྱིན་ནས་ཕྱོགས་གཅིག་ཏུ་འདུག་གོ།

开始翻译流程 (尝试 1/2):
========================================
步骤1: 输入藏语文本...
输入文本时出错: Message: tab crashed
  (Session info: chrome=143.0.7499.169)

✗ 输入文本失败

开始翻译流程 (尝试 2/2):
========================================
步骤1: 输入藏语文本...
输入文本时出错: Message: tab crashed
  (Session info: chrome=143.0.7499.169)

✗ 输入文本失败
========================================
✗ 翻译失败，跳过此行
✓ 已保存到文件: 465/4500 条

[466/4500] 翻译进度: 10.4%
藏语原文: དགེ་སློང་དག་ཕྱོགས་གཅིག་ཏུ་འདུག་ནས་ཀྱང་ཀུན་ཏུ་བ་པ་ད...

开始翻译流程 (尝试 1/2):
========================================
步骤1: 输入藏语文本...
输入文本时出错: Message: tab crashed
  (Session info: chrome=143.0.7499.169)

✗ 输入文本失败

开始翻译流程 (尝试 2/2):
========================================
步骤1: 输入藏语文本...
输入文本时出错: Message: tab crashed
  (Session info: chrome=143.0.7499.169)

✗ 输入文本失败
========================================
✗ 翻译失败，跳过此行
✓ 已保存到文件: 466/4500 条

[467/4500] 翻译进度: 10.4%
藏语原文: ཤིང་ཏ་ལའི་འབྲས་བུ་སྨིན་པ་རྩ་བ་ནས་ཆདམ་ཐག་པའི་རྩ་བ་ལ...

开始翻译流程 (尝试 1/2):
========================================
步骤1: 输入藏语文本...
输入文本时出错: Message: tab crashed
  (Session info: chrome=143.0.7499.169)

✗ 输入文本失败

开始翻译流程 (尝试 2/2):
========================================
步骤1: 输入藏语文本...
输入文本时出错: Message: tab crashed
  (Session info: chrome=143.0.7499.169)

✗ 输入文本失败
========================================
✗ 翻译失败，跳过此行
✓ 已保存到文件: 467/4500 条

[468/4500] 翻译进度: 10.4%
藏语原文: སེར་པོར་གདའ་ཞིང་འོད་གསལ་བར་འགྱུར་རོ།

开始翻译流程 (尝试 1/2):
========================================
步骤1: 输入藏语文本...
输入文本时出错: Message: tab crashed
  (Session info: chrome=143.0.7499.169)

✗ 输入文本失败

开始翻译流程 (尝试 2/2):
========================================
步骤1: 输入藏语文本...
输入文本时出错: Message: tab crashed
  (Session info: chrome=143.0.7499.169)

✗ 输入文本失败
========================================
✗ 翻译失败，跳过此行
✓ 已保存到文件: 468/4500 条

[469/4500] 翻译进度: 10.4%
藏语原文: སྤོང་བ་ལས་ཉམས་པ་འདིའོངས་ཏེ་ཞེས་བྱ་བ་ནས་ཇི་སྟེ་འདོད...

开始翻译流程 (尝试 1/2):
========================================
步骤1: 输入藏语文本...
输入文本时出错: Message: tab crashed
  (Session info: chrome=143.0.7499.169)

✗ 输入文本失败

开始翻译流程 (尝试 2/2):
========================================
步骤1: 输入藏语文本...
输入文本时出错: Message: tab crashed
  (Session info: chrome=143.0.7499.169)

✗ 输入文本失败
========================================
✗ 翻译失败，跳过此行
✓ 已保存到文件: 469/4500 条

[470/4500] 翻译进度: 10.4%
藏语原文: དཞིང་རང་བཞིན་སྟོང་པ་ཡི།

开始翻译流程 (尝试 1/2):
========================================
步骤1: 输入藏语文本...
输入文本时出错: Message: tab crashed
  (Session info: chrome=143.0.7499.169)

✗ 输入文本失败

开始翻译流程 (尝试 2/2):
========================================
步骤1: 输入藏语文本...
输入文本时出错: Message: tab crashed
  (Session info: chrome=143.0.7499.169)

✗ 输入文本失败
========================================
✗ 翻译失败，跳过此行
✓ 已保存到文件: 470/4500 条

[471/4500] 翻译进度: 10.5%
藏语原文: གང་ཞིག་རྣམ་པར་འདྲེན་པ་རྣམས་དང་རང་རྒྱལ་དང་།

开始翻译流程 (尝试 1/2):
========================================
步骤1: 输入藏语文本...
输入文本时出错: Message: tab crashed
  (Session info: chrome=143.0.7499.169)

✗ 输入文本失败

开始翻译流程 (尝试 2/2):
========================================
步骤1: 输入藏语文本...
输入文本时出错: Message: tab crashed
  (Session info: chrome=143.0.7499.169)

✗ 输入文本失败
========================================
✗ 翻译失败，跳过此行
✓ 已保存到文件: 471/4500 条

[472/4500] 翻译进度: 10.5%
藏语原文: ཁ་དོག་བཟང་པོ་རྒྱས་པ་མཆོག་དང་ལྡན་པ་ཞིག་འདུག་སྟེ།

开始翻译流程 (尝试 1/2):
========================================
步骤1: 输入藏语文本...
输入文本时出错: Message: tab crashed
  (Session info: chrome=143.0.7499.169)

✗ 输入文本失败

开始翻译流程 (尝试 2/2):
========================================
步骤1: 输入藏语文本...
输入文本时出错: Message: tab crashed
  (Session info: chrome=143.0.7499.169)

✗ 输入文本失败
========================================
✗ 翻译失败，跳过此行
✓ 已保存到文件: 472/4500 条

[473/4500] 翻译进度: 10.5%
藏语原文: འདུག་པ་དང་།

开始翻译流程 (尝试 1/2):
========================================
步骤1: 输入藏语文本...
输入文本时出错: Message: tab crashed
  (Session info: chrome=143.0.7499.169)

✗ 输入文本失败

开始翻译流程 (尝试 2/2):
========================================
步骤1: 输入藏语文本...
输入文本时出错: Message: tab crashed
  (Session info: chrome=143.0.7499.169)

✗ 输入文本失败
========================================
✗ 翻译失败，跳过此行
✓ 已保存到文件: 473/4500 条

[474/4500] 翻译进度: 10.5%
藏语原文: འཛམ་བུའི་ཆུ་བོའི་གསེར་གྱི་དྲུང་དུསྣག་ཚའི་ཡུག་བཞག་ན...

开始翻译流程 (尝试 1/2):
========================================
步骤1: 输入藏语文本...
输入文本时出错: Message: tab crashed
  (Session info: chrome=143.0.7499.169)

✗ 输入文本失败

开始翻译流程 (尝试 2/2):
========================================
步骤1: 输入藏语文本...
输入文本时出错: Message: tab crashed
  (Session info: chrome=143.0.7499.169)

✗ 输入文本失败
========================================
✗ 翻译失败，跳过此行
✓ 已保存到文件: 474/4500 条

[475/4500] 翻译进度: 10.6%
藏语原文: ལྷན་ནེར་མི་འདུག།

开始翻译流程 (尝试 1/2):
========================================
步骤1: 输入藏语文本...
输入文本时出错: Message: tab crashed
  (Session info: chrome=143.0.7499.169)

✗ 输入文本失败

开始翻译流程 (尝试 2/2):
========================================
步骤1: 输入藏语文本...
输入文本时出错: Message: tab crashed
  (Session info: chrome=143.0.7499.169)

✗ 输入文本失败
========================================
✗ 翻译失败，跳过此行
✓ 已保存到文件: 475/4500 条

[476/4500] 翻译进度: 10.6%
藏语原文: ལྷང་ངེར་མི་འདུག་གོ།

开始翻译流程 (尝试 1/2):
========================================
步骤1: 输入藏语文本...
输入文本时出错: Message: tab crashed
  (Session info: chrome=143.0.7499.169)

✗ 输入文本失败

开始翻译流程 (尝试 2/2):
========================================
步骤1: 输入藏语文本...
输入文本时出错: Message: tab crashed
  (Session info: chrome=143.0.7499.169)

✗ 输入文本失败
========================================
✗ 翻译失败，跳过此行
✓ 已保存到文件: 476/4500 条

[477/4500] 翻译进度: 10.6%
藏语原文: ལྷན་ནེར་མི་འདུག།

开始翻译流程 (尝试 1/2):
========================================
步骤1: 输入藏语文本...
输入文本时出错: Message: tab crashed
  (Session info: chrome=143.0.7499.169)

✗ 输入文本失败

开始翻译流程 (尝试 2/2):
========================================
步骤1: 输入藏语文本...
输入文本时出错: Message: tab crashed
  (Session info: chrome=143.0.7499.169)

✗ 输入文本失败
========================================
✗ 翻译失败，跳过此行
✓ 已保存到文件: 477/4500 条

[478/4500] 翻译进度: 10.6%
藏语原文: ལྷང་ངེར་མི་འདུག་གོ།

开始翻译流程 (尝试 1/2):
========================================
步骤1: 输入藏语文本...
输入文本时出错: Message: tab crashed
  (Session info: chrome=143.0.7499.169)

✗ 输入文本失败

开始翻译流程 (尝试 2/2):
========================================
步骤1: 输入藏语文本...
输入文本时出错: Message: tab crashed
  (Session info: chrome=143.0.7499.169)

✗ 输入文本失败
========================================
✗ 翻译失败，跳过此行
✓ 已保存到文件: 478/4500 条

[479/4500] 翻译进度: 10.6%
藏语原文: བྲམ་ཟེ་སུ་ཡོད་སྙམ་སེམས་ཤིང་འདུག་གོ།

开始翻译流程 (尝试 1/2):
========================================
步骤1: 输入藏语文本...
输入文本时出错: Message: tab crashed
  (Session info: chrome=143.0.7499.169)

✗ 输入文本失败

开始翻译流程 (尝试 2/2):
========================================
步骤1: 输入藏语文本...
输入文本时出错: Message: tab crashed
  (Session info: chrome=143.0.7499.169)

✗ 输入文本失败
========================================
✗ 翻译失败，跳过此行
✓ 已保存到文件: 479/4500 条

[480/4500] 翻译进度: 10.7%
藏语原文: ལན་གསུམ་བསྐོར་བ་བྱས་ནས་བཅོམ་ལྡན་འདས་ཀྱི་སྤྱན་སྔར་འ...

开始翻译流程 (尝试 1/2):
========================================
步骤1: 输入藏语文本...
输入文本时出错: Message: tab crashed
  (Session info: chrome=143.0.7499.169)

✗ 输入文本失败

开始翻译流程 (尝试 2/2):
========================================
步骤1: 输入藏语文本...
输入文本时出错: Message: tab crashed
  (Session info: chrome=143.0.7499.169)

✗ 输入文本失败
========================================
✗ 翻译失败，跳过此行
✓ 已保存到文件: 480/4500 条

[481/4500] 翻译进度: 10.7%
藏语原文: བཅོམ་ལྡན་འདས་ཀྱི་སྤྱན་སྔར་འདུག་གོ།

开始翻译流程 (尝试 1/2):
========================================
步骤1: 输入藏语文本...
输入文本时出错: Message: tab crashed
  (Session info: chrome=143.0.7499.169)

✗ 输入文本失败

开始翻译流程 (尝试 2/2):
========================================
步骤1: 输入藏语文本...
输入文本时出错: Message: tab crashed
  (Session info: chrome=143.0.7499.169)

✗ 输入文本失败
========================================
✗ 翻译失败，跳过此行
✓ 已保存到文件: 481/4500 条

[482/4500] 翻译进度: 10.7%
藏语原文: དེའི་ཚེ་ལྷའི་བུ་འོད་མང་པོ་ཞེས་བྱ་བ་འཁོརཉིད་དུ་འདུས...

开始翻译流程 (尝试 1/2):
========================================
步骤1: 输入藏语文本...
输入文本时出错: Message: tab crashed
  (Session info: chrome=143.0.7499.169)

✗ 输入文本失败

开始翻译流程 (尝试 2/2):
========================================
步骤1: 输入藏语文本...
输入文本时出错: Message: tab crashed
  (Session info: chrome=143.0.7499.169)

✗ 输入文本失败
========================================
✗ 翻译失败，跳过此行
✓ 已保存到文件: 482/4500 条

[483/4500] 翻译进度: 10.7%
藏语原文: འཇམ་དཔལ་གཞོན་ནུར་གྱུར་པ་ཡང་འཁོར་དེ་ཉིད་དུ་འདུསཔར་ག...

开始翻译流程 (尝试 1/2):
========================================
步骤1: 输入藏语文本...
输入文本时出错: Message: tab crashed
  (Session info: chrome=143.0.7499.169)

✗ 输入文本失败

开始翻译流程 (尝试 2/2):
========================================
步骤1: 输入藏语文本...
输入文本时出错: Message: tab crashed
  (Session info: chrome=143.0.7499.169)

✗ 输入文本失败
========================================
✗ 翻译失败，跳过此行
✓ 已保存到文件: 483/4500 条

[484/4500] 翻译进度: 10.8%
藏语原文: དེ་ནསལྷའི་བུ་མཚམས་བཟངས་འཁོར་དེ་ཉིད་དུ་འདུས་པར་གྱུར...

开始翻译流程 (尝试 1/2):
========================================
步骤1: 输入藏语文本...
输入文本时出错: Message: tab crashed
  (Session info: chrome=143.0.7499.169)

✗ 输入文本失败

开始翻译流程 (尝试 2/2):
========================================
步骤1: 输入藏语文本...
输入文本时出错: Message: tab crashed
  (Session info: chrome=143.0.7499.169)

✗ 输入文本失败
========================================
✗ 翻译失败，跳过此行
✓ 已保存到文件: 484/4500 条

[485/4500] 翻译进度: 10.8%
藏语原文: དེ་ནས་འཁོར་འདུས་པ་དེར་འཇམ་དཔལ་གཞོན་ནུར་གྱུར་པ་འདུས...

开始翻译流程 (尝试 1/2):
========================================
步骤1: 输入藏语文本...
输入文本时出错: Message: tab crashed
  (Session info: chrome=143.0.7499.169)

✗ 输入文本失败

开始翻译流程 (尝试 2/2):
========================================
步骤1: 输入藏语文本...
输入文本时出错: Message: tab crashed
  (Session info: chrome=143.0.7499.169)

✗ 输入文本失败
========================================
✗ 翻译失败，跳过此行
✓ 已保存到文件: 485/4500 条

[486/4500] 翻译进度: 10.8%
藏语原文: ཏེ་ནས་ཏྱེ་ནཙ་ནེ་ན།

开始翻译流程 (尝试 1/2):
========================================
步骤1: 输入藏语文本...
输入文本时出错: Message: tab crashed
  (Session info: chrome=143.0.7499.169)

✗ 输入文本失败

开始翻译流程 (尝试 2/2):
========================================
步骤1: 输入藏语文本...
输入文本时出错: Message: tab crashed
  (Session info: chrome=143.0.7499.169)

✗ 输入文本失败
========================================
✗ 翻译失败，跳过此行
✓ 已保存到文件: 486/4500 条

[487/4500] 翻译进度: 10.8%
藏语原文: དེ་བི་མ་ཧཱ་དེ་བི་ས་ཏྱ་བ་ཙ་ན་དེ་བི་བྷི་མེས་ཏྱ་བ་ཙ་ན་...

开始翻译流程 (尝试 1/2):
========================================
步骤1: 输入藏语文本...
输入文本时出错: Message: tab crashed
  (Session info: chrome=143.0.7499.169)

✗ 输入文本失败

开始翻译流程 (尝试 2/2):
========================================
步骤1: 输入藏语文本...
输入文本时出错: Message: tab crashed
  (Session info: chrome=143.0.7499.169)

✗ 输入文本失败
========================================
✗ 翻译失败，跳过此行
✓ 已保存到文件: 487/4500 条

[488/4500] 翻译进度: 10.8%
藏语原文: ཞེས་གསུངས་གདའ་ན།

开始翻译流程 (尝试 1/2):
========================================
步骤1: 输入藏语文本...
输入文本时出错: Message: tab crashed
  (Session info: chrome=143.0.7499.169)

✗ 输入文本失败

开始翻译流程 (尝试 2/2):
========================================
步骤1: 输入藏语文本...
输入文本时出错: Message: tab crashed
  (Session info: chrome=143.0.7499.169)

✗ 输入文本失败
========================================
✗ 翻译失败，跳过此行
✓ 已保存到文件: 488/4500 条

[489/4500] 翻译进度: 10.9%
藏语原文: རྒྱལ་བའི་འབྱུང་གནས་འདི་ཡོན་ཏན་ཐམས་ཅད་གབ་ནས་མི་སྟོན...

开始翻译流程 (尝试 1/2):
========================================
步骤1: 输入藏语文本...
输入文本时出错: Message: tab crashed
  (Session info: chrome=143.0.7499.169)

✗ 输入文本失败

开始翻译流程 (尝试 2/2):
========================================
步骤1: 输入藏语文本...
输入文本时出错: Message: tab crashed
  (Session info: chrome=143.0.7499.169)

✗ 输入文本失败
========================================
✗ 翻译失败，跳过此行
✓ 已保存到文件: 489/4500 条

[490/4500] 翻译进度: 10.9%
藏语原文: ཁྱེད་རང་མི་གསུང་ཀྱང་།

开始翻译流程 (尝试 1/2):
========================================
步骤1: 输入藏语文本...
输入文本时出错: Message: tab crashed
  (Session info: chrome=143.0.7499.169)

✗ 输入文本失败

开始翻译流程 (尝试 2/2):
========================================
步骤1: 输入藏语文本...
输入文本时出错: Message: tab crashed
  (Session info: chrome=143.0.7499.169)

✗ 输入文本失败
========================================
✗ 翻译失败，跳过此行
✓ 已保存到文件: 490/4500 条

[491/4500] 翻译进度: 10.9%
藏语原文: བློ་གསལ་བ་ཅིག་འདུག་པས།

开始翻译流程 (尝试 1/2):
========================================
步骤1: 输入藏语文本...
输入文本时出错: Message: tab crashed
  (Session info: chrome=143.0.7499.169)

✗ 输入文本失败

开始翻译流程 (尝试 2/2):
========================================
步骤1: 输入藏语文本...
输入文本时出错: Message: tab crashed
  (Session info: chrome=143.0.7499.169)

✗ 输入文本失败
========================================
✗ 翻译失败，跳过此行
✓ 已保存到文件: 491/4500 条

[492/4500] 翻译进度: 10.9%
藏语原文: མིང་ཡང་གསལ་བ་ཞེས་བྱ་བར་རང་བཞིན་གྱིས་ཐོགས་པ་ཅིག་འདུ...

开始翻译流程 (尝试 1/2):
========================================
步骤1: 输入藏语文本...
输入文本时出错: Message: tab crashed
  (Session info: chrome=143.0.7499.169)

✗ 输入文本失败

开始翻译流程 (尝试 2/2):
========================================
步骤1: 输入藏语文本...
输入文本时出错: Message: tab crashed
  (Session info: chrome=143.0.7499.169)

✗ 输入文本失败
========================================
✗ 翻译失败，跳过此行
✓ 已保存到文件: 492/4500 条

[493/4500] 翻译进度: 11.0%
藏语原文: དཔྱད་ན་རབ་ཏུ་མི་གནས་པར་གདའ་བ་ལ།

开始翻译流程 (尝试 1/2):
========================================
步骤1: 输入藏语文本...
输入文本时出错: Message: tab crashed
  (Session info: chrome=143.0.7499.169)

✗ 输入文本失败

开始翻译流程 (尝试 2/2):
========================================
步骤1: 输入藏语文本...
输入文本时出错: Message: tab crashed
  (Session info: chrome=143.0.7499.169)

✗ 输入文本失败
========================================
✗ 翻译失败，跳过此行
✓ 已保存到文件: 493/4500 条

[494/4500] 翻译进度: 11.0%
藏语原文: དེར་བྲམ་ཟེའི་ཁྱེའུ་དེའི་དགོངས་པ་ལ་ལོང་མེད་མྱུར་དུ་...

开始翻译流程 (尝试 1/2):
========================================
步骤1: 输入藏语文本...
输入文本时出错: Message: tab crashed
  (Session info: chrome=143.0.7499.169)

✗ 输入文本失败

开始翻译流程 (尝试 2/2):
========================================
步骤1: 输入藏语文本...
输入文本时出错: Message: tab crashed
  (Session info: chrome=143.0.7499.169)

✗ 输入文本失败
========================================
✗ 翻译失败，跳过此行
✓ 已保存到文件: 494/4500 条

[495/4500] 翻译进度: 11.0%
藏语原文: དེ་རིང་གསལ་བ་འདི་བཞིན་འཛུམ་ཞིང་དགེས་ནས་གདའ་ན།

开始翻译流程 (尝试 1/2):
========================================
步骤1: 输入藏语文本...
输入文本时出错: Message: tab crashed
  (Session info: chrome=143.0.7499.169)

✗ 输入文本失败

开始翻译流程 (尝试 2/2):
========================================
步骤1: 输入藏语文本...
输入文本时出错: Message: tab crashed
  (Session info: chrome=143.0.7499.169)

✗ 输入文本失败
========================================
✗ 翻译失败，跳过此行
✓ 已保存到文件: 495/4500 条

[496/4500] 翻译进度: 11.0%
藏语原文: བདེ་གཤེགས་ཕྱག་བཞིན་བརྟན་པར་གདའ།

开始翻译流程 (尝试 1/2):
========================================
步骤1: 输入藏语文本...
输入文本时出错: Message: tab crashed
  (Session info: chrome=143.0.7499.169)

✗ 输入文本失败

开始翻译流程 (尝试 2/2):
========================================
步骤1: 输入藏语文本...
输入文本时出错: Message: tab crashed
  (Session info: chrome=143.0.7499.169)

✗ 输入文本失败
========================================
✗ 翻译失败，跳过此行
✓ 已保存到文件: 496/4500 条

[497/4500] 翻译进度: 11.0%
藏语原文: འོད་སྟོང་གསལ་བ་དབུས་ན་གདའ།

开始翻译流程 (尝试 1/2):
========================================
步骤1: 输入藏语文本...
输入文本时出错: Message: tab crashed
  (Session info: chrome=143.0.7499.169)

✗ 输入文本失败

开始翻译流程 (尝试 2/2):
========================================
步骤1: 输入藏语文本...
输入文本时出错: Message: tab crashed
  (Session info: chrome=143.0.7499.169)

✗ 输入文本失败
========================================
✗ 翻译失败，跳过此行
✓ 已保存到文件: 497/4500 条

[498/4500] 翻译进度: 11.1%
藏语原文: བསམ་གཏན་འབོལ་བའི་སྟན་ལ་འདུག།

开始翻译流程 (尝试 1/2):
========================================
步骤1: 输入藏语文本...
输入文本时出错: Message: tab crashed
  (Session info: chrome=143.0.7499.169)

✗ 输入文本失败

开始翻译流程 (尝试 2/2):
========================================
步骤1: 输入藏语文本...
输入文本时出错: Message: tab crashed
  (Session info: chrome=143.0.7499.169)

✗ 输入文本失败
========================================
✗ 翻译失败，跳过此行
✓ 已保存到文件: 498/4500 条

[499/4500] 翻译进度: 11.1%
藏语原文: ཞེས་ཞུས་ལན་དང་བཅས་པ་མང་པོ་གསུང་གདའ་ན།

开始翻译流程 (尝试 1/2):
========================================
步骤1: 输入藏语文本...
输入文本时出错: Message: tab crashed
  (Session info: chrome=143.0.7499.169)

✗ 输入文本失败

开始翻译流程 (尝试 2/2):
========================================
步骤1: 输入藏语文本...
输入文本时出错: Message: tab crashed
  (Session info: chrome=143.0.7499.169)

✗ 输入文本失败
========================================
✗ 翻译失败，跳过此行
✓ 已保存到文件: 499/4500 条

[500/4500] 翻译进度: 11.1%
藏语原文: ཇོ་བོ་ཞལ་ནས་སྣོད་དུ་མི་རུང་བའི་མི་མི་གདའ་འམ།

开始翻译流程 (尝试 1/2):
========================================
步骤1: 输入藏语文本...
输入文本时出错: Message: tab crashed
  (Session info: chrome=143.0.7499.169)

✗ 输入文本失败

开始翻译流程 (尝试 2/2):
========================================
步骤1: 输入藏语文本...
输入文本时出错: Message: tab crashed
  (Session info: chrome=143.0.7499.169)

✗ 输入文本失败
========================================
✗ 翻译失败，跳过此行
✓ 已保存到文件: 500/4500 条

[501/4500] 翻译进度: 11.1%
藏语原文: དེ་རིང་འཛེར་བར་འགྲོ་བ་གདའ་བས།

开始翻译流程 (尝试 1/2):
========================================
步骤1: 输入藏语文本...
输入文本时出错: Message: tab crashed
  (Session info: chrome=143.0.7499.169)

✗ 输入文本失败

开始翻译流程 (尝试 2/2):
========================================
步骤1: 输入藏语文本...
输入文本时出错: Message: tab crashed
  (Session info: chrome=143.0.7499.169)

✗ 输入文本失败
========================================
✗ 翻译失败，跳过此行
✓ 已保存到文件: 501/4500 条

[502/4500] 翻译进度: 11.2%
藏语原文: སྒྲ་སྙན་པ་ཅིག་ཀྱང་གདའ་བ་དང་།

开始翻译流程 (尝试 1/2):
========================================
步骤1: 输入藏语文本...
输入文本时出错: Message: tab crashed
  (Session info: chrome=143.0.7499.169)

✗ 输入文本失败

开始翻译流程 (尝试 2/2):
========================================
步骤1: 输入藏语文本...
输入文本时出错: Message: tab crashed
  (Session info: chrome=143.0.7499.169)

✗ 输入文本失败
========================================
✗ 翻译失败，跳过此行
✓ 已保存到文件: 502/4500 条

[503/4500] 翻译进度: 11.2%
藏语原文: ལྟས་ཁྱད་པར་ཅན་གཞན་ཡང་གདའ་བས།

开始翻译流程 (尝试 1/2):
========================================
步骤1: 输入藏语文本...
输入文本时出错: Message: tab crashed
  (Session info: chrome=143.0.7499.169)

✗ 输入文本失败

开始翻译流程 (尝试 2/2):
========================================
步骤1: 输入藏语文本...
输入文本时出错: Message: tab crashed
  (Session info: chrome=143.0.7499.169)

✗ 输入文本失败
========================================
✗ 翻译失败，跳过此行
✓ 已保存到文件: 503/4500 条

[504/4500] 翻译进度: 11.2%
藏语原文: རྔོག་བློ་སྣ་མ་མང་ལྷ་ཐམས་ཅད་ཀྱང་འདི་ན་འདུས་གདའ།

开始翻译流程 (尝试 1/2):
========================================
步骤1: 输入藏语文本...
输入文本时出错: Message: tab crashed
  (Session info: chrome=143.0.7499.169)

✗ 输入文本失败

开始翻译流程 (尝试 2/2):
========================================
步骤1: 输入藏语文本...
输入文本时出错: Message: tab crashed
  (Session info: chrome=143.0.7499.169)

✗ 输入文本失败
========================================
✗ 翻译失败，跳过此行
✓ 已保存到文件: 504/4500 条

[505/4500] 翻译进度: 11.2%
藏语原文: མཐོང་བ་ཙམ་གྱིས་དད་པ་ཕུན་སུམ་ཚོགས་པ་སྐྱེ་བ་ཅིག་འདུག...

开始翻译流程 (尝试 1/2):
========================================
步骤1: 输入藏语文本...
输入文本时出错: Message: tab crashed
  (Session info: chrome=143.0.7499.169)

✗ 输入文本失败

开始翻译流程 (尝试 2/2):
========================================
步骤1: 输入藏语文本...
输入文本时出错: Message: tab crashed
  (Session info: chrome=143.0.7499.169)

✗ 输入文本失败
========================================
✗ 翻译失败，跳过此行
✓ 已保存到文件: 505/4500 条

[506/4500] 翻译进度: 11.2%
藏语原文: འདི་སྤྲུལ་པའི་དགེ་སློང་ཞིག་འདུག།

开始翻译流程 (尝试 1/2):
========================================
步骤1: 输入藏语文本...
输入文本时出错: Message: tab crashed
  (Session info: chrome=143.0.7499.169)

✗ 输入文本失败

开始翻译流程 (尝试 2/2):
========================================
步骤1: 输入藏语文本...
输入文本时出错: Message: tab crashed
  (Session info: chrome=143.0.7499.169)

✗ 输入文本失败
========================================
✗ 翻译失败，跳过此行
✓ 已保存到文件: 506/4500 条

[507/4500] 翻译进度: 11.3%
藏语原文: བཀའ་བཀྱོན་པའི་སྒོ་ནས་གདམས་ངག་འདོམས་ཤིང་གདའ་སྙམ་ནས་...

开始翻译流程 (尝试 1/2):
========================================
步骤1: 输入藏语文本...
输入文本时出错: Message: tab crashed
  (Session info: chrome=143.0.7499.169)

✗ 输入文本失败

开始翻译流程 (尝试 2/2):
========================================
步骤1: 输入藏语文本...
输入文本时出错: Message: tab crashed
  (Session info: chrome=143.0.7499.169)

✗ 输入文本失败
========================================
✗ 翻译失败，跳过此行
✓ 已保存到文件: 507/4500 条

[508/4500] 翻译进度: 11.3%
藏语原文: བུ་དེ་ཡང་ཐམས་ཅད་ཀྱིས་བཀུར་བ་ཅིག་དགོས་པར་གདའ་བས།

开始翻译流程 (尝试 1/2):
========================================
步骤1: 输入藏语文本...
输入文本时出错: Message: tab crashed
  (Session info: chrome=143.0.7499.169)

✗ 输入文本失败

开始翻译流程 (尝试 2/2):
========================================
步骤1: 输入藏语文本...
输入文本时出错: Message: tab crashed
  (Session info: chrome=143.0.7499.169)

✗ 输入文本失败
========================================
✗ 翻译失败，跳过此行
✓ 已保存到文件: 508/4500 条

[509/4500] 翻译进度: 11.3%
藏语原文: དུས་དང་རང་བཞིན་འགྱུར་བ་ཤིན་ཏུ་མཚར།

开始翻译流程 (尝试 1/2):
========================================
步骤1: 输入藏语文本...
输入文本时出错: Message: tab crashed
  (Session info: chrome=143.0.7499.169)

✗ 输入文本失败

开始翻译流程 (尝试 2/2):
========================================
步骤1: 输入藏语文本...
输入文本时出错: Message: tab crashed
  (Session info: chrome=143.0.7499.169)

✗ 输入文本失败
========================================
✗ 翻译失败，跳过此行
✓ 已保存到文件: 509/4500 条

[510/4500] 翻译进度: 11.3%
藏语原文: དེར་རྒྱལ་པོ་རི་དྭགས་ཀྱི་ཤ་ལྤགས་ཤིག་མདུན་ན་བཞག་སྟེ་...

开始翻译流程 (尝试 1/2):
========================================
步骤1: 输入藏语文本...
输入文本时出错: Message: tab crashed
  (Session info: chrome=143.0.7499.169)

✗ 输入文本失败

开始翻译流程 (尝试 2/2):
========================================
步骤1: 输入藏语文本...
输入文本时出错: Message: tab crashed
  (Session info: chrome=143.0.7499.169)

✗ 输入文本失败
========================================
✗ 翻译失败，跳过此行
✓ 已保存到文件: 510/4500 条

[511/4500] 翻译进度: 11.4%
藏语原文: བརྩོན་འགྲུས་ཆེན་པོས་རྟག་ཏུ་དེ་ལྟར་སྤྱོད་ཅིང་འདུག་པ...

开始翻译流程 (尝试 1/2):
========================================
步骤1: 输入藏语文本...
输入文本时出错: Message: tab crashed
  (Session info: chrome=143.0.7499.169)

✗ 输入文本失败

开始翻译流程 (尝试 2/2):
========================================
步骤1: 输入藏语文本...
输入文本时出错: Message: tab crashed
  (Session info: chrome=143.0.7499.169)

✗ 输入文本失败
========================================
✗ 翻译失败，跳过此行
✓ 已保存到文件: 511/4500 条

[512/4500] 翻译进度: 11.4%
藏语原文: དད་པའི་ཞིང་ས་གཤིན་པར་གདའ།

开始翻译流程 (尝试 1/2):
========================================
步骤1: 输入藏语文本...
输入文本时出错: Message: tab crashed
  (Session info: chrome=143.0.7499.169)

✗ 输入文本失败

开始翻译流程 (尝试 2/2):
========================================
步骤1: 输入藏语文本...
输入文本时出错: Message: tab crashed
  (Session info: chrome=143.0.7499.169)

✗ 输入文本失败
========================================
✗ 翻译失败，跳过此行
✓ 已保存到文件: 512/4500 条

[513/4500] 翻译进度: 11.4%
藏语原文: ཡག་བཞེར་སྐུ་གཤེན་འབྲོམ་དུ་གདའ།

开始翻译流程 (尝试 1/2):
========================================
步骤1: 输入藏语文本...
输入文本时出错: Message: tab crashed
  (Session info: chrome=143.0.7499.169)

✗ 输入文本失败

开始翻译流程 (尝试 2/2):
========================================
步骤1: 输入藏语文本...
输入文本时出错: Message: tab crashed
  (Session info: chrome=143.0.7499.169)

✗ 输入文本失败
========================================
✗ 翻译失败，跳过此行
✓ 已保存到文件: 513/4500 条

[514/4500] 翻译进度: 11.4%
藏语原文: ཞེས་བྱ་བ་གསུངས་གདའ་ན།

开始翻译流程 (尝试 1/2):
========================================
步骤1: 输入藏语文本...
输入文本时出错: Message: tab crashed
  (Session info: chrome=143.0.7499.169)

✗ 输入文本失败

开始翻译流程 (尝试 2/2):
========================================
步骤1: 输入藏语文本...
输入文本时出错: Message: tab crashed
  (Session info: chrome=143.0.7499.169)

✗ 输入文本失败
========================================
✗ 翻译失败，跳过此行
✓ 已保存到文件: 514/4500 条

[515/4500] 翻译进度: 11.4%
藏语原文: ཕྱི་རོལ་པའི་སྟོན་པ་དེ་དག་འདུག་པའི་ཚེ་ན་ཁོང་འགྲེང་།

开始翻译流程 (尝试 1/2):
========================================
步骤1: 输入藏语文本...
输入文本时出错: Message: tab crashed
  (Session info: chrome=143.0.7499.169)

✗ 输入文本失败

开始翻译流程 (尝试 2/2):
========================================
步骤1: 输入藏语文本...
输入文本时出错: Message: tab crashed
  (Session info: chrome=143.0.7499.169)

✗ 输入文本失败
========================================
✗ 翻译失败，跳过此行
✓ 已保存到文件: 515/4500 条

[516/4500] 翻译进度: 11.5%
藏语原文: མུ་སྟེགས་པ་དེ་དག་འགྲེང་བའི་ཚེ་ཁོང་འདུག།

开始翻译流程 (尝试 1/2):
========================================
步骤1: 输入藏语文本...
输入文本时出错: Message: tab crashed
  (Session info: chrome=143.0.7499.169)

✗ 输入文本失败

开始翻译流程 (尝试 2/2):
========================================
步骤1: 输入藏语文本...
输入文本时出错: Message: tab crashed
  (Session info: chrome=143.0.7499.169)

✗ 输入文本失败
========================================
✗ 翻译失败，跳过此行
✓ 已保存到文件: 516/4500 条

[517/4500] 翻译进度: 11.5%
藏语原文: ཁྱེད་རང་ངའི་མ་གསོད་པར་ནུས་ན་སོད་ཟེར་བར་འདུག།

开始翻译流程 (尝试 1/2):
========================================
步骤1: 输入藏语文本...
输入文本时出错: Message: tab crashed
  (Session info: chrome=143.0.7499.169)

✗ 输入文本失败

开始翻译流程 (尝试 2/2):
========================================
步骤1: 输入藏语文本...
输入文本时出错: Message: tab crashed
  (Session info: chrome=143.0.7499.169)

✗ 输入文本失败
========================================
✗ 翻译失败，跳过此行
✓ 已保存到文件: 517/4500 条

[518/4500] 翻译进度: 11.5%
藏语原文: ཁོ་རང་ཟ་བ་ནི།

开始翻译流程 (尝试 1/2):
========================================
步骤1: 输入藏语文本...
输入文本时出错: Message: tab crashed
  (Session info: chrome=143.0.7499.169)

✗ 输入文本失败

开始翻译流程 (尝试 2/2):
========================================
步骤1: 输入藏语文本...
输入文本时出错: Message: tab crashed
  (Session info: chrome=143.0.7499.169)

✗ 输入文本失败
========================================
✗ 翻译失败，跳过此行
✓ 已保存到文件: 518/4500 条

[519/4500] 翻译进度: 11.5%
藏语原文: ཁོ་རང་ཡང་ཟ་བ་དེ་གཉིས་ཀར་གྱི་མ་ཡིན་པ་ལ།

开始翻译流程 (尝试 1/2):
========================================
步骤1: 输入藏语文本...
输入文本时出错: Message: tab crashed
  (Session info: chrome=143.0.7499.169)

✗ 输入文本失败

开始翻译流程 (尝试 2/2):
========================================
步骤1: 输入藏语文本...
输入文本时出错: Message: tab crashed
  (Session info: chrome=143.0.7499.169)

✗ 输入文本失败
========================================
✗ 翻译失败，跳过此行
✓ 已保存到文件: 519/4500 条

[520/4500] 翻译进度: 11.6%
藏语原文: གཉིས་ཀར་གྱིས་བཅད་ཅིང་ཟོས་པར་འགྱུར་ཟེར་བར་འདུག་པས།

开始翻译流程 (尝试 1/2):
========================================
步骤1: 输入藏语文本...
输入文本时出错: Message: tab crashed
  (Session info: chrome=143.0.7499.169)

✗ 输入文本失败

开始翻译流程 (尝试 2/2):
========================================
步骤1: 输入藏语文本...
输入文本时出错: Message: tab crashed
  (Session info: chrome=143.0.7499.169)

✗ 输入文本失败
========================================
✗ 翻译失败，跳过此行
✓ 已保存到文件: 520/4500 条

[521/4500] 翻译进度: 11.6%
藏语原文: མུ་སྟེགས་བྱེད་འདི་དག་ལ་བློ་ཕུགས་གཏད་མི་ཐུབ་ཟེར་བར་...

开始翻译流程 (尝试 1/2):
========================================
步骤1: 输入藏语文本...
输入文本时出错: Message: tab crashed
  (Session info: chrome=143.0.7499.169)

✗ 输入文本失败

开始翻译流程 (尝试 2/2):
========================================
步骤1: 输入藏语文本...
输入文本时出错: Message: tab crashed
  (Session info: chrome=143.0.7499.169)

✗ 输入文本失败
========================================
✗ 翻译失败，跳过此行
✓ 已保存到文件: 521/4500 条

[522/4500] 翻译进度: 11.6%
藏语原文: ཁོང་མཆེད་གཉིས་མུ་སྟེགས་བྱེད་ཀྱི་ཞབས་ཏོག་མི་བྱེད་པ་...

开始翻译流程 (尝试 1/2):
========================================
步骤1: 输入藏语文本...
输入文本时出错: Message: tab crashed
  (Session info: chrome=143.0.7499.169)

✗ 输入文本失败

开始翻译流程 (尝试 2/2):
========================================
步骤1: 输入藏语文本...
输入文本时出错: Message: tab crashed
  (Session info: chrome=143.0.7499.169)

✗ 输入文本失败
========================================
✗ 翻译失败，跳过此行
✓ 已保存到文件: 522/4500 条

[523/4500] 翻译进度: 11.6%
藏语原文: མུ་སྟེགས་འདི་དག་ནི་མཆོད་གནས་ངན་པ་ཡིན་པར་གདའ་བ་ལ།

开始翻译流程 (尝试 1/2):
========================================
步骤1: 输入藏语文本...
输入文本时出错: Message: tab crashed
  (Session info: chrome=143.0.7499.169)

✗ 输入文本失败

开始翻译流程 (尝试 2/2):
========================================
步骤1: 输入藏语文本...
输入文本时出错: Message: tab crashed
  (Session info: chrome=143.0.7499.169)

✗ 输入文本失败
========================================
✗ 翻译失败，跳过此行
✓ 已保存到文件: 523/4500 条

[524/4500] 翻译进度: 11.6%
藏语原文: ཀུན་ཏུ་དགའ་འདི་ལས་འབྲེལ་ནང་པ་ལ་ཤར་བ་ཅིག་གདའ་བས།

开始翻译流程 (尝试 1/2):
========================================
步骤1: 输入藏语文本...
输入文本时出错: Message: tab crashed
  (Session info: chrome=143.0.7499.169)

✗ 输入文本失败

开始翻译流程 (尝试 2/2):
========================================
步骤1: 输入藏语文本...
输入文本时出错: Message: tab crashed
  (Session info: chrome=143.0.7499.169)

✗ 输入文本失败
========================================
✗ 翻译失败，跳过此行
✓ 已保存到文件: 524/4500 条

[525/4500] 翻译进度: 11.7%
藏语原文: ཕྱག་དང་སྤྱོད་ལམ་ལ་སོགས་པ་མི་མཐུན་པར་ནང་པའི་སར་འགྲོ...

开始翻译流程 (尝试 1/2):
========================================
步骤1: 输入藏语文本...
输入文本时出错: Message: tab crashed
  (Session info: chrome=143.0.7499.169)

✗ 输入文本失败

开始翻译流程 (尝试 2/2):
========================================
步骤1: 输入藏语文本...
输入文本时出错: Message: tab crashed
  (Session info: chrome=143.0.7499.169)

✗ 输入文本失败
========================================
✗ 翻译失败，跳过此行
✓ 已保存到文件: 525/4500 条

[526/4500] 翻译进度: 11.7%
藏语原文: ལྷ་ཐམས་ཅད་ཀྱང་གཞོན་ནུ་མ་ཐམས་ཅད་དགའ་བ་འཇིག་རྟེན་གྱི...

开始翻译流程 (尝试 1/2):
========================================
步骤1: 输入藏语文本...
输入文本时出错: Message: tab crashed
  (Session info: chrome=143.0.7499.169)

✗ 输入文本失败

开始翻译流程 (尝试 2/2):
========================================
步骤1: 输入藏语文本...
输入文本时出错: Message: tab crashed
  (Session info: chrome=143.0.7499.169)

✗ 输入文本失败
========================================
✗ 翻译失败，跳过此行
✓ 已保存到文件: 526/4500 条

[527/4500] 翻译进度: 11.7%
藏语原文: ན་གཞོན་པས་ཁོ་ཞེན་གདའ་བས།

开始翻译流程 (尝试 1/2):
========================================
步骤1: 输入藏语文本...
输入文本时出错: Message: tab crashed
  (Session info: chrome=143.0.7499.169)

✗ 输入文本失败

开始翻译流程 (尝试 2/2):
========================================
步骤1: 输入藏语文本...
输入文本时出错: Message: tab crashed
  (Session info: chrome=143.0.7499.169)

✗ 输入文本失败
========================================
✗ 翻译失败，跳过此行
✓ 已保存到文件: 527/4500 条

[528/4500] 翻译进度: 11.7%
藏语原文: དེ་ནས་ཁྱེད་རང་གང་མཉེས་པའི་སར་གཤེགས་པར་བྱེད་དམ།

开始翻译流程 (尝试 1/2):
========================================
步骤1: 输入藏语文本...
输入文本时出错: Message: tab crashed
  (Session info: chrome=143.0.7499.169)

✗ 输入文本失败

开始翻译流程 (尝试 2/2):
========================================
步骤1: 输入藏语文本...
输入文本时出错: Message: tab crashed
  (Session info: chrome=143.0.7499.169)

✗ 输入文本失败
========================================
✗ 翻译失败，跳过此行
✓ 已保存到文件: 528/4500 条

[529/4500] 翻译进度: 11.8%
藏语原文: སྤྱོད་ལམ་མ་བསྟུན་པས་ཕྱི་རོལ་པ་དག་གནས་དེར་མི་འདུག་པ...

开始翻译流程 (尝试 1/2):
========================================
步骤1: 输入藏语文本...
输入文本时出错: Message: tab crashed
  (Session info: chrome=143.0.7499.169)

✗ 输入文本失败

开始翻译流程 (尝试 2/2):
========================================
步骤1: 输入藏语文本...
输入文本时出错: Message: tab crashed
  (Session info: chrome=143.0.7499.169)

✗ 输入文本失败
========================================
✗ 翻译失败，跳过此行
✓ 已保存到文件: 529/4500 条

[530/4500] 翻译进度: 11.8%
藏语原文: ད་གཟོད་ཐོས་ནས་འགྱོད་ནས་འོང་ཙ་ན།

开始翻译流程 (尝试 1/2):
========================================
步骤1: 输入藏语文本...
输入文本时出错: Message: tab crashed
  (Session info: chrome=143.0.7499.169)

✗ 输入文本失败

开始翻译流程 (尝试 2/2):
========================================
步骤1: 输入藏语文本...
输入文本时出错: Message: tab crashed
  (Session info: chrome=143.0.7499.169)

✗ 输入文本失败
========================================
✗ 翻译失败，跳过此行
✓ 已保存到文件: 530/4500 条

[531/4500] 翻译进度: 11.8%
藏语原文: གོས་དཀར་པོ་དྲི་མ་མེད་པ་ཧ་ཅང་བཀྲག་མི་ཆེ་བ་གྱོན་པ་དེ...

开始翻译流程 (尝试 1/2):
========================================
步骤1: 输入藏语文本...
输入文本时出错: Message: tab crashed
  (Session info: chrome=143.0.7499.169)

✗ 输入文本失败

开始翻译流程 (尝试 2/2):
========================================
步骤1: 输入藏语文本...
输入文本时出错: Message: tab crashed
  (Session info: chrome=143.0.7499.169)

✗ 输入文本失败
========================================
✗ 翻译失败，跳过此行
✓ 已保存到文件: 531/4500 条

[532/4500] 翻译进度: 11.8%
藏语原文: ཡབ་ཡུམ་དགའ་སྟེ་བལྟས་པས་ཀྱང་དེ་བཞིན་དུ་འདུག།

开始翻译流程 (尝试 1/2):
========================================
步骤1: 输入藏语文本...
输入文本时出错: Message: tab crashed
  (Session info: chrome=143.0.7499.169)

✗ 输入文本失败

开始翻译流程 (尝试 2/2):
========================================
步骤1: 输入藏语文本...
输入文本时出错: Message: tab crashed
  (Session info: chrome=143.0.7499.169)

✗ 输入文本失败
========================================
✗ 翻译失败，跳过此行
✓ 已保存到文件: 532/4500 条

[533/4500] 翻译进度: 11.8%
藏语原文: ཞེས་གསུངས་གདའ་ན།

开始翻译流程 (尝试 1/2):
========================================
步骤1: 输入藏语文本...
输入文本时出错: Message: tab crashed
  (Session info: chrome=143.0.7499.169)

✗ 输入文本失败

开始翻译流程 (尝试 2/2):
========================================
步骤1: 输入藏语文本...
输入文本时出错: Message: tab crashed
  (Session info: chrome=143.0.7499.169)

✗ 输入文本失败
========================================
✗ 翻译失败，跳过此行
✓ 已保存到文件: 533/4500 条

[534/4500] 翻译进度: 11.9%
藏语原文: རྒྱལ་པོ་འདི་ཉིད་དད་པ་ཆེ་བ་ཞིག་འདུག་སྟེ།

开始翻译流程 (尝试 1/2):
========================================
步骤1: 输入藏语文本...
输入文本时出错: Message: tab crashed
  (Session info: chrome=143.0.7499.169)

✗ 输入文本失败

开始翻译流程 (尝试 2/2):
========================================
步骤1: 输入藏语文本...
输入文本时出错: Message: tab crashed
  (Session info: chrome=143.0.7499.169)

✗ 输入文本失败
========================================
✗ 翻译失败，跳过此行
✓ 已保存到文件: 534/4500 条

[535/4500] 翻译进度: 11.9%
藏语原文: འཁོར་ན་ལྷག་པ་བཅུ་དྲུག་གདའ།

开始翻译流程 (尝试 1/2):
========================================
步骤1: 输入藏语文本...
输入文本时出错: Message: tab crashed
  (Session info: chrome=143.0.7499.169)

✗ 输入文本失败

开始翻译流程 (尝试 2/2):
========================================
步骤1: 输入藏语文本...
输入文本时出错: Message: tab crashed
  (Session info: chrome=143.0.7499.169)

✗ 输入文本失败
========================================
✗ 翻译失败，跳过此行
✓ 已保存到文件: 535/4500 条

[536/4500] 翻译进度: 11.9%
藏语原文: ལྷ་བཞིན་མཛེས་པར་མི་གདའ་འམ།

开始翻译流程 (尝试 1/2):
========================================
步骤1: 输入藏语文本...
输入文本时出错: Message: tab crashed
  (Session info: chrome=143.0.7499.169)

✗ 输入文本失败

开始翻译流程 (尝试 2/2):
========================================
步骤1: 输入藏语文本...
输入文本时出错: Message: tab crashed
  (Session info: chrome=143.0.7499.169)

✗ 输入文本失败
========================================
✗ 翻译失败，跳过此行
✓ 已保存到文件: 536/4500 条

[537/4500] 翻译进度: 11.9%
藏语原文: གཡེང་བ་སྤངས་ཏེ་ནང་ནའང་གདའ།

开始翻译流程 (尝试 1/2):
========================================
步骤1: 输入藏语文本...
输入文本时出错: Message: tab crashed
  (Session info: chrome=143.0.7499.169)

✗ 输入文本失败

开始翻译流程 (尝试 2/2):
========================================
步骤1: 输入藏语文本...
输入文本时出错: Message: tab crashed
  (Session info: chrome=143.0.7499.169)

✗ 输入文本失败
========================================
✗ 翻译失败，跳过此行
✓ 已保存到文件: 537/4500 条

[538/4500] 翻译进度: 12.0%
藏语原文: ཁྱད་པར་དུའང་དོ་ཞག་བློན་པོ་འདི་དག་སྔར་བས་དལ་བ་ཞི་བ་...

开始翻译流程 (尝试 1/2):
========================================
步骤1: 输入藏语文本...
输入文本时出错: Message: tab crashed
  (Session info: chrome=143.0.7499.169)

✗ 输入文本失败

开始翻译流程 (尝试 2/2):
========================================
步骤1: 输入藏语文本...
输入文本时出错: Message: tab crashed
  (Session info: chrome=143.0.7499.169)

✗ 输入文本失败
========================================
✗ 翻译失败，跳过此行
✓ 已保存到文件: 538/4500 条

[539/4500] 翻译进度: 12.0%
藏语原文: བློན་འབངས་དང་བཅས་པ་ནི་ཁྱེད་ལ་དེ་སྐད་མི་ཟེར་བར་གདའ།

开始翻译流程 (尝试 1/2):
========================================
步骤1: 输入藏语文本...
输入文本时出错: Message: tab crashed
  (Session info: chrome=143.0.7499.169)

✗ 输入文本失败

开始翻译流程 (尝试 2/2):
========================================
步骤1: 输入藏语文本...
输入文本时出错: Message: tab crashed
  (Session info: chrome=143.0.7499.169)

✗ 输入文本失败
========================================
✗ 翻译失败，跳过此行
✓ 已保存到文件: 539/4500 条

[540/4500] 翻译进度: 12.0%
藏语原文: འདི་ལྟར་རྟ་པའི་ཚོགས་ཤིན་ཏུ་མང་བ་ཞིག་གདའ་བ།

开始翻译流程 (尝试 1/2):
========================================
步骤1: 输入藏语文本...
输入文本时出错: Message: tab crashed
  (Session info: chrome=143.0.7499.169)

✗ 输入文本失败

开始翻译流程 (尝试 2/2):
========================================
步骤1: 输入藏语文本...
输入文本时出错: Message: tab crashed
  (Session info: chrome=143.0.7499.169)

✗ 输入文本失败
========================================
✗ 翻译失败，跳过此行
✓ 已保存到文件: 540/4500 条

[541/4500] 翻译进度: 12.0%
藏语原文: འདི་ལྟར་རྟ་པ་མང་བར་གདའ།

开始翻译流程 (尝试 1/2):
========================================
步骤1: 输入藏语文本...
输入文本时出错: Message: tab crashed
  (Session info: chrome=143.0.7499.169)

✗ 输入文本失败

开始翻译流程 (尝试 2/2):
========================================
步骤1: 输入藏语文本...
输入文本时出错: Message: tab crashed
  (Session info: chrome=143.0.7499.169)

✗ 输入文本失败
========================================
✗ 翻译失败，跳过此行
✓ 已保存到文件: 541/4500 条

[542/4500] 翻译进度: 12.0%
藏语原文: བློ་གྲོས་མཐའ་རུ་ཕྱིན་པར་གདའ།

开始翻译流程 (尝试 1/2):
========================================
步骤1: 输入藏语文本...
输入文本时出错: Message: tab crashed
  (Session info: chrome=143.0.7499.169)

✗ 输入文本失败

开始翻译流程 (尝试 2/2):
========================================
步骤1: 输入藏语文本...
输入文本时出错: Message: tab crashed
  (Session info: chrome=143.0.7499.169)

✗ 输入文本失败
========================================
✗ 翻译失败，跳过此行
✓ 已保存到文件: 542/4500 条

[543/4500] 翻译进度: 12.1%
藏语原文: ཞེས་གསུངས་གདའ་ན།

开始翻译流程 (尝试 1/2):
========================================
步骤1: 输入藏语文本...
输入文本时出错: Message: tab crashed
  (Session info: chrome=143.0.7499.169)

✗ 输入文本失败

开始翻译流程 (尝试 2/2):
========================================
步骤1: 输入藏语文本...
输入文本时出错: Message: tab crashed
  (Session info: chrome=143.0.7499.169)

✗ 输入文本失败
========================================
✗ 翻译失败，跳过此行
✓ 已保存到文件: 543/4500 条

[544/4500] 翻译进度: 12.1%
藏语原文: ཟངས་གཞོང་ཀྱང་ཆུས་མི་འཁྱེར་མི་ནུབ་འདི་ལྟར་གདའ་ན།

开始翻译流程 (尝试 1/2):
========================================
步骤1: 输入藏语文本...
输入文本时出错: Message: tab crashed
  (Session info: chrome=143.0.7499.169)

✗ 输入文本失败

开始翻译流程 (尝试 2/2):
========================================
步骤1: 输入藏语文本...
输入文本时出错: Message: tab crashed
  (Session info: chrome=143.0.7499.169)

✗ 输入文本失败
========================================
✗ 翻译失败，跳过此行
✓ 已保存到文件: 544/4500 条

[545/4500] 翻译进度: 12.1%
藏语原文: དེ་བས་ཁྱེད་རང་གཞོན་པ་འདི་ཞོན།

开始翻译流程 (尝试 1/2):
========================================
步骤1: 输入藏语文本...
输入文本时出错: Message: tab crashed
  (Session info: chrome=143.0.7499.169)

✗ 输入文本失败

开始翻译流程 (尝试 2/2):
========================================
步骤1: 输入藏语文本...
输入文本时出错: Message: tab crashed
  (Session info: chrome=143.0.7499.169)

✗ 输入文本失败
========================================
✗ 翻译失败，跳过此行
✓ 已保存到文件: 545/4500 条

[546/4500] 翻译进度: 12.1%
藏语原文: ཡོན་ཏན་ཐ་མར་འདུག།

开始翻译流程 (尝试 1/2):
========================================
步骤1: 输入藏语文本...
输入文本时出错: Message: tab crashed
  (Session info: chrome=143.0.7499.169)

✗ 输入文本失败

开始翻译流程 (尝试 2/2):
========================================
步骤1: 输入藏语文本...
输入文本时出错: Message: tab crashed
  (Session info: chrome=143.0.7499.169)

✗ 输入文本失败
========================================
✗ 翻译失败，跳过此行
✓ 已保存到文件: 546/4500 条

[547/4500] 翻译进度: 12.2%
藏语原文: ཡོན་ཏན་གོང་མ་ལྟར་འདུག།

开始翻译流程 (尝试 1/2):
========================================
步骤1: 输入藏语文本...
输入文本时出错: Message: tab crashed
  (Session info: chrome=143.0.7499.169)

✗ 输入文本失败

开始翻译流程 (尝试 2/2):
========================================
步骤1: 输入藏语文本...
输入文本时出错: Message: tab crashed
  (Session info: chrome=143.0.7499.169)

✗ 输入文本失败
========================================
✗ 翻译失败，跳过此行
✓ 已保存到文件: 547/4500 条

[548/4500] 翻译进度: 12.2%
藏语原文: རྒྱལ་པོ་འདི་བདག་ལ་ཆགས་འདུག་པས།

开始翻译流程 (尝试 1/2):
========================================
步骤1: 输入藏语文本...
输入文本时出错: Message: tab crashed
  (Session info: chrome=143.0.7499.169)

✗ 输入文本失败

开始翻译流程 (尝试 2/2):
========================================
步骤1: 输入藏语文本...
输入文本时出错: Message: tab crashed
  (Session info: chrome=143.0.7499.169)

✗ 输入文本失败
========================================
✗ 翻译失败，跳过此行
✓ 已保存到文件: 548/4500 条

[549/4500] 翻译进度: 12.2%
藏语原文: ཕོ་རབ་ཡོན་ཏན་དེ་ན་གདའ།

开始翻译流程 (尝试 1/2):
========================================
步骤1: 输入藏语文本...
输入文本时出错: Message: tab crashed
  (Session info: chrome=143.0.7499.169)

✗ 输入文本失败

开始翻译流程 (尝试 2/2):
========================================
步骤1: 输入藏语文本...
输入文本时出错: Message: tab crashed
  (Session info: chrome=143.0.7499.169)

✗ 输入文本失败
========================================
✗ 翻译失败，跳过此行
✓ 已保存到文件: 549/4500 条

[550/4500] 翻译进度: 12.2%
藏语原文: ཐ་མའི་ཡོན་ཏན་དེ་ན་གདའ།

开始翻译流程 (尝试 1/2):
========================================
步骤1: 输入藏语文本...
输入文本时出错: Message: tab crashed
  (Session info: chrome=143.0.7499.169)

✗ 输入文本失败

开始翻译流程 (尝试 2/2):
========================================
步骤1: 输入藏语文本...
输入文本时出错: Message: tab crashed
  (Session info: chrome=143.0.7499.169)

✗ 输入文本失败
========================================
✗ 翻译失败，跳过此行
✓ 已保存到文件: 550/4500 条

[551/4500] 翻译进度: 12.2%
藏语原文: དེ་དག་ལ་བདེན་པ་འདུག་གམ།

开始翻译流程 (尝试 1/2):
========================================
步骤1: 输入藏语文本...
输入文本时出错: Message: tab crashed
  (Session info: chrome=143.0.7499.169)

✗ 输入文本失败

开始翻译流程 (尝试 2/2):
========================================
步骤1: 输入藏语文本...
输入文本时出错: Message: tab crashed
  (Session info: chrome=143.0.7499.169)

✗ 输入文本失败
========================================
✗ 翻译失败，跳过此行
✓ 已保存到文件: 551/4500 条

[552/4500] 翻译进度: 12.3%
藏语原文: མི་གདའ་འོ།

开始翻译流程 (尝试 1/2):
========================================
步骤1: 输入藏语文本...
输入文本时出错: Message: tab crashed
  (Session info: chrome=143.0.7499.169)

✗ 输入文本失败

开始翻译流程 (尝试 2/2):
========================================
步骤1: 输入藏语文本...
输入文本时出错: Message: tab crashed
  (Session info: chrome=143.0.7499.169)

✗ 输入文本失败
========================================
✗ 翻译失败，跳过此行
✓ 已保存到文件: 552/4500 条

[553/4500] 翻译进度: 12.3%
藏语原文: རྒྱལ་པོས་གཏམ་འདྲི་སྟེ་ཁ་རོགས་འདུག་ལ་སང་ཡང་འདིར་ཤོག...

开始翻译流程 (尝试 1/2):
========================================
步骤1: 输入藏语文本...
输入文本时出错: Message: tab crashed
  (Session info: chrome=143.0.7499.169)

✗ 输入文本失败

开始翻译流程 (尝试 2/2):
========================================
步骤1: 输入藏语文本...
输入文本时出错: Message: tab crashed
  (Session info: chrome=143.0.7499.169)

✗ 输入文本失败
========================================
✗ 翻译失败，跳过此行
✓ 已保存到文件: 553/4500 条

[554/4500] 翻译进度: 12.3%
藏语原文: གཞོན་ནུས་རང་རང་དང་མཐུན་པའི་བསྙེན་བཀུར་ཕུན་སུམ་ཚོགས...

开始翻译流程 (尝试 1/2):
========================================
步骤1: 输入藏语文本...
输入文本时出错: Message: tab crashed
  (Session info: chrome=143.0.7499.169)

✗ 输入文本失败

开始翻译流程 (尝试 2/2):
========================================
步骤1: 输入藏语文本...
输入文本时出错: Message: tab crashed
  (Session info: chrome=143.0.7499.169)

✗ 输入文本失败
========================================
✗ 翻译失败，跳过此行
✓ 已保存到文件: 554/4500 条

[555/4500] 翻译进度: 12.3%
藏语原文: སྔར་གྱི་བུ་མེད་ཁྱི་གུའི་རོ་ཞིག་གདའ།

开始翻译流程 (尝试 1/2):
========================================
步骤1: 输入藏语文本...
输入文本时出错: Message: tab crashed
  (Session info: chrome=143.0.7499.169)

✗ 输入文本失败

开始翻译流程 (尝试 2/2):
========================================
步骤1: 输入藏语文本...
输入文本时出错: Message: tab crashed
  (Session info: chrome=143.0.7499.169)

✗ 输入文本失败
========================================
✗ 翻译失败，跳过此行
✓ 已保存到文件: 555/4500 条

[556/4500] 翻译进度: 12.4%
藏语原文: ཁ་རོག་འདུག་པ་དང་།

开始翻译流程 (尝试 1/2):
========================================
步骤1: 输入藏语文本...
输入文本时出错: Message: tab crashed
  (Session info: chrome=143.0.7499.169)

✗ 输入文本失败

开始翻译流程 (尝试 2/2):
========================================
步骤1: 输入藏语文本...
输入文本时出错: Message: tab crashed
  (Session info: chrome=143.0.7499.169)

✗ 输入文本失败
========================================
✗ 翻译失败，跳过此行
✓ 已保存到文件: 556/4500 条

[557/4500] 翻译进度: 12.4%
藏语原文: དེ་ལ་བརྟེན་ནས་སྐྱེ་བོ་མང་པོ་སྐྱོབ་པར་ནུས་པ་ཅིག་གཟོ...

开始翻译流程 (尝试 1/2):
========================================
步骤1: 输入藏语文本...
输入文本时出错: Message: tab crashed
  (Session info: chrome=143.0.7499.169)

✗ 输入文本失败

开始翻译流程 (尝试 2/2):
========================================
步骤1: 输入藏语文本...
输入文本时出错: Message: tab crashed
  (Session info: chrome=143.0.7499.169)

✗ 输入文本失败
========================================
✗ 翻译失败，跳过此行
✓ 已保存到文件: 557/4500 条

[558/4500] 翻译进度: 12.4%
藏语原文: སྐུ་ཡི་སྟོད་ནི་རྒྱལ་བར་གདའ།

开始翻译流程 (尝试 1/2):
========================================
步骤1: 输入藏语文本...
输入文本时出错: Message: tab crashed
  (Session info: chrome=143.0.7499.169)

✗ 输入文本失败

开始翻译流程 (尝试 2/2):
========================================
步骤1: 输入藏语文本...
输入文本时出错: Message: tab crashed
  (Session info: chrome=143.0.7499.169)

✗ 输入文本失败
========================================
✗ 翻译失败，跳过此行
✓ 已保存到文件: 558/4500 条

[559/4500] 翻译进度: 12.4%
藏语原文: བུ་འདི་ཨུ་རྒྱན་དུ་འགྲོ་བའི་ལུང་སྟོན་ཅིང་གདའ་སྟེ་བུ...

开始翻译流程 (尝试 1/2):
========================================
步骤1: 输入藏语文本...
输入文本时出错: Message: tab crashed
  (Session info: chrome=143.0.7499.169)

✗ 输入文本失败

开始翻译流程 (尝试 2/2):
========================================
步骤1: 输入藏语文本...
输入文本时出错: Message: tab crashed
  (Session info: chrome=143.0.7499.169)

✗ 输入文本失败
========================================
✗ 翻译失败，跳过此行
✓ 已保存到文件: 559/4500 条

[560/4500] 翻译进度: 12.4%
藏语原文: ལྟ་བས་ཆོག་མི་ཤེས་པ་ཅིག་འདུག་སྟེ།

开始翻译流程 (尝试 1/2):
========================================
步骤1: 输入藏语文本...
输入文本时出错: Message: tab crashed
  (Session info: chrome=143.0.7499.169)

✗ 输入文本失败

开始翻译流程 (尝试 2/2):
========================================
步骤1: 输入藏语文本...
输入文本时出错: Message: tab crashed
  (Session info: chrome=143.0.7499.169)

✗ 输入文本失败
========================================
✗ 翻译失败，跳过此行
✓ 已保存到文件: 560/4500 条

[561/4500] 翻译进度: 12.5%
藏语原文: འདི་སྤྲུལ་པ་ཞིག་ཡིན་པར་འདུག།

开始翻译流程 (尝试 1/2):
========================================
步骤1: 输入藏语文本...
输入文本时出错: Message: tab crashed
  (Session info: chrome=143.0.7499.169)

✗ 输入文本失败

开始翻译流程 (尝试 2/2):
========================================
步骤1: 输入藏语文本...
输入文本时出错: Message: tab crashed
  (Session info: chrome=143.0.7499.169)

✗ 输入文本失败
========================================
✗ 翻译失败，跳过此行
✓ 已保存到文件: 561/4500 条

[562/4500] 翻译进度: 12.5%
藏语原文: དབྱིབས་ལེགས་ཁ་དོག་བཀྲ་བར་གདའ།

开始翻译流程 (尝试 1/2):
========================================
步骤1: 输入藏语文本...
输入文本时出错: Message: tab crashed
  (Session info: chrome=143.0.7499.169)

✗ 输入文本失败

开始翻译流程 (尝试 2/2):
========================================
步骤1: 输入藏语文本...
输入文本时出错: Message: tab crashed
  (Session info: chrome=143.0.7499.169)

✗ 输入文本失败
========================================
✗ 翻译失败，跳过此行
✓ 已保存到文件: 562/4500 条

[563/4500] 翻译进度: 12.5%
藏语原文: ཁྱེད་སྤྲུལ་པར་ཁས་ལེན་པར་འདུག།

开始翻译流程 (尝试 1/2):
========================================
步骤1: 输入藏语文本...
输入文本时出错: Message: tab crashed
  (Session info: chrome=143.0.7499.169)

✗ 输入文本失败

开始翻译流程 (尝试 2/2):
========================================
步骤1: 输入藏语文本...
输入文本时出错: Message: tab crashed
  (Session info: chrome=143.0.7499.169)

✗ 输入文本失败
========================================
✗ 翻译失败，跳过此行
✓ 已保存到文件: 563/4500 条

[564/4500] 翻译进度: 12.5%
藏语原文: དེར་བལྟས་ཙ་ན།

开始翻译流程 (尝试 1/2):
========================================
步骤1: 输入藏语文本...
输入文本时出错: Message: tab crashed
  (Session info: chrome=143.0.7499.169)

✗ 输入文本失败

开始翻译流程 (尝试 2/2):
========================================
步骤1: 输入藏语文本...
输入文本时出错: Message: tab crashed
  (Session info: chrome=143.0.7499.169)

✗ 输入文本失败
========================================
✗ 翻译失败，跳过此行
✓ 已保存到文件: 564/4500 条

[565/4500] 翻译进度: 12.6%
藏语原文: རྒོད་ན་རི་རབ་སྒྱེལ་བར་ནུས་པ་མང་བ་གདའ་བ་ལ།

开始翻译流程 (尝试 1/2):
========================================
步骤1: 输入藏语文本...
输入文本时出错: Message: tab crashed
  (Session info: chrome=143.0.7499.169)

✗ 输入文本失败

开始翻译流程 (尝试 2/2):
========================================
步骤1: 输入藏语文本...
输入文本时出错: Message: tab crashed
  (Session info: chrome=143.0.7499.169)

✗ 输入文本失败
========================================
✗ 翻译失败，跳过此行
✓ 已保存到文件: 565/4500 条

[566/4500] 翻译进度: 12.6%
藏语原文: གནས་སྐབས་བདེ་བར་ང་རང་ལྷག།

开始翻译流程 (尝试 1/2):
========================================
步骤1: 输入藏语文本...
输入文本时出错: Message: tab crashed
  (Session info: chrome=143.0.7499.169)

✗ 输入文本失败

开始翻译流程 (尝试 2/2):
========================================
步骤1: 输入藏语文本...
输入文本时出错: Message: tab crashed
  (Session info: chrome=143.0.7499.169)

✗ 输入文本失败
========================================
✗ 翻译失败，跳过此行
✓ 已保存到文件: 566/4500 条

[567/4500] 翻译进度: 12.6%
藏语原文: རྒྱལ་བུ་ཁྱེད་ཤུལ་རིངས་ཀྱི་ལམ་ནས་འོངས་ཏེ་འདུག།

开始翻译流程 (尝试 1/2):
========================================
步骤1: 输入藏语文本...
输入文本时出错: Message: tab crashed
  (Session info: chrome=143.0.7499.169)

✗ 输入文本失败

开始翻译流程 (尝试 2/2):
========================================
步骤1: 输入藏语文本...
输入文本时出错: Message: tab crashed
  (Session info: chrome=143.0.7499.169)

✗ 输入文本失败
========================================
✗ 翻译失败，跳过此行
✓ 已保存到文件: 567/4500 条

[568/4500] 翻译进度: 12.6%
藏语原文: དེའི་དབུས་ན་སྔར་གཞན་གྱིས་འགྲིམས་པའི་ཤུལ་ནི་མི་འདུག...

开始翻译流程 (尝试 1/2):
========================================
步骤1: 输入藏语文本...
输入文本时出错: Message: tab crashed
  (Session info: chrome=143.0.7499.169)

✗ 输入文本失败

开始翻译流程 (尝试 2/2):
========================================
步骤1: 输入藏语文本...
输入文本时出错: Message: tab crashed
  (Session info: chrome=143.0.7499.169)

✗ 输入文本失败
========================================
✗ 翻译失败，跳过此行
✓ 已保存到文件: 568/4500 条

[569/4500] 翻译进度: 12.6%
藏语原文: དེའི་བར་ལ་འགྲོ་ས་མི་འདུག་པ་ལ་སྔར་བཞིན་དུ་བྱམས་པ་བས...

开始翻译流程 (尝试 1/2):
========================================
步骤1: 输入藏语文本...
输入文本时出错: Message: tab crashed
  (Session info: chrome=143.0.7499.169)

✗ 输入文本失败

开始翻译流程 (尝试 2/2):
========================================
步骤1: 输入藏语文本...
输入文本时出错: Message: tab crashed
  (Session info: chrome=143.0.7499.169)

✗ 输入文本失败
========================================
✗ 翻译失败，跳过此行
✓ 已保存到文件: 569/4500 条

[570/4500] 翻译进度: 12.7%
藏语原文: སྔར་ཟེར་བ་བཞིན་དུ་སྲིན་གཡག་ཁམ་པ་གཟུགས་ལ་རྒྱང་གྲགས་...

开始翻译流程 (尝试 1/2):
========================================
步骤1: 输入藏语文本...
输入文本时出错: Message: tab crashed
  (Session info: chrome=143.0.7499.169)

✗ 输入文本失败

开始翻译流程 (尝试 2/2):
========================================
步骤1: 输入藏语文本...
输入文本时出错: Message: tab crashed
  (Session info: chrome=143.0.7499.169)

✗ 输入文本失败
========================================
✗ 翻译失败，跳过此行
✓ 已保存到文件: 570/4500 条

[571/4500] 翻译进度: 12.7%
藏语原文: ཟེར་བ་བཞིན་འདུག་སྟེ་སྒོ་ལ་བརྡུངས་པས།

开始翻译流程 (尝试 1/2):
========================================
步骤1: 输入藏语文本...
输入文本时出错: Message: tab crashed
  (Session info: chrome=143.0.7499.169)

✗ 输入文本失败

开始翻译流程 (尝试 2/2):
========================================
步骤1: 输入藏语文本...
输入文本时出错: Message: tab crashed
  (Session info: chrome=143.0.7499.169)

✗ 输入文本失败
========================================
✗ 翻译失败，跳过此行
✓ 已保存到文件: 571/4500 条

[572/4500] 翻译进度: 12.7%
藏语原文: ད་ཁྱེད་རང་ལ་ཅིས་ཀྱང་དགོས་ན།

开始翻译流程 (尝试 1/2):
========================================
步骤1: 输入藏语文本...
输入文本时出错: Message: tab crashed
  (Session info: chrome=143.0.7499.169)

✗ 输入文本失败

开始翻译流程 (尝试 2/2):
========================================
步骤1: 输入藏语文本...
输入文本时出错: Message: tab crashed
  (Session info: chrome=143.0.7499.169)

✗ 输入文本失败
========================================
✗ 翻译失败，跳过此行
✓ 已保存到文件: 572/4500 条

[573/4500] 翻译进度: 12.7%
藏语原文: དིང་སང་བཞུགས་ན་དགའ་སྟེ་མི་བཞུགས་པར་གདའ།

开始翻译流程 (尝试 1/2):
========================================
步骤1: 输入藏语文本...
输入文本时出错: Message: tab crashed
  (Session info: chrome=143.0.7499.169)

✗ 输入文本失败

开始翻译流程 (尝试 2/2):
========================================
步骤1: 输入藏语文本...
输入文本时出错: Message: tab crashed
  (Session info: chrome=143.0.7499.169)

✗ 输入文本失败
========================================
✗ 翻译失败，跳过此行
✓ 已保存到文件: 573/4500 条

[574/4500] 翻译进度: 12.8%
藏语原文: ཚོགས་འཁོར་རྒྱ་ཆེན་བསྐོར་ཞིང་གདའ།

开始翻译流程 (尝试 1/2):
========================================
步骤1: 输入藏语文本...
输入文本时出错: Message: tab crashed
  (Session info: chrome=143.0.7499.169)

✗ 输入文本失败

开始翻译流程 (尝试 2/2):
========================================
步骤1: 输入藏语文本...
输入文本时出错: Message: tab crashed
  (Session info: chrome=143.0.7499.169)

✗ 输入文本失败
========================================
✗ 翻译失败，跳过此行
✓ 已保存到文件: 574/4500 条

[575/4500] 翻译进度: 12.8%
藏语原文: ཁྱེད་རྒྱལ་བུ་གཞོན་ནུ་ལྟ་བས་ཆོག་མི་ཤེས་པ་ཅིག་འདུག།

开始翻译流程 (尝试 1/2):
========================================
步骤1: 输入藏语文本...
输入文本时出错: Message: tab crashed
  (Session info: chrome=143.0.7499.169)

✗ 输入文本失败

开始翻译流程 (尝试 2/2):
========================================
步骤1: 输入藏语文本...
输入文本时出错: Message: tab crashed
  (Session info: chrome=143.0.7499.169)

✗ 输入文本失败
========================================
✗ 翻译失败，跳过此行
✓ 已保存到文件: 575/4500 条

[576/4500] 翻译进度: 12.8%
藏语原文: མཎྜལ་ཁྲུ་གང་བོ་དེ་བྱིན་གྱིས་རློབ་ཅིང་གདའ་བ་ལ།

开始翻译流程 (尝试 1/2):
========================================
步骤1: 输入藏语文本...
输入文本时出错: Message: tab crashed
  (Session info: chrome=143.0.7499.169)

✗ 输入文本失败

开始翻译流程 (尝试 2/2):
========================================
步骤1: 输入藏语文本...
输入文本时出错: Message: tab crashed
  (Session info: chrome=143.0.7499.169)

✗ 输入文本失败
========================================
✗ 翻译失败，跳过此行
✓ 已保存到文件: 576/4500 条

[577/4500] 翻译进度: 12.8%
藏语原文: དབྱིབས་ཕུན་ཚོགས་རྒྱལ་བའི་ཞལ་དུ་གདའ།

开始翻译流程 (尝试 1/2):
========================================
步骤1: 输入藏语文本...
输入文本时出错: Message: tab crashed
  (Session info: chrome=143.0.7499.169)

✗ 输入文本失败

开始翻译流程 (尝试 2/2):
========================================
步骤1: 输入藏语文本...
输入文本时出错: Message: tab crashed
  (Session info: chrome=143.0.7499.169)

✗ 输入文本失败
========================================
✗ 翻译失败，跳过此行
✓ 已保存到文件: 577/4500 条

[578/4500] 翻译进度: 12.8%
藏语原文: རང་བྱུང་རང་རྒྱལ་གནས་འདི་རྒྱལ་བར་བྱེད།

开始翻译流程 (尝试 1/2):
========================================
步骤1: 输入藏语文本...
输入文本时出错: Message: tab crashed
  (Session info: chrome=143.0.7499.169)

✗ 输入文本失败

开始翻译流程 (尝试 2/2):
========================================
步骤1: 输入藏语文本...
输入文本时出错: Message: tab crashed
  (Session info: chrome=143.0.7499.169)

✗ 输入文本失败
========================================
✗ 翻译失败，跳过此行
✓ 已保存到文件: 578/4500 条

[579/4500] 翻译进度: 12.9%
藏语原文: ཞེས་ཕྱག་གསུམ་བྱས་ཏེ་སྤྱན་སྔར་འདུག་གོ།

开始翻译流程 (尝试 1/2):
========================================
步骤1: 输入藏语文本...
输入文本时出错: Message: tab crashed
  (Session info: chrome=143.0.7499.169)

✗ 输入文本失败

开始翻译流程 (尝试 2/2):
========================================
步骤1: 输入藏语文本...
输入文本时出错: Message: tab crashed
  (Session info: chrome=143.0.7499.169)

✗ 输入文本失败
========================================
✗ 翻译失败，跳过此行
✓ 已保存到文件: 579/4500 条

[580/4500] 翻译进度: 12.9%
藏语原文: སླར་ཡང་རྗེ་དང་མཇལ་བར་གདའ།

开始翻译流程 (尝试 1/2):
========================================
步骤1: 输入藏语文本...
输入文本时出错: Message: tab crashed
  (Session info: chrome=143.0.7499.169)

✗ 输入文本失败

开始翻译流程 (尝试 2/2):
========================================
步骤1: 输入藏语文本...
输入文本时出错: Message: tab crashed
  (Session info: chrome=143.0.7499.169)

✗ 输入文本失败
========================================
✗ 翻译失败，跳过此行
✓ 已保存到文件: 580/4500 条

[581/4500] 翻译进度: 12.9%
藏语原文: ཁྱེད་རང་གཉུག་མར་བདེ་གྱུར་ཏམ།

开始翻译流程 (尝试 1/2):
========================================
步骤1: 输入藏语文本...
输入文本时出错: Message: tab crashed
  (Session info: chrome=143.0.7499.169)

✗ 输入文本失败

开始翻译流程 (尝试 2/2):
========================================
步骤1: 输入藏语文本...
输入文本时出错: Message: tab crashed
  (Session info: chrome=143.0.7499.169)

✗ 输入文本失败
========================================
✗ 翻译失败，跳过此行
✓ 已保存到文件: 581/4500 条

[582/4500] 翻译进度: 12.9%
藏语原文: རྒྱལ་བུ་སྔར་གྱི་བས་ཀྱང་ཁྱད་པར་དུ་འཕགས་པ་ཙམ་དུ་གདའ་...

开始翻译流程 (尝试 1/2):
========================================
步骤1: 输入藏语文本...
输入文本时出错: Message: tab crashed
  (Session info: chrome=143.0.7499.169)

✗ 输入文本失败

开始翻译流程 (尝试 2/2):
========================================
步骤1: 输入藏语文本...
输入文本时出错: Message: tab crashed
  (Session info: chrome=143.0.7499.169)

✗ 输入文本失败
========================================
✗ 翻译失败，跳过此行
✓ 已保存到文件: 582/4500 条

[583/4500] 翻译进度: 13.0%
藏语原文: གསང་བ་ཡེ་ཤེས་ནི་ཤིན་ཏུ་བགྲེས་པ་ཞིག་འདུག་ནས་ཡིད་མ་ཆ...

开始翻译流程 (尝试 1/2):
========================================
步骤1: 输入藏语文本...
输入文本时出错: Message: tab crashed
  (Session info: chrome=143.0.7499.169)

✗ 输入文本失败

开始翻译流程 (尝试 2/2):
========================================
步骤1: 输入藏语文本...
输入文本时出错: Message: tab crashed
  (Session info: chrome=143.0.7499.169)

✗ 输入文本失败
========================================
✗ 翻译失败，跳过此行
✓ 已保存到文件: 583/4500 条

[584/4500] 翻译进度: 13.0%
藏语原文: སྒོ་ཡང་མི་ཙམ་དོད་པ་འདི་བདག་མིག་འཁྲུལ་བ་ཡིན་ནམ་སྙམ་...

开始翻译流程 (尝试 1/2):
========================================
步骤1: 输入藏语文本...
输入文本时出错: Message: tab crashed
  (Session info: chrome=143.0.7499.169)

✗ 输入文本失败

开始翻译流程 (尝试 2/2):
========================================
步骤1: 输入藏语文本...
输入文本时出错: Message: tab crashed
  (Session info: chrome=143.0.7499.169)

✗ 输入文本失败
========================================
✗ 翻译失败，跳过此行
✓ 已保存到文件: 584/4500 条

[585/4500] 翻译进度: 13.0%
藏语原文: ཇི་སྐད་གསུང་བ་བཞིན་དུ་བསམ་གྱིས་མི་ཁྱབ་ཅིང་བློས་མི་...

开始翻译流程 (尝试 1/2):
========================================
步骤1: 输入藏语文本...
输入文本时出错: Message: tab crashed
  (Session info: chrome=143.0.7499.169)

✗ 输入文本失败

开始翻译流程 (尝试 2/2):
========================================
步骤1: 输入藏语文本...
输入文本时出错: Message: tab crashed
  (Session info: chrome=143.0.7499.169)

✗ 输入文本失败
========================================
✗ 翻译失败，跳过此行
✓ 已保存到文件: 585/4500 条

[586/4500] 翻译进度: 13.0%
藏语原文: ཁྱེད་རང་གཉིས་ལྟོས་ཤིག་གསུངས་ནས།

开始翻译流程 (尝试 1/2):
========================================
步骤1: 输入藏语文本...
输入文本时出错: Message: tab crashed
  (Session info: chrome=143.0.7499.169)

✗ 输入文本失败

开始翻译流程 (尝试 2/2):
========================================
步骤1: 输入藏语文本...
输入文本时出错: Message: tab crashed
  (Session info: chrome=143.0.7499.169)

✗ 输入文本失败
========================================
✗ 翻译失败，跳过此行
✓ 已保存到文件: 586/4500 条

[587/4500] 翻译进度: 13.0%
藏语原文: མཁའ་འགྲོའི་ཚོགས་ཀྱང་རང་བཞིན་གནས་སུ་དེངས།

开始翻译流程 (尝试 1/2):
========================================
步骤1: 输入藏语文本...
输入文本时出错: Message: tab crashed
  (Session info: chrome=143.0.7499.169)

✗ 输入文本失败

开始翻译流程 (尝试 2/2):
========================================
步骤1: 输入藏语文本...
输入文本时出错: Message: tab crashed
  (Session info: chrome=143.0.7499.169)

✗ 输入文本失败
========================================
✗ 翻译失败，跳过此行
✓ 已保存到文件: 587/4500 条

[588/4500] 翻译进度: 13.1%
藏语原文: མཁའ་འགྲོ་མའི་ཚོགས་ཐམས་ཅད་ཀྱང་རང་བཞིན་གྱི་གནས་སུ་དེ...

开始翻译流程 (尝试 1/2):
========================================
步骤1: 输入藏语文本...
输入文本时出错: Message: tab crashed
  (Session info: chrome=143.0.7499.169)

✗ 输入文本失败

开始翻译流程 (尝试 2/2):
========================================
步骤1: 输入藏语文本...
输入文本时出错: Message: tab crashed
  (Session info: chrome=143.0.7499.169)

✗ 输入文本失败
========================================
✗ 翻译失败，跳过此行
✓ 已保存到文件: 588/4500 条

[589/4500] 翻译进度: 13.1%
藏语原文: མགོན་པོ་ཐུགས་རྗེ་ཆེན་པོ་དང་ལྡན་པ་ཁྱེད་རང་ལ་བཟོད་པར...

开始翻译流程 (尝试 1/2):
========================================
步骤1: 输入藏语文本...
输入文本时出错: Message: tab crashed
  (Session info: chrome=143.0.7499.169)

✗ 输入文本失败

开始翻译流程 (尝试 2/2):
========================================
步骤1: 输入藏语文本...
输入文本时出错: Message: tab crashed
  (Session info: chrome=143.0.7499.169)

✗ 输入文本失败
========================================
✗ 翻译失败，跳过此行
✓ 已保存到文件: 589/4500 条

[590/4500] 翻译进度: 13.1%
藏语原文: ཞེས་གསུངས་གདའ་ན།

开始翻译流程 (尝试 1/2):
========================================
步骤1: 输入藏语文本...
输入文本时出错: Message: tab crashed
  (Session info: chrome=143.0.7499.169)

✗ 输入文本失败

开始翻译流程 (尝试 2/2):
========================================
步骤1: 输入藏语文本...
输入文本时出错: Message: tab crashed
  (Session info: chrome=143.0.7499.169)

✗ 输入文本失败
========================================
✗ 翻译失败，跳过此行
✓ 已保存到文件: 590/4500 条

[591/4500] 翻译进度: 13.1%
藏语原文: འོད་ཕུན་སུམ་ཚོགས་པ་ཡོད་པ་ཞིག་འདུག་པ་དེ།

开始翻译流程 (尝试 1/2):
========================================
步骤1: 输入藏语文本...
输入文本时出错: Message: tab crashed
  (Session info: chrome=143.0.7499.169)

✗ 输入文本失败

开始翻译流程 (尝试 2/2):
========================================
步骤1: 输入藏语文本...
输入文本时出错: Message: tab crashed
  (Session info: chrome=143.0.7499.169)

✗ 输入文本失败
========================================
✗ 翻译失败，跳过此行
✓ 已保存到文件: 591/4500 条

[592/4500] 翻译进度: 13.2%
藏语原文: ད་ལྟ་ལྟ་སྨོས་ཀྱང་ཅི་འཚལ་ཞེས་ཟེར་ཞིང་གདའ་སྐད།

开始翻译流程 (尝试 1/2):
========================================
步骤1: 输入藏语文本...
输入文本时出错: Message: tab crashed
  (Session info: chrome=143.0.7499.169)

✗ 输入文本失败

开始翻译流程 (尝试 2/2):
========================================
步骤1: 输入藏语文本...
输入文本时出错: Message: tab crashed
  (Session info: chrome=143.0.7499.169)

✗ 输入文本失败
========================================
✗ 翻译失败，跳过此行
✓ 已保存到文件: 592/4500 条

[593/4500] 翻译进度: 13.2%
藏语原文: ཁྱེད་ཀྱི་ཡུམ་དང་ང་གཉིས་དེ་རིང་ཕྲད་ན་འོང་བ་ཡིན་ཏེ་ཡ...

开始翻译流程 (尝试 1/2):
========================================
步骤1: 输入藏语文本...
输入文本时出错: Message: tab crashed
  (Session info: chrome=143.0.7499.169)

✗ 输入文本失败

开始翻译流程 (尝试 2/2):
========================================
步骤1: 输入藏语文本...
输入文本时出错: Message: tab crashed
  (Session info: chrome=143.0.7499.169)

✗ 输入文本失败
========================================
✗ 翻译失败，跳过此行
✓ 已保存到文件: 593/4500 条

[594/4500] 翻译进度: 13.2%
藏语原文: དེའི་ལམ་དུ་ཁྱེད་རང་ལ་ཡང་བར་གཅོད་བྱུང་སྲིད་པས།

开始翻译流程 (尝试 1/2):
========================================
步骤1: 输入藏语文本...
输入文本时出错: Message: tab crashed
  (Session info: chrome=143.0.7499.169)

✗ 输入文本失败

开始翻译流程 (尝试 2/2):
========================================
步骤1: 输入藏语文本...
输入文本时出错: Message: tab crashed
  (Session info: chrome=143.0.7499.169)

✗ 输入文本失败
========================================
✗ 翻译失败，跳过此行
✓ 已保存到文件: 594/4500 条

[595/4500] 翻译进度: 13.2%
藏语原文: ཕུན་སུམ་ཚོགས་པ་ཞིག་ཡོད་པའི་མཐའ་མ་ནས་ལྕགས་རི་རིམ་པ་...

开始翻译流程 (尝试 1/2):
========================================
步骤1: 输入藏语文本...
输入文本时出错: Message: tab crashed
  (Session info: chrome=143.0.7499.169)

✗ 输入文本失败

开始翻译流程 (尝试 2/2):
========================================
步骤1: 输入藏语文本...
输入文本时出错: Message: tab crashed
  (Session info: chrome=143.0.7499.169)

✗ 输入文本失败
========================================
✗ 翻译失败，跳过此行
✓ 已保存到文件: 595/4500 条

[596/4500] 翻译进度: 13.2%
藏语原文: ཡུམ་ལ་བསྙུང་གཞི་ཅིག་བབས་ནས་གདའ་བ་དེ།

开始翻译流程 (尝试 1/2):
========================================
步骤1: 输入藏语文本...
输入文本时出错: Message: tab crashed
  (Session info: chrome=143.0.7499.169)

✗ 输入文本失败

开始翻译流程 (尝试 2/2):
========================================
步骤1: 输入藏语文本...
输入文本时出错: Message: tab crashed
  (Session info: chrome=143.0.7499.169)

✗ 输入文本失败
========================================
✗ 翻译失败，跳过此行
✓ 已保存到文件: 596/4500 条

[597/4500] 翻译进度: 13.3%
藏语原文: གོས་ཀྱང་དེ་ལྟར་ཁྲ་བ་གྱོན་པ་ཞིག་ནགས་དེའི་གསེབ་ན་འདུ...

开始翻译流程 (尝试 1/2):
========================================
步骤1: 输入藏语文本...
输入文本时出错: Message: tab crashed
  (Session info: chrome=143.0.7499.169)

✗ 输入文本失败

开始翻译流程 (尝试 2/2):
========================================
步骤1: 输入藏语文本...
输入文本时出错: Message: tab crashed
  (Session info: chrome=143.0.7499.169)

✗ 输入文本失败
========================================
✗ 翻译失败，跳过此行
✓ 已保存到文件: 597/4500 条

[598/4500] 翻译进度: 13.3%
藏语原文: སྔར་དེ་འདྲ་འཇིག་རྟེན་ན་གྲགས་པ་ཡང་མི་གདའ།

开始翻译流程 (尝试 1/2):
========================================
步骤1: 输入藏语文本...
输入文本时出错: Message: tab crashed
  (Session info: chrome=143.0.7499.169)

✗ 输入文本失败

开始翻译流程 (尝试 2/2):
========================================
步骤1: 输入藏语文本...
输入文本时出错: Message: tab crashed
  (Session info: chrome=143.0.7499.169)

✗ 输入文本失败
========================================
✗ 翻译失败，跳过此行
✓ 已保存到文件: 598/4500 条

[599/4500] 翻译进度: 13.3%
藏语原文: རྣམ་པ་གཅིག་ཏུ་ན་ཤིན་ཏུ་གཞོན་པར་གདའ།

开始翻译流程 (尝试 1/2):
========================================
步骤1: 输入藏语文本...
输入文本时出错: Message: tab crashed
  (Session info: chrome=143.0.7499.169)

✗ 输入文本失败

开始翻译流程 (尝试 2/2):
========================================
步骤1: 输入藏语文本...
输入文本时出错: Message: tab crashed
  (Session info: chrome=143.0.7499.169)

✗ 输入文本失败
========================================
✗ 翻译失败，跳过此行
✓ 已保存到文件: 599/4500 条

[600/4500] 翻译进度: 13.3%
藏语原文: འོན་ཀྱང་མཚན་ལྟས་བཟང་པོ་ཞིག་འདུག་པ་དང་།

开始翻译流程 (尝试 1/2):
========================================
步骤1: 输入藏语文本...
输入文本时出错: Message: tab crashed
  (Session info: chrome=143.0.7499.169)

✗ 输入文本失败

开始翻译流程 (尝试 2/2):
========================================
步骤1: 输入藏语文本...
输入文本时出错: Message: tab crashed
  (Session info: chrome=143.0.7499.169)

✗ 输入文本失败
========================================
✗ 翻译失败，跳过此行
✓ 已保存到文件: 600/4500 条

[601/4500] 翻译进度: 13.4%
藏语原文: རྒྱལ་པོ་འདི་ང་ལ་ཆགས་འདུག་པས་ཅི་ནས་ཀྱང་།

开始翻译流程 (尝试 1/2):
========================================
步骤1: 输入藏语文本...
输入文本时出错: Message: tab crashed
  (Session info: chrome=143.0.7499.169)

✗ 输入文本失败

开始翻译流程 (尝试 2/2):
========================================
步骤1: 输入藏语文本...
输入文本时出错: Message: tab crashed
  (Session info: chrome=143.0.7499.169)

✗ 输入文本失败
========================================
✗ 翻译失败，跳过此行
✓ 已保存到文件: 601/4500 条

[602/4500] 翻译进度: 13.4%
藏语原文: རྒྱལ་བུ་འདི་ལ་སྟོབས་ཡོད་ཀྱང་གར་ཀྱང་གཏོང་མི་ནུས་པར་...

开始翻译流程 (尝试 1/2):
========================================
步骤1: 输入藏语文本...
输入文本时出错: Message: tab crashed
  (Session info: chrome=143.0.7499.169)

✗ 输入文本失败

开始翻译流程 (尝试 2/2):
========================================
步骤1: 输入藏语文本...
输入文本时出错: Message: tab crashed
  (Session info: chrome=143.0.7499.169)

✗ 输入文本失败
========================================
✗ 翻译失败，跳过此行
✓ 已保存到文件: 602/4500 条

[603/4500] 翻译进度: 13.4%
藏语原文: ཁྱེད་རང་སྐུ་ཚེ་ཡུན་རུང་དུ་གནས་པ་ལ་མི་དགའ་བར་བདག་ཀྱ...

开始翻译流程 (尝试 1/2):
========================================
步骤1: 输入藏语文本...
输入文本时出错: Message: tab crashed
  (Session info: chrome=143.0.7499.169)

✗ 输入文本失败

开始翻译流程 (尝试 2/2):
========================================
步骤1: 输入藏语文本...
输入文本时出错: Message: tab crashed
  (Session info: chrome=143.0.7499.169)

✗ 输入文本失败
========================================
✗ 翻译失败，跳过此行
✓ 已保存到文件: 603/4500 条

[604/4500] 翻译进度: 13.4%
藏语原文: ཁྱེད་རང་དེ་ལས་བཟློག་ཅི་རིགས།

开始翻译流程 (尝试 1/2):
========================================
步骤1: 输入藏语文本...
输入文本时出错: Message: tab crashed
  (Session info: chrome=143.0.7499.169)

✗ 输入文本失败

开始翻译流程 (尝试 2/2):
========================================
步骤1: 输入藏语文本...
输入文本时出错: Message: tab crashed
  (Session info: chrome=143.0.7499.169)

✗ 输入文本失败
========================================
✗ 翻译失败，跳过此行
✓ 已保存到文件: 604/4500 条

[605/4500] 翻译进度: 13.4%
藏语原文: བློ་སྣ་མ་བསྐྱོད་གནས་འདིར་འདུག།

开始翻译流程 (尝试 1/2):
========================================
步骤1: 输入藏语文本...
输入文本时出错: Message: tab crashed
  (Session info: chrome=143.0.7499.169)

✗ 输入文本失败

开始翻译流程 (尝试 2/2):
========================================
步骤1: 输入藏语文本...
输入文本时出错: Message: tab crashed
  (Session info: chrome=143.0.7499.169)

✗ 输入文本失败
========================================
✗ 翻译失败，跳过此行
✓ 已保存到文件: 605/4500 条

[606/4500] 翻译进度: 13.5%
藏语原文: ད་ཁྱེད་རང་རྣམས་ཀྱང་ཕྱིར་ལོག།

开始翻译流程 (尝试 1/2):
========================================
步骤1: 输入藏语文本...
输入文本时出错: Message: tab crashed
  (Session info: chrome=143.0.7499.169)

✗ 输入文本失败

开始翻译流程 (尝试 2/2):
========================================
步骤1: 输入藏语文本...
输入文本时出错: Message: tab crashed
  (Session info: chrome=143.0.7499.169)

✗ 输入文本失败
========================================
✗ 翻译失败，跳过此行
✓ 已保存到文件: 606/4500 条

[607/4500] 翻译进度: 13.5%
藏语原文: རང་རང་དང་འཚམ་པའི་སྡོམ་པ་རྣམས་ནོས།

开始翻译流程 (尝试 1/2):
========================================
步骤1: 输入藏语文本...
输入文本时出错: Message: tab crashed
  (Session info: chrome=143.0.7499.169)

✗ 输入文本失败

开始翻译流程 (尝试 2/2):
========================================
步骤1: 输入藏语文本...
输入文本时出错: Message: tab crashed
  (Session info: chrome=143.0.7499.169)

✗ 输入文本失败
========================================
✗ 翻译失败，跳过此行
✓ 已保存到文件: 607/4500 条

[608/4500] 翻译进度: 13.5%
藏语原文: ད་འོ་ན་རྒྱལ་བུ་ཡང་སྐུ་ཚེའི་བར་གཅོད་དུ་མ་གྱུར་པར་གན...

开始翻译流程 (尝试 1/2):
========================================
步骤1: 输入藏语文本...
输入文本时出错: Message: tab crashed
  (Session info: chrome=143.0.7499.169)

✗ 输入文本失败

开始翻译流程 (尝试 2/2):
========================================
步骤1: 输入藏语文本...
输入文本时出错: Message: tab crashed
  (Session info: chrome=143.0.7499.169)

✗ 输入文本失败
========================================
✗ 翻译失败，跳过此行
✓ 已保存到文件: 608/4500 条

[609/4500] 翻译进度: 13.5%
藏语原文: མི་ཁྱེད་ཀྱི་ཕ་དེ་རྒྱལ་པོ་གླེན་པ་ཞིག་ཡོད་པར་འདུག།

开始翻译流程 (尝试 1/2):
========================================
步骤1: 输入藏语文本...
输入文本时出错: Message: tab crashed
  (Session info: chrome=143.0.7499.169)

✗ 输入文本失败

开始翻译流程 (尝试 2/2):
========================================
步骤1: 输入藏语文本...
输入文本时出错: Message: tab crashed
  (Session info: chrome=143.0.7499.169)

✗ 输入文本失败
========================================
✗ 翻译失败，跳过此行
✓ 已保存到文件: 609/4500 条

[610/4500] 翻译进度: 13.6%
藏语原文: གཡོས་ཁང་རང་ལའང་ཀ་བ་བརྒྱ་ཡོད།

开始翻译流程 (尝试 1/2):
========================================
步骤1: 输入藏语文本...
输入文本时出错: Message: tab crashed
  (Session info: chrome=143.0.7499.169)

✗ 输入文本失败

开始翻译流程 (尝试 2/2):
========================================
步骤1: 输入藏语文本...
输入文本时出错: Message: tab crashed
  (Session info: chrome=143.0.7499.169)

✗ 输入文本失败
========================================
✗ 翻译失败，跳过此行
✓ 已保存到文件: 610/4500 条

[611/4500] 翻译进度: 13.6%
藏语原文: ཁྱེད་དམ་བཅས་པའི་ཁུར་མི་འདོར་བ་གཞུང་དང་ཕྱི་ཐག་ཅན་ཞི...

开始翻译流程 (尝试 1/2):
========================================
步骤1: 输入藏语文本...
输入文本时出错: Message: tab crashed
  (Session info: chrome=143.0.7499.169)

✗ 输入文本失败

开始翻译流程 (尝试 2/2):
========================================
步骤1: 输入藏语文本...
输入文本时出错: Message: tab crashed
  (Session info: chrome=143.0.7499.169)

✗ 输入文本失败
========================================
✗ 翻译失败，跳过此行
✓ 已保存到文件: 611/4500 条

[612/4500] 翻译进度: 13.6%
藏语原文: གཏམ་གྱི་རིགས་འདི་ཡང་རྫུན་མེད་ན་ཕྱི་ཐག་རིང་བ་ཅིག་འོ...

开始翻译流程 (尝试 1/2):
========================================
步骤1: 输入藏语文本...
输入文本时出错: Message: tab crashed
  (Session info: chrome=143.0.7499.169)

✗ 输入文本失败

开始翻译流程 (尝试 2/2):
========================================
步骤1: 输入藏语文本...
输入文本时出错: Message: tab crashed
  (Session info: chrome=143.0.7499.169)

✗ 输入文本失败
========================================
✗ 翻译失败，跳过此行
✓ 已保存到文件: 612/4500 条

[613/4500] 翻译进度: 13.6%
藏语原文: དཀར་པོ་དེས་ཀྱང་ནག་པོ་དེའི་ཕྱེད་ཙམ་ཟོས་པར་བྱས་འདུག་...

开始翻译流程 (尝试 1/2):
========================================
步骤1: 输入藏语文本...
输入文本时出错: Message: tab crashed
  (Session info: chrome=143.0.7499.169)

✗ 输入文本失败

开始翻译流程 (尝试 2/2):
========================================
步骤1: 输入藏语文本...
输入文本时出错: Message: tab crashed
  (Session info: chrome=143.0.7499.169)

✗ 输入文本失败
========================================
✗ 翻译失败，跳过此行
✓ 已保存到文件: 613/4500 条

[614/4500] 翻译进度: 13.6%
藏语原文: འཕྲལ་གཞན་ལ་སྡང་ཞིང་རང་ལ་ཆགས་པ་ལྟར་བྱེད་ཀྱང་།

开始翻译流程 (尝试 1/2):
========================================
步骤1: 输入藏语文本...
输入文本时出错: Message: tab crashed
  (Session info: chrome=143.0.7499.169)

✗ 输入文本失败

开始翻译流程 (尝试 2/2):
========================================
步骤1: 输入藏语文本...
输入文本时出错: Message: tab crashed
  (Session info: chrome=143.0.7499.169)

✗ 输入文本失败
========================================
✗ 翻译失败，跳过此行
✓ 已保存到文件: 614/4500 条

[615/4500] 翻译进度: 13.7%
藏语原文: ང་ཡང་ས་ཐག་རིང་བོ་ལ་དུབ་ནས་གདའ་བ་དང་།

开始翻译流程 (尝试 1/2):
========================================
步骤1: 输入藏语文本...
输入文本时出错: Message: tab crashed
  (Session info: chrome=143.0.7499.169)

✗ 输入文本失败

开始翻译流程 (尝试 2/2):
========================================
步骤1: 输入藏语文本...
输入文本时出错: Message: tab crashed
  (Session info: chrome=143.0.7499.169)

✗ 输入文本失败
========================================
✗ 翻译失败，跳过此行
✓ 已保存到文件: 615/4500 条

[616/4500] 翻译进度: 13.7%
藏语原文: དྲིན་ལན་དུ་གུས་པར་གདའ་བ་དང་།

开始翻译流程 (尝试 1/2):
========================================
步骤1: 输入藏语文本...
输入文本时出错: Message: tab crashed
  (Session info: chrome=143.0.7499.169)

✗ 输入文本失败

开始翻译流程 (尝试 2/2):
========================================
步骤1: 输入藏语文本...
输入文本时出错: Message: tab crashed
  (Session info: chrome=143.0.7499.169)

✗ 输入文本失败
========================================
✗ 翻译失败，跳过此行
✓ 已保存到文件: 616/4500 条

[617/4500] 翻译进度: 13.7%
藏语原文: རྒྱ་ཆེ་ཞིང་དཔངས་མཐོ་བ་རི་ཆེན་པོའི་སྣང་བ་སྐྱེ་བ་གདའ...

开始翻译流程 (尝试 1/2):
========================================
步骤1: 输入藏语文本...
输入文本时出错: Message: tab crashed
  (Session info: chrome=143.0.7499.169)

✗ 输入文本失败

开始翻译流程 (尝试 2/2):
========================================
步骤1: 输入藏语文本...
输入文本时出错: Message: tab crashed
  (Session info: chrome=143.0.7499.169)

✗ 输入文本失败
========================================
✗ 翻译失败，跳过此行
✓ 已保存到文件: 617/4500 条

[618/4500] 翻译进度: 13.7%
藏语原文: དི་རིང་བསྙེན་གནས་བསྲུང་བ་མིན་ན་མི་རྟ་གཉིས་ལ་སོ་རྩ་...

开始翻译流程 (尝试 1/2):
========================================
步骤1: 输入藏语文本...
输入文本时出错: Message: tab crashed
  (Session info: chrome=143.0.7499.169)

✗ 输入文本失败

开始翻译流程 (尝试 2/2):
========================================
步骤1: 输入藏语文本...
输入文本时出错: Message: tab crashed
  (Session info: chrome=143.0.7499.169)

✗ 输入文本失败
========================================
✗ 翻译失败，跳过此行
✓ 已保存到文件: 618/4500 条

[619/4500] 翻译进度: 13.8%
藏语原文: སུས་རྩར་ཕྱིན་ཀྱང་བག་ཁུམས་ནས་འགྲོ་བ་ཅིག་གདའ་བ་དེ་ཁྲ...

开始翻译流程 (尝试 1/2):
========================================
步骤1: 输入藏语文本...
输入文本时出错: Message: tab crashed
  (Session info: chrome=143.0.7499.169)

✗ 输入文本失败

开始翻译流程 (尝试 2/2):
========================================
步骤1: 输入藏语文本...
输入文本时出错: Message: tab crashed
  (Session info: chrome=143.0.7499.169)

✗ 输入文本失败
========================================
✗ 翻译失败，跳过此行
✓ 已保存到文件: 619/4500 条

[620/4500] 翻译进度: 13.8%
藏语原文: གྲོགས་ངན་ཉིད་ཀྱང་རང་ཕུང་ན།

开始翻译流程 (尝试 1/2):
========================================
步骤1: 输入藏语文本...
输入文本时出错: Message: tab crashed
  (Session info: chrome=143.0.7499.169)

✗ 输入文本失败

开始翻译流程 (尝试 2/2):
========================================
步骤1: 输入藏语文本...
输入文本时出错: Message: tab crashed
  (Session info: chrome=143.0.7499.169)

✗ 输入文本失败
========================================
✗ 翻译失败，跳过此行
✓ 已保存到文件: 620/4500 条

[621/4500] 翻译进度: 13.8%
藏语原文: དེའི་ནང་ན་གསེར་གྱི་ཆུ་མིག་གཡུའི་བྱེ་མ་བརྡལ་བ་འདུག་...

开始翻译流程 (尝试 1/2):
========================================
步骤1: 输入藏语文本...
输入文本时出错: Message: tab crashed
  (Session info: chrome=143.0.7499.169)

✗ 输入文本失败

开始翻译流程 (尝试 2/2):
========================================
步骤1: 输入藏语文本...
输入文本时出错: Message: tab crashed
  (Session info: chrome=143.0.7499.169)

✗ 输入文本失败
========================================
✗ 翻译失败，跳过此行
✓ 已保存到文件: 621/4500 条

[622/4500] 翻译进度: 13.8%
藏语原文: གཡུའི་ཐེམ་སྐས་ཆེན་པོ་འདུག་པ་ལ་འཛེགས་ཏེ་ཕྱིན་པས་གོང...

开始翻译流程 (尝试 1/2):
========================================
步骤1: 输入藏语文本...
输入文本时出错: Message: tab crashed
  (Session info: chrome=143.0.7499.169)

✗ 输入文本失败

开始翻译流程 (尝试 2/2):
========================================
步骤1: 输入藏语文本...
输入文本时出错: Message: tab crashed
  (Session info: chrome=143.0.7499.169)

✗ 输入文本失败
========================================
✗ 翻译失败，跳过此行
✓ 已保存到文件: 622/4500 条

[623/4500] 翻译进度: 13.8%
藏语原文: ཐེམ་སྐས་སུམ་བརྒྱ་དྲུག་ཅུ་གདའ་བ་ལ་འཛེགས་ཏེ་ཕྱིན་པ་ན...

开始翻译流程 (尝试 1/2):
========================================
步骤1: 输入藏语文本...
输入文本时出错: Message: tab crashed
  (Session info: chrome=143.0.7499.169)

✗ 输入文本失败

开始翻译流程 (尝试 2/2):
========================================
步骤1: 输入藏语文本...
输入文本时出错: Message: tab crashed
  (Session info: chrome=143.0.7499.169)

✗ 输入文本失败
========================================
✗ 翻译失败，跳过此行
✓ 已保存到文件: 623/4500 条

[624/4500] 翻译进度: 13.9%
藏语原文: ཕྱེད་སྐྱིལ་བྱས་པ་བཞིན་འཛུམ་པ་དང་ལྡན་པ་ཞིག་འདུག་པ་ད...

开始翻译流程 (尝试 1/2):
========================================
步骤1: 输入藏语文本...
输入文本时出错: Message: tab crashed
  (Session info: chrome=143.0.7499.169)

✗ 输入文本失败

开始翻译流程 (尝试 2/2):
========================================
步骤1: 输入藏语文本...
输入文本时出错: Message: tab crashed
  (Session info: chrome=143.0.7499.169)

✗ 输入文本失败
========================================
✗ 翻译失败，跳过此行
✓ 已保存到文件: 624/4500 条

[625/4500] 翻译进度: 13.9%
藏语原文: སླར་ལུས་ལ་ཐིམ་ཐིམ་འགྲོ་བ་ཞིག་གདའ་བ་དེ།

开始翻译流程 (尝试 1/2):
========================================
步骤1: 输入藏语文本...
输入文本时出错: Message: tab crashed
  (Session info: chrome=143.0.7499.169)

✗ 输入文本失败

开始翻译流程 (尝试 2/2):
========================================
步骤1: 输入藏语文本...
输入文本时出错: Message: tab crashed
  (Session info: chrome=143.0.7499.169)

✗ 输入文本失败
========================================
✗ 翻译失败，跳过此行
✓ 已保存到文件: 625/4500 条

[626/4500] 翻译进度: 13.9%
藏语原文: གང་ལ་བལྟས་ཀྱང་ཡིད་འཛིན་ཅིང་ལྟ་བས་ཆོག་མི་ཤེས་པར་གདའ...

开始翻译流程 (尝试 1/2):
========================================
步骤1: 输入藏语文本...
输入文本时出错: Message: tab crashed
  (Session info: chrome=143.0.7499.169)

✗ 输入文本失败

开始翻译流程 (尝试 2/2):
========================================
步骤1: 输入藏语文本...
输入文本时出错: Message: tab crashed
  (Session info: chrome=143.0.7499.169)

✗ 输入文本失败
========================================
✗ 翻译失败，跳过此行
✓ 已保存到文件: 626/4500 条

[627/4500] 翻译进度: 13.9%
藏语原文: བརྒྱད་པར་འདོམ་ཚད་བདུན་བདུན་གདའ།

开始翻译流程 (尝试 1/2):
========================================
步骤1: 输入藏语文本...
输入文本时出错: Message: tab crashed
  (Session info: chrome=143.0.7499.169)

✗ 输入文本失败

开始翻译流程 (尝试 2/2):
========================================
步骤1: 输入藏语文本...
输入文本时出错: Message: tab crashed
  (Session info: chrome=143.0.7499.169)

✗ 输入文本失败
========================================
✗ 翻译失败，跳过此行
✓ 已保存到文件: 627/4500 条

[628/4500] 翻译进度: 14.0%
藏语原文: གཞན་ཡང་དེ་དང་མཚུངས་པར་གདའ།

开始翻译流程 (尝试 1/2):
========================================
步骤1: 输入藏语文本...
输入文本时出错: Message: tab crashed
  (Session info: chrome=143.0.7499.169)

✗ 输入文本失败

开始翻译流程 (尝试 2/2):
========================================
步骤1: 输入藏语文本...
输入文本时出错: Message: tab crashed
  (Session info: chrome=143.0.7499.169)

✗ 输入文本失败
========================================
✗ 翻译失败，跳过此行
✓ 已保存到文件: 628/4500 条

[629/4500] 翻译进度: 14.0%
藏语原文: ཟག་མེད་བདེ་བའི་སྟན་ལ་འདུག།

开始翻译流程 (尝试 1/2):
========================================
步骤1: 输入藏语文本...
输入文本时出错: Message: tab crashed
  (Session info: chrome=143.0.7499.169)

✗ 输入文本失败

开始翻译流程 (尝试 2/2):
========================================
步骤1: 输入藏语文本...
输入文本时出错: Message: tab crashed
  (Session info: chrome=143.0.7499.169)

✗ 输入文本失败
========================================
✗ 翻译失败，跳过此行
✓ 已保存到文件: 629/4500 条

[630/4500] 翻译进度: 14.0%
藏语原文: ཡིད་འཛིན་ཞིང་ཁམས་གཙང་མར་གདའ།

开始翻译流程 (尝试 1/2):
========================================
步骤1: 输入藏语文本...
输入文本时出错: Message: tab crashed
  (Session info: chrome=143.0.7499.169)

✗ 输入文本失败

开始翻译流程 (尝试 2/2):
========================================
步骤1: 输入藏语文本...
输入文本时出错: Message: tab crashed
  (Session info: chrome=143.0.7499.169)

✗ 输入文本失败
========================================
✗ 翻译失败，跳过此行
✓ 已保存到文件: 630/4500 条

[631/4500] 翻译进度: 14.0%
藏语原文: གཟིམས་ན་འགྲོ་བའི་དོན་ལས་ཉམས་ནས་འགྲོ་བར་གདའ་བས་ཡར་བ...

开始翻译流程 (尝试 1/2):
========================================
步骤1: 输入藏语文本...
输入文本时出错: Message: tab crashed
  (Session info: chrome=143.0.7499.169)

✗ 输入文本失败

开始翻译流程 (尝试 2/2):
========================================
步骤1: 输入藏语文本...
输入文本时出错: Message: tab crashed
  (Session info: chrome=143.0.7499.169)

✗ 输入文本失败
========================================
✗ 翻译失败，跳过此行
✓ 已保存到文件: 631/4500 条

[632/4500] 翻译进度: 14.0%
藏语原文: ཁ་སང་ནས་བསམས་པ་བཞིན་དུ་གླེང་ཞིང་འདུག་པ་ལས།

开始翻译流程 (尝试 1/2):
========================================
步骤1: 输入藏语文本...
输入文本时出错: Message: tab crashed
  (Session info: chrome=143.0.7499.169)

✗ 输入文本失败

开始翻译流程 (尝试 2/2):
========================================
步骤1: 输入藏语文本...
输入文本时出错: Message: tab crashed
  (Session info: chrome=143.0.7499.169)

✗ 输入文本失败
========================================
✗ 翻译失败，跳过此行
✓ 已保存到文件: 632/4500 条

[633/4500] 翻译进度: 14.1%
藏语原文: མི་ཁྲག་བསྐོལ་བའི་སྟེང་དུ་མི་ཚིལ་བཞུ་ནས་མི་ཤ་དང་སྤག...

开始翻译流程 (尝试 1/2):
========================================
步骤1: 输入藏语文本...
输入文本时出错: Message: tab crashed
  (Session info: chrome=143.0.7499.169)

✗ 输入文本失败

开始翻译流程 (尝试 2/2):
========================================
步骤1: 输入藏语文本...
输入文本时出错: Message: tab crashed
  (Session info: chrome=143.0.7499.169)

✗ 输入文本失败
========================================
✗ 翻译失败，跳过此行
✓ 已保存到文件: 633/4500 条

[634/4500] 翻译进度: 14.1%
藏语原文: རྫུ་འཕྲུལ་ཅན་ཅིག་གདའ་སྟེ།

开始翻译流程 (尝试 1/2):
========================================
步骤1: 输入藏语文本...
输入文本时出错: Message: tab crashed
  (Session info: chrome=143.0.7499.169)

✗ 输入文本失败

开始翻译流程 (尝试 2/2):
========================================
步骤1: 输入藏语文本...
输入文本时出错: Message: tab crashed
  (Session info: chrome=143.0.7499.169)

✗ 输入文本失败
========================================
✗ 翻译失败，跳过此行
✓ 已保存到文件: 634/4500 条

[635/4500] 翻译进度: 14.1%
藏语原文: དེ་རིང་རང་སྡུག་ཡོད་མཆི་ཟེར་ཞིང་དཔྲལ་བ་ལག་པ་བཀབ་སྟེ...

开始翻译流程 (尝试 1/2):
========================================
步骤1: 输入藏语文本...
输入文本时出错: Message: tab crashed
  (Session info: chrome=143.0.7499.169)

✗ 输入文本失败

开始翻译流程 (尝试 2/2):
========================================
步骤1: 输入藏语文本...
输入文本时出错: Message: tab crashed
  (Session info: chrome=143.0.7499.169)

✗ 输入文本失败
========================================
✗ 翻译失败，跳过此行
✓ 已保存到文件: 635/4500 条

[636/4500] 翻译进度: 14.1%
藏语原文: བདེ་བར་རིན་ཆེན་སྟན་ལ་འདུག།

开始翻译流程 (尝试 1/2):
========================================
步骤1: 输入藏语文本...
输入文本时出错: Message: tab crashed
  (Session info: chrome=143.0.7499.169)

✗ 输入文本失败

开始翻译流程 (尝试 2/2):
========================================
步骤1: 输入藏语文本...
输入文本时出错: Message: tab crashed
  (Session info: chrome=143.0.7499.169)

✗ 输入文本失败
========================================
✗ 翻译失败，跳过此行
✓ 已保存到文件: 636/4500 条

[637/4500] 翻译进度: 14.2%
藏语原文: ལ་ལའི་ནང་ན་དགུན་ལ་སོགས་པ་དུས་སོ་སོ་བཞིན་དུ་འདུག་པ་...

开始翻译流程 (尝试 1/2):
========================================
步骤1: 输入藏语文本...
输入文本时出错: Message: tab crashed
  (Session info: chrome=143.0.7499.169)

✗ 输入文本失败

开始翻译流程 (尝试 2/2):
========================================
步骤1: 输入藏语文本...
输入文本时出错: Message: tab crashed
  (Session info: chrome=143.0.7499.169)

✗ 输入文本失败
========================================
✗ 翻译失败，跳过此行
✓ 已保存到文件: 637/4500 条

[638/4500] 翻译进度: 14.2%
藏语原文: སྲིན་ཕྲུག་དག་ཀྱང་དེའི་ཆ་དང་མཐུན་པ་དུ་མ་གདའ་བ་ལ།

开始翻译流程 (尝试 1/2):
========================================
步骤1: 输入藏语文本...
输入文本时出错: Message: tab crashed
  (Session info: chrome=143.0.7499.169)

✗ 输入文本失败

开始翻译流程 (尝试 2/2):
========================================
步骤1: 输入藏语文本...
输入文本时出错: Message: tab crashed
  (Session info: chrome=143.0.7499.169)

✗ 输入文本失败
========================================
✗ 翻译失败，跳过此行
✓ 已保存到文件: 638/4500 条

[639/4500] 翻译进度: 14.2%
藏语原文: ཁྲག་རྩ་རྣམས་ནས་ཁྲག་འབབ་ཅིང་འདུག་པ་མཐོང་།

开始翻译流程 (尝试 1/2):
========================================
步骤1: 输入藏语文本...
输入文本时出错: Message: tab crashed
  (Session info: chrome=143.0.7499.169)

✗ 输入文本失败

开始翻译流程 (尝试 2/2):
========================================
步骤1: 输入藏语文本...
输入文本时出错: Message: tab crashed
  (Session info: chrome=143.0.7499.169)

✗ 输入文本失败
========================================
✗ 翻译失败，跳过此行
✓ 已保存到文件: 639/4500 条

[640/4500] 翻译进度: 14.2%
藏语原文: དེ་ཙ་ན་ཐམས་ཅད་ཀྱིས་དཔའ་གདེང་བསྐྱེད་དེ་བརྡེག་པ་ལས་མ...

开始翻译流程 (尝试 1/2):
========================================
步骤1: 输入藏语文本...
输入文本时出错: Message: tab crashed
  (Session info: chrome=143.0.7499.169)

✗ 输入文本失败

开始翻译流程 (尝试 2/2):
========================================
步骤1: 输入藏语文本...
输入文本时出错: Message: tab crashed
  (Session info: chrome=143.0.7499.169)

✗ 输入文本失败
========================================
✗ 翻译失败，跳过此行
✓ 已保存到文件: 640/4500 条

[641/4500] 翻译进度: 14.2%
藏语原文: ཕ་མས་བདག་གནང་པར་གདའ་བ་དང་།

开始翻译流程 (尝试 1/2):
========================================
步骤1: 输入藏语文本...
输入文本时出错: Message: tab crashed
  (Session info: chrome=143.0.7499.169)

✗ 输入文本失败

开始翻译流程 (尝试 2/2):
========================================
步骤1: 输入藏语文本...
输入文本时出错: Message: tab crashed
  (Session info: chrome=143.0.7499.169)

✗ 输入文本失败
========================================
✗ 翻译失败，跳过此行
✓ 已保存到文件: 641/4500 条

[642/4500] 翻译进度: 14.3%
藏语原文: རང་རང་སྡུག་བསྔལ་དུ་མས་གཟིར།

开始翻译流程 (尝试 1/2):
========================================
步骤1: 输入藏语文本...
输入文本时出错: Message: tab crashed
  (Session info: chrome=143.0.7499.169)

✗ 输入文本失败

开始翻译流程 (尝试 2/2):
========================================
步骤1: 输入藏语文本...
输入文本时出错: Message: tab crashed
  (Session info: chrome=143.0.7499.169)

✗ 输入文本失败
========================================
✗ 翻译失败，跳过此行
✓ 已保存到文件: 642/4500 条

[643/4500] 翻译进度: 14.3%
藏语原文: འདི་བས་དཀའ་བ་དུ་མ་གདའ།

开始翻译流程 (尝试 1/2):
========================================
步骤1: 输入藏语文本...
输入文本时出错: Message: tab crashed
  (Session info: chrome=143.0.7499.169)

✗ 输入文本失败

开始翻译流程 (尝试 2/2):
========================================
步骤1: 输入藏语文本...
输入文本时出错: Message: tab crashed
  (Session info: chrome=143.0.7499.169)

✗ 输入文本失败
========================================
✗ 翻译失败，跳过此行
✓ 已保存到文件: 643/4500 条

[644/4500] 翻译进度: 14.3%
藏语原文: ལྷ་ཐུགས་དགོངས་རྫོགས་པར་བྱས་གདའ་འོ།

开始翻译流程 (尝试 1/2):
========================================
步骤1: 输入藏语文本...
输入文本时出错: Message: tab crashed
  (Session info: chrome=143.0.7499.169)

✗ 输入文本失败

开始翻译流程 (尝试 2/2):
========================================
步骤1: 输入藏语文本...
输入文本时出错: Message: tab crashed
  (Session info: chrome=143.0.7499.169)

✗ 输入文本失败
========================================
✗ 翻译失败，跳过此行
✓ 已保存到文件: 644/4500 条

[645/4500] 翻译进度: 14.3%
藏语原文: རྒྱལ་བུས་ནི་མི་སྲིད་པ་སྲིད་པར་བྱས་གདའ་འོ།

开始翻译流程 (尝试 1/2):
========================================
步骤1: 输入藏语文本...
输入文本时出错: Message: tab crashed
  (Session info: chrome=143.0.7499.169)

✗ 输入文本失败

开始翻译流程 (尝试 2/2):
========================================
步骤1: 输入藏语文本...
输入文本时出错: Message: tab crashed
  (Session info: chrome=143.0.7499.169)

✗ 输入文本失败
========================================
✗ 翻译失败，跳过此行
✓ 已保存到文件: 645/4500 条

[646/4500] 翻译进度: 14.4%
藏语原文: ཇི་སྐད་སྨྲས་པ་བཞིན་བྱས་འདུག་གོ།

开始翻译流程 (尝试 1/2):
========================================
步骤1: 输入藏语文本...
输入文本时出错: Message: tab crashed
  (Session info: chrome=143.0.7499.169)

✗ 输入文本失败

开始翻译流程 (尝试 2/2):
========================================
步骤1: 输入藏语文本...
输入文本时出错: Message: tab crashed
  (Session info: chrome=143.0.7499.169)

✗ 输入文本失败
========================================
✗ 翻译失败，跳过此行
✓ 已保存到文件: 646/4500 条

[647/4500] 翻译进度: 14.4%
藏语原文: ད་ལྟ་ནི་རི་བོ་རྩེ་ལྔ་ན་ཁྱེ་ཆུང་ལེགས་པོ་ཞིག་ཏུ་གདའ་...

开始翻译流程 (尝试 1/2):
========================================
步骤1: 输入藏语文本...
输入文本时出错: Message: tab crashed
  (Session info: chrome=143.0.7499.169)

✗ 输入文本失败

开始翻译流程 (尝试 2/2):
========================================
步骤1: 输入藏语文本...
输入文本时出错: Message: tab crashed
  (Session info: chrome=143.0.7499.169)

✗ 输入文本失败
========================================
✗ 翻译失败，跳过此行
✓ 已保存到文件: 647/4500 条

[648/4500] 翻译进度: 14.4%
藏语原文: ཞེས་གསུངས་གདའ་ན།

开始翻译流程 (尝试 1/2):
========================================
步骤1: 输入藏语文本...
输入文本时出错: Message: tab crashed
  (Session info: chrome=143.0.7499.169)

✗ 输入文本失败

开始翻译流程 (尝试 2/2):
========================================
步骤1: 输入藏语文本...
输入文本时出错: Message: tab crashed
  (Session info: chrome=143.0.7499.169)

✗ 输入文本失败
========================================
✗ 翻译失败，跳过此行
✓ 已保存到文件: 648/4500 条

[649/4500] 翻译进度: 14.4%
藏语原文: ལོ་ཙྭ་བ་གཉིས་པོས་དུས་དེ་ཙ་ནའང་བློན་པོ་བྱས་ནས་གདའ།

开始翻译流程 (尝试 1/2):
========================================
步骤1: 输入藏语文本...
输入文本时出错: Message: tab crashed
  (Session info: chrome=143.0.7499.169)

✗ 输入文本失败

开始翻译流程 (尝试 2/2):
========================================
步骤1: 输入藏语文本...
输入文本时出错: Message: tab crashed
  (Session info: chrome=143.0.7499.169)

✗ 输入文本失败
========================================
✗ 翻译失败，跳过此行
✓ 已保存到文件: 649/4500 条

[650/4500] 翻译进度: 14.4%
藏语原文: ཇོ་བོས་གོང་དུ་གསུངས་པ་བཞིན་དུ་ཡུལ་དེ་ཐམས་ཅད་བདེ་བར...

开始翻译流程 (尝试 1/2):
========================================
步骤1: 输入藏语文本...
输入文本时出错: Message: tab crashed
  (Session info: chrome=143.0.7499.169)

✗ 输入文本失败

开始翻译流程 (尝试 2/2):
========================================
步骤1: 输入藏语文本...
输入文本时出错: Message: tab crashed
  (Session info: chrome=143.0.7499.169)

✗ 输入文本失败
========================================
✗ 翻译失败，跳过此行
✓ 已保存到文件: 650/4500 条

[651/4500] 翻译进度: 14.5%
藏语原文: ཁྱེད་ཡབ་ཡུམ་ལ་སྲས་མི་གདའ་བས་ངས་བྱ་དགོས་ཟེར་བ་དང་།

开始翻译流程 (尝试 1/2):
========================================
步骤1: 输入藏语文本...
输入文本时出错: Message: tab crashed
  (Session info: chrome=143.0.7499.169)

✗ 输入文本失败

开始翻译流程 (尝试 2/2):
========================================
步骤1: 输入藏语文本...
输入文本时出错: Message: tab crashed
  (Session info: chrome=143.0.7499.169)

✗ 输入文本失败
========================================
✗ 翻译失败，跳过此行
✓ 已保存到文件: 651/4500 条

[652/4500] 翻译进度: 14.5%
藏语原文: ཁྱེད་དད་པ་རབ་ཏུ་བརྟན་པ་ཞིག་འདུག།

开始翻译流程 (尝试 1/2):
========================================
步骤1: 输入藏语文本...
输入文本时出错: Message: tab crashed
  (Session info: chrome=143.0.7499.169)

✗ 输入文本失败

开始翻译流程 (尝试 2/2):
========================================
步骤1: 输入藏语文本...
输入文本时出错: Message: tab crashed
  (Session info: chrome=143.0.7499.169)

✗ 输入文本失败
========================================
✗ 翻译失败，跳过此行
✓ 已保存到文件: 652/4500 条

[653/4500] 翻译进度: 14.5%
藏语原文: ནང་པར་གཉིད་སད་ཙ་ན་ལུས་ཀྱང་ཤིན་ཏུ་བདེ་བ།

开始翻译流程 (尝试 1/2):
========================================
步骤1: 输入藏语文本...
输入文本时出错: Message: tab crashed
  (Session info: chrome=143.0.7499.169)

✗ 输入文本失败

开始翻译流程 (尝试 2/2):
========================================
步骤1: 输入藏语文本...
输入文本时出错: Message: tab crashed
  (Session info: chrome=143.0.7499.169)

✗ 输入文本失败
========================================
✗ 翻译失败，跳过此行
✓ 已保存到文件: 653/4500 条

[654/4500] 翻译进度: 14.5%
藏语原文: རྨི་ལམ་དུ་བྱུང་བ་བཞིན་འདི་ནི་དད་པ་རབ་ཏུ་བརྟན་པ་ཞིག...

开始翻译流程 (尝试 1/2):
========================================
步骤1: 输入藏语文本...
输入文本时出错: Message: tab crashed
  (Session info: chrome=143.0.7499.169)

✗ 输入文本失败

开始翻译流程 (尝试 2/2):
========================================
步骤1: 输入藏语文本...
输入文本时出错: Message: tab crashed
  (Session info: chrome=143.0.7499.169)

✗ 输入文本失败
========================================
✗ 翻译失败，跳过此行
✓ 已保存到文件: 654/4500 条

[655/4500] 翻译进度: 14.6%
藏语原文: ངའི་བུ་འདི་ཡ་མཚན་ཆེ་བ་ཞིག་འདུག་པ་ལ།

开始翻译流程 (尝试 1/2):
========================================
步骤1: 输入藏语文本...
输入文本时出错: Message: tab crashed
  (Session info: chrome=143.0.7499.169)

✗ 输入文本失败

开始翻译流程 (尝试 2/2):
========================================
步骤1: 输入藏语文本...
输入文本时出错: Message: tab crashed
  (Session info: chrome=143.0.7499.169)

✗ 输入文本失败
========================================
✗ 翻译失败，跳过此行
✓ 已保存到文件: 655/4500 条

[656/4500] 翻译进度: 14.6%
藏语原文: རྒྱལ་བུ་མ་ཡར་ལ་མི་དགའ་བར་འདུག་སྙམ་དུ།

开始翻译流程 (尝试 1/2):
========================================
步骤1: 输入藏语文本...
输入文本时出错: Message: tab crashed
  (Session info: chrome=143.0.7499.169)

✗ 输入文本失败

开始翻译流程 (尝试 2/2):
========================================
步骤1: 输入藏语文本...
输入文本时出错: Message: tab crashed
  (Session info: chrome=143.0.7499.169)

✗ 输入文本失败
========================================
✗ 翻译失败，跳过此行
✓ 已保存到文件: 656/4500 条

[657/4500] 翻译进度: 14.6%
藏语原文: རྒྱལ་པོའང་བུ་ལ་བརྩེ་བར་གདའ་སྟེ།

开始翻译流程 (尝试 1/2):
========================================
步骤1: 输入藏语文本...
输入文本时出错: Message: tab crashed
  (Session info: chrome=143.0.7499.169)

✗ 输入文本失败

开始翻译流程 (尝试 2/2):
========================================
步骤1: 输入藏语文本...
输入文本时出错: Message: tab crashed
  (Session info: chrome=143.0.7499.169)

✗ 输入文本失败
========================================
✗ 翻译失败，跳过此行
✓ 已保存到文件: 657/4500 条

[658/4500] 翻译进度: 14.6%
藏语原文: བློ་སྣ་མ་མང་རང་ཚུགས་ཟུང་།

开始翻译流程 (尝试 1/2):
========================================
步骤1: 输入藏语文本...
输入文本时出错: Message: tab crashed
  (Session info: chrome=143.0.7499.169)

✗ 输入文本失败

开始翻译流程 (尝试 2/2):
========================================
步骤1: 输入藏语文本...
输入文本时出错: Message: tab crashed
  (Session info: chrome=143.0.7499.169)

✗ 输入文本失败
========================================
✗ 翻译失败，跳过此行
✓ 已保存到文件: 658/4500 条

[659/4500] 翻译进度: 14.6%
藏语原文: ཆུ་ཤིང་ཆུ་ཤིང་བཟུང་ནས་གདའ།

开始翻译流程 (尝试 1/2):
========================================
步骤1: 输入藏语文本...
输入文本时出错: Message: tab crashed
  (Session info: chrome=143.0.7499.169)

✗ 输入文本失败

开始翻译流程 (尝试 2/2):
========================================
步骤1: 输入藏语文本...
输入文本时出错: Message: tab crashed
  (Session info: chrome=143.0.7499.169)

✗ 输入文本失败
========================================
✗ 翻译失败，跳过此行
✓ 已保存到文件: 659/4500 条

[660/4500] 翻译进度: 14.7%
藏语原文: མི་རྟག་དུས་ཀྱིས་རྙིངས་གྱུར་ཚེ།

开始翻译流程 (尝试 1/2):
========================================
步骤1: 输入藏语文本...
输入文本时出错: Message: tab crashed
  (Session info: chrome=143.0.7499.169)

✗ 输入文本失败

开始翻译流程 (尝试 2/2):
========================================
步骤1: 输入藏语文本...
输入文本时出错: Message: tab crashed
  (Session info: chrome=143.0.7499.169)

✗ 输入文本失败
========================================
✗ 翻译失败，跳过此行
✓ 已保存到文件: 660/4500 条

[661/4500] 翻译进度: 14.7%
藏语原文: རྒྱལ་པོ་གསེར་གྱི་མཆོད་རྟེན་ལ་བསྐོར་བ་བྱེད་ཀྱིན་འདུ...

开始翻译流程 (尝试 1/2):
========================================
步骤1: 输入藏语文本...
输入文本时出错: Message: tab crashed
  (Session info: chrome=143.0.7499.169)

✗ 输入文本失败

开始翻译流程 (尝试 2/2):
========================================
步骤1: 输入藏语文本...
输入文本时出错: Message: tab crashed
  (Session info: chrome=143.0.7499.169)

✗ 输入文本失败
========================================
✗ 翻译失败，跳过此行
✓ 已保存到文件: 661/4500 条

[662/4500] 翻译进度: 14.7%
藏语原文: དེ་རིང་ཀ་ལན་དྷ་ཀ་ཅིག་ཀྱང་གདའ་འོ་ཟེར་ནས།

开始翻译流程 (尝试 1/2):
========================================
步骤1: 输入藏语文本...
输入文本时出错: Message: tab crashed
  (Session info: chrome=143.0.7499.169)

✗ 输入文本失败

开始翻译流程 (尝试 2/2):
========================================
步骤1: 输入藏语文本...
输入文本时出错: Message: tab crashed
  (Session info: chrome=143.0.7499.169)

✗ 输入文本失败
========================================
✗ 翻译失败，跳过此行
✓ 已保存到文件: 662/4500 条

[663/4500] 翻译进度: 14.7%
藏语原文: དེའི་མདུན་ན་ཆུ་མིག་ཅིག་ཀྱང་འདུག་པ་ལ།

开始翻译流程 (尝试 1/2):
========================================
步骤1: 输入藏语文本...
输入文本时出错: Message: tab crashed
  (Session info: chrome=143.0.7499.169)

✗ 输入文本失败

开始翻译流程 (尝试 2/2):
========================================
步骤1: 输入藏语文本...
输入文本时出错: Message: tab crashed
  (Session info: chrome=143.0.7499.169)

✗ 输入文本失败
========================================
✗ 翻译失败，跳过此行
✓ 已保存到文件: 663/4500 条

[664/4500] 翻译进度: 14.8%
藏语原文: དེའི་དུས་སུ་ཁྱེད་རང་འདི་སྐད་དུ།

开始翻译流程 (尝试 1/2):
========================================
步骤1: 输入藏语文本...
输入文本时出错: Message: tab crashed
  (Session info: chrome=143.0.7499.169)

✗ 输入文本失败

开始翻译流程 (尝试 2/2):
========================================
步骤1: 输入藏语文本...
输入文本时出错: Message: tab crashed
  (Session info: chrome=143.0.7499.169)

✗ 输入文本失败
========================================
✗ 翻译失败，跳过此行
✓ 已保存到文件: 664/4500 条

[665/4500] 翻译进度: 14.8%
藏语原文: རྒྱལ་པོས་ཀྱང་མ་ཚོར་བར་གདའ་འམ་གྱིས་ཤིག།

开始翻译流程 (尝试 1/2):
========================================
步骤1: 输入藏语文本...
输入文本时出错: Message: tab crashed
  (Session info: chrome=143.0.7499.169)

✗ 输入文本失败

开始翻译流程 (尝试 2/2):
========================================
步骤1: 输入藏语文本...
输入文本时出错: Message: tab crashed
  (Session info: chrome=143.0.7499.169)

✗ 输入文本失败
========================================
✗ 翻译失败，跳过此行
✓ 已保存到文件: 665/4500 条

[666/4500] 翻译进度: 14.8%
藏语原文: ཁོང་རྒྱལ་པོས་ཀྱང་མ་ཚོར་གདའ་ལགས་སམ།

开始翻译流程 (尝试 1/2):
========================================
步骤1: 输入藏语文本...
输入文本时出错: Message: tab crashed
  (Session info: chrome=143.0.7499.169)

✗ 输入文本失败

开始翻译流程 (尝试 2/2):
========================================
步骤1: 输入藏语文本...
输入文本时出错: Message: tab crashed
  (Session info: chrome=143.0.7499.169)

✗ 输入文本失败
========================================
✗ 翻译失败，跳过此行
✓ 已保存到文件: 666/4500 条

[667/4500] 翻译进度: 14.8%
藏语原文: རྒྱལ་པོས་ཀྱང་ཟུར་ཙམ་ཟེར་ཞིང་གདའ་འོ།

开始翻译流程 (尝试 1/2):
========================================
步骤1: 输入藏语文本...
输入文本时出错: Message: tab crashed
  (Session info: chrome=143.0.7499.169)

✗ 输入文本失败

开始翻译流程 (尝试 2/2):
========================================
步骤1: 输入藏语文本...
输入文本时出错: Message: tab crashed
  (Session info: chrome=143.0.7499.169)

✗ 输入文本失败
========================================
✗ 翻译失败，跳过此行
✓ 已保存到文件: 667/4500 条

[668/4500] 翻译进度: 14.8%
藏语原文: རྒྱལ་པོས་ཀྱང་ཟུར་ཙམ་ཐོས་ནས་གདའ་འོ་གྱིས་ཤིག།

开始翻译流程 (尝试 1/2):
========================================
步骤1: 输入藏语文本...
输入文本时出错: Message: tab crashed
  (Session info: chrome=143.0.7499.169)

✗ 输入文本失败

开始翻译流程 (尝试 2/2):
========================================
步骤1: 输入藏语文本...
输入文本时出错: Message: tab crashed
  (Session info: chrome=143.0.7499.169)

✗ 输入文本失败
========================================
✗ 翻译失败，跳过此行
✓ 已保存到文件: 668/4500 条

[669/4500] 翻译进度: 14.9%
藏语原文: ཁོང་རྒྱལ་བུས་ཀྱང་མ་ཚོར་གདའ་འམ།

开始翻译流程 (尝试 1/2):
========================================
步骤1: 输入藏语文本...
输入文本时出错: Message: tab crashed
  (Session info: chrome=143.0.7499.169)

✗ 输入文本失败

开始翻译流程 (尝试 2/2):
========================================
步骤1: 输入藏语文本...
输入文本时出错: Message: tab crashed
  (Session info: chrome=143.0.7499.169)

✗ 输入文本失败
========================================
✗ 翻译失败，跳过此行
✓ 已保存到文件: 669/4500 条

[670/4500] 翻译进度: 14.9%
藏语原文: ནང་པར་བྱེའུས་བལྟས་པས་མེ་ཏོག་ཅིག་སྐྱེས་འདུག་པའི་རྩ་...

开始翻译流程 (尝试 1/2):
========================================
步骤1: 输入藏语文本...
输入文本时出错: Message: tab crashed
  (Session info: chrome=143.0.7499.169)

✗ 输入文本失败

开始翻译流程 (尝试 2/2):
========================================
步骤1: 输入藏语文本...
输入文本时出错: Message: tab crashed
  (Session info: chrome=143.0.7499.169)

✗ 输入文本失败
========================================
✗ 翻译失败，跳过此行
✓ 已保存到文件: 670/4500 条

[671/4500] 翻译进度: 14.9%
藏语原文: ཤུལ་དུ་མཆིལ་མ་ཅིག་བླུགས་ཏེ་བཞག་ནང་པར་ལྷ་དེ་བལྟ་ཞིང...

开始翻译流程 (尝试 1/2):
========================================
步骤1: 输入藏语文本...
输入文本时出错: Message: tab crashed
  (Session info: chrome=143.0.7499.169)

✗ 输入文本失败

开始翻译流程 (尝试 2/2):
========================================
步骤1: 输入藏语文本...
输入文本时出错: Message: tab crashed
  (Session info: chrome=143.0.7499.169)

✗ 输入文本失败
========================================
✗ 翻译失败，跳过此行
✓ 已保存到文件: 671/4500 条

[672/4500] 翻译进度: 14.9%
藏语原文: ལྷའི་ཡུལ་ན་ཉི་མ་སྔ་སྐད་ལྟ་བུར་གདའ།

开始翻译流程 (尝试 1/2):
========================================
步骤1: 输入藏语文本...
输入文本时出错: Message: tab crashed
  (Session info: chrome=143.0.7499.169)

✗ 输入文本失败

开始翻译流程 (尝试 2/2):
========================================
步骤1: 输入藏语文本...
输入文本时出错: Message: tab crashed
  (Session info: chrome=143.0.7499.169)

✗ 输入文本失败
========================================
✗ 翻译失败，跳过此行
✓ 已保存到文件: 672/4500 条

[673/4500] 翻译进度: 15.0%
藏语原文: དེ་རིང་རྩེ་བའི་དུས་སུ་ལྷ་གཅིག་མ་རང་སྔོན་ལ་རྒྱོབ་ཅི...

开始翻译流程 (尝试 1/2):
========================================
步骤1: 输入藏语文本...
输入文本时出错: Message: tab crashed
  (Session info: chrome=143.0.7499.169)

✗ 输入文本失败

开始翻译流程 (尝试 2/2):
========================================
步骤1: 输入藏语文本...
输入文本时出错: Message: tab crashed
  (Session info: chrome=143.0.7499.169)

✗ 输入文本失败
========================================
✗ 翻译失败，跳过此行
✓ 已保存到文件: 673/4500 条

[674/4500] 翻译进度: 15.0%
藏语原文: ད་ནི་འགྲོ་བའི་དུས་ལ་བབས་ནས་གདའ་འོ།

开始翻译流程 (尝试 1/2):
========================================
步骤1: 输入藏语文本...
输入文本时出错: Message: tab crashed
  (Session info: chrome=143.0.7499.169)

✗ 输入文本失败

开始翻译流程 (尝试 2/2):
========================================
步骤1: 输入藏语文本...
输入文本时出错: Message: tab crashed
  (Session info: chrome=143.0.7499.169)

✗ 输入文本失败
========================================
✗ 翻译失败，跳过此行
✓ 已保存到文件: 674/4500 条

[675/4500] 翻译进度: 15.0%
藏语原文: ལུས་ལ་བལྟས་པས་ཁྲག་དང་ཐོར་བ་མང་པོ་འདུག་ནས་མ་ལེགས།

开始翻译流程 (尝试 1/2):
========================================
步骤1: 输入藏语文本...
输入文本时出错: Message: tab crashed
  (Session info: chrome=143.0.7499.169)

✗ 输入文本失败

开始翻译流程 (尝试 2/2):
========================================
步骤1: 输入藏语文本...
输入文本时出错: Message: tab crashed
  (Session info: chrome=143.0.7499.169)

✗ 输入文本失败
========================================
✗ 翻译失败，跳过此行
✓ 已保存到文件: 675/4500 条

[676/4500] 翻译进度: 15.0%
藏语原文: ལྷ་མི་གཉིས་ཀ་དང་བྲལ་བ་ཅིག་འོང་བའི་ཉེན་འདུག།

开始翻译流程 (尝试 1/2):
========================================
步骤1: 输入藏语文本...
输入文本时出错: Message: tab crashed
  (Session info: chrome=143.0.7499.169)

✗ 输入文本失败

开始翻译流程 (尝试 2/2):
========================================
步骤1: 输入藏语文本...
输入文本时出错: Message: tab crashed
  (Session info: chrome=143.0.7499.169)

✗ 输入文本失败
========================================
✗ 翻译失败，跳过此行
✓ 已保存到文件: 676/4500 条

[677/4500] 翻译进度: 15.0%
藏语原文: དོ་ཞག་དམག་མང་པོ་ལྷགས་ནས་གདའ་བ་ཅི་ལགས་ཞུས་པས།

开始翻译流程 (尝试 1/2):
========================================
步骤1: 输入藏语文本...
输入文本时出错: Message: tab crashed
  (Session info: chrome=143.0.7499.169)

✗ 输入文本失败

开始翻译流程 (尝试 2/2):
========================================
步骤1: 输入藏语文本...
输入文本时出错: Message: tab crashed
  (Session info: chrome=143.0.7499.169)

✗ 输入文本失败
========================================
✗ 翻译失败，跳过此行
✓ 已保存到文件: 677/4500 条

[678/4500] 翻译进度: 15.1%
藏语原文: ང་ནི་མ་སྒྲིབ་གསལ་ལེར་གདའ།

开始翻译流程 (尝试 1/2):
========================================
步骤1: 输入藏语文本...
输入文本时出错: Message: tab crashed
  (Session info: chrome=143.0.7499.169)

✗ 输入文本失败

开始翻译流程 (尝试 2/2):
========================================
步骤1: 输入藏语文本...
输入文本时出错: Message: tab crashed
  (Session info: chrome=143.0.7499.169)

✗ 输入文本失败
========================================
✗ 翻译失败，跳过此行
✓ 已保存到文件: 678/4500 条

[679/4500] 翻译进度: 15.1%
藏语原文: རང་འདོད་ཆུང་ཞིང་རང་འདོད་ལ་ཆོག་ཤེས་པར་བྱས་སོ།

开始翻译流程 (尝试 1/2):
========================================
步骤1: 输入藏语文本...
输入文本时出错: Message: tab crashed
  (Session info: chrome=143.0.7499.169)

✗ 输入文本失败

开始翻译流程 (尝试 2/2):
========================================
步骤1: 输入藏语文本...
输入文本时出错: Message: tab crashed
  (Session info: chrome=143.0.7499.169)

✗ 输入文本失败
========================================
✗ 翻译失败，跳过此行
✓ 已保存到文件: 679/4500 条

[680/4500] 翻译进度: 15.1%
藏语原文: འཇིག་རྟེན་པའི་ཁ་ངག་ལ་སྒོག་པ་ཆེ་ཟོས་ཆུང་ཟོས་མཉམ་ཟེར...

开始翻译流程 (尝试 1/2):
========================================
步骤1: 输入藏语文本...
输入文本时出错: Message: tab crashed
  (Session info: chrome=143.0.7499.169)

✗ 输入文本失败

开始翻译流程 (尝试 2/2):
========================================
步骤1: 输入藏语文本...
输入文本时出错: Message: tab crashed
  (Session info: chrome=143.0.7499.169)

✗ 输入文本失败
========================================
✗ 翻译失败，跳过此行
✓ 已保存到文件: 680/4500 条

[681/4500] 翻译进度: 15.1%
藏语原文: ཞེས་གསུངས་གདའ་ན།

开始翻译流程 (尝试 1/2):
========================================
步骤1: 输入藏语文本...
输入文本时出错: Message: tab crashed
  (Session info: chrome=143.0.7499.169)

✗ 输入文本失败

开始翻译流程 (尝试 2/2):
========================================
步骤1: 输入藏语文本...
输入文本时出错: Message: tab crashed
  (Session info: chrome=143.0.7499.169)

✗ 输入文本失败
========================================
✗ 翻译失败，跳过此行
✓ 已保存到文件: 681/4500 条

[682/4500] 翻译进度: 15.2%
藏语原文: ཀྱེ་རྒྱལ་བུ་དེ་ལྟར་ན་ནི་ཕ་མ་ཡིན་པར་གདའ་བས།

开始翻译流程 (尝试 1/2):
========================================
步骤1: 输入藏语文本...
输入文本时出错: Message: tab crashed
  (Session info: chrome=143.0.7499.169)

✗ 输入文本失败

开始翻译流程 (尝试 2/2):
========================================
步骤1: 输入藏语文本...
输入文本时出错: Message: tab crashed
  (Session info: chrome=143.0.7499.169)

✗ 输入文本失败
========================================
✗ 翻译失败，跳过此行
✓ 已保存到文件: 682/4500 条

[683/4500] 翻译进度: 15.2%
藏语原文: རང་རྒྱུ་ལས་སྐྱེ་ཞིང་རང་ལ་རང་སྐྱེ་བར་འགལ་བ།

开始翻译流程 (尝试 1/2):
========================================
步骤1: 输入藏语文本...
输入文本时出错: Message: tab crashed
  (Session info: chrome=143.0.7499.169)

✗ 输入文本失败

开始翻译流程 (尝试 2/2):
========================================
步骤1: 输入藏语文本...
输入文本时出错: Message: tab crashed
  (Session info: chrome=143.0.7499.169)

✗ 输入文本失败
========================================
✗ 翻译失败，跳过此行
✓ 已保存到文件: 683/4500 条

[684/4500] 翻译进度: 15.2%
藏语原文: བརྗོད་ཚུལ་ནི་བོན་གྱི་སྐད་དུ་གདའ་བས།

开始翻译流程 (尝试 1/2):
========================================
步骤1: 输入藏语文本...
输入文本时出错: Message: tab crashed
  (Session info: chrome=143.0.7499.169)

✗ 输入文本失败

开始翻译流程 (尝试 2/2):
========================================
步骤1: 输入藏语文本...
输入文本时出错: Message: tab crashed
  (Session info: chrome=143.0.7499.169)

✗ 输入文本失败
========================================
✗ 翻译失败，跳过此行
✓ 已保存到文件: 684/4500 条

[685/4500] 翻译进度: 15.2%
藏语原文: འུ་ཅག་གསུམ་ལ་ཕ་མ་ཡང་མེད་ནོར་ཀྱང་ཡེ་མི་གདའ་ན།

开始翻译流程 (尝试 1/2):
========================================
步骤1: 输入藏语文本...
输入文本时出错: Message: tab crashed
  (Session info: chrome=143.0.7499.169)

✗ 输入文本失败

开始翻译流程 (尝试 2/2):
========================================
步骤1: 输入藏语文本...
输入文本时出错: Message: tab crashed
  (Session info: chrome=143.0.7499.169)

✗ 输入文本失败
========================================
✗ 翻译失败，跳过此行
✓ 已保存到文件: 685/4500 条

[686/4500] 翻译进度: 15.2%
藏语原文: ད་བདག་ཅག་སྤུན་གསུམ་གྱི་མདུན་མ་འདིས་ཅུང་མི་འོང་བར་འ...

开始翻译流程 (尝试 1/2):
========================================
步骤1: 输入藏语文本...
输入文本时出错: Message: tab crashed
  (Session info: chrome=143.0.7499.169)

✗ 输入文本失败

开始翻译流程 (尝试 2/2):
========================================
步骤1: 输入藏语文本...
输入文本时出错: Message: tab crashed
  (Session info: chrome=143.0.7499.169)

✗ 输入文本失败
========================================
✗ 翻译失败，跳过此行
✓ 已保存到文件: 686/4500 条

[687/4500] 翻译进度: 15.3%
藏语原文: སྟོབས་ཀྱིས་ཀྱང་ངན་པ་མི་འཆུན་པར་གདའ་བས།

开始翻译流程 (尝试 1/2):
========================================
步骤1: 输入藏语文本...
输入文本时出错: Message: tab crashed
  (Session info: chrome=143.0.7499.169)

✗ 输入文本失败

开始翻译流程 (尝试 2/2):
========================================
步骤1: 输入藏语文本...
输入文本时出错: Message: tab crashed
  (Session info: chrome=143.0.7499.169)

✗ 输入文本失败
========================================
✗ 翻译失败，跳过此行
✓ 已保存到文件: 687/4500 条

[688/4500] 翻译进度: 15.3%
藏语原文: ཆ་ལུགས་ནི་དྲང་དོན་དུ་རང་རང་དང་མཐུན་པར་མཛོད་ཅིག།

开始翻译流程 (尝试 1/2):
========================================
步骤1: 输入藏语文本...
输入文本时出错: Message: tab crashed
  (Session info: chrome=143.0.7499.169)

✗ 输入文本失败

开始翻译流程 (尝试 2/2):
========================================
步骤1: 输入藏语文本...
输入文本时出错: Message: tab crashed
  (Session info: chrome=143.0.7499.169)

✗ 输入文本失败
========================================
✗ 翻译失败，跳过此行
✓ 已保存到文件: 688/4500 条

[689/4500] 翻译进度: 15.3%
藏语原文: རྒྱལ་བུ་གཉིས་ཀྱང་ཐམས་ཅད་ཀྱིས་བཀུར་ཞིང་གདའ་བ་ལ།

开始翻译流程 (尝试 1/2):
========================================
步骤1: 输入藏语文本...
输入文本时出错: Message: tab crashed
  (Session info: chrome=143.0.7499.169)

✗ 输入文本失败

开始翻译流程 (尝试 2/2):
========================================
步骤1: 输入藏语文本...
输入文本时出错: Message: tab crashed
  (Session info: chrome=143.0.7499.169)

✗ 输入文本失败
========================================
✗ 翻译失败，跳过此行
✓ 已保存到文件: 689/4500 条

[690/4500] 翻译进度: 15.3%
藏语原文: རྒྱ་ནག་ལ་སོགས་པ་གནས་སྣ་ཚོགས་པ་ན་སྤྲུལ་པ་དུ་མ་འགྱེད...

开始翻译流程 (尝试 1/2):
========================================
步骤1: 输入藏语文本...
输入文本时出错: Message: tab crashed
  (Session info: chrome=143.0.7499.169)

✗ 输入文本失败

开始翻译流程 (尝试 2/2):
========================================
步骤1: 输入藏语文本...
输入文本时出错: Message: tab crashed
  (Session info: chrome=143.0.7499.169)

✗ 输入文本失败
========================================
✗ 翻译失败，跳过此行
✓ 已保存到文件: 690/4500 条

[691/4500] 翻译进度: 15.4%
藏语原文: ཞེས་གསུངས་གདའ་ན།

开始翻译流程 (尝试 1/2):
========================================
步骤1: 输入藏语文本...
输入文本时出错: Message: tab crashed
  (Session info: chrome=143.0.7499.169)

✗ 输入文本失败

开始翻译流程 (尝试 2/2):
========================================
步骤1: 输入藏语文本...
输入文本时出错: Message: tab crashed
  (Session info: chrome=143.0.7499.169)

✗ 输入文本失败
========================================
✗ 翻译失败，跳过此行
✓ 已保存到文件: 691/4500 条

[692/4500] 翻译进度: 15.4%
藏语原文: རྒྱལ་པོའི་བསམས་པ་ལ་ཁྱེའུ་འདིའི་ཟེར་ལུགས་ཀྱིས་སྤྲུལ...

开始翻译流程 (尝试 1/2):
========================================
步骤1: 输入藏语文本...
输入文本时出错: Message: tab crashed
  (Session info: chrome=143.0.7499.169)

✗ 输入文本失败

开始翻译流程 (尝试 2/2):
========================================
步骤1: 输入藏语文本...
输入文本时出错: Message: tab crashed
  (Session info: chrome=143.0.7499.169)

✗ 输入文本失败
========================================
✗ 翻译失败，跳过此行
✓ 已保存到文件: 692/4500 条

[693/4500] 翻译进度: 15.4%
藏语原文: ཁྱེད་རང་གསུངས་པ་བཞིན་དུ་རྡོ་རྗེ་གདན་གནས་བཟང་གྲོགས་...

开始翻译流程 (尝试 1/2):
========================================
步骤1: 输入藏语文本...
输入文本时出错: Message: tab crashed
  (Session info: chrome=143.0.7499.169)

✗ 输入文本失败

开始翻译流程 (尝试 2/2):
========================================
步骤1: 输入藏语文本...
输入文本时出错: Message: tab crashed
  (Session info: chrome=143.0.7499.169)

✗ 输入文本失败
========================================
✗ 翻译失败，跳过此行
✓ 已保存到文件: 693/4500 条

[694/4500] 翻译进度: 15.4%
藏语原文: ཆོ་འབྲང་དག་ཏུ་ངེས་པར་གདའ།

开始翻译流程 (尝试 1/2):
========================================
步骤1: 输入藏语文本...
输入文本时出错: Message: tab crashed
  (Session info: chrome=143.0.7499.169)

✗ 输入文本失败

开始翻译流程 (尝试 2/2):
========================================
步骤1: 输入藏语文本...
输入文本时出错: Message: tab crashed
  (Session info: chrome=143.0.7499.169)

✗ 输入文本失败
========================================
✗ 翻译失败，跳过此行
✓ 已保存到文件: 694/4500 条

[695/4500] 翻译进度: 15.4%
藏语原文: ཁོང་ལ་སྔར་བས་བཟང་དུ་སྐྱུར་དུ་མི་གདའ་སྟེ།

开始翻译流程 (尝试 1/2):
========================================
步骤1: 输入藏语文本...
输入文本时出错: Message: tab crashed
  (Session info: chrome=143.0.7499.169)

✗ 输入文本失败

开始翻译流程 (尝试 2/2):
========================================
步骤1: 输入藏语文本...
输入文本时出错: Message: tab crashed
  (Session info: chrome=143.0.7499.169)

✗ 输入文本失败
========================================
✗ 翻译失败，跳过此行
✓ 已保存到文件: 695/4500 条

[696/4500] 翻译进度: 15.5%
藏语原文: དེ་བས་ཀྱང་བཟང་བར་སྟོན་ཅིང་གདའོ།

开始翻译流程 (尝试 1/2):
========================================
步骤1: 输入藏语文本...
输入文本时出错: Message: tab crashed
  (Session info: chrome=143.0.7499.169)

✗ 输入文本失败

开始翻译流程 (尝试 2/2):
========================================
步骤1: 输入藏语文本...
输入文本时出错: Message: tab crashed
  (Session info: chrome=143.0.7499.169)

✗ 输入文本失败
========================================
✗ 翻译失败，跳过此行
✓ 已保存到文件: 696/4500 条

[697/4500] 翻译进度: 15.5%
藏语原文: ང་རང་ལའང་མེད།

开始翻译流程 (尝试 1/2):
========================================
步骤1: 输入藏语文本...
输入文本时出错: Message: tab crashed
  (Session info: chrome=143.0.7499.169)

✗ 输入文本失败

开始翻译流程 (尝试 2/2):
========================================
步骤1: 输入藏语文本...
输入文本时出错: Message: tab crashed
  (Session info: chrome=143.0.7499.169)

✗ 输入文本失败
========================================
✗ 翻译失败，跳过此行
✓ 已保存到文件: 697/4500 条

[698/4500] 翻译进度: 15.5%
藏语原文: ཞེས་གསུང་ཞིང་གདའ་བ་ལ།

开始翻译流程 (尝试 1/2):
========================================
步骤1: 输入藏语文本...
输入文本时出错: Message: tab crashed
  (Session info: chrome=143.0.7499.169)

✗ 输入文本失败

开始翻译流程 (尝试 2/2):
========================================
步骤1: 输入藏语文本...
输入文本时出错: Message: tab crashed
  (Session info: chrome=143.0.7499.169)

✗ 输入文本失败
========================================
✗ 翻译失败，跳过此行
✓ 已保存到文件: 698/4500 条

[699/4500] 翻译进度: 15.5%
藏语原文: བྱམས་པའི་ཐུགས་ཀ་ནས་འོད་ཅིག་ཁྱིལ་ཁྱིལ་འདུག་པ་ལ།

开始翻译流程 (尝试 1/2):
========================================
步骤1: 输入藏语文本...
输入文本时出错: Message: tab crashed
  (Session info: chrome=143.0.7499.169)

✗ 输入文本失败

开始翻译流程 (尝试 2/2):
========================================
步骤1: 输入藏语文本...
输入文本时出错: Message: tab crashed
  (Session info: chrome=143.0.7499.169)

✗ 输入文本失败
========================================
✗ 翻译失败，跳过此行
✓ 已保存到文件: 699/4500 条

[700/4500] 翻译进度: 15.6%
藏语原文: ཞེས་གསུང་བའི་འཕྲོ་ལ་ཇོ་བོ་མི་གདའ།

开始翻译流程 (尝试 1/2):
========================================
步骤1: 输入藏语文本...
输入文本时出错: Message: tab crashed
  (Session info: chrome=143.0.7499.169)

✗ 输入文本失败

开始翻译流程 (尝试 2/2):
========================================
步骤1: 输入藏语文本...
输入文本时出错: Message: tab crashed
  (Session info: chrome=143.0.7499.169)

✗ 输入文本失败
========================================
✗ 翻译失败，跳过此行
✓ 已保存到文件: 700/4500 条

[701/4500] 翻译进度: 15.6%
藏语原文: དེ་ལ་རྔོག་ཡ་མཚན་སྐྱེས་ཏེ་ནང་དུ་འོང་ཙ་ན།

开始翻译流程 (尝试 1/2):
========================================
步骤1: 输入藏语文本...
输入文本时出错: Message: tab crashed
  (Session info: chrome=143.0.7499.169)

✗ 输入文本失败

开始翻译流程 (尝试 2/2):
========================================
步骤1: 输入藏语文本...
输入文本时出错: Message: tab crashed
  (Session info: chrome=143.0.7499.169)

✗ 输入文本失败
========================================
✗ 翻译失败，跳过此行
✓ 已保存到文件: 701/4500 条

[702/4500] 翻译进度: 15.6%
藏语原文: རང་རང་ཕན་ཚུན་རྗེས་སུ་ཡི་རང་གསོལ་བ་དང་།

开始翻译流程 (尝试 1/2):
========================================
步骤1: 输入藏语文本...
输入文本时出错: Message: tab crashed
  (Session info: chrome=143.0.7499.169)

✗ 输入文本失败

开始翻译流程 (尝试 2/2):
========================================
步骤1: 输入藏语文本...
输入文本时出错: Message: tab crashed
  (Session info: chrome=143.0.7499.169)

✗ 输入文本失败
========================================
✗ 翻译失败，跳过此行
✓ 已保存到文件: 702/4500 条

[703/4500] 翻译进度: 15.6%
藏语原文: ཕྱག་དང་ན་བཟའ་ཀུན་འདག་པ་ཁལ་ཁལ་གདའ་བ་ལ།

开始翻译流程 (尝试 1/2):
========================================
步骤1: 输入藏语文本...