nohup: ignoring input
============================================================
藏语文件翻译处理
严格按照用户需求:
1. 读取藏语文件（支持文本和JSON格式）
2. 使用muban.json作为翻译结果保存格式
3. leixing字段：文本文件为'不明'，JSON文件使用原type
4. 自动加id
5. 藏语原文是tibetan字段，翻译结果是chinese字段
6. 统计条数，时间统一写2025-12-29
7. 保存为JSON格式，和muban.json一样
8. 输出文件命名: '原藏语文件'_result.json
============================================================
使用命令行参数指定的文件: tibetan/oral_kham_044.json

加载文件: tibetan/oral_kham_044.json
成功加载JSON文件: tibetan/oral_kham_044.json
文件类型: oral_kham
藏语句子数量: 4500
总字符数: 279014
文件类型: oral_kham
找到 4500 行需要翻译

创建JSON模板...
创建初始文件...
✓ 初始文件已创建: results/oral_kham_044_result.json
  文件位置: /root/myproj/translate/results/oral_kham_044_result.json

开始翻译...
注意: 翻译过程可能需要较长时间，请耐心等待
首次运行可能会自动下载ChromeDriver
即时保存: 每翻译一条就保存一条到文件
============================================================
初始化翻译器...
检查必要的Python包...
✓ selenium已安装 (版本: 4.39.0)
✓ webdriver-manager已安装
正在自动下载和管理ChromeDriver...
✓ ChromeDriver自动配置成功
✓ WebDriver初始化成功
开始逐条翻译 4500 行...
注意: 只访问一次网页，之后重复使用同一个页面进行翻译
即时保存: 每翻译一条就保存一条到文件
============================================================

[1/4500] 翻译进度: 0.0%
藏语原文: བཀྲ་ཤིས་གཟུགས་དྲག་དུས་མཚོ་ཆུ།
页面未初始化，正在初始化...
正在访问: http://222.19.82.141:5002/index-Final.html
初始化页面时出错: Message: tab crashed
  (Session info: chrome=143.0.7499.169)

页面初始化失败
✗ 翻译失败，跳过此行
✓ 已保存到文件: 1/4500 条

[2/4500] 翻译进度: 0.0%
藏语原文: རང་རང་རྟག་ལོང་བསྒྱུར་ལ་བྱིན།
页面未初始化，正在初始化...
正在访问: http://222.19.82.141:5002/index-Final.html
初始化页面时出错: Message: tab crashed
  (Session info: chrome=143.0.7499.169)

页面初始化失败
✗ 翻译失败，跳过此行
✓ 已保存到文件: 2/4500 条

[3/4500] 翻译进度: 0.1%
藏语原文: དེ་ལ་རང་རང་རྟག་ལོང་ནི།
页面未初始化，正在初始化...
正在访问: http://222.19.82.141:5002/index-Final.html
初始化页面时出错: Message: tab crashed
  (Session info: chrome=143.0.7499.169)

页面初始化失败
✗ 翻译失败，跳过此行
✓ 已保存到文件: 3/4500 条

[4/4500] 翻译进度: 0.1%
藏语原文: རི་མེའི་ཁྱད་པར་ཅུང་ཟད་འདུག།
页面未初始化，正在初始化...
正在访问: http://222.19.82.141:5002/index-Final.html
初始化页面时出错: Message: tab crashed
  (Session info: chrome=143.0.7499.169)

页面初始化失败
✗ 翻译失败，跳过此行
✓ 已保存到文件: 4/4500 条

[5/4500] 翻译进度: 0.1%
藏语原文: རང་རང་རྟག་ལོངས་མ་ནོར་བྱིན།
页面未初始化，正在初始化...
正在访问: http://222.19.82.141:5002/index-Final.html
初始化页面时出错: Message: tab crashed
  (Session info: chrome=143.0.7499.169)

页面初始化失败
✗ 翻译失败，跳过此行
✓ 已保存到文件: 5/4500 条

[6/4500] 翻译进度: 0.1%
藏语原文: འོག་ཡར་མེ་མིག་དུས་མཁའ་རོ།
页面未初始化，正在初始化...
正在访问: http://222.19.82.141:5002/index-Final.html
初始化页面时出错: Message: tab crashed
  (Session info: chrome=143.0.7499.169)

页面初始化失败
✗ 翻译失败，跳过此行
✓ 已保存到文件: 6/4500 条

[7/4500] 翻译进度: 0.2%
藏语原文: ལོ་ཟླ་ཞག་དུས་སྡར་མེ་ཡིས།
页面未初始化，正在初始化...
正在访问: http://222.19.82.141:5002/index-Final.html
初始化页面时出错: Message: tab crashed
  (Session info: chrome=143.0.7499.169)

页面初始化失败
✗ 翻译失败，跳过此行
✓ 已保存到文件: 7/4500 条

[8/4500] 翻译进度: 0.2%
藏语原文: གོ་རོ་ཙ་ན་ཀླད་པ།་
页面未初始化，正在初始化...
正在访问: http://222.19.82.141:5002/index-Final.html
初始化页面时出错: Message: tab crashed
  (Session info: chrome=143.0.7499.169)

页面初始化失败
✗ 翻译失败，跳过此行
✓ 已保存到文件: 8/4500 条

[9/4500] 翻译进度: 0.2%
藏语原文: དེའི་སྐབས་སུ་ང་རང་གཞན་གྱིས་བརྙས་བཅོས་དང་ཁེར་རྐྱང་ག...
页面未初始化，正在初始化...
正在访问: http://222.19.82.141:5002/index-Final.html
初始化页面时出错: Message: tab crashed
  (Session info: chrome=143.0.7499.169)

页面初始化失败
✗ 翻译失败，跳过此行
✓ 已保存到文件: 9/4500 条

[10/4500] 翻译进度: 0.2%
藏语原文: འོན་ཀྱང་ནམ་རྒྱུན་ཁོས་ང་ལ་བར་ཆད་རྐྱང་རྐྱང་བྱེད་འདུག...
页面未初始化，正在初始化...
正在访问: http://222.19.82.141:5002/index-Final.html
初始化页面时出错: Message: tab crashed
  (Session info: chrome=143.0.7499.169)

页面初始化失败
✗ 翻译失败，跳过此行
✓ 已保存到文件: 10/4500 条

[11/4500] 翻译进度: 0.2%
藏语原文: ཁོ་ཚོའི་ཀུན་སློང་དེ་གལ་ཆེན་ཞིག་མ་ཡིན་པར་གལ་ཆེ་ཤོས་...
页面未初始化，正在初始化...
正在访问: http://222.19.82.141:5002/index-Final.html
初始化页面时出错: Message: tab crashed
  (Session info: chrome=143.0.7499.169)

页面初始化失败
✗ 翻译失败，跳过此行
✓ 已保存到文件: 11/4500 条

[12/4500] 翻译进度: 0.3%
藏语原文: རྐུབ་སྟེགས་འཁོར་ལོའི་སྟེང་དུ་འདུག་མཁན་གྱི་བྱིས་པ་ག...
页面未初始化，正在初始化...
正在访问: http://222.19.82.141:5002/index-Final.html
初始化页面时出错: Message: tab crashed
  (Session info: chrome=143.0.7499.169)

页面初始化失败
✗ 翻译失败，跳过此行
✓ 已保存到文件: 12/4500 条

[13/4500] 翻译进度: 0.3%
藏语原文: དེ་ཚོ་ནི་ལྗིད་ཏིག་གེ་བས་གནོན་ཤུགས་ཤིག་ཏུ་གྱུར་འདུག...
页面未初始化，正在初始化...
正在访问: http://222.19.82.141:5002/index-Final.html
初始化页面时出错: Message: tab crashed
  (Session info: chrome=143.0.7499.169)

页面初始化失败
✗ 翻译失败，跳过此行
✓ 已保存到文件: 13/4500 条

[14/4500] 翻译进度: 0.3%
藏语原文: ངའི་སེམས་ཤིན་ཏུ་སྐྱིད་པོ་མི་འདུག་དེ་ང་རང་མིན་པ་ངས་...
页面未初始化，正在初始化...
正在访问: http://222.19.82.141:5002/index-Final.html
初始化页面时出错: Message: tab crashed
  (Session info: chrome=143.0.7499.169)

页面初始化失败
✗ 翻译失败，跳过此行
✓ 已保存到文件: 14/4500 条

[15/4500] 翻译进度: 0.3%
藏语原文: ཟུར་དུ་ཡོད་པའི་མི་ཚང་མས་གསལ་པོ་ཐོས་པར་མ་ཟད་ཧ་ལས་ཧོ...
页面未初始化，正在初始化...
正在访问: http://222.19.82.141:5002/index-Final.html
初始化页面时出错: Message: tab crashed
  (Session info: chrome=143.0.7499.169)

页面初始化失败
✗ 翻译失败，跳过此行
✓ 已保存到文件: 15/4500 条

[16/4500] 翻译进度: 0.4%
藏语原文: དེས་བརྙས་བཅོས་ལ་ངོ་རྒོལ་བྱེད་པར་རམ་འདེགསཆེན་པོ་ཡོད...
页面未初始化，正在初始化...
正在访问: http://222.19.82.141:5002/index-Final.html
初始化页面时出错: Message: tab crashed
  (Session info: chrome=143.0.7499.169)

页面初始化失败
✗ 翻译失败，跳过此行
✓ 已保存到文件: 16/4500 条

[17/4500] 翻译进度: 0.4%
藏语原文: དེའི་ཕྱིར་འཚོ་བའི་ཁ་ཕྱོགས་གང་ཡིན་ཡང་དང་ལེན་དང་རང་ཉ...
页面未初始化，正在初始化...
正在访问: http://222.19.82.141:5002/index-Final.html
初始化页面时出错: Message: tab crashed
  (Session info: chrome=143.0.7499.169)

页面初始化失败
✗ 翻译失败，跳过此行
✓ 已保存到文件: 17/4500 条

[18/4500] 翻译进度: 0.4%
藏语原文: མི་ཚེའི་འཚོལ་ལམ་གང་ཡིན་པ་དང་རང་ཉིད་ཀྱི་རིན་ཐང་སོགས...
页面未初始化，正在初始化...
正在访问: http://222.19.82.141:5002/index-Final.html
初始化页面时出错: Message: tab crashed
  (Session info: chrome=143.0.7499.169)

页面初始化失败
✗ 翻译失败，跳过此行
✓ 已保存到文件: 18/4500 条

[19/4500] 翻译进度: 0.4%
藏语原文: མི་སུ་ཡིན་ཡང་ཕམ་ཉེས་ཚབས་ཆེན་དུ་ཐུག་དུས་ཀྱང་ཡོད་ལ་མ...
页面未初始化，正在初始化...
正在访问: http://222.19.82.141:5002/index-Final.html
初始化页面时出错: Message: tab crashed
  (Session info: chrome=143.0.7499.169)

页面初始化失败
✗ 翻译失败，跳过此行
✓ 已保存到文件: 19/4500 条

[20/4500] 翻译进度: 0.4%
藏语原文: འདི་འདྲའི་རང་ཉིད་བསྡུ་ལེན་དང་རང་གཅེས་ཀྱི་འདུ་ཤེས་ཡ...
页面未初始化，正在初始化...
正在访问: http://222.19.82.141:5002/index-Final.html
初始化页面时出错: Message: tab crashed
  (Session info: chrome=143.0.7499.169)

页面初始化失败
✗ 翻译失败，跳过此行
✓ 已保存到文件: 20/4500 条

[21/4500] 翻译进度: 0.5%
藏语原文: ངས་གཞན་ལ་རོགས་རམ་བྱེད་པའི་བརྒྱུད་རིམ་ཁྲོད་ཐོབ་བྱའང...
页面未初始化，正在初始化...
正在访问: http://222.19.82.141:5002/index-Final.html
初始化页面时出错: Message: tab crashed
  (Session info: chrome=143.0.7499.169)

页面初始化失败
✗ 翻译失败，跳过此行
✓ 已保存到文件: 21/4500 条

[22/4500] 翻译进度: 0.5%
藏语原文: རང་ཉིད་ལ་རིན་ཐང་གང་ཡང་མེད་པ་བྱས་བཞག་ངས་ཀྱང་རང་ཉིད་...
页面未初始化，正在初始化...
正在访问: http://222.19.82.141:5002/index-Final.html
初始化页面时出错: Message: tab crashed
  (Session info: chrome=143.0.7499.169)

页面初始化失败
✗ 翻译失败，跳过此行
✓ 已保存到文件: 22/4500 条

[23/4500] 翻译进度: 0.5%
藏语原文: དེ་ལ་ང་བློ་འགྱོད་ཆེན་པོ་འདུག་འོན་ཀྱང་ང་རྟག་པར་སྤོབ...
页面未初始化，正在初始化...
正在访问: http://222.19.82.141:5002/index-Final.html
初始化页面时出错: Message: tab crashed
  (Session info: chrome=143.0.7499.169)

页面初始化失败
✗ 翻译失败，跳过此行
✓ 已保存到文件: 23/4500 条

[24/4500] 翻译进度: 0.5%
藏语原文: ཁ་ལོའི་འདུག་སྟེགས་སུ་བསྡད་རྗེས་རང་ཉིད་མདུན་སྐྱོད་བ...
页面未初始化，正在初始化...
正在访问: http://222.19.82.141:5002/index-Final.html
初始化页面时出错: Message: tab crashed
  (Session info: chrome=143.0.7499.169)

页面初始化失败
✗ 翻译失败，跳过此行
✓ 已保存到文件: 24/4500 条

[25/4500] 翻译进度: 0.6%
藏语原文: རང་ཉིད་རྒྱུན་ལྡན་གྱི་ཁ་ཕྱོགས་དང་ཁ་བྲལ་འདུག་པས་ཡང་བ...
页面未初始化，正在初始化...
正在访问: http://222.19.82.141:5002/index-Final.html
初始化页面时出错: Message: tab crashed
  (Session info: chrome=143.0.7499.169)

页面初始化失败
✗ 翻译失败，跳过此行
✓ 已保存到文件: 25/4500 条

[26/4500] 翻译进度: 0.6%
藏语原文: རྣ་བར་ཉན་ཡོང་སྐབས་ཡ་མཚན་ཞིག་ཡིན་ཡང་ལྟ་ཕྱོགས་གཞན་ཞི...
页面未初始化，正在初始化...
正在访问: http://222.19.82.141:5002/index-Final.html
初始化页面时出错: Message: tab crashed
  (Session info: chrome=143.0.7499.169)

页面初始化失败
✗ 翻译失败，跳过此行
✓ 已保存到文件: 26/4500 条

[27/4500] 翻译进度: 0.6%
藏语原文: ང་རང་རྒྱུན་ལྡན་གྱི་མི་དང་མི་འདྲ་ས་ཡོད་པས་བྱིས་པ་ལྟ...
页面未初始化，正在初始化...
正在访问: http://222.19.82.141:5002/index-Final.html
初始化页面时出错: Message: tab crashed
  (Session info: chrome=143.0.7499.169)

页面初始化失败
✗ 翻译失败，跳过此行
✓ 已保存到文件: 27/4500 条

[28/4500] 翻译进度: 0.6%
藏语原文: ངས་ཁས་ལེན་དགོས་པ་ཞིག་ལ་རྒྱུན་པར་ང་ལ་བརྙས་བཅོས་དང་ཚ...
页面未初始化，正在初始化...
正在访问: http://222.19.82.141:5002/index-Final.html
初始化页面时出错: Message: tab crashed
  (Session info: chrome=143.0.7499.169)

页面初始化失败
✗ 翻译失败，跳过此行
✓ 已保存到文件: 28/4500 条

[29/4500] 翻译进度: 0.6%
藏语原文: ང་རང་དད་ཡུལ་དང་།
页面未初始化，正在初始化...
正在访问: http://222.19.82.141:5002/index-Final.html
初始化页面时出错: Message: tab crashed
  (Session info: chrome=143.0.7499.169)

页面初始化失败
✗ 翻译失败，跳过此行
✓ 已保存到文件: 29/4500 条

[30/4500] 翻译进度: 0.7%
藏语原文: ང་རང་ནར་སོན་པའི་བརྒྱུད་རིམ་ཁྲོད་ཀྱི་སྐབས་ཤིག་ལ་རང་...
页面未初始化，正在初始化...
正在访问: http://222.19.82.141:5002/index-Final.html
初始化页面时出错: Message: tab crashed
  (Session info: chrome=143.0.7499.169)

页面初始化失败
✗ 翻译失败，跳过此行
✓ 已保存到文件: 30/4500 条

[31/4500] 翻译进度: 0.7%
藏语原文: ཉིན་ཞིག་ལ་ངའི་སེམས་སུ་ཐ་ན་ང་རང་ལ་བློས་ཐུབ་ཀྱི་གྲོག...
页面未初始化，正在初始化...
正在访问: http://222.19.82.141:5002/index-Final.html
初始化页面时出错: Message: tab crashed
  (Session info: chrome=143.0.7499.169)

页面初始化失败
✗ 翻译失败，跳过此行
✓ 已保存到文件: 31/4500 条

[32/4500] 翻译进度: 0.7%
藏语原文: སྤོབས་པ་སོགས་ཀྱིས་ང་རང་ལ་སྐུལ་འདེབས་བྱས་བྱུང་།
页面未初始化，正在初始化...
正在访问: http://222.19.82.141:5002/index-Final.html
初始化页面时出错: Message: tab crashed
  (Session info: chrome=143.0.7499.169)

页面初始化失败
✗ 翻译失败，跳过此行
✓ 已保存到文件: 32/4500 条

[33/4500] 翻译进度: 0.7%
藏语原文: ང་རང་ལས་ཀར་སྤྲོ་སྣང་ཆེན་པོ་ཡོད་ལ་ང་རང་ངའི་ལས་ཀར་དག...
页面未初始化，正在初始化...
正在访问: http://222.19.82.141:5002/index-Final.html
初始化页面时出错: Message: tab crashed
  (Session info: chrome=143.0.7499.169)

页面初始化失败
✗ 翻译失败，跳过此行
✓ 已保存到文件: 33/4500 条

[34/4500] 翻译进度: 0.8%
藏语原文: ཁོ་རང་མྱི་ངན་ཞིག་ལར་ནས་མིན།
页面未初始化，正在初始化...
正在访问: http://222.19.82.141:5002/index-Final.html
初始化页面时出错: Message: tab crashed
  (Session info: chrome=143.0.7499.169)

页面初始化失败
✗ 翻译失败，跳过此行
✓ 已保存到文件: 34/4500 条

[35/4500] 翻译进度: 0.8%
藏语原文: ཕ་མ་གཉིས་བཟའ་འཐོར་བྱས་ཤིང་ང་ནི་ཆང་སྐྱལ་ཕ་རྒན་དང་མཉ...
页面未初始化，正在初始化...
正在访问: http://222.19.82.141:5002/index-Final.html
初始化页面时出错: Message: tab crashed
  (Session info: chrome=143.0.7499.169)

页面初始化失败
✗ 翻译失败，跳过此行
✓ 已保存到文件: 35/4500 条

[36/4500] 翻译进度: 0.8%
藏语原文: སེམས་ལ་སྐྱོ་སྡུག་དྲག་པོ་འདུག་ཆུང་དུས་སུ་ངས་རྒྱུན་པ...
页面未初始化，正在初始化...
正在访问: http://222.19.82.141:5002/index-Final.html
初始化页面时出错: Message: tab crashed
  (Session info: chrome=143.0.7499.169)

页面初始化失败
✗ 翻译失败，跳过此行
✓ 已保存到文件: 36/4500 条

[37/4500] 翻译进度: 0.8%
藏语原文: ཧུར་བརྩོན་བྱས་ནས་རང་ཉིད་དང་རང་ཉིད་ཀྱི་གནས་བབས་དང་ལ...
页面未初始化，正在初始化...
正在访问: http://222.19.82.141:5002/index-Final.html
初始化页面时出错: Message: tab crashed
  (Session info: chrome=143.0.7499.169)

页面初始化失败
✗ 翻译失败，跳过此行
✓ 已保存到文件: 37/4500 条

[38/4500] 翻译进度: 0.8%
藏语原文: དེའི་ཕྱིར་རང་ཉིད་འགེབས་པ་དང་ཁེར་རྐྱང་དུ་མི་འདུག་པར...
页面未初始化，正在初始化...
正在访问: http://222.19.82.141:5002/index-Final.html
初始化页面时出错: Message: tab crashed
  (Session info: chrome=143.0.7499.169)

页面初始化失败
✗ 翻译失败，跳过此行
✓ 已保存到文件: 38/4500 条

[39/4500] 翻译进度: 0.9%
藏语原文: ལྡོག་ཕྱོགས་ཀྱི་སེམས་ཁམས་ལྟ་སྐུལ་དང་དོ་དམ་བྱེད་ནུས་...
页面未初始化，正在初始化...
正在访问: http://222.19.82.141:5002/index-Final.html
初始化页面时出错: Message: tab crashed
  (Session info: chrome=143.0.7499.169)

页面初始化失败
✗ 翻译失败，跳过此行
✓ 已保存到文件: 39/4500 条

[40/4500] 翻译进度: 0.9%
藏语原文: ང་མི་གཞན་གྱི་འཆལ་གཏམ་ལ་ཡིད་ཆེས་བྱས་ཤིང་སེམས་སུ་ང་ན...
页面未初始化，正在初始化...
正在访问: http://222.19.82.141:5002/index-Final.html
初始化页面时出错: Message: tab crashed
  (Session info: chrome=143.0.7499.169)

页面初始化失败
✗ 翻译失败，跳过此行
✓ 已保存到文件: 40/4500 条

[41/4500] 翻译进度: 0.9%
藏语原文: མ་མཐའ་ཡང་ང་ལ་གནོད་པ་ཐེབས་པའི་བྱ་བར་འགྱོད་པ་སྐྱེ་འད...
页面未初始化，正在初始化...
正在访问: http://222.19.82.141:5002/index-Final.html
初始化页面时出错: Message: tab crashed
  (Session info: chrome=143.0.7499.169)

页面初始化失败
✗ 翻译失败，跳过此行
✓ 已保存到文件: 41/4500 条

[42/4500] 翻译进度: 0.9%
藏语原文: ད་དུང་རྒྱལ་ཁབ་སོ་སོ་ནས་ན་གཞོན་ཚོའི་བརྒྱུད་རིམ་སོགས...
页面未初始化，正在初始化...
正在访问: http://222.19.82.141:5002/index-Final.html
初始化页面时出错: Message: tab crashed
  (Session info: chrome=143.0.7499.169)

页面初始化失败
✗ 翻译失败，跳过此行
✓ 已保存到文件: 42/4500 条

[43/4500] 翻译进度: 1.0%
藏语原文: འོན་ཀྱང་ཆག་སྒོ་མགོ་ཐོག་ཏུ་སླེབས་པ་ཡིན་ཚེ་ལན་ལྡོན་ཚ...
页面未初始化，正在初始化...
正在访问: http://222.19.82.141:5002/index-Final.html
初始化页面时出错: Message: tab crashed
  (Session info: chrome=143.0.7499.169)

页面初始化失败
✗ 翻译失败，跳过此行
✓ 已保存到文件: 43/4500 条

[44/4500] 翻译进度: 1.0%
藏语原文: ཅསུ་ཡང་རངྒ་རྗེསུ་དཔག་པས་འགལ་བ་གདོན་མི་ཟ་བར་བརྗོད་པ...
页面未初始化，正在初始化...
正在访问: http://222.19.82.141:5002/index-Final.html
初始化页面时出错: Message: tab crashed
  (Session info: chrome=143.0.7499.169)

页面初始化失败
✗ 翻译失败，跳过此行
✓ 已保存到文件: 44/4500 条

[45/4500] 翻译进度: 1.0%
藏语原文: མུན་པའང་རང་དང་གཞན་གྱིས་དངོས།
页面未初始化，正在初始化...
正在访问: http://222.19.82.141:5002/index-Final.html
初始化页面时出错: Message: tab crashed
  (Session info: chrome=143.0.7499.169)

页面初始化失败
✗ 翻译失败，跳过此行
✓ 已保存到文件: 45/4500 条

[46/4500] 翻译进度: 1.0%
藏语原文: ཉེས་པ་རྣམས་ཀྱི་ཐེག་མའི་མཐའ་ཡང་རང་བཞིན་གྱིས་དབེན་པར...
页面未初始化，正在初始化...
正在访问: http://222.19.82.141:5002/index-Final.html
初始化页面时出错: Message: tab crashed
  (Session info: chrome=143.0.7499.169)

页面初始化失败
✗ 翻译失败，跳过此行
✓ 已保存到文件: 46/4500 条

[47/4500] 翻译进度: 1.0%
藏语原文: དངོས་པོ་རང་བཞིན་གྱིས་གྲུབ་པ་བཀག་ཀྱང་རང་བཞིན་གྱིས་ག...
页面未初始化，正在初始化...
正在访问: http://222.19.82.141:5002/index-Final.html
初始化页面时出错: Message: tab crashed
  (Session info: chrome=143.0.7499.169)

页面初始化失败
✗ 翻译失败，跳过此行
✓ 已保存到文件: 47/4500 条

[48/4500] 翻译进度: 1.1%
藏语原文: དེ་ལྟཞུའི་སྒྲུབ་བྱེད་ཁས་ལེན་ཀྱང་རང་རྒྱུད་ཀྱི་རྟགས་...
页面未初始化，正在初始化...
正在访问: http://222.19.82.141:5002/index-Final.html
初始化页面时出错: Message: tab crashed
  (Session info: chrome=143.0.7499.169)

页面初始化失败
✗ 翻译失败，跳过此行
✓ 已保存到文件: 48/4500 条

[49/4500] 翻译进度: 1.1%
藏语原文: རྟོལ་རྟོལ་པོར་འདུག་པ་ནི་ཞོལ་ཞོལ་པོ་ཡནི་ནོ།
页面未初始化，正在初始化...
正在访问: http://222.19.82.141:5002/index-Final.html
初始化页面时出错: Message: tab crashed
  (Session info: chrome=143.0.7499.169)

页面初始化失败
✗ 翻译失败，跳过此行
✓ 已保存到文件: 49/4500 条

[50/4500] 翻译进度: 1.1%
藏语原文: གཅེར་བུར་འདུག་པ་དང་།
页面未初始化，正在初始化...
正在访问: http://222.19.82.141:5002/index-Final.html
初始化页面时出错: Message: tab crashed
  (Session info: chrome=143.0.7499.169)

页面初始化失败
✗ 翻译失败，跳过此行
✓ 已保存到文件: 50/4500 条

[51/4500] 翻译进度: 1.1%
藏语原文: ད་ལྟར་དེ་དང་འབྲལ་བར་མི་འདོད་པ་ནི་ལྷག་པར་ཞེན་ནས་འདུ...
页面未初始化，正在初始化...
正在访问: http://222.19.82.141:5002/index-Final.html
初始化页面时出错: Message: tab crashed
  (Session info: chrome=143.0.7499.169)

页面初始化失败
✗ 翻译失败，跳过此行
✓ 已保存到文件: 51/4500 条

[52/4500] 翻译进度: 1.2%
藏语原文: དྲང་པོར་འདུག་ལ་ཡང་དག་ལྟོར།
页面未初始化，正在初始化...
正在访问: http://222.19.82.141:5002/index-Final.html
初始化页面时出错: Message: tab crashed
  (Session info: chrome=143.0.7499.169)

页面初始化失败
✗ 翻译失败，跳过此行
✓ 已保存到文件: 52/4500 条

[53/4500] 翻译进度: 1.2%
藏语原文: དེ་ནས་ཁྲུས་བྱས་སྟན་ལ་འདུག།
页面未初始化，正在初始化...
正在访问: http://222.19.82.141:5002/index-Final.html
初始化页面时出错: Message: tab crashed
  (Session info: chrome=143.0.7499.169)

页面初始化失败
✗ 翻译失败，跳过此行
✓ 已保存到文件: 53/4500 条

[54/4500] 翻译进度: 1.2%
藏语原文: འཁོར་དང་འདུག་ཀྱང་རུང་སྟེ།
页面未初始化，正在初始化...
正在访问: http://222.19.82.141:5002/index-Final.html
初始化页面时出错: Message: tab crashed
  (Session info: chrome=143.0.7499.169)

页面初始化失败
✗ 翻译失败，跳过此行
✓ 已保存到文件: 54/4500 条

[55/4500] 翻译进度: 1.2%
藏语原文: ཇི་ལྟར་འདུག་པ་དེ་བཞིན་དུ་ཚེའི་འདུ་བྱེདའ་དོ་བར་འགྱུ...
页面未初始化，正在初始化...
正在访问: http://222.19.82.141:5002/index-Final.html
初始化页面时出错: Message: tab crashed
  (Session info: chrome=143.0.7499.169)

页面初始化失败
✗ 翻译失败，跳过此行
✓ 已保存到文件: 55/4500 条

[56/4500] 翻译进度: 1.2%
藏语原文: དེའང་ཁྱེད་རང་རྣམས་རྙེད་པར་དཀའ་བའི་དལ་བ་བརྒྱད་དང་འབ...
页面未初始化，正在初始化...
正在访问: http://222.19.82.141:5002/index-Final.html
初始化页面时出错: Message: tab crashed
  (Session info: chrome=143.0.7499.169)

页面初始化失败
✗ 翻译失败，跳过此行
✓ 已保存到文件: 56/4500 条

[57/4500] 翻译进度: 1.3%
藏语原文: ཁྱེད་རང་རྣམས་དཀྱིལ་འཁོར་གྱི་ཤར་གྱི་སྒོ་ནང་དུ་གནས་པ...
页面未初始化，正在初始化...
正在访问: http://222.19.82.141:5002/index-Final.html
初始化页面时出错: Message: tab crashed
  (Session info: chrome=143.0.7499.169)

页面初始化失败
✗ 翻译失败，跳过此行
✓ 已保存到文件: 57/4500 条

[58/4500] 翻译进度: 1.3%
藏语原文: དབུ་རྒྱན་འདི་དང་ཐ་དད་མེད་པར་རིན་ཆེན་འབྱུང་ལྡན་གྱི་...
页面未初始化，正在初始化...
正在访问: http://222.19.82.141:5002/index-Final.html
初始化页面时出错: Message: tab crashed
  (Session info: chrome=143.0.7499.169)

页面初始化失败
✗ 翻译失败，跳过此行
✓ 已保存到文件: 58/4500 条

[59/4500] 翻译进度: 1.3%
藏语原文: དོན་དམ་པར་ནི་དཀྱིལ་འཁོར་ལ་སོགས་པ་རྣམས་ཀྱང་རང་བཞིན་...
页面未初始化，正在初始化...
正在访问: http://222.19.82.141:5002/index-Final.html
初始化页面时出错: Message: tab crashed
  (Session info: chrome=143.0.7499.169)

页面初始化失败
✗ 翻译失败，跳过此行
✓ 已保存到文件: 59/4500 条

[60/4500] 翻译进度: 1.3%
藏语原文: ལུས་ཙོག་པུར་འདུག་ལ་ལག་པ་གཉིས་རྗེ་ངར་ལ་འཁྱུད་དེ།
页面未初始化，正在初始化...
正在访问: http://222.19.82.141:5002/index-Final.html
初始化页面时出错: Message: tab crashed
  (Session info: chrome=143.0.7499.169)

页面初始化失败
✗ 翻译失败，跳过此行
✓ 已保存到文件: 60/4500 条

[61/4500] 翻译进度: 1.4%
藏语原文: ཤེས་པ་རང་ལུགས་སུ་ལྷོད་ཀྱིས་གློད་ལ་བཞག་དེ་ལས་སྐྱོ་ན...
页面未初始化，正在初始化...
正在访问: http://222.19.82.141:5002/index-Final.html
初始化页面时出错: Message: tab crashed
  (Session info: chrome=143.0.7499.169)

页面初始化失败
✗ 翻译失败，跳过此行
✓ 已保存到文件: 61/4500 条

[62/4500] 翻译进度: 1.4%
藏语原文: དེ་རྣམས་ལ་ཉམ་ང་བ་བག་ཚ་བ་མི་འདུག་ན་རྨི་ལམ་ཟིན་པའོ།
页面未初始化，正在初始化...
正在访问: http://222.19.82.141:5002/index-Final.html
初始化页面时出错: Message: tab crashed
  (Session info: chrome=143.0.7499.169)

页面初始化失败
✗ 翻译失败，跳过此行
✓ 已保存到文件: 62/4500 条

[63/4500] 翻译进度: 1.4%
藏语原文: རྨི་ལམ་ཡང་མེད་བཞིན་དུ་སྣང་བའི་འཁྲུལ་སྣང་དུ་འདུག་སྒ...
页面未初始化，正在初始化...
正在访问: http://222.19.82.141:5002/index-Final.html
初始化页面时出错: Message: tab crashed
  (Session info: chrome=143.0.7499.169)

页面初始化失败
✗ 翻译失败，跳过此行
✓ 已保存到文件: 63/4500 条

[64/4500] 翻译进度: 1.4%
藏语原文: འཆི་ཁར་ཡང་ད་ལྟ་འདུག་པ་མི་ཡུལ་ན་ཡི་དམ་དེར་སྐར་མདའ་འ...
页面未初始化，正在初始化...
正在访问: http://222.19.82.141:5002/index-Final.html
初始化页面时出错: Message: tab crashed
  (Session info: chrome=143.0.7499.169)

页面初始化失败
✗ 翻译失败，跳过此行
✓ 已保存到文件: 64/4500 条

[65/4500] 翻译进度: 1.4%
藏语原文: སྣང་བ་མཆེད་པ་ལ་ཐིམ་ཙ་ན་འདོད་ཆགས་ལས་གྱུར་པའི་རྟོགས་...
页面未初始化，正在初始化...
正在访问: http://222.19.82.141:5002/index-Final.html
初始化页面时出错: Message: tab crashed
  (Session info: chrome=143.0.7499.169)

页面初始化失败
✗ 翻译失败，跳过此行
✓ 已保存到文件: 65/4500 条

[66/4500] 翻译进度: 1.5%
藏语原文: མཆེད་པ་ཐོབ་པ་ལ་ཐིམ་ཙ་ན་རིག་པ་སྐད་ཅིག་མ་བདུན་འགགས་ཏ...
页面未初始化，正在初始化...
正在访问: http://222.19.82.141:5002/index-Final.html
初始化页面时出错: Message: tab crashed
  (Session info: chrome=143.0.7499.169)

页面初始化失败
✗ 翻译失败，跳过此行
✓ 已保存到文件: 66/4500 条

[67/4500] 翻译进度: 1.5%
藏语原文: དེ་ལ་ལར་འཆི་ལྟས་མ་བྱུང་བར་འཆི་བ་འདུག་གོ་ཅེ་ན་མ་ཡིན...
页面未初始化，正在初始化...
正在访问: http://222.19.82.141:5002/index-Final.html
初始化页面时出错: Message: tab crashed
  (Session info: chrome=143.0.7499.169)

页面初始化失败
✗ 翻译失败，跳过此行
✓ 已保存到文件: 67/4500 条

[68/4500] 翻译进度: 1.5%
藏语原文: དོན་མེད་པར་སྨྲེ་སྔགས་འདོན་ཞིང་འདུག་ན་ཡང་ཟླ་བ་ཕྱེད་...
页面未初始化，正在初始化...
正在访问: http://222.19.82.141:5002/index-Final.html
初始化页面时出错: Message: tab crashed
  (Session info: chrome=143.0.7499.169)

页面初始化失败
✗ 翻译失败，跳过此行
✓ 已保存到文件: 68/4500 条

[69/4500] 翻译进度: 1.5%
藏语原文: རྐང་ལག་ལ་དེ་ལྟར་འདུག་པ་དང་།
页面未初始化，正在初始化...
正在访问: http://222.19.82.141:5002/index-Final.html
初始化页面时出错: Message: tab crashed
  (Session info: chrome=143.0.7499.169)

页面初始化失败
✗ 翻译失败，跳过此行
✓ 已保存到文件: 69/4500 条

[70/4500] 翻译进度: 1.6%
藏语原文: གང་ཞིག་འགྲོ་བའི་དུས་སུ་རྐང་སྟབས་དང་ལག་སྟབས་དང་སྐྱུ...
页面未初始化，正在初始化...
正在访问: http://222.19.82.141:5002/index-Final.html
初始化页面时出错: Message: tab crashed
  (Session info: chrome=143.0.7499.169)

页面初始化失败
✗ 翻译失败，跳过此行
✓ 已保存到文件: 70/4500 条

[71/4500] 翻译进度: 1.6%
藏语原文: ནག་པོའི་ནང་ནས་དཀར་པོ་འདུག་ན་བླངས་ལ་མར་དང་བསྲེས་ལ།
页面未初始化，正在初始化...
正在访问: http://222.19.82.141:5002/index-Final.html
初始化页面时出错: Message: tab crashed
  (Session info: chrome=143.0.7499.169)

页面初始化失败
✗ 翻译失败，跳过此行
✓ 已保存到文件: 71/4500 条

[72/4500] 翻译进度: 1.6%
藏语原文: རྗེ་བཙུན་ལ་ཀླུ་དཀར་མའི་བུར་འདུག་བློ་རྣོ་ཚེ་ཐུང་།
页面未初始化，正在初始化...
正在访问: http://222.19.82.141:5002/index-Final.html
初始化页面时出错: Message: tab crashed
  (Session info: chrome=143.0.7499.169)

页面初始化失败
✗ 翻译失败，跳过此行
✓ 已保存到文件: 72/4500 条

[73/4500] 翻译进度: 1.6%
藏语原文: འདུག་པ་དང་།
页面未初始化，正在初始化...
正在访问: http://222.19.82.141:5002/index-Final.html
初始化页面时出错: Message: tab crashed
  (Session info: chrome=143.0.7499.169)

页面初始化失败
✗ 翻译失败，跳过此行
✓ 已保存到文件: 73/4500 条

[74/4500] 翻译进度: 1.6%
藏语原文: ཁང་སྟོང་ན་འདུག་ཀྱང་རུང་།
页面未初始化，正在初始化...
正在访问: http://222.19.82.141:5002/index-Final.html
初始化页面时出错: Message: tab crashed
  (Session info: chrome=143.0.7499.169)

页面初始化失败
✗ 翻译失败，跳过此行
✓ 已保存到文件: 74/4500 条

[75/4500] 翻译进度: 1.7%
藏语原文: གང་ཟག་དུས་ཐག་ཉེ་བས་མྱ་ངན་ལས་འའི་བུ་ཐག་ཉེ་བ་ཡུདྡཡོད...
页面未初始化，正在初始化...
正在访问: http://222.19.82.141:5002/index-Final.html
初始化页面时出错: Message: tab crashed
  (Session info: chrome=143.0.7499.169)

页面初始化失败
✗ 翻译失败，跳过此行
✓ 已保存到文件: 75/4500 条

[76/4500] 翻译进度: 1.7%
藏语原文: བསླབ་པའི་གཞི་གང་རང་བཞིའི་ཐོས་དང་།
页面未初始化，正在初始化...
正在访问: http://222.19.82.141:5002/index-Final.html
初始化页面时出错: Message: tab crashed
  (Session info: chrome=143.0.7499.169)

页面初始化失败
✗ 翻译失败，跳过此行
✓ 已保存到文件: 76/4500 条

[77/4500] 翻译进度: 1.7%
藏语原文: འདུག་པ་ནི་གང་།
页面未初始化，正在初始化...
正在访问: http://222.19.82.141:5002/index-Final.html
初始化页面时出错: Message: tab crashed
  (Session info: chrome=143.0.7499.169)

页面初始化失败
✗ 翻译失败，跳过此行
✓ 已保存到文件: 77/4500 条

[78/4500] 翻译进度: 1.7%
藏语原文: འདུག་པ་དང་།
页面未初始化，正在初始化...
正在访问: http://222.19.82.141:5002/index-Final.html
初始化页面时出错: Message: tab crashed
  (Session info: chrome=143.0.7499.169)

页面初始化失败
✗ 翻译失败，跳过此行
✓ 已保存到文件: 78/4500 条

[79/4500] 翻译进度: 1.8%
藏语原文: འདུག་པ་དང་།
页面未初始化，正在初始化...
正在访问: http://222.19.82.141:5002/index-Final.html
初始化页面时出错: Message: tab crashed
  (Session info: chrome=143.0.7499.169)

页面初始化失败
✗ 翻译失败，跳过此行
✓ 已保存到文件: 79/4500 条

[80/4500] 翻译进度: 1.8%
藏语原文: མ་བསྒོ་བར་སྟན་ལ་འདུག་པར་མི་བྱ་བ་དང་།
页面未初始化，正在初始化...
正在访问: http://222.19.82.141:5002/index-Final.html
初始化页面时出错: Message: tab crashed
  (Session info: chrome=143.0.7499.169)

页面初始化失败
✗ 翻译失败，跳过此行
✓ 已保存到文件: 80/4500 条

[81/4500] 翻译进度: 1.8%
藏语原文: འདུག་པ་དང་།
页面未初始化，正在初始化...
正在访问: http://222.19.82.141:5002/index-Final.html
初始化页面时出错: Message: tab crashed
  (Session info: chrome=143.0.7499.169)

页面初始化失败
✗ 翻译失败，跳过此行
✓ 已保存到文件: 81/4500 条

[82/4500] 翻译进度: 1.8%
藏语原文: ཟས་ཀྱི་ཕྱིར་འདུག་ནས།
页面未初始化，正在初始化...
正在访问: http://222.19.82.141:5002/index-Final.html
初始化页面时出错: Message: tab crashed
  (Session info: chrome=143.0.7499.169)

页面初始化失败
✗ 翻译失败，跳过此行
✓ 已保存到文件: 82/4500 条

[83/4500] 翻译进度: 1.8%
藏语原文: གང་ཟག་དུས་ཀྱི་རྣལ་པར་གྲོལ་བ་གང་ཞེན།
页面未初始化，正在初始化...
正在访问: http://222.19.82.141:5002/index-Final.html
初始化页面时出错: Message: tab crashed
  (Session info: chrome=143.0.7499.169)

页面初始化失败
✗ 翻译失败，跳过此行
✓ 已保存到文件: 83/4500 条

[84/4500] 翻译进度: 1.9%
藏语原文: སྐྱོན་མེད་པ་ལ་འདུག་པར་འགྱུར་གྱི།
页面未初始化，正在初始化...
正在访问: http://222.19.82.141:5002/index-Final.html
初始化页面时出错: Message: tab crashed
  (Session info: chrome=143.0.7499.169)

页面初始化失败
✗ 翻译失败，跳过此行
✓ 已保存到文件: 84/4500 条

[85/4500] 翻译进度: 1.9%
藏语原文: དེ་ལ་རྒྱབ་དང་མདུན་གྱི་འདུགེསཞེས་བྱ་བ་ནི་འདི་ལྟསྟེ།
页面未初始化，正在初始化...
正在访问: http://222.19.82.141:5002/index-Final.html
初始化页面时出错: Message: tab crashed
  (Session info: chrome=143.0.7499.169)

页面初始化失败
✗ 翻译失败，跳过此行
✓ 已保存到文件: 85/4500 条

[86/4500] 翻译进度: 1.9%
藏语原文: འདུག་པསཉལ་བ་ལསོ་སོར་རྟོག་པ་དང་།
页面未初始化，正在初始化...
正在访问: http://222.19.82.141:5002/index-Final.html
初始化页面时出错: Message: tab crashed
  (Session info: chrome=143.0.7499.169)

页面初始化失败
✗ 翻译失败，跳过此行
✓ 已保存到文件: 86/4500 条

[87/4500] 翻译进度: 1.9%
藏语原文: དེ་ལ་འགྲེང་བས་འདུག་པ་ལསོ་སོར་རྟོག་པར་བྱེད་པ་ཞེས་གང...
页面未初始化，正在初始化...
正在访问: http://222.19.82.141:5002/index-Final.html
初始化页面时出错: Message: tab crashed
  (Session info: chrome=143.0.7499.169)

页面初始化失败
✗ 翻译失败，跳过此行
✓ 已保存到文件: 87/4500 条

[88/4500] 翻译进度: 2.0%
藏语原文: ཤིང་དྲུང་ན་འདུག་ཀྱངོ་ང་།
页面未初始化，正在初始化...
正在访问: http://222.19.82.141:5002/index-Final.html
初始化页面时出错: Message: tab crashed
  (Session info: chrome=143.0.7499.169)

页面初始化失败
✗ 翻译失败，跳过此行
✓ 已保存到文件: 88/4500 条

[89/4500] 翻译进度: 2.0%
藏语原文: ཁང་སྟོང་ན་འདུག་ཀྱང་རུང་སྟེ།
页面未初始化，正在初始化...
正在访问: http://222.19.82.141:5002/index-Final.html
初始化页面时出错: Message: tab crashed
  (Session info: chrome=143.0.7499.169)

页面初始化失败
✗ 翻译失败，跳过此行
✓ 已保存到文件: 89/4500 条

[90/4500] 翻译进度: 2.0%
藏语原文: ཉན་ཐོས་དང་རངས་སོ་རྒྱུས་ཀྱི་རིགས་ཅན་ནི་དེ་ལྟ་མ་ཡིན་...
页面未初始化，正在初始化...
正在访问: http://222.19.82.141:5002/index-Final.html
初始化页面时出错: Message: tab crashed
  (Session info: chrome=143.0.7499.169)

页面初始化失败
✗ 翻译失败，跳过此行
✓ 已保存到文件: 90/4500 条

[91/4500] 翻译进度: 2.0%
藏语原文: ཁྱིམ་གྱིས་སྟོང་པར་འདུག་ཀྱང་རུང་སྟེ།
页面未初始化，正在初始化...
正在访问: http://222.19.82.141:5002/index-Final.html
初始化页面时出错: Message: tab crashed
  (Session info: chrome=143.0.7499.169)

页面初始化失败
✗ 翻译失败，跳过此行
✓ 已保存到文件: 91/4500 条

[92/4500] 翻译进度: 2.0%
藏语原文: འདུག་པ་དང་།
页面未初始化，正在初始化...
正在访问: http://222.19.82.141:5002/index-Final.html
初始化页面时出错: Message: tab crashed
  (Session info: chrome=143.0.7499.169)

页面初始化失败
✗ 翻译失败，跳过此行
✓ 已保存到文件: 92/4500 条

[93/4500] 翻译进度: 2.1%
藏语原文: རང་རང་ངོ་བོས་སྟོང་ཕྱིར་རོ།
页面未初始化，正在初始化...
正在访问: http://222.19.82.141:5002/index-Final.html
初始化页面时出错: Message: tab crashed
  (Session info: chrome=143.0.7499.169)

页面初始化失败
✗ 翻译失败，跳过此行
✓ 已保存到文件: 93/4500 条

[94/4500] 翻译进度: 2.1%
藏语原文: སྔར་གྱི་གསུམ་སྟེང་རང་རང་དང་བཞི་ལྡན་ནོ།
页面未初始化，正在初始化...
正在访问: http://222.19.82.141:5002/index-Final.html
初始化页面时出错: Message: tab crashed
  (Session info: chrome=143.0.7499.169)

页面初始化失败
✗ 翻译失败，跳过此行
✓ 已保存到文件: 94/4500 条

[95/4500] 翻译进度: 2.1%
藏语原文: ཡིད་བདེ་དང་ལྡན་ན་གོང་གསུམ་ལུས་དང་རང་བཅས་ལྔ་ལྡན་ནོ།
页面未初始化，正在初始化...
正在访问: http://222.19.82.141:5002/index-Final.html
初始化页面时出错: Message: tab crashed
  (Session info: chrome=143.0.7499.169)

页面初始化失败
✗ 翻译失败，跳过此行
✓ 已保存到文件: 95/4500 条

[96/4500] 翻译进度: 2.1%
藏语原文: ཡིད་མི་བདེ་བ་ལ་ཡང་གོང་བདུན་སྟེང་རང་བསྣན་ཏེ་བརྒྱད།
页面未初始化，正在初始化...
正在访问: http://222.19.82.141:5002/index-Final.html
初始化页面时出错: Message: tab crashed
  (Session info: chrome=143.0.7499.169)

页面初始化失败
✗ 翻译失败，跳过此行
✓ 已保存到文件: 96/4500 条

[97/4500] 翻译进度: 2.2%
藏语原文: ཟག་མེད་དགུ་དང་སྲོག་དང་རང་བཅས་བཅུ་གཅིག་ལྡན་ནོ།
页面未初始化，正在初始化...
正在访问: http://222.19.82.141:5002/index-Final.html
初始化页面时出错: Message: tab crashed
  (Session info: chrome=143.0.7499.169)

页面初始化失败
✗ 翻译失败，跳过此行
✓ 已保存到文件: 97/4500 条

[98/4500] 翻译进度: 2.2%
藏语原文: ཁོང་ཁྲོས་སེམས་བཏང་སྙོམས་སུ་འདུག་པ་ལ་བསྒྲིབ་ཅིང་།
页面未初始化，正在初始化...
正在访问: http://222.19.82.141:5002/index-Final.html
初始化页面时出错: Message: tab crashed
  (Session info: chrome=143.0.7499.169)

页面初始化失败
✗ 翻译失败，跳过此行
✓ 已保存到文件: 98/4500 条

[99/4500] 翻译进度: 2.2%
藏语原文: དེ་ཡང་རང་ལམ་གྱི་རྡོ་རྗེ་ལྟ་བུའི་ཏིང་ངེ་འཛིན་ལ་བརྟེ...
页面未初始化，正在初始化...
正在访问: http://222.19.82.141:5002/index-Final.html
初始化页面时出错: Message: tab crashed
  (Session info: chrome=143.0.7499.169)

页面初始化失败
✗ 翻译失败，跳过此行
✓ 已保存到文件: 99/4500 条

[100/4500] 翻译进度: 2.2%
藏语原文: ངོ་བོ་ནི་དད་པ་སོགས་ལྔ་པོ་རང་རང་ངོ།
页面未初始化，正在初始化...
正在访问: http://222.19.82.141:5002/index-Final.html
初始化页面时出错: Message: tab crashed
  (Session info: chrome=143.0.7499.169)

页面初始化失败
✗ 翻译失败，跳过此行
✓ 已保存到文件: 100/4500 条

[101/4500] 翻译进度: 2.2%
藏语原文: གཟུངས་དེ་ཐོབ་པའི་བྱང་སེམས་དེ་ཉིད་འཁོར་གྱི་ནང་དུ་པད...
页面未初始化，正在初始化...
正在访问: http://222.19.82.141:5002/index-Final.html
初始化页面时出错: Message: tab crashed
  (Session info: chrome=143.0.7499.169)

页面初始化失败
✗ 翻译失败，跳过此行
✓ 已保存到文件: 101/4500 条

[102/4500] 翻译进度: 2.3%
藏语原文: སྲིད་པ་ཇི་སྲིད་དུ་ཕྱོགས་དུས་ཀྱི་འགྲོ་བ་རྣམས་ལ་ཕན་བ...
页面未初始化，正在初始化...
正在访问: http://222.19.82.141:5002/index-Final.html
初始化页面时出错: Message: tab crashed
  (Session info: chrome=143.0.7499.169)

页面初始化失败
✗ 翻译失败，跳过此行
✓ 已保存到文件: 102/4500 条

[103/4500] 翻译进度: 2.3%
藏语原文: དེ་ཅིའི་ཕྱིར་ན་སེམས་དང་རྗེས་འཇུག་དེ་དག་དུས་སྔ་ཕྱི་...
页面未初始化，正在初始化...
正在访问: http://222.19.82.141:5002/index-Final.html
初始化页面时出错: Message: tab crashed
  (Session info: chrome=143.0.7499.169)

页面初始化失败
✗ 翻译失败，跳过此行
✓ 已保存到文件: 103/4500 条

[104/4500] 翻译进度: 2.3%
藏语原文: བློ་ལྡན་རྣམས་ཀྱིས་དེ་བཞིན་ཉིད་ཤེས་ཤིང་གོམས་པའི་སྟོ...
页面未初始化，正在初始化...
正在访问: http://222.19.82.141:5002/index-Final.html
初始化页面时出错: Message: tab crashed
  (Session info: chrome=143.0.7499.169)

页面初始化失败
✗ 翻译失败，跳过此行
✓ 已保存到文件: 104/4500 条

[105/4500] 翻译进度: 2.3%
藏语原文: དེ་ཡང་རང་གྲུབ་པའི་དུས་ལས་སྐད་ཅིག་གཉིས་པར་མི་གནས་པར...
页面未初始化，正在初始化...
正在访问: http://222.19.82.141:5002/index-Final.html
初始化页面时出错: Message: tab crashed
  (Session info: chrome=143.0.7499.169)

页面初始化失败
✗ 翻译失败，跳过此行
✓ 已保存到文件: 105/4500 条

[106/4500] 翻译进度: 2.4%
藏语原文: བསྐལ་པར་གནས་པའི་དངོས་པོ་རྣམས་ཀྱང་ལོ་ཟླ་ཞག་དུས་ནས་ས...
页面未初始化，正在初始化...
正在访问: http://222.19.82.141:5002/index-Final.html
初始化页面时出错: Message: tab crashed
  (Session info: chrome=143.0.7499.169)

页面初始化失败
✗ 翻译失败，跳过此行
✓ 已保存到文件: 106/4500 条

[107/4500] 翻译进度: 2.4%
藏语原文: རྟོགས་བྱའི་མཆོག་དུས་གསུམ་གྱི་རྒྱལ་བ་སྲས་དང་བཅས་པའི...
页面未初始化，正在初始化...
正在访问: http://222.19.82.141:5002/index-Final.html
初始化页面时出错: Message: tab crashed
  (Session info: chrome=143.0.7499.169)

页面初始化失败
✗ 翻译失败，跳过此行
✓ 已保存到文件: 107/4500 条

[108/4500] 翻译进度: 2.4%
藏语原文: བརྗོད་ཚུལ་ཀྱང་རང་བཞིན་ནམ།
页面未初始化，正在初始化...
正在访问: http://222.19.82.141:5002/index-Final.html
初始化页面时出错: Message: tab crashed
  (Session info: chrome=143.0.7499.169)

页面初始化失败
✗ 翻译失败，跳过此行
✓ 已保存到文件: 108/4500 条

[109/4500] 翻译进度: 2.4%
藏语原文: རྒྱུན་རིང་དུ་བསྡད་པས་ད་ལྟ་ཡང་གསལ་པོ་དྲན་གྱི་འདུག།
页面未初始化，正在初始化...
正在访问: http://222.19.82.141:5002/index-Final.html
初始化页面时出错: Message: tab crashed
  (Session info: chrome=143.0.7499.169)

页面初始化失败
✗ 翻译失败，跳过此行
✓ 已保存到文件: 109/4500 条

[110/4500] 翻译进度: 2.4%
藏语原文: སྲན་མ་འབྲུ་དགུ་འདུག་པ་ཟོས་པས།
页面未初始化，正在初始化...
正在访问: http://222.19.82.141:5002/index-Final.html
初始化页面时出错: Message: tab crashed
  (Session info: chrome=143.0.7499.169)

页面初始化失败
✗ 翻译失败，跳过此行
✓ 已保存到文件: 110/4500 条

[111/4500] 翻译进度: 2.5%
藏语原文: ཤེས་རབ་དང་ལྡན་པ་ཅིག་འདུག་ཅེས་བསྔགས་པ་ཡང་ཡང་གནང་ཞིང...
页面未初始化，正在初始化...
正在访问: http://222.19.82.141:5002/index-Final.html
初始化页面时出错: Message: tab crashed
  (Session info: chrome=143.0.7499.169)

页面初始化失败
✗ 翻译失败，跳过此行
✓ 已保存到文件: 111/4500 条

[112/4500] 翻译进度: 2.5%
藏语原文: བརྒྱུད་པའི་ཕྱག་བཞེས་ཀྱི་སྲོལ་མི་འདུག་པ་མ་གཏོགས་དྲི...
页面未初始化，正在初始化...
正在访问: http://222.19.82.141:5002/index-Final.html
初始化页面时出错: Message: tab crashed
  (Session info: chrome=143.0.7499.169)

页面初始化失败
✗ 翻译失败，跳过此行
✓ 已保存到文件: 112/4500 条

[113/4500] 翻译进度: 2.5%
藏语原文: སྤུན་ཟླ་ཐ་ན་བྲན་ཁོལ་ཚུན་གྱིའང་བློ་ལ་ཚིག་དེ་འཇགས་འད...
页面未初始化，正在初始化...
正在访问: http://222.19.82.141:5002/index-Final.html
初始化页面时出错: Message: tab crashed
  (Session info: chrome=143.0.7499.169)

页面初始化失败
✗ 翻译失败，跳过此行
✓ 已保存到文件: 113/4500 条

[114/4500] 翻译进度: 2.5%
藏语原文: ཁྱེད་ཤེས་རབ་ཆེ་ཞིང་ཐུགས་བག་ཆགས་བསད་པ་ཅིག་འདུག་པས།
页面未初始化，正在初始化...
正在访问: http://222.19.82.141:5002/index-Final.html
初始化页面时出错: Message: tab crashed
  (Session info: chrome=143.0.7499.169)

页面初始化失败
✗ 翻译失败，跳过此行
✓ 已保存到文件: 114/4500 条

[115/4500] 翻译进度: 2.6%
藏语原文: བར་ཆད་ཀྱི་སྒོ་ཆེ་བར་འདུག་པས།
页面未初始化，正在初始化...
正在访问: http://222.19.82.141:5002/index-Final.html
初始化页面时出错: Message: tab crashed
  (Session info: chrome=143.0.7499.169)

页面初始化失败
✗ 翻译失败，跳过此行
✓ 已保存到文件: 115/4500 条

[116/4500] 翻译进度: 2.6%
藏语原文: གཙང་ཞིང་མ་འདྲེས་པར་གཞུང་ཆེན་འདི་རྣམས་ཐོགས་མེད་དུ་ཐ...
页面未初始化，正在初始化...
正在访问: http://222.19.82.141:5002/index-Final.html
初始化页面时出错: Message: tab crashed
  (Session info: chrome=143.0.7499.169)

页面初始化失败
✗ 翻译失败，跳过此行
✓ 已保存到文件: 116/4500 条

[117/4500] 翻译进度: 2.6%
藏语原文: ཕྱིས་རི་ཞིང་ན་དེ་དུས་ཀྱི་ཕྱག་དཔེ་དངོས་མཐོང་བས་ཇི་ལ...
页面未初始化，正在初始化...
正在访问: http://222.19.82.141:5002/index-Final.html
初始化页面时出错: Message: tab crashed
  (Session info: chrome=143.0.7499.169)

页面初始化失败
✗ 翻译失败，跳过此行
✓ 已保存到文件: 117/4500 条

[118/4500] 翻译进度: 2.6%
藏语原文: ཨ་ཇོ་ལ་འབྲུམ་བུས་བཏབ།
页面未初始化，正在初始化...
正在访问: http://222.19.82.141:5002/index-Final.html
初始化页面时出错: Message: tab crashed
  (Session info: chrome=143.0.7499.169)

页面初始化失败
✗ 翻译失败，跳过此行
✓ 已保存到文件: 118/4500 条

[119/4500] 翻译进度: 2.6%
藏语原文: ཨ་ཇོས་སྣ་གྲངས་བཅུ་དགུ་གུམ།
页面未初始化，正在初始化...
正在访问: http://222.19.82.141:5002/index-Final.html
初始化页面时出错: Message: tab crashed
  (Session info: chrome=143.0.7499.169)

页面初始化失败
✗ 翻译失败，跳过此行
✓ 已保存到文件: 119/4500 条

[120/4500] 翻译进度: 2.7%
藏语原文: སྟོན་ཆག་དུས།
页面未初始化，正在初始化...
正在访问: http://222.19.82.141:5002/index-Final.html
初始化页面时出错: Message: tab crashed
  (Session info: chrome=143.0.7499.169)

页面初始化失败
✗ 翻译失败，跳过此行
✓ 已保存到文件: 120/4500 条

[121/4500] 翻译进度: 2.7%
藏语原文: སྙན་ངག་ཕུལ་བྱུང་དགོངས་པའི་རྣམ་ཆ་ཤར་འདུག།
页面未初始化，正在初始化...
正在访问: http://222.19.82.141:5002/index-Final.html
初始化页面时出错: Message: tab crashed
  (Session info: chrome=143.0.7499.169)

页面初始化失败
✗ 翻译失败，跳过此行
✓ 已保存到文件: 121/4500 条

[122/4500] 翻译进度: 2.7%
藏语原文: དུས་དེ་ཙ་ན་བསྟན་པ་ཡར་ལྡན་དུ་འདུག་པས་གྲྭ་དཔུང་ཡང་འཕ...
页面未初始化，正在初始化...
正在访问: http://222.19.82.141:5002/index-Final.html
初始化页面时出错: Message: tab crashed
  (Session info: chrome=143.0.7499.169)

页面初始化失败
✗ 翻译失败，跳过此行
✓ 已保存到文件: 122/4500 条

[123/4500] 翻译进度: 2.7%
藏语原文: མངའ་རིས་ནས་སྤྱན་འདྲེན་གྱི་བར་ཆད་མ་བྱུང་བ་གཅིག་པུས་...
页面未初始化，正在初始化...
正在访问: http://222.19.82.141:5002/index-Final.html
初始化页面时出错: Message: tab crashed
  (Session info: chrome=143.0.7499.169)

页面初始化失败
✗ 翻译失败，跳过此行
✓ 已保存到文件: 123/4500 条

[124/4500] 翻译进度: 2.8%
藏语原文: ཡུལ་ལ་ལྡོག་དུས་དངོས་སུ་བཀའ་བསྩལ་འདོམས་པ་ལ།
页面未初始化，正在初始化...
正在访问: http://222.19.82.141:5002/index-Final.html
初始化页面时出错: Message: tab crashed
  (Session info: chrome=143.0.7499.169)

页面初始化失败
✗ 翻译失败，跳过此行
✓ 已保存到文件: 124/4500 条

[125/4500] 翻译进度: 2.8%
藏语原文: དེ་ནས་རིང་པོར་མ་ལོན་པར་བདེ་བ་ཅན་དུ་གཤེགས་པ་ལ་དགོངས...
页面未初始化，正在初始化...
正在访问: http://222.19.82.141:5002/index-Final.html
初始化页面时出错: Message: tab crashed
  (Session info: chrome=143.0.7499.169)

页面初始化失败
✗ 翻译失败，跳过此行
✓ 已保存到文件: 125/4500 条

[126/4500] 翻译进度: 2.8%
藏语原文: བདེན་བསམ་པ་མི་འདུག།
页面未初始化，正在初始化...
正在访问: http://222.19.82.141:5002/index-Final.html
初始化页面时出错: Message: tab crashed
  (Session info: chrome=143.0.7499.169)

页面初始化失败
✗ 翻译失败，跳过此行
✓ 已保存到文件: 126/4500 条

[127/4500] 翻译进度: 2.8%
藏语原文: གཞན་ངོར་སྐུ་ཁམས་ཤིན་ཏུ་དུབ་པ་འདུག།
页面未初始化，正在初始化...
正在访问: http://222.19.82.141:5002/index-Final.html
初始化页面时出错: Message: tab crashed
  (Session info: chrome=143.0.7499.169)

页面初始化失败
✗ 翻译失败，跳过此行
✓ 已保存到文件: 127/4500 条

[128/4500] 翻译进度: 2.8%
藏语原文: ཕ་ལ་བུ་སྐྱེས་འདུག།
页面未初始化，正在初始化...
正在访问: http://222.19.82.141:5002/index-Final.html
初始化页面时出错: Message: tab crashed
  (Session info: chrome=143.0.7499.169)

页面初始化失败
✗ 翻译失败，跳过此行
✓ 已保存到文件: 128/4500 条

[129/4500] 翻译进度: 2.9%
藏语原文: ད་ཁ་རྒས་ངེད་ཀྱིས་འབུལ་ཐུབ་པའི་སྐལ་བ་མི་འདུག།
页面未初始化，正在初始化...
正在访问: http://222.19.82.141:5002/index-Final.html
初始化页面时出错: Message: tab crashed
  (Session info: chrome=143.0.7499.169)

页面初始化失败
✗ 翻译失败，跳过此行
✓ 已保存到文件: 129/4500 条

[130/4500] 翻译进度: 2.9%
藏语原文: སྤྱན་དཀར་ནག་ཕྱེད་པ་བལྟ་བ་བས་མི་ངོམས་པ་ལྟ་བུ་གཅིག་འ...
页面未初始化，正在初始化...
正在访问: http://222.19.82.141:5002/index-Final.html
初始化页面时出错: Message: tab crashed
  (Session info: chrome=143.0.7499.169)

页面初始化失败
✗ 翻译失败，跳过此行
✓ 已保存到文件: 130/4500 条

[131/4500] 翻译进度: 2.9%
藏语原文: ཟ་བའི་མདུན་པ་ཡང་མེད་པར་དྲུང་རང་ལ་བལྟ་བའི་ངང་ནས་ཇ་ག...
页面未初始化，正在初始化...
正在访问: http://222.19.82.141:5002/index-Final.html
初始化页面时出错: Message: tab crashed
  (Session info: chrome=143.0.7499.169)

页面初始化失败
✗ 翻译失败，跳过此行
✓ 已保存到文件: 131/4500 条

[132/4500] 翻译进度: 2.9%
藏语原文: ཞལ་འཛུམ་མཛད་ངས་ཁ་སང་རང་ལུང་བསྟན་པ་།
页面未初始化，正在初始化...
正在访问: http://222.19.82.141:5002/index-Final.html
初始化页面时出错: Message: tab crashed
  (Session info: chrome=143.0.7499.169)

页面初始化失败
✗ 翻译失败，跳过此行
✓ 已保存到文件: 132/4500 条

[133/4500] 翻译进度: 3.0%
藏语原文: སྐུ་ཁམས་ཅུང་ཟད་ལྟེམ་པའི་རྣམ་པ་འདུག་ནའང་།
页面未初始化，正在初始化...
正在访问: http://222.19.82.141:5002/index-Final.html
初始化页面时出错: Message: tab crashed
  (Session info: chrome=143.0.7499.169)

页面初始化失败
✗ 翻译失败，跳过此行
✓ 已保存到文件: 133/4500 条

[134/4500] 翻译进度: 3.0%
藏语原文: སྐུ་མདངས་སྔར་ལས་ཀྱང་ཆེས་ལྷག་པར་གསལ་བར་འདུག་པས།
页面未初始化，正在初始化...
正在访问: http://222.19.82.141:5002/index-Final.html
初始化页面时出错: Message: tab crashed
  (Session info: chrome=143.0.7499.169)

页面初始化失败
✗ 翻译失败，跳过此行
✓ 已保存到文件: 134/4500 条

[135/4500] 翻译进度: 3.0%
藏语原文: ན་མ་ཨཱརྱ་ཛྙཱ་ན་སཱ་ག་ར་བེ་རོ་ཙ་ན།
页面未初始化，正在初始化...
正在访问: http://222.19.82.141:5002/index-Final.html
初始化页面时出错: Message: tab crashed
  (Session info: chrome=143.0.7499.169)

页面初始化失败
✗ 翻译失败，跳过此行
✓ 已保存到文件: 135/4500 条

[136/4500] 翻译进度: 3.0%
藏语原文: ཐུགས་དམ་ངེས་པར་བསྐུལ་ཐུབ་ཅིང་ཡོད་འདུག།
页面未初始化，正在初始化...
正在访问: http://222.19.82.141:5002/index-Final.html
初始化页面时出错: Message: tab crashed
  (Session info: chrome=143.0.7499.169)

页面初始化失败
✗ 翻译失败，跳过此行
✓ 已保存到文件: 136/4500 条

[137/4500] 翻译进度: 3.0%
藏语原文: འདིས་ལོ་ཕྱེད་དང་གཉིས་ལྷག་ལྷན་དུ་འདུག།
页面未初始化，正在初始化...
正在访问: http://222.19.82.141:5002/index-Final.html
初始化页面时出错: Message: tab crashed
  (Session info: chrome=143.0.7499.169)

页面初始化失败
✗ 翻译失败，跳过此行
✓ 已保存到文件: 137/4500 条

[138/4500] 翻译进度: 3.1%
藏语原文: ཞེས་བརྗོད་པ་འོ་སྐོལ་གྱི་བསྔོ་བར་འདུག།
页面未初始化，正在初始化...
正在访问: http://222.19.82.141:5002/index-Final.html
初始化页面时出错: Message: tab crashed
  (Session info: chrome=143.0.7499.169)

页面初始化失败
✗ 翻译失败，跳过此行
✓ 已保存到文件: 138/4500 条

[139/4500] 翻译进度: 3.1%
藏语原文: ཨ་ཀས་གུ་པ་མ་གྲི་ཚ་ལི་ཚེ་སོགས་ཁོ་རང་སྐད་ཅི་འདྲར་སྨྲ...
页面未初始化，正在初始化...
正在访问: http://222.19.82.141:5002/index-Final.html
初始化页面时出错: Message: tab crashed
  (Session info: chrome=143.0.7499.169)

页面初始化失败
✗ 翻译失败，跳过此行
✓ 已保存到文件: 139/4500 条

[140/4500] 翻译进度: 3.1%
藏语原文: ཁོང་རྣམས་དངུལ་ཟད་དོགས་སེམས་ལས་ཆེ་བར་འདུག་པ་ལ།
页面未初始化，正在初始化...
正在访问: http://222.19.82.141:5002/index-Final.html
初始化页面时出错: Message: tab crashed
  (Session info: chrome=143.0.7499.169)

页面初始化失败
✗ 翻译失败，跳过此行
✓ 已保存到文件: 140/4500 条

[141/4500] 翻译进度: 3.1%
藏语原文: སེམས་ལ་ཡང་ཕན་པར་འདུག་སྙམ་རྒྱལ་སྲས་ལམ་བཟང་ཚང་བར་བགྱ...
页面未初始化，正在初始化...
正在访问: http://222.19.82.141:5002/index-Final.html
初始化页面时出错: Message: tab crashed
  (Session info: chrome=143.0.7499.169)

页面初始化失败
✗ 翻译失败，跳过此行
✓ 已保存到文件: 141/4500 条

[142/4500] 翻译进度: 3.2%
藏语原文: དེ་ལ་ལུང་ངན་མ་ཞིག་ལས་མ་བྱས་པར་དགོངས་བྱམས་གླིང་དུ་ཉ...
页面未初始化，正在初始化...
正在访问: http://222.19.82.141:5002/index-Final.html
初始化页面时出错: Message: tab crashed
  (Session info: chrome=143.0.7499.169)

页面初始化失败
✗ 翻译失败，跳过此行
✓ 已保存到文件: 142/4500 条

[143/4500] 翻译进度: 3.2%
藏语原文: ཕྱིས་བསམས་པས་ཞལ་ཆེམས་སུ་འདུག།
页面未初始化，正在初始化...
正在访问: http://222.19.82.141:5002/index-Final.html
初始化页面时出错: Message: tab crashed
  (Session info: chrome=143.0.7499.169)

页面初始化失败
✗ 翻译失败，跳过此行
✓ 已保存到文件: 143/4500 条

[144/4500] 翻译进度: 3.2%
藏语原文: གསང་རིམ་དངོས་ལྡན་དུས་རྣམ་པ་ཇི་ལྟར་བ་བཞིན་དུ་དགོངས་...
页面未初始化，正在初始化...
正在访问: http://222.19.82.141:5002/index-Final.html
初始化页面时出错: Message: tab crashed
  (Session info: chrome=143.0.7499.169)

页面初始化失败
✗ 翻译失败，跳过此行
✓ 已保存到文件: 144/4500 条

[145/4500] 翻译进度: 3.2%
藏语原文: དཔུས་མགོ་གཡོན་པ་ལ་ཟུག་ཨེན་ཙམ་འདུག་པ།
页面未初始化，正在初始化...
正在访问: http://222.19.82.141:5002/index-Final.html
初始化页面时出错: Message: tab crashed
  (Session info: chrome=143.0.7499.169)

页面初始化失败
✗ 翻译失败，跳过此行
✓ 已保存到文件: 145/4500 条

[146/4500] 翻译进度: 3.2%
藏语原文: དེ་དུས་སྤྱི་བོ་ལའང་དྲོད་འདུག།
页面未初始化，正在初始化...
正在访问: http://222.19.82.141:5002/index-Final.html
初始化页面时出错: Message: tab crashed
  (Session info: chrome=143.0.7499.169)

页面初始化失败
✗ 翻译失败，跳过此行
✓ 已保存到文件: 146/4500 条

[147/4500] 翻译进度: 3.3%
藏语原文: འཁོར་རྣམས་ཡིད་ཁོང་དུ་ཆུད་འདུག་པས།
页面未初始化，正在初始化...
正在访问: http://222.19.82.141:5002/index-Final.html
初始化页面时出错: Message: tab crashed
  (Session info: chrome=143.0.7499.169)

页面初始化失败
✗ 翻译失败，跳过此行
✓ 已保存到文件: 147/4500 条

[148/4500] 翻译进度: 3.3%
藏语原文: ཁོང་རྣམས་དགའ་ཚོར་ཆེ་ཆེར་འདུག་ཅིང་།
页面未初始化，正在初始化...
正在访问: http://222.19.82.141:5002/index-Final.html
初始化页面时出错: Message: tab crashed
  (Session info: chrome=143.0.7499.169)

页面初始化失败
✗ 翻译失败，跳过此行
✓ 已保存到文件: 148/4500 条

[149/4500] 翻译进度: 3.3%
藏语原文: མིག་ཐད་ཀྱི་བར་སྣང་ལ་ཨ་ཡིག་དཀར་པོ་བྲིས་པ་ལས་གསལ་བ་ཞ...
页面未初始化，正在初始化...
正在访问: http://222.19.82.141:5002/index-Final.html
初始化页面时出错: Message: tab crashed
  (Session info: chrome=143.0.7499.169)

页面初始化失败
✗ 翻译失败，跳过此行
✓ 已保存到文件: 149/4500 条

[150/4500] 翻译进度: 3.3%
藏语原文: ཟུར་ནས་བལྟས་ཙ་ན་ཁྲོ་བོ་ལྟ་སྟངས་ལས་སྐད་ཅིག་མི་འགྱུར...
页面未初始化，正在初始化...
正在访问: http://222.19.82.141:5002/index-Final.html
初始化页面时出错: Message: tab crashed
  (Session info: chrome=143.0.7499.169)

页面初始化失败
✗ 翻译失败，跳过此行
✓ 已保存到文件: 150/4500 条

[151/4500] 翻译进度: 3.4%
藏语原文: བཙུམས་ན་ཞུ་སྙམ་ནའང་ཐུགས་ཧུར་ཕྱུངས་འདུག་པས་ཞུ་མ་སྤོ...
页面未初始化，正在初始化...
正在访问: http://222.19.82.141:5002/index-Final.html
初始化页面时出错: Message: tab crashed
  (Session info: chrome=143.0.7499.169)

页面初始化失败
✗ 翻译失败，跳过此行
✓ 已保存到文件: 151/4500 条

[152/4500] 翻译进度: 3.4%
藏语原文: རྩབ་རྩབ་བྱེད་ཅིང་ཇ་དུད་སོགས་ཀྱིའང་སྤྱན་ལ་གནོད་ཅེས་...
页面未初始化，正在初始化...
正在访问: http://222.19.82.141:5002/index-Final.html
初始化页面时出错: Message: tab crashed
  (Session info: chrome=143.0.7499.169)

页面初始化失败
✗ 翻译失败，跳过此行
✓ 已保存到文件: 152/4500 条

[153/4500] 翻译进度: 3.4%
藏语原文: དོ་ནུབ་ཁྱེད་རང་འདིར་ཉོལ།
页面未初始化，正在初始化...
正在访问: http://222.19.82.141:5002/index-Final.html
初始化页面时出错: Message: tab crashed
  (Session info: chrome=143.0.7499.169)

页面初始化失败
✗ 翻译失败，跳过此行
✓ 已保存到文件: 153/4500 条

[154/4500] 翻译进度: 3.4%
藏语原文: སྒྲུབ་པ་ཉམས་ལེན་ལ་ཐུགས་གཞོལ་བ་འདི་ངེད་སྒྲུབ་རྒྱུད་...
页面未初始化，正在初始化...
正在访问: http://222.19.82.141:5002/index-Final.html
初始化页面时出错: Message: tab crashed
  (Session info: chrome=143.0.7499.169)

页面初始化失败
✗ 翻译失败，跳过此行
✓ 已保存到文件: 154/4500 条

[155/4500] 翻译进度: 3.4%
藏语原文: བསྙེན་སྒྲུབ་གསན་འཕྲལ་དུ་འདུག་པ་དང་།
页面未初始化，正在初始化...
正在访问: http://222.19.82.141:5002/index-Final.html
初始化页面时出错: Message: tab crashed
  (Session info: chrome=143.0.7499.169)

页面初始化失败
✗ 翻译失败，跳过此行
✓ 已保存到文件: 155/4500 条

[156/4500] 翻译进度: 3.5%
藏语原文: དེང་སང་ལྕེ་བདེ་བ་ལ་ཉམས་མྱོང་བཟློས་ན་མཁའ་འགྲོ་མའི་བ...
页面未初始化，正在初始化...
正在访问: http://222.19.82.141:5002/index-Final.html
初始化页面时出错: Message: tab crashed
  (Session info: chrome=143.0.7499.169)

页面初始化失败
✗ 翻译失败，跳过此行
✓ 已保存到文件: 156/4500 条

[157/4500] 翻译进度: 3.5%
藏语原文: བལྟས་པས་དབུ་དོམ་གྱིས་གཡོབ་པ་མཛད་ཀྱི་འདུག་ནའང་།
页面未初始化，正在初始化...
正在访问: http://222.19.82.141:5002/index-Final.html
初始化页面时出错: Message: tab crashed
  (Session info: chrome=143.0.7499.169)

页面初始化失败
✗ 翻译失败，跳过此行
✓ 已保存到文件: 157/4500 条

[158/4500] 翻译进度: 3.5%
藏语原文: ཤིང་དེའི་འབྲས་བུ་ཡིན་སྙམ་པ་ལ་ཁ་དོག་སྔོན་པོ་རྣམ་པ་ད...
页面未初始化，正在初始化...
正在访问: http://222.19.82.141:5002/index-Final.html
初始化页面时出错: Message: tab crashed
  (Session info: chrome=143.0.7499.169)

页面初始化失败
✗ 翻译失败，跳过此行
✓ 已保存到文件: 158/4500 条

[159/4500] 翻译进度: 3.5%
藏语原文: དཔག་བསམ་གྱི་སྡོང་པོ་རྒྱུད་འགྲེལ་ལས་གཞན་གྱིས་འཛོལ་མ...
页面未初始化，正在初始化...
正在访问: http://222.19.82.141:5002/index-Final.html
初始化页面时出错: Message: tab crashed
  (Session info: chrome=143.0.7499.169)

页面初始化失败
✗ 翻译失败，跳过此行
✓ 已保存到文件: 159/4500 条

[160/4500] 翻译进度: 3.6%
藏语原文: འདི་ན་རྒྱང་མཁར་ཀོ་བ་ལ་འབྱོན་པ་ལ་ས་གཡོས་དང་བཅས་ཤིན་...
页面未初始化，正在初始化...
正在访问: http://222.19.82.141:5002/index-Final.html
初始化页面时出错: Message: tab crashed
  (Session info: chrome=143.0.7499.169)

页面初始化失败
✗ 翻译失败，跳过此行
✓ 已保存到文件: 160/4500 条

[161/4500] 翻译进度: 3.6%
藏语原文: ངེད་ཕྱོགས་ལ་ཞལ་གཏད་གསང་ཆབ་ཅིག་བསིལ་བ་མཛད་ཀྱི་འདུག་...
页面未初始化，正在初始化...
正在访问: http://222.19.82.141:5002/index-Final.html
初始化页面时出错: Message: tab crashed
  (Session info: chrome=143.0.7499.169)

页面初始化失败
✗ 翻译失败，跳过此行
✓ 已保存到文件: 161/4500 条

[162/4500] 翻译进度: 3.6%
藏语原文: བཞུགས་ནས་ཀྱང་ས་གཡོ་བའི་སྟབས་ནས་འདར་ཕིར་ཕིར་འདུག་གོ...
页面未初始化，正在初始化...
正在访问: http://222.19.82.141:5002/index-Final.html
初始化页面时出错: Message: tab crashed
  (Session info: chrome=143.0.7499.169)

页面初始化失败
✗ 翻译失败，跳过此行
✓ 已保存到文件: 162/4500 条

[163/4500] 翻译进度: 3.6%
藏语原文: དུས་དེར་ངེད་རང་བྱ་བཏང་ཁུངས་མའི་ཀུན་སྤྱོད་སླེ་བེམ་ག...
页面未初始化，正在初始化...
正在访问: http://222.19.82.141:5002/index-Final.html
初始化页面时出错: Message: tab crashed
  (Session info: chrome=143.0.7499.169)

页面初始化失败
✗ 翻译失败，跳过此行
✓ 已保存到文件: 163/4500 条

[164/4500] 翻译进度: 3.6%
藏语原文: སྤངས་སྟོངས་ལས་ཆར་སྐྱིབས་སོགས་མི་འདུག་པས།
页面未初始化，正在初始化...
正在访问: http://222.19.82.141:5002/index-Final.html
初始化页面时出错: Message: tab crashed
  (Session info: chrome=143.0.7499.169)

页面初始化失败
✗ 翻译失败，跳过此行
✓ 已保存到文件: 164/4500 条

[165/4500] 翻译进度: 3.7%
藏语原文: གྲུབ་ཆེན་མན་ལུང་པ་ཆེན་པོ་ནས་ད་ལྟའི་བར་ཡི་གེ་མེད་པའ...
页面未初始化，正在初始化...
正在访问: http://222.19.82.141:5002/index-Final.html
初始化页面时出错: Message: tab crashed
  (Session info: chrome=143.0.7499.169)

页面初始化失败
✗ 翻译失败，跳过此行
✓ 已保存到文件: 165/4500 条

[166/4500] 翻译进度: 3.7%
藏语原文: བདག་སྔར་འབྲུམ་བུས་ན་བའི་རི་ཁྲོད་དེ་ན་འདུག་པའི་མདུན...
页面未初始化，正在初始化...
正在访问: http://222.19.82.141:5002/index-Final.html
初始化页面时出错: Message: tab crashed
  (Session info: chrome=143.0.7499.169)

页面初始化失败
✗ 翻译失败，跳过此行
✓ 已保存到文件: 166/4500 条

[167/4500] 翻译进度: 3.7%
藏语原文: ཆུ་བཟང་བ་འདུག་པས་བྱང་ཕྱོགས་ཀྱི་རི་ཁྲོད་སྤོ་དམར་དུ་...
页面未初始化，正在初始化...
正在访问: http://222.19.82.141:5002/index-Final.html
初始化页面时出错: Message: tab crashed
  (Session info: chrome=143.0.7499.169)

页面初始化失败
✗ 翻译失败，跳过此行
✓ 已保存到文件: 167/4500 条

[168/4500] 翻译进度: 3.7%
藏语原文: དུང་འགྱུར་སྤེལ་བའི་དམ་བཅའི་ཁུར་བཞེས་གྲངས་སུ་བཏབ་པས...
页面未初始化，正在初始化...
正在访问: http://222.19.82.141:5002/index-Final.html
初始化页面时出错: Message: tab crashed
  (Session info: chrome=143.0.7499.169)

页面初始化失败
✗ 翻译失败，跳过此行
✓ 已保存到文件: 168/4500 条

[169/4500] 翻译进度: 3.8%
藏语原文: ས་ཕྱོགས་དེ་ན་ཤ་ཆང་མ་གཏོགས་ཟ་ཉན་དང་སྤྱད་ཉན་ཏིལ་ཙམ་ཡ...
页面未初始化，正在初始化...
正在访问: http://222.19.82.141:5002/index-Final.html
初始化页面时出错: Message: tab crashed
  (Session info: chrome=143.0.7499.169)

页面初始化失败
✗ 翻译失败，跳过此行
✓ 已保存到文件: 169/4500 条

[170/4500] 翻译进度: 3.8%
藏语原文: ཕྱུགས་མང་བར་འདུག་ཀྱང་འོ་མ་འཇོ་བའི་སྲོལ་མེད་པ།
页面未初始化，正在初始化...
正在访问: http://222.19.82.141:5002/index-Final.html
初始化页面时出错: Message: tab crashed
  (Session info: chrome=143.0.7499.169)

页面初始化失败
✗ 翻译失败，跳过此行
✓ 已保存到文件: 170/4500 条

[171/4500] 翻译进度: 3.8%
藏语原文: ནི་གུའི་ཚོགས་གྲལ་ཞིག་ལ་མི་སུམ་ཅུབ་འདུག་པ་ལ།
页面未初始化，正在初始化...
正在访问: http://222.19.82.141:5002/index-Final.html
初始化页面时出错: Message: tab crashed
  (Session info: chrome=143.0.7499.169)

页面初始化失败
✗ 翻译失败，跳过此行
✓ 已保存到文件: 171/4500 条

[172/4500] 翻译进度: 3.8%
藏语原文: ཡུལ་ཅིག་པ་བཞི་ཡང་མི་འདུག།
页面未初始化，正在初始化...
正在访问: http://222.19.82.141:5002/index-Final.html
初始化页面时出错: Message: tab crashed
  (Session info: chrome=143.0.7499.169)

页面初始化失败
✗ 翻译失败，跳过此行
✓ 已保存到文件: 172/4500 条

[173/4500] 翻译进度: 3.8%
藏语原文: ཁོང་རང་རྣམ་པ་གླེང་བ་ལ།
页面未初始化，正在初始化...
正在访问: http://222.19.82.141:5002/index-Final.html
初始化页面时出错: Message: tab crashed
  (Session info: chrome=143.0.7499.169)

页面初始化失败
✗ 翻译失败，跳过此行
✓ 已保存到文件: 173/4500 条

[174/4500] 翻译进度: 3.9%
藏语原文: ངེད་ཀུན་གྱི་ངོ་ལ་ལ་ཁ་ཕྲུ་མཐོར་གྱིན་འདུག་པ།
页面未初始化，正在初始化...
正在访问: http://222.19.82.141:5002/index-Final.html
初始化页面时出错: Message: tab crashed
  (Session info: chrome=143.0.7499.169)

页面初始化失败
✗ 翻译失败，跳过此行
✓ 已保存到文件: 174/4500 条

[175/4500] 翻译进度: 3.9%
藏语原文: བྱུས་དཀར་པོ་མཚལ་གྱི་ཆོ་ལོང་རིས་བྲིས་པས་ཁེམས་བཀབ་པ་...
页面未初始化，正在初始化...
正在访问: http://222.19.82.141:5002/index-Final.html
初始化页面时出错: Message: tab crashed
  (Session info: chrome=143.0.7499.169)

页面初始化失败
✗ 翻译失败，跳过此行
✓ 已保存到文件: 175/4500 条

[176/4500] 翻译进度: 3.9%
藏语原文: དེར་བསམ་པ་ལ་འདི་གཉིས་ཀྱིས་ང་ངོ་མ་ཤེས་པར་འདུག།
页面未初始化，正在初始化...
正在访问: http://222.19.82.141:5002/index-Final.html
初始化页面时出错: Message: tab crashed
  (Session info: chrome=143.0.7499.169)

页面初始化失败
✗ 翻译失败，跳过此行
✓ 已保存到文件: 176/4500 条

[177/4500] 翻译进度: 3.9%
藏语原文: ད་མི་མཐོང་བ་འདུག་པས།
页面未初始化，正在初始化...
正在访问: http://222.19.82.141:5002/index-Final.html
初始化页面时出错: Message: tab crashed
  (Session info: chrome=143.0.7499.169)

页面初始化失败
✗ 翻译失败，跳过此行
✓ 已保存到文件: 177/4500 条

[178/4500] 翻译进度: 4.0%
藏语原文: ཛོ་ཀི་དེས་ང་མ་ལུས་འདུག།
页面未初始化，正在初始化...
正在访问: http://222.19.82.141:5002/index-Final.html
初始化页面时出错: Message: tab crashed
  (Session info: chrome=143.0.7499.169)

页面初始化失败
✗ 翻译失败，跳过此行
✓ 已保存到文件: 178/4500 条

[179/4500] 翻译进度: 4.0%
藏语原文: མདང་རང་བསྙེན་བསྒྲུབ་གྲོལ་དེ་རིང་ཙམ་ལ་བསོད་བསྟེན་ན་...
页面未初始化，正在初始化...
正在访问: http://222.19.82.141:5002/index-Final.html
初始化页面时出错: Message: tab crashed
  (Session info: chrome=143.0.7499.169)

页面初始化失败
✗ 翻译失败，跳过此行
✓ 已保存到文件: 179/4500 条

[180/4500] 翻译进度: 4.0%
藏语原文: གང་ནའང་སང་ཕོད་ད་ཙམ་བར་ལས་བསྟན་དགོས་པ་ཅིག་མི་ཡོང་འད...
页面未初始化，正在初始化...
正在访问: http://222.19.82.141:5002/index-Final.html
初始化页面时出错: Message: tab crashed
  (Session info: chrome=143.0.7499.169)

页面初始化失败
✗ 翻译失败，跳过此行
✓ 已保存到文件: 180/4500 条

[181/4500] 翻译进度: 4.0%
藏语原文: ད་ལྟ་འཚོ་བྱེད་པ་རྣམས་ཕྱག་རྩ་ཡང་མི་འདུག་ཟེར།
页面未初始化，正在初始化...
正在访问: http://222.19.82.141:5002/index-Final.html
初始化页面时出错: Message: tab crashed
  (Session info: chrome=143.0.7499.169)

页面初始化失败
✗ 翻译失败，跳过此行
✓ 已保存到文件: 181/4500 条

[182/4500] 翻译进度: 4.0%
藏语原文: མྱུར་དུ་མ་ཕེབས་ན་ཞལ་མི་མཇལ་བ་ཡོད་ཟེར་རྩབ་རྩོབ་འདུག...
页面未初始化，正在初始化...
正在访问: http://222.19.82.141:5002/index-Final.html
初始化页面时出错: Message: tab crashed
  (Session info: chrome=143.0.7499.169)

页面初始化失败
✗ 翻译失败，跳过此行
✓ 已保存到文件: 182/4500 条

[183/4500] 翻译进度: 4.1%
藏语原文: རྨོངས་པ་ཁྱེད་ལ་ཅི་ལབ་ཀྱང་གོ་རིག་མི་འདུག།
页面未初始化，正在初始化...
正在访问: http://222.19.82.141:5002/index-Final.html
初始化页面时出错: Message: tab crashed
  (Session info: chrome=143.0.7499.169)

页面初始化失败
✗ 翻译失败，跳过此行
✓ 已保存到文件: 183/4500 条

[184/4500] 翻译进度: 4.1%
藏语原文: དེ་ནས་སྙུར་ཕྱིན་པས་རྣམ་རྒྱལ་གྱི་གཟིམས་ཆུང་དེ་ན་འདུ...
页面未初始化，正在初始化...
正在访问: http://222.19.82.141:5002/index-Final.html
初始化页面时出错: Message: tab crashed
  (Session info: chrome=143.0.7499.169)

页面初始化失败
✗ 翻译失败，跳过此行
✓ 已保存到文件: 184/4500 条

[185/4500] 翻译进度: 4.1%
藏语原文: ཁོང་རྣམ་པ་ཕེབས་པའི་དུས་མ་བྱུང་ཟེར་ཁ་ཤུ་ཤུ་བྱེད་ཀྱི...
页面未初始化，正在初始化...
正在访问: http://222.19.82.141:5002/index-Final.html
初始化页面时出错: Message: tab crashed
  (Session info: chrome=143.0.7499.169)

页面初始化失败
✗ 翻译失败，跳过此行
✓ 已保存到文件: 185/4500 条

[186/4500] 翻译进度: 4.1%
藏语原文: ངས་ཡུམ་གྱི་དབུ་བསྔས་དེར་བསྡད་སྒྲོན་མེ་བཏེགས་བལྟས་པ...
页面未初始化，正在初始化...
正在访问: http://222.19.82.141:5002/index-Final.html
初始化页面时出错: Message: tab crashed
  (Session info: chrome=143.0.7499.169)

页面初始化失败
✗ 翻译失败，跳过此行
✓ 已保存到文件: 186/4500 条

[187/4500] 翻译进度: 4.2%
藏语原文: ལག་པ་བསྐྱངས་ཐུགས་ཀར་བཞག་པས་ཐུགས་ཕིར་ཕིར་འདུག།
页面未初始化，正在初始化...
正在访问: http://222.19.82.141:5002/index-Final.html
初始化页面时出错: Message: tab crashed
  (Session info: chrome=143.0.7499.169)

页面初始化失败
✗ 翻译失败，跳过此行
✓ 已保存到文件: 187/4500 条

[188/4500] 翻译进度: 4.2%
藏语原文: སླར་ཐུགས་རྗེས་ཁྱེད་ཀྱིས་འཛིན་དགོས་པ་འདུག།
页面未初始化，正在初始化...
正在访问: http://222.19.82.141:5002/index-Final.html
初始化页面时出错: Message: tab crashed
  (Session info: chrome=143.0.7499.169)

页面初始化失败
✗ 翻译失败，跳过此行
✓ 已保存到文件: 188/4500 条

[189/4500] 翻译进度: 4.2%
藏语原文: མ་ཎི་དུང་འགྱུར་བརྒྱད་ཙམ་ལེན་མི་འབྱུང་འདུག།
页面未初始化，正在初始化...
正在访问: http://222.19.82.141:5002/index-Final.html
初始化页面时出错: Message: tab crashed
  (Session info: chrome=143.0.7499.169)

页面初始化失败
✗ 翻译失败，跳过此行
✓ 已保存到文件: 189/4500 条

[190/4500] 翻译进度: 4.2%
藏语原文: སྔོན་རྒྱལ་པོ་གེ་སར་གྱིས་བཏུལ་བའི་བདུད་གྱ་རྒྱུའི་ཡུ...
页面未初始化，正在初始化...
正在访问: http://222.19.82.141:5002/index-Final.html
初始化页面时出错: Message: tab crashed
  (Session info: chrome=143.0.7499.169)

页面初始化失败
✗ 翻译失败，跳过此行
✓ 已保存到文件: 190/4500 条

[191/4500] 翻译进度: 4.2%
藏语原文: བསྟབ་པ་ཐམས་ཅད་ག་ཎ་ཙ་ཀྲའི་པཱུ་ཛར་འདུག་སྙམ་པའི་ངེས་ཤ...
页面未初始化，正在初始化...
正在访问: http://222.19.82.141:5002/index-Final.html
初始化页面时出错: Message: tab crashed
  (Session info: chrome=143.0.7499.169)

页面初始化失败
✗ 翻译失败，跳过此行
✓ 已保存到文件: 191/4500 条

[192/4500] 翻译进度: 4.3%
藏语原文: དེ་ལོ་ཇ་ཤིན་ཏུ་དཀོན་པར་འདུག་པས།
页面未初始化，正在初始化...
正在访问: http://222.19.82.141:5002/index-Final.html
初始化页面时出错: Message: tab crashed
  (Session info: chrome=143.0.7499.169)

页面初始化失败
✗ 翻译失败，跳过此行
✓ 已保存到文件: 192/4500 条

[193/4500] 翻译进度: 4.3%
藏语原文: དགུན་པོ་འདི་ཡུམ་གྱི་ཞལ་དུ་ཐོང་ངེས་བྱུང་ན་ཚོགས་ཆེ་བ...
页面未初始化，正在初始化...
正在访问: http://222.19.82.141:5002/index-Final.html
初始化页面时出错: Message: tab crashed
  (Session info: chrome=143.0.7499.169)

页面初始化失败
✗ 翻译失败，跳过此行
✓ 已保存到文件: 193/4500 条

[194/4500] 翻译进度: 4.3%
藏语原文: གཟི་མདངས་རྒྱས་པ་ཅིག་འདུག།
页面未初始化，正在初始化...
正在访问: http://222.19.82.141:5002/index-Final.html
初始化页面时出错: Message: tab crashed
  (Session info: chrome=143.0.7499.169)

页面初始化失败
✗ 翻译失败，跳过此行
✓ 已保存到文件: 194/4500 条

[195/4500] 翻译进度: 4.3%
藏语原文: ཅེས་ཤིན་ཏུ་དགེས་པའི་རྣམ་པ་སྟོན་གྱི་འདུག།
页面未初始化，正在初始化...
正在访问: http://222.19.82.141:5002/index-Final.html
初始化页面时出错: Message: tab crashed
  (Session info: chrome=143.0.7499.169)

页面初始化失败
✗ 翻译失败，跳过此行
✓ 已保存到文件: 195/4500 条

[196/4500] 翻译进度: 4.4%
藏语原文: ལུང་བསྟན་དེའི་སྟེང་དུ་འབབ་པར་འདུག་སྙམ་པའི་ཡིད་མི་བ...
页面未初始化，正在初始化...
正在访问: http://222.19.82.141:5002/index-Final.html
初始化页面时出错: Message: tab crashed
  (Session info: chrome=143.0.7499.169)

页面初始化失败
✗ 翻译失败，跳过此行
✓ 已保存到文件: 196/4500 条

[197/4500] 翻译进度: 4.4%
藏语原文: ངེད་རྣམས་བློ་གཏིང་ནས་བདེ་བའི་བག་ཕེབས་པ་བྱུང་ཟེར་གྱ...
页面未初始化，正在初始化...
正在访问: http://222.19.82.141:5002/index-Final.html
初始化页面时出错: Message: tab crashed
  (Session info: chrome=143.0.7499.169)

页面初始化失败
✗ 翻译失败，跳过此行
✓ 已保存到文件: 197/4500 条

[198/4500] 翻译进度: 4.4%
藏语原文: ཐུགས་ཀར་སྟུག་སྟུག་པ་ལན་གསུམ་གནང་རྗེས་ཡི་གེ་སྙན་གོང...
页面未初始化，正在初始化...
正在访问: http://222.19.82.141:5002/index-Final.html
初始化页面时出错: Message: tab crashed
  (Session info: chrome=143.0.7499.169)

页面初始化失败
✗ 翻译失败，跳过此行
✓ 已保存到文件: 198/4500 条

[199/4500] 翻译进度: 4.4%
藏语原文: གཤེགས་པ་ངེད་སྐྱེས་པའི་ཕ་ཁྱིམ་རྙིང་པ་དེར་གནང་འདུག་པ...
页面未初始化，正在初始化...
正在访问: http://222.19.82.141:5002/index-Final.html
初始化页面时出错: Message: tab crashed
  (Session info: chrome=143.0.7499.169)

页面初始化失败
✗ 翻译失败，跳过此行
✓ 已保存到文件: 199/4500 条

[200/4500] 翻译进度: 4.4%
藏语原文: སྔར་སྲོལ་མི་འདུག་ཀྱང་།
页面未初始化，正在初始化...
正在访问: http://222.19.82.141:5002/index-Final.html
初始化页面时出错: Message: tab crashed
  (Session info: chrome=143.0.7499.169)

页面初始化失败
✗ 翻译失败，跳过此行
✓ 已保存到文件: 200/4500 条

[201/4500] 翻译进度: 4.5%
藏语原文: མར་ཁུ་མང་པོ་འདུ་བྱས་འདུག་པ་ལ།
页面未初始化，正在初始化...
正在访问: http://222.19.82.141:5002/index-Final.html
初始化页面时出错: Message: tab crashed
  (Session info: chrome=143.0.7499.169)

页面初始化失败
✗ 翻译失败，跳过此行
✓ 已保存到文件: 201/4500 条

[202/4500] 翻译进度: 4.5%
藏语原文: གཅེར་མཐོང་དུ་བྱུང་བྱུང་གོ་མཁན་མི་འདུག།
页面未初始化，正在初始化...
正在访问: http://222.19.82.141:5002/index-Final.html
初始化页面时出错: Message: tab crashed
  (Session info: chrome=143.0.7499.169)

页面初始化失败
✗ 翻译失败，跳过此行
✓ 已保存到文件: 202/4500 条

[203/4500] 翻译进度: 4.5%
藏语原文: སྔ་ཕྱི་རྣམས་སྡོམ་ཞིབ་རྩིས་བྱས་པས་བརྒྱ་དང་བཅུ་གསུམ་...
页面未初始化，正在初始化...
正在访问: http://222.19.82.141:5002/index-Final.html
初始化页面时出错: Message: tab crashed
  (Session info: chrome=143.0.7499.169)

页面初始化失败
✗ 翻译失败，跳过此行
✓ 已保存到文件: 203/4500 条

[204/4500] 翻译进度: 4.5%
藏语原文: ང་རང་ལ་ས་ཕྱོགས་འདི་ལྟ་བུར་འགྲོ་དོན་འདི་འདྲ་ཡོང་།
页面未初始化，正在初始化...
正在访问: http://222.19.82.141:5002/index-Final.html
初始化页面时出错: Message: tab crashed
  (Session info: chrome=143.0.7499.169)

页面初始化失败
✗ 翻译失败，跳过此行
✓ 已保存到文件: 204/4500 条

[205/4500] 翻译进度: 4.6%
藏语原文: ད་དེ་རིང་ཉི་མ་ཡང་ཕྱེད་འདུག།
页面未初始化，正在初始化...
正在访问: http://222.19.82.141:5002/index-Final.html
初始化页面时出错: Message: tab crashed
  (Session info: chrome=143.0.7499.169)

页面初始化失败
✗ 翻译失败，跳过此行
✓ 已保存到文件: 205/4500 条

[206/4500] 翻译进度: 4.6%
藏语原文: འདི་རྣམས་ཅིར་འདུག་བྱས།
页面未初始化，正在初始化...
正在访问: http://222.19.82.141:5002/index-Final.html
初始化页面时出错: Message: tab crashed
  (Session info: chrome=143.0.7499.169)

页面初始化失败
✗ 翻译失败，跳过此行
✓ 已保存到文件: 206/4500 条

[207/4500] 翻译进度: 4.6%
藏语原文: བུ་དང་ཚ་བོ་གཉིས་ཀ་ཙཀྲ་མེའི་འཁོར་ལོ་ཐོགས་པའི་ཧུར་ཐུ...
页面未初始化，正在初始化...
正在访问: http://222.19.82.141:5002/index-Final.html
初始化页面时出错: Message: tab crashed
  (Session info: chrome=143.0.7499.169)

页面初始化失败
✗ 翻译失败，跳过此行
✓ 已保存到文件: 207/4500 条

[208/4500] 翻译进度: 4.6%
藏语原文: གདན་གཅིག་བཏིངས་འདུག་ཀྱང་ས་བརྗེན་རང་ལ་བསྡད་མཚམས།
页面未初始化，正在初始化...
正在访问: http://222.19.82.141:5002/index-Final.html
初始化页面时出错: Message: tab crashed
  (Session info: chrome=143.0.7499.169)

页面初始化失败
✗ 翻译失败，跳过此行
✓ 已保存到文件: 208/4500 条

[209/4500] 翻译进度: 4.6%
藏语原文: རྗེ་དྲུང་ཀརྨ་པ་ཉུལ་རྒྱལ་ཁང་ན་གདན་ཆགས་འདུག་པའི་དྲུང...
页面未初始化，正在初始化...
正在访问: http://222.19.82.141:5002/index-Final.html
初始化页面时出错: Message: tab crashed
  (Session info: chrome=143.0.7499.169)

页面初始化失败
✗ 翻译失败，跳过此行
✓ 已保存到文件: 209/4500 条

[210/4500] 翻译进度: 4.7%
藏语原文: ཁྲིད་ཁ་བརྒྱ་རྩའི་ཁ་བསྐོངས་བཀྲ་ཤིས་གྲངས་ཀྱི་མཐའ་བསྟ...
页面未初始化，正在初始化...
正在访问: http://222.19.82.141:5002/index-Final.html
初始化页面时出错: Message: tab crashed
  (Session info: chrome=143.0.7499.169)

页面初始化失败
✗ 翻译失败，跳过此行
✓ 已保存到文件: 210/4500 条

[211/4500] 翻译进度: 4.7%
藏语原文: གཅིག་པུར་འདུག་ཀྱང་དགའ་བའི་ཅ་ཅོ་ཤོར་།
页面未初始化，正在初始化...
正在访问: http://222.19.82.141:5002/index-Final.html
初始化页面时出错: Message: tab crashed
  (Session info: chrome=143.0.7499.169)

页面初始化失败
✗ 翻译失败，跳过此行
✓ 已保存到文件: 211/4500 条

[212/4500] 翻译进度: 4.7%
藏语原文: མིང་ཙམ་མཚུངས་ཀྱང་རང་བཞིན་ཐ་དད་ཅེས་།
页面未初始化，正在初始化...
正在访问: http://222.19.82.141:5002/index-Final.html
初始化页面时出错: Message: tab crashed
  (Session info: chrome=143.0.7499.169)

页面初始化失败
✗ 翻译失败，跳过此行
✓ 已保存到文件: 212/4500 条

[213/4500] 翻译进度: 4.7%
藏语原文: ཕྱིས་མཐོང་བ་ན་ཡང་རང་ཉིད་དད་པའི་སྤུ་ལོང་གཡོ་ཞིང་།
页面未初始化，正在初始化...
正在访问: http://222.19.82.141:5002/index-Final.html
初始化页面时出错: Message: tab crashed
  (Session info: chrome=143.0.7499.169)

页面初始化失败
✗ 翻译失败，跳过此行
✓ 已保存到文件: 213/4500 条

[214/4500] 翻译进度: 4.8%
藏语原文: ཐུགས་དོག་ཆེ་བ་རང་འདུག་པ་ནས།
页面未初始化，正在初始化...
正在访问: http://222.19.82.141:5002/index-Final.html
初始化页面时出错: Message: tab crashed
  (Session info: chrome=143.0.7499.169)

页面初始化失败
✗ 翻译失败，跳过此行
✓ 已保存到文件: 214/4500 条

[215/4500] 翻译进度: 4.8%
藏语原文: བར་ཆད་རྩོམ་པའི་དམིགས་བྱ་དེར་འདུག་པས་བསྒྲལ་ལམ་སྙམ་པ...
页面未初始化，正在初始化...
正在访问: http://222.19.82.141:5002/index-Final.html
初始化页面时出错: Message: tab crashed
  (Session info: chrome=143.0.7499.169)

页面初始化失败
✗ 翻译失败，跳过此行
✓ 已保存到文件: 215/4500 条

[216/4500] 翻译进度: 4.8%
藏语原文: སྣོད་གང་འདུག་ཏུ་མར་མེ་ཕུལ་བས།
页面未初始化，正在初始化...
正在访问: http://222.19.82.141:5002/index-Final.html
初始化页面时出错: Message: tab crashed
  (Session info: chrome=143.0.7499.169)

页面初始化失败
✗ 翻译失败，跳过此行
✓ 已保存到文件: 216/4500 条

[217/4500] 翻译进度: 4.8%
藏语原文: ལོག་ཀྱང་དོ་དགོངས་གནས་ཁང་ཡང་མི་རྙེད་ཅིས་ཀྱང་མི་མཇལ་...
页面未初始化，正在初始化...
正在访问: http://222.19.82.141:5002/index-Final.html
初始化页面时出错: Message: tab crashed
  (Session info: chrome=143.0.7499.169)

页面初始化失败
✗ 翻译失败，跳过此行
✓ 已保存到文件: 217/4500 条

[218/4500] 翻译进度: 4.8%
藏语原文: འབྲུམ་པས་ན་ནས་ཤི་ན་ཕུང་པོ་སོགས་སྐྱུར་བ་ལ་ལས་སླ་བར་...
页面未初始化，正在初始化...
正在访问: http://222.19.82.141:5002/index-Final.html
初始化页面时出错: Message: tab crashed
  (Session info: chrome=143.0.7499.169)

页面初始化失败
✗ 翻译失败，跳过此行
✓ 已保存到文件: 218/4500 条

[219/4500] 翻译进度: 4.9%
藏语原文: དེར་ལག་ཏུ་བླངས་ནས་མགོར་བཞག་བལྟས་རྗེས་ཕྱག་ནས་མ་རང་ཡ...
页面未初始化，正在初始化...
正在访问: http://222.19.82.141:5002/index-Final.html
初始化页面时出错: Message: tab crashed
  (Session info: chrome=143.0.7499.169)

页面初始化失败
✗ 翻译失败，跳过此行
✓ 已保存到文件: 219/4500 条

[220/4500] 翻译进度: 4.9%
藏语原文: ས་གར་བསྡད་པ་ལ་ཆུ་འདི་རང་ལུས་ལ་ཕན་པར་འདུག་ཅིང་།
页面未初始化，正在初始化...
正在访问: http://222.19.82.141:5002/index-Final.html
初始化页面时出错: Message: tab crashed
  (Session info: chrome=143.0.7499.169)

页面初始化失败
✗ 翻译失败，跳过此行
✓ 已保存到文件: 220/4500 条

[221/4500] 翻译进度: 4.9%
藏语原文: ཚེ་མདའ་ལ་ཆད་མངོན་ཙམ་བྱུང་བ་རྣམས་སྐྱེས་བུ་ཆེན་པོ་མང...
页面未初始化，正在初始化...
正在访问: http://222.19.82.141:5002/index-Final.html
初始化页面时出错: Message: tab crashed
  (Session info: chrome=143.0.7499.169)

页面初始化失败
✗ 翻译失败，跳过此行
✓ 已保存到文件: 221/4500 条

[222/4500] 翻译进度: 4.9%
藏语原文: རྡོ་གཡེབས་མི་བསྐྱོད་པ་མང་པོའི་དཔྱིལ་པོའི་ཕྱོགས་ཀྱི...
页面未初始化，正在初始化...
正在访问: http://222.19.82.141:5002/index-Final.html
初始化页面时出错: Message: tab crashed
  (Session info: chrome=143.0.7499.169)

页面初始化失败
✗ 翻译失败，跳过此行
✓ 已保存到文件: 222/4500 条

[223/4500] 翻译进度: 5.0%
藏语原文: ཡི་གེ་ལ་ཞལ་བཤུས་པའི་མྱང་སྟོད་ཕལ་ཆེར་ཁྱབ་འདུག་ཅིང་།
页面未初始化，正在初始化...
正在访问: http://222.19.82.141:5002/index-Final.html
初始化页面时出错: Message: tab crashed
  (Session info: chrome=143.0.7499.169)

页面初始化失败
✗ 翻译失败，跳过此行
✓ 已保存到文件: 223/4500 条

[224/4500] 翻译进度: 5.0%
藏语原文: དེ་ལོ་ས་སྐྱ་སོགས་སྐྱ་མུག་ཆེ་བར་འདུག་པ་ལ་ངེད་དཔོན་ས...
页面未初始化，正在初始化...
正在访问: http://222.19.82.141:5002/index-Final.html
初始化页面时出错: Message: tab crashed
  (Session info: chrome=143.0.7499.169)

页面初始化失败
✗ 翻译失败，跳过此行
✓ 已保存到文件: 224/4500 条

[225/4500] 翻译进度: 5.0%
藏语原文: སྟོད་ཧོར་ཡང་དེའི་ཉིན་ཀ་བློ་བུར་དམག་ཡོང་བ་འདུག་ཟེར་...
页面未初始化，正在初始化...
正在访问: http://222.19.82.141:5002/index-Final.html
初始化页面时出错: Message: tab crashed
  (Session info: chrome=143.0.7499.169)

页面初始化失败
✗ 翻译失败，跳过此行
✓ 已保存到文件: 225/4500 条

[226/4500] 翻译进度: 5.0%
藏语原文: སླར་འབོད་མི་གནང་བ་དང་བསྟུན་ནས་ཚུར་ལམ་ཆུ་འདུས་ཕྱོགས...
页面未初始化，正在初始化...
正在访问: http://222.19.82.141:5002/index-Final.html
初始化页面时出错: Message: tab crashed
  (Session info: chrome=143.0.7499.169)

页面初始化失败
✗ 翻译失败，跳过此行
✓ 已保存到文件: 226/4500 条

[227/4500] 翻译进度: 5.0%
藏语原文: ལྷག་པར་ཉན་པོའི་རི་བོ་དགེ་ལྡན་པ་རྣམས་ལོ་དུས་ཀྱི་གསང...
页面未初始化，正在初始化...
正在访问: http://222.19.82.141:5002/index-Final.html
初始化页面时出错: Message: tab crashed
  (Session info: chrome=143.0.7499.169)

页面初始化失败
✗ 翻译失败，跳过此行
✓ 已保存到文件: 227/4500 条

[228/4500] 翻译进度: 5.1%
藏语原文: དེར་ཁྱེད་རང་ལ་དམིགས་ནས་བསྒྲུབས་པ་ཡིན་གསུང་བའི་དཔྱི...
页面未初始化，正在初始化...
正在访问: http://222.19.82.141:5002/index-Final.html
初始化页面时出错: Message: tab crashed
  (Session info: chrome=143.0.7499.169)

页面初始化失败
✗ 翻译失败，跳过此行
✓ 已保存到文件: 228/4500 条

[229/4500] 翻译进度: 5.1%
藏语原文: མཁས་བཙུན་པ་གསུམ་གྱི་སྐུ་རིང་ལ་ས་སྐྱ་པའི་གུར་ཞལ་རང་...
页面未初始化，正在初始化...
正在访问: http://222.19.82.141:5002/index-Final.html
初始化页面时出错: Message: tab crashed
  (Session info: chrome=143.0.7499.169)

页面初始化失败
✗ 翻译失败，跳过此行
✓ 已保存到文件: 229/4500 条

[230/4500] 翻译进度: 5.1%
藏语原文: སླར་ངམ་རིངས་སུ་ཡོངས་རྨི་ལམ་ལ་གུར་མགོན་རྩུབ་འགྱུར་ག...
页面未初始化，正在初始化...
正在访问: http://222.19.82.141:5002/index-Final.html
初始化页面时出错: Message: tab crashed
  (Session info: chrome=143.0.7499.169)

页面初始化失败
✗ 翻译失败，跳过此行
✓ 已保存到文件: 230/4500 条

[231/4500] 翻译进度: 5.1%
藏语原文: རང་རང་ཕྱག་བཞེས་ཡིན་པས་ཅི་ཞིག་གོ་།
页面未初始化，正在初始化...
正在访问: http://222.19.82.141:5002/index-Final.html
初始化页面时出错: Message: tab crashed
  (Session info: chrome=143.0.7499.169)

页面初始化失败
✗ 翻译失败，跳过此行
✓ 已保存到文件: 231/4500 条

[232/4500] 翻译进度: 5.2%
藏语原文: དེར་ཞིབ་ཏུ་དཔྱད་པས་གསར་བཞེངས་ཀྱི་ས་པཎ་གྱི་སྐུ་དེ་ས...
页面未初始化，正在初始化...
正在访问: http://222.19.82.141:5002/index-Final.html
初始化页面时出错: Message: tab crashed
  (Session info: chrome=143.0.7499.169)

页面初始化失败
✗ 翻译失败，跳过此行
✓ 已保存到文件: 232/4500 条

[233/4500] 翻译进度: 5.2%
藏语原文: བསོ་ཡང་བསོད་པར་འདུག་སྙམ་སང་འདེགས་གནང་འདེགས་རང་ལ།
页面未初始化，正在初始化...
正在访问: http://222.19.82.141:5002/index-Final.html
初始化页面时出错: Message: tab crashed
  (Session info: chrome=143.0.7499.169)

页面初始化失败
✗ 翻译失败，跳过此行
✓ 已保存到文件: 233/4500 条

[234/4500] 翻译进度: 5.2%
藏语原文: རང་རང་སྐལ་པའི་ཆ་ཤས་གྱུར་པ་ནི་།
页面未初始化，正在初始化...
正在访问: http://222.19.82.141:5002/index-Final.html
初始化页面时出错: Message: tab crashed
  (Session info: chrome=143.0.7499.169)

页面初始化失败
✗ 翻译失败，跳过此行
✓ 已保存到文件: 234/4500 条

[235/4500] 翻译进度: 5.2%
藏语原文: ཁོ་རང་ལ་ཡང་དངོས་ཀྱིས་ཁྱེད་ཀྱི་མགོ་འདི་མི་ལག་ཏུ་མཆོ...
页面未初始化，正在初始化...
正在访问: http://222.19.82.141:5002/index-Final.html
初始化页面时出错: Message: tab crashed
  (Session info: chrome=143.0.7499.169)

页面初始化失败
✗ 翻译失败，跳过此行
✓ 已保存到文件: 235/4500 条

[236/4500] 翻译进度: 5.2%
藏语原文: དེའི་གནམ་གང་ལ་རྗེ་རབ་གསལ་ཟླ་མགོན་པ་གཤེགས་པར་འདུག་པ...
页面未初始化，正在初始化...
正在访问: http://222.19.82.141:5002/index-Final.html
初始化页面时出错: Message: tab crashed
  (Session info: chrome=143.0.7499.169)

页面初始化失败
✗ 翻译失败，跳过此行
✓ 已保存到文件: 236/4500 条

[237/4500] 翻译进度: 5.3%
藏语原文: དུས་ཟིངས་པས་ངེད་ལ་ལོན་ཆ་སོགས་མ་ཐེངས་པ་ཡིན་ཚོད་དུ་འ...
页面未初始化，正在初始化...
正在访问: http://222.19.82.141:5002/index-Final.html
初始化页面时出错: Message: tab crashed
  (Session info: chrome=143.0.7499.169)

页面初始化失败
✗ 翻译失败，跳过此行
✓ 已保存到文件: 237/4500 条

[238/4500] 翻译进度: 5.3%
藏语原文: གཞིས་ཀ་ནས་དངུལ་སྐུའི་སྐུ་འདྲ་དྲན་པའི་གསལ་འདེབས་སུ་...
页面未初始化，正在初始化...
正在访问: http://222.19.82.141:5002/index-Final.html
初始化页面时出错: Message: tab crashed
  (Session info: chrome=143.0.7499.169)

页面初始化失败
✗ 翻译失败，跳过此行
✓ 已保存到文件: 238/4500 条

[239/4500] 翻译进度: 5.3%
藏语原文: སྟག་ལུང་ནས་སླར་ལོག་ཡོང་དུས་ལམ་འུ་ཡུག་ལ་བྱས་གཞིས་ཀར...
页面未初始化，正在初始化...
正在访问: http://222.19.82.141:5002/index-Final.html
初始化页面时出错: Message: tab crashed
  (Session info: chrome=143.0.7499.169)

页面初始化失败
✗ 翻译失败，跳过此行
✓ 已保存到文件: 239/4500 条

[240/4500] 翻译进度: 5.3%
藏语原文: ངེས་འབྱུང་ཆེན་པོའི་དགའ་གདུང་རང་གྲོལ་མཆོག་།
页面未初始化，正在初始化...
正在访问: http://222.19.82.141:5002/index-Final.html
初始化页面时出错: Message: tab crashed
  (Session info: chrome=143.0.7499.169)

页面初始化失败
✗ 翻译失败，跳过此行
✓ 已保存到文件: 240/4500 条

[241/4500] 翻译进度: 5.4%
藏语原文: རང་རང་རིགས་དང་མཐུན་པའི་ལེའུ་ཁས།
页面未初始化，正在初始化...
正在访问: http://222.19.82.141:5002/index-Final.html
初始化页面时出错: Message: tab crashed
  (Session info: chrome=143.0.7499.169)

页面初始化失败
✗ 翻译失败，跳过此行
✓ 已保存到文件: 241/4500 条

[242/4500] 翻译进度: 5.4%
藏语原文: རང་རང་བསྟན་པའི་ཁུར་ཆེན་འདེགས་རློམ་པས།
页面未初始化，正在初始化...
正在访问: http://222.19.82.141:5002/index-Final.html
初始化页面时出错: Message: tab crashed
  (Session info: chrome=143.0.7499.169)

页面初始化失败
✗ 翻译失败，跳过此行
✓ 已保存到文件: 242/4500 条

[243/4500] 翻译进度: 5.4%
藏语原文: ཡུལ་སོ་སོ་བདག་ཏུ་བཟུང་སྟེ་རང་རང་འདོད་པའི་འཕྲུལ་གྱི...
页面未初始化，正在初始化...
正在访问: http://222.19.82.141:5002/index-Final.html
初始化页面时出错: Message: tab crashed
  (Session info: chrome=143.0.7499.169)

页面初始化失败
✗ 翻译失败，跳过此行
✓ 已保存到文件: 243/4500 条

[244/4500] 翻译进度: 5.4%
藏语原文: བརྗོད་ཀྱིས་མི་ལངས་པ་འདུག་ཀྱང་འབྲི་བར་མ་ལང་ཞིང་ཟུར་...
页面未初始化，正在初始化...
正在访问: http://222.19.82.141:5002/index-Final.html
初始化页面时出错: Message: tab crashed
  (Session info: chrome=143.0.7499.169)

页面初始化失败
✗ 翻译失败，跳过此行
✓ 已保存到文件: 244/4500 条

[245/4500] 翻译进度: 5.4%
藏语原文: འཚང་ཁའི་གནས་ཡུལ་དང་རང་ཕྱོགས་བཙན་དམིགས།
页面未初始化，正在初始化...
正在访问: http://222.19.82.141:5002/index-Final.html
初始化页面时出错: Message: tab crashed
  (Session info: chrome=143.0.7499.169)

页面初始化失败
✗ 翻译失败，跳过此行
✓ 已保存到文件: 245/4500 条

[246/4500] 翻译进度: 5.5%
藏语原文: གཞན་ཕྱོགས་ཕ་རོལ་གང་ཡོད་གང་བྱེད་ལ་བརྟག་དཔྱད་དང་རང་ཟ...
页面未初始化，正在初始化...
正在访问: http://222.19.82.141:5002/index-Final.html
初始化页面时出错: Message: tab crashed
  (Session info: chrome=143.0.7499.169)

页面初始化失败
✗ 翻译失败，跳过此行
✓ 已保存到文件: 246/4500 条

[247/4500] 翻译进度: 5.5%
藏语原文: དགྲ་འདུག་ཤ་ཞོག་ལ་ལན་ཐོངས།
页面未初始化，正在初始化...
正在访问: http://222.19.82.141:5002/index-Final.html
初始化页面时出错: Message: tab crashed
  (Session info: chrome=143.0.7499.169)

页面初始化失败
✗ 翻译失败，跳过此行
✓ 已保存到文件: 247/4500 条

[248/4500] 翻译进度: 5.5%
藏语原文: མེ་དམར་ནག་རྩེགས་རྩེགས་ཡོང་བ་ཞིག་འདུག་ན་ཡིན་ཏེ་མ་འཁ...
页面未初始化，正在初始化...
正在访问: http://222.19.82.141:5002/index-Final.html
初始化页面时出错: Message: tab crashed
  (Session info: chrome=143.0.7499.169)

页面初始化失败
✗ 翻译失败，跳过此行
✓ 已保存到文件: 248/4500 条

[249/4500] 翻译进度: 5.5%
藏语原文: སྨར་ཞོའི་སྲང་གྲངས་སུ་བྱེད་པ་སོགས་འདུག་པར།
页面未初始化，正在初始化...
正在访问: http://222.19.82.141:5002/index-Final.html
初始化页面时出错: Message: tab crashed
  (Session info: chrome=143.0.7499.169)

页面初始化失败
✗ 翻译失败，跳过此行
✓ 已保存到文件: 249/4500 条

[250/4500] 翻译进度: 5.6%
藏语原文: ཚོང་འདུས་ཀྱི་གསེར་རིན་ལག་ཡོད་གང་འདུག་ལ་ཆ་འཇོག་པ་སོ...
页面未初始化，正在初始化...
正在访问: http://222.19.82.141:5002/index-Final.html
初始化页面时出错: Message: tab crashed
  (Session info: chrome=143.0.7499.169)

页面初始化失败
✗ 翻译失败，跳过此行
✓ 已保存到文件: 250/4500 条

[251/4500] 翻译进度: 5.6%
藏语原文: དབུས་ལ་གསེར་བྲེའི་བཞི་ཞོ་དང་གསུམ་ཞོ་སོགས་རྣམ་གྲངས་...
页面未初始化，正在初始化...
正在访问: http://222.19.82.141:5002/index-Final.html
初始化页面时出错: Message: tab crashed
  (Session info: chrome=143.0.7499.169)

页面初始化失败
✗ 翻译失败，跳过此行
✓ 已保存到文件: 251/4500 条

[252/4500] 翻译进度: 5.6%
藏语原文: རྐང་གླ་སོགས་ཆད་པའི་བཞི་ཟུར་རིམ་འགྲོས་སུ་བྱས་པ་ཞིག་...
页面未初始化，正在初始化...
正在访问: http://222.19.82.141:5002/index-Final.html
初始化页面时出错: Message: tab crashed
  (Session info: chrome=143.0.7499.169)

页面初始化失败
✗ 翻译失败，跳过此行
✓ 已保存到文件: 252/4500 条

[253/4500] 翻译进度: 5.6%
藏语原文: གཞན་མ་དབུས་ལུགས་ལ་བཅུ་ཁ་ལེན་པ་ཞིག་འདུག་ཀྱང་འདི་འགབ...
页面未初始化，正在初始化...
正在访问: http://222.19.82.141:5002/index-Final.html
初始化页面时出错: Message: tab crashed
  (Session info: chrome=143.0.7499.169)

页面初始化失败
✗ 翻译失败，跳过此行
✓ 已保存到文件: 253/4500 条

[254/4500] 翻译进度: 5.6%
藏语原文: ནག་ཆེན་གྱི་སྟོང་མིང་བཏགས་པ་ཙམ་ལ་མིང་འདོགས་ཀྱི་སྒོ་...
页面未初始化，正在初始化...
正在访问: http://222.19.82.141:5002/index-Final.html
初始化页面时出错: Message: tab crashed
  (Session info: chrome=143.0.7499.169)

页面初始化失败
✗ 翻译失败，跳过此行
✓ 已保存到文件: 254/4500 条

[255/4500] 翻译进度: 5.7%
藏语原文: ཕྱིས་འཆལ་བ་ཤིན་ཏུ་ཟོང་བ་ལ་སྟོང་སྤྲོད་སྤྲོད་ཟེར་ཁ་ད...
页面未初始化，正在初始化...
正在访问: http://222.19.82.141:5002/index-Final.html
初始化页面时出错: Message: tab crashed
  (Session info: chrome=143.0.7499.169)

页面初始化失败
✗ 翻译失败，跳过此行
✓ 已保存到文件: 255/4500 条

[256/4500] 翻译进度: 5.7%
藏语原文: བྲེ་ཚད་ཀྱི་ཡུལ་ཞོ་ཁལ་བརྒྱད་མར་འདུག་པ།
页面未初始化，正在初始化...
正在访问: http://222.19.82.141:5002/index-Final.html
初始化页面时出错: Message: tab crashed
  (Session info: chrome=143.0.7499.169)

页面初始化失败
✗ 翻译失败，跳过此行
✓ 已保存到文件: 256/4500 条

[257/4500] 翻译进度: 5.7%
藏语原文: མི་འདི་ལ་འདི་ཞེས་པ་རྐྱེན་ལམ་དུ་བཏང་འདུག་པ།
页面未初始化，正在初始化...
正在访问: http://222.19.82.141:5002/index-Final.html
初始化页面时出错: Message: tab crashed
  (Session info: chrome=143.0.7499.169)

页面初始化失败
✗ 翻译失败，跳过此行
✓ 已保存到文件: 257/4500 条

[258/4500] 翻译进度: 5.7%
藏语原文: རྐྱེན་རྩ་འཆི་མཁན་ནག་ཆེ་བ་ཡོད་ན་འདས་པོ་ཚེ་ཚད་ཀྱིས་ག...
页面未初始化，正在初始化...
正在访问: http://222.19.82.141:5002/index-Final.html
初始化页面时出错: Message: tab crashed
  (Session info: chrome=143.0.7499.169)

页面初始化失败
✗ 翻译失败，跳过此行
✓ 已保存到文件: 258/4500 条

[259/4500] 翻译进度: 5.8%
藏语原文: མིང་འདོགས་ཀྱི་མི་བདག་ལག་དམར་གྱི་བློ་ཁྲིད་ཕྱོགས་སམ་...
页面未初始化，正在初始化...
正在访问: http://222.19.82.141:5002/index-Final.html
初始化页面时出错: Message: tab crashed
  (Session info: chrome=143.0.7499.169)

页面初始化失败
✗ 翻译失败，跳过此行
✓ 已保存到文件: 259/4500 条

[260/4500] 翻译进度: 5.8%
藏语原文: མི་མཐའ་ཁྲག་ལ་ཐིགས་སེ་ཟེར་བ་གྲགས་འདུག་ནའང་།
页面未初始化，正在初始化...
正在访问: http://222.19.82.141:5002/index-Final.html
初始化页面时出错: Message: tab crashed
  (Session info: chrome=143.0.7499.169)

页面初始化失败
✗ 翻译失败，跳过此行
✓ 已保存到文件: 260/4500 条

[261/4500] 翻译进度: 5.8%
藏语原文: སྔ་སོར་རྨ་འོག་ཏུ་གཤགས་དོར་ཟེར་བ་ཞིག་འདུག་ཀྱང་།
页面未初始化，正在初始化...
正在访问: http://222.19.82.141:5002/index-Final.html
初始化页面时出错: Message: tab crashed
  (Session info: chrome=143.0.7499.169)

页面初始化失败
✗ 翻译失败，跳过此行
✓ 已保存到文件: 261/4500 条

[262/4500] 翻译进度: 5.8%
藏语原文: དེས་ན་བདེན་མེད་དུ་འགྲོ་བར་འདུག་པས།
页面未初始化，正在初始化...
正在访问: http://222.19.82.141:5002/index-Final.html
初始化页面时出错: Message: tab crashed
  (Session info: chrome=143.0.7499.169)

页面初始化失败
✗ 翻译失败，跳过此行
✓ 已保存到文件: 262/4500 条

[263/4500] 翻译进度: 5.8%
藏语原文: ཁྲག་གདན་ལ་ཕྱིང་པ་སྣམ་དཀར་སོགས་སྤྲོད་དགོས་པའི་རྒྱུན...
页面未初始化，正在初始化...
正在访问: http://222.19.82.141:5002/index-Final.html
初始化页面时出错: Message: tab crashed
  (Session info: chrome=143.0.7499.169)

页面初始化失败
✗ 翻译失败，跳过此行
✓ 已保存到文件: 263/4500 条

[264/4500] 翻译进度: 5.9%
藏语原文: གྲུམས་པ་ལ་རུས་པ་ཆེ་ཆུང་ལ་དཔགས་པའི་གསེར་དང་མཉམ་འདེག...
页面未初始化，正在初始化...
正在访问: http://222.19.82.141:5002/index-Final.html
初始化页面时出错: Message: tab crashed
  (Session info: chrome=143.0.7499.169)

页面初始化失败
✗ 翻译失败，跳过此行
✓ 已保存到文件: 264/4500 条

[265/4500] 翻译进度: 5.9%
藏语原文: ཟེར་བར་འདུག་པས།
页面未初始化，正在初始化...
正在访问: http://222.19.82.141:5002/index-Final.html
初始化页面时出错: Message: tab crashed
  (Session info: chrome=143.0.7499.169)

页面初始化失败
✗ 翻译失败，跳过此行
✓ 已保存到文件: 265/4500 条

[266/4500] 翻译进度: 5.9%
藏语原文: ཕོ་རོག་ནག་པོ་ནི་མི་ལྟོགས་ཧྲལ་རང་འདོད་ཅན་ལྟོ་གོས་དང...
页面未初始化，正在初始化...
正在访问: http://222.19.82.141:5002/index-Final.html
初始化页面时出错: Message: tab crashed
  (Session info: chrome=143.0.7499.169)

页面初始化失败
✗ 翻译失败，跳过此行
✓ 已保存到文件: 266/4500 条

[267/4500] 翻译进度: 5.9%
藏语原文: གཞན་ལ་སྐྱོན་མེད་དུ་འདུག་ན་གཙང་མར་ཐོན་པ་དང་།
页面未初始化，正在初始化...
正在访问: http://222.19.82.141:5002/index-Final.html
初始化页面时出错: Message: tab crashed
  (Session info: chrome=143.0.7499.169)

页面初始化失败
✗ 翻译失败，跳过此行
✓ 已保存到文件: 267/4500 条

[268/4500] 翻译进度: 6.0%
藏语原文: སྣུམ་བཀོལ་ཐག་ཆོད་པའི་ཚད་ནས་དེང་སང་སྣུམ་ཐོན་པའི་གྲས...
页面未初始化，正在初始化...
正在访问: http://222.19.82.141:5002/index-Final.html
初始化页面时出错: Message: tab crashed
  (Session info: chrome=143.0.7499.169)

页面初始化失败
✗ 翻译失败，跳过此行
✓ 已保存到文件: 268/4500 条

[269/4500] 翻译进度: 6.0%
藏语原文: ཡང་རྡེའུ་མེད་པར་སྣུམ་དཀྲུགས་ནས་ལག་པ་སྐྱོན་བྱུང་མ་བ...
页面未初始化，正在初始化...
正在访问: http://222.19.82.141:5002/index-Final.html
初始化页面时出错: Message: tab crashed
  (Session info: chrome=143.0.7499.169)

页面初始化失败
✗ 翻译失败，跳过此行
✓ 已保存到文件: 269/4500 条

[270/4500] 翻译进度: 6.0%
藏语原文: ངོ་ཚ་སྤྲད་རིན་སོགས་རྣམ་གྲངས་མང་བར་འདུག་པ།
页面未初始化，正在初始化...
正在访问: http://222.19.82.141:5002/index-Final.html
初始化页面时出错: Message: tab crashed
  (Session info: chrome=143.0.7499.169)

页面初始化失败
✗ 翻译失败，跳过此行
✓ 已保存到文件: 270/4500 条

[271/4500] 翻译进度: 6.0%
藏语原文: ཁྱབ་རྟ་ཞོལ་གཡག་ཅེས་ཟེར་བ་འདུག་ནའང་།
页面未初始化，正在初始化...
正在访问: http://222.19.82.141:5002/index-Final.html
初始化页面时出错: Message: tab crashed
  (Session info: chrome=143.0.7499.169)

页面初始化失败
✗ 翻译失败，跳过此行
✓ 已保存到文件: 271/4500 条

[272/4500] 翻译进度: 6.0%
藏语原文: རྐང་ཡ་ལག་ཡ་ལེན་པ་ཡང་འདུག་གོ།
页面未初始化，正在初始化...
正在访问: http://222.19.82.141:5002/index-Final.html
初始化页面时出错: Message: tab crashed
  (Session info: chrome=143.0.7499.169)

页面初始化失败
✗ 翻译失败，跳过此行
✓ 已保存到文件: 272/4500 条

[273/4500] 翻译进度: 6.1%
藏语原文: ཕྱེད་ཤོར་ཟེར་ལོད་པ་སྤྲོད་ལུགས་གསུམ་འདུག་པས།
页面未初始化，正在初始化...
正在访问: http://222.19.82.141:5002/index-Final.html
初始化页面时出错: Message: tab crashed
  (Session info: chrome=143.0.7499.169)

页面初始化失败
✗ 翻译失败，跳过此行
✓ 已保存到文件: 273/4500 条

[274/4500] 翻译进度: 6.1%
藏语原文: ཚལ་པའི་བསྟན་པ་སྐྱོང་བའི་དཔོན་རབས་རིམ་པར་བྱུང་འདུག་...
页面未初始化，正在初始化...
正在访问: http://222.19.82.141:5002/index-Final.html
初始化页面时出错: Message: tab crashed
  (Session info: chrome=143.0.7499.169)

页面初始化失败
✗ 翻译失败，跳过此行
✓ 已保存到文件: 274/4500 条

[275/4500] 翻译进度: 6.1%
藏语原文: མཪ་ཞོའི་སྲང་གྲངས་སུ་བྱེད་པ་སོགས་འདུག་པས།
页面未初始化，正在初始化...
正在访问: http://222.19.82.141:5002/index-Final.html
初始化页面时出错: Message: tab crashed
  (Session info: chrome=143.0.7499.169)

页面初始化失败
✗ 翻译失败，跳过此行
✓ 已保存到文件: 275/4500 条

[276/4500] 翻译进度: 6.1%
藏语原文: ད་ལྟའི་འདི་ག་བྱས་ན་མངའ་ཞབས་ལ་ཡང་བརྡབ་གསིག་ཆེ་བ་འདུ...
页面未初始化，正在初始化...
正在访问: http://222.19.82.141:5002/index-Final.html
初始化页面时出错: Message: tab crashed
  (Session info: chrome=143.0.7499.169)

页面初始化失败
✗ 翻译失败，跳过此行
✓ 已保存到文件: 276/4500 条

[277/4500] 翻译进度: 6.2%
藏语原文: རྐང་གླ་སོགས་ཆད་པའི་བཞི་ཟུར་རིམ་འགྲོས་སུ་བྱས་པ་ཞིག་...
页面未初始化，正在初始化...
正在访问: http://222.19.82.141:5002/index-Final.html
初始化页面时出错: Message: tab crashed
  (Session info: chrome=143.0.7499.169)

页面初始化失败
✗ 翻译失败，跳过此行
✓ 已保存到文件: 277/4500 条

[278/4500] 翻译进度: 6.2%
藏语原文: ཟ་མ་དུས་བབས་འདོད་པ་ལས་སྤྲོས་པའི་ཟ་རྩིས་མི་བྱེད་ཅིང...
页面未初始化，正在初始化...
正在访问: http://222.19.82.141:5002/index-Final.html
初始化页面时出错: Message: tab crashed
  (Session info: chrome=143.0.7499.169)

页面初始化失败
✗ 翻译失败，跳过此行
✓ 已保存到文件: 278/4500 条

[279/4500] 翻译进度: 6.2%
藏语原文: རང་མནའ་ལ་ཁལ་དྲུག་བྲེ་དྲུག་ལེན་པ་ཞིག་ཀྱང་འདུག་ནང་ཚན...
页面未初始化，正在初始化...
正在访问: http://222.19.82.141:5002/index-Final.html
初始化页面时出错: Message: tab crashed
  (Session info: chrome=143.0.7499.169)

页面初始化失败
✗ 翻译失败，跳过此行
✓ 已保存到文件: 279/4500 条

[280/4500] 翻译进度: 6.2%
藏语原文: མ་འཕྲོད་ན་ངོ་བོ་ཡང་མ་གཏོགས་གཏོང་བ་ཞིག་འདུག་ཀྱང་།
页面未初始化，正在初始化...
正在访问: http://222.19.82.141:5002/index-Final.html
初始化页面时出错: Message: tab crashed
  (Session info: chrome=143.0.7499.169)

页面初始化失败
✗ 翻译失败，跳过此行
✓ 已保存到文件: 280/4500 条

[281/4500] 翻译进度: 6.2%
藏语原文: བདེན་དག་འབྱེད་དགོས་འདུག་པ་དང་།
页面未初始化，正在初始化...
正在访问: http://222.19.82.141:5002/index-Final.html
初始化页面时出错: Message: tab crashed
  (Session info: chrome=143.0.7499.169)

页面初始化失败
✗ 翻译失败，跳过此行
✓ 已保存到文件: 281/4500 条

[282/4500] 翻译进度: 6.3%
藏语原文: ཕན་ཚུན་མགོ་སྙོམས་ཀྱི་རྨས་འགྲམ་སྔ་སོར་རྨ་འོག་ཏུ་ཤག་...
页面未初始化，正在初始化...
正在访问: http://222.19.82.141:5002/index-Final.html
初始化页面时出错: Message: tab crashed
  (Session info: chrome=143.0.7499.169)

页面初始化失败
✗ 翻译失败，跳过此行
✓ 已保存到文件: 282/4500 条

[283/4500] 翻译进度: 6.3%
藏语原文: དེས་ན་བདེན་པ་རྫུན་དུ་འགྲོ་བ་ཞིག་འདུག་པས།
页面未初始化，正在初始化...
正在访问: http://222.19.82.141:5002/index-Final.html
初始化页面时出错: Message: tab crashed
  (Session info: chrome=143.0.7499.169)

页面初始化失败
✗ 翻译失败，跳过此行
✓ 已保存到文件: 283/4500 条

[284/4500] 翻译进度: 6.3%
藏语原文: ཁྲག་གདན་ཕྱིང་པ་པ་སྣམ་དཀར་སོགས་སྤྲོད་དགོས་པའི་རྒྱུན...
页面未初始化，正在初始化...
正在访问: http://222.19.82.141:5002/index-Final.html
初始化页面时出错: Message: tab crashed
  (Session info: chrome=143.0.7499.169)

页面初始化失败
✗ 翻译失败，跳过此行
✓ 已保存到文件: 284/4500 条

[285/4500] 翻译进度: 6.3%
藏语原文: གྲུས་པ་ལ་རུས་པ་ཆེ་ཆུང་ལ་དཔག་པའི་གསེར་མཉམ་འདེགས་བྱེ...
页面未初始化，正在初始化...
正在访问: http://222.19.82.141:5002/index-Final.html
初始化页面时出错: Message: tab crashed
  (Session info: chrome=143.0.7499.169)

页面初始化失败
✗ 翻译失败，跳过此行
✓ 已保存到文件: 285/4500 条

[286/4500] 翻译进度: 6.4%
藏语原文: ཟེར་བར་འདུག་པས།
页面未初始化，正在初始化...
正在访问: http://222.19.82.141:5002/index-Final.html
初始化页面时出错: Message: tab crashed
  (Session info: chrome=143.0.7499.169)

页面初始化失败
✗ 翻译失败，跳过此行
✓ 已保存到文件: 286/4500 条

[287/4500] 翻译进度: 6.4%
藏语原文: ཕོ་རོག་ནག་པོ་ནི་མི་ལྟོགས་ཧྲལ་རང་འདོད་ཅན་ལྟོ་གོས་དང...
页面未初始化，正在初始化...
正在访问: http://222.19.82.141:5002/index-Final.html
初始化页面时出错: Message: tab crashed
  (Session info: chrome=143.0.7499.169)

页面初始化失败
✗ 翻译失败，跳过此行
✓ 已保存到文件: 287/4500 条

[288/4500] 翻译进度: 6.4%
藏语原文: གཞན་མ་སྐྱོན་མེད་དུ་འདུག་ན་གཙང་མར་ཐོན་པ་དང་ཆུ་བུར་ས...
页面未初始化，正在初始化...
正在访问: http://222.19.82.141:5002/index-Final.html
初始化页面时出错: Message: tab crashed
  (Session info: chrome=143.0.7499.169)

页面初始化失败
✗ 翻译失败，跳过此行
✓ 已保存到文件: 288/4500 条

[289/4500] 翻译进度: 6.4%
藏语原文: ལག་པར་སྐྱོན་བྱུང་ནས་རྡེའུ་དཀར་པོ་ལོན་ན་ཐོན་ཕྱེད་མའ...
页面未初始化，正在初始化...
正在访问: http://222.19.82.141:5002/index-Final.html
初始化页面时出错: Message: tab crashed
  (Session info: chrome=143.0.7499.169)

页面初始化失败
✗ 翻译失败，跳过此行
✓ 已保存到文件: 289/4500 条

[290/4500] 翻译进度: 6.4%
藏语原文: ཡང་རྡེའུ་མེད་པར་སྣུམ་དཀྲུགས་ནས་ལག་པ་སྐྱོན་བྱུང་མ་བ...
页面未初始化，正在初始化...
正在访问: http://222.19.82.141:5002/index-Final.html
初始化页面时出错: Message: tab crashed
  (Session info: chrome=143.0.7499.169)

页面初始化失败
✗ 翻译失败，跳过此行
✓ 已保存到文件: 290/4500 条

[291/4500] 翻译进度: 6.5%
藏语原文: མཉམ་པོའི་བདུན་འགྱུར་ངོ་བརྒྱད་ཟེར་བ་འདུག་ནའང་།
页面未初始化，正在初始化...
正在访问: http://222.19.82.141:5002/index-Final.html
初始化页面时出错: Message: tab crashed
  (Session info: chrome=143.0.7499.169)

页面初始化失败
✗ 翻译失败，跳过此行
✓ 已保存到文件: 291/4500 条

[292/4500] 翻译进度: 6.5%
藏语原文: ཁྱབ་རྟ་ཞོལ་གཡག་ཟེར་བ་འདུག་ནའང་།
页面未初始化，正在初始化...
正在访问: http://222.19.82.141:5002/index-Final.html
初始化页面时出错: Message: tab crashed
  (Session info: chrome=143.0.7499.169)

页面初始化失败
✗ 翻译失败，跳过此行
✓ 已保存到文件: 292/4500 条

[293/4500] 翻译进度: 6.5%
藏语原文: རྩམ་ཁལ་དྲུག་ཟེར་བ་ལྟར་འདི་གར་བཤེར་འབོད་པས་ལེན་རྒྱུ...
页面未初始化，正在初始化...
正在访问: http://222.19.82.141:5002/index-Final.html
初始化页面时出错: Message: tab crashed
  (Session info: chrome=143.0.7499.169)

页面初始化失败
✗ 翻译失败，跳过此行
✓ 已保存到文件: 293/4500 条

[294/4500] 翻译进度: 6.5%
藏语原文: འདི་འགབ་ཡུལ་ཆགས་པ་ཞིག་མི་འདུག་པས།
页面未初始化，正在初始化...
正在访问: http://222.19.82.141:5002/index-Final.html
初始化页面时出错: Message: tab crashed
  (Session info: chrome=143.0.7499.169)

页面初始化失败
✗ 翻译失败，跳过此行
✓ 已保存到文件: 294/4500 条

[295/4500] 翻译进度: 6.6%
藏语原文: སྐབས་ལ་སྨར་ཁྲག་ཕྱེད་འདྲེས་བདུན་ཞོར་གཅོད་པའང་འདུག་པ...
页面未初始化，正在初始化...
正在访问: http://222.19.82.141:5002/index-Final.html
初始化页面时出错: Message: tab crashed
  (Session info: chrome=143.0.7499.169)

页面初始化失败
✗ 翻译失败，跳过此行
✓ 已保存到文件: 295/4500 条

[296/4500] 翻译进度: 6.6%
藏语原文: པ་གོར་བེ་རོ་ཙ་ན།
页面未初始化，正在初始化...
正在访问: http://222.19.82.141:5002/index-Final.html
初始化页面时出错: Message: tab crashed
  (Session info: chrome=143.0.7499.169)

页面初始化失败
✗ 翻译失败，跳过此行
✓ 已保存到文件: 296/4500 条

[297/4500] 翻译进度: 6.6%
藏语原文: སྟོད་འདུལ་སྨད་འདུལ་གཉིས་བོད་དུ་སླེབས་པ་སྟོད་འདུལ་ས...
页面未初始化，正在初始化...
正在访问: http://222.19.82.141:5002/index-Final.html
初始化页面时出错: Message: tab crashed
  (Session info: chrome=143.0.7499.169)

页面初始化失败
✗ 翻译失败，跳过此行
✓ 已保存到文件: 297/4500 条

[298/4500] 翻译进度: 6.6%
藏语原文: དེའི་ཚེ་མངའ་རིས་ན་པཎྜི་ཏ་ཞིག་ཕེབས་འདུག་ཟེར་བས་དད་པ...
页面未初始化，正在初始化...
正在访问: http://222.19.82.141:5002/index-Final.html
初始化页面时出错: Message: tab crashed
  (Session info: chrome=143.0.7499.169)

页面初始化失败
✗ 翻译失败，跳过此行
✓ 已保存到文件: 298/4500 条

[299/4500] 翻译进度: 6.6%
藏语原文: ལ་ལར་རྡོ་རྗེ་སྐྱབས་ཟེར་བ་འདུག་དགུང་ལོ་གྱ་ལྔ་བཞུགས་...
页面未初始化，正在初始化...
正在访问: http://222.19.82.141:5002/index-Final.html
初始化页面时出错: Message: tab crashed
  (Session info: chrome=143.0.7499.169)

页面初始化失败
✗ 翻译失败，跳过此行
✓ 已保存到文件: 299/4500 条

[300/4500] 翻译进度: 6.7%
藏语原文: ཀ་མ་བ་ཤེར་འོད་ཀྱི་གདུང་པ་ཚབ་ཡིན་ཟེར་བ་འདུག།
页面未初始化，正在初始化...
正在访问: http://222.19.82.141:5002/index-Final.html
初始化页面时出错: Message: tab crashed
  (Session info: chrome=143.0.7499.169)

页面初始化失败
✗ 翻译失败，跳过此行
✓ 已保存到文件: 300/4500 条

[301/4500] 翻译进度: 6.7%
藏语原文: ཟངས་ངས་བརྡུངས་ཟངས་སྐད་གཞན་གྱིས་འདོན་པར་འདུག་རྩ།
页面未初始化，正在初始化...
正在访问: http://222.19.82.141:5002/index-Final.html
初始化页面时出错: Message: tab crashed
  (Session info: chrome=143.0.7499.169)

页面初始化失败
✗ 翻译失败，跳过此行
✓ 已保存到文件: 301/4500 条

[302/4500] 翻译进度: 6.7%
藏语原文: ལ་ལར་དབལ་ཟེར་བའང་འདུག།
页面未初始化，正在初始化...
正在访问: http://222.19.82.141:5002/index-Final.html
初始化页面时出错: Message: tab crashed
  (Session info: chrome=143.0.7499.169)

页面初始化失败
✗ 翻译失败，跳过此行
✓ 已保存到文件: 302/4500 条

[303/4500] 翻译进度: 6.7%
藏语原文: གཅིག་བརྗེད་འདུག་པས་རྩད་ཆོད་ཅིག།
页面未初始化，正在初始化...
正在访问: http://222.19.82.141:5002/index-Final.html
初始化页面时出错: Message: tab crashed
  (Session info: chrome=143.0.7499.169)

页面初始化失败
✗ 翻译失败，跳过此行
✓ 已保存到文件: 303/4500 条

[304/4500] 翻译进度: 6.8%
藏语原文: ཆུ་གླང་ཡིན་ཟེར་བ་ཡང་འདུག།
页面未初始化，正在初始化...
正在访问: http://222.19.82.141:5002/index-Final.html
初始化页面时出错: Message: tab crashed
  (Session info: chrome=143.0.7499.169)

页面初始化失败
✗ 翻译失败，跳过此行
✓ 已保存到文件: 304/4500 条

[305/4500] 翻译进度: 6.8%
藏语原文: ཁྱེད་རང་ལྟར་ན།
页面未初始化，正在初始化...
正在访问: http://222.19.82.141:5002/index-Final.html
初始化页面时出错: Message: tab crashed
  (Session info: chrome=143.0.7499.169)

页面初始化失败
✗ 翻译失败，跳过此行
✓ 已保存到文件: 305/4500 条

[306/4500] 翻译进度: 6.8%
藏语原文: ཁོ་ཁོ་རང་སྐབས་གཉིས་པའི་མཐའ་དཔྱོད་མཁས་པའི་མགུལ་རྒྱན...
页面未初始化，正在初始化...
正在访问: http://222.19.82.141:5002/index-Final.html
初始化页面时出错: Message: tab crashed
  (Session info: chrome=143.0.7499.169)

页面初始化失败
✗ 翻译失败，跳过此行
✓ 已保存到文件: 306/4500 条

[307/4500] 翻译进度: 6.8%
藏语原文: དེས་ཁོ་རང་རྟོགས་པའི་ཕྱིར།
页面未初始化，正在初始化...
正在访问: http://222.19.82.141:5002/index-Final.html
初始化页面时出错: Message: tab crashed
  (Session info: chrome=143.0.7499.169)

页面初始化失败
✗ 翻译失败，跳过此行
✓ 已保存到文件: 307/4500 条

[308/4500] 翻译进度: 6.8%
藏语原文: ཐེག་ཆེན་གྱི་མཐོང་ལམ་མཉམ་གཞག་ཡེ་ཤེས་དེས་ཁོ་རང་མ་རྟོ...
页面未初始化，正在初始化...
正在访问: http://222.19.82.141:5002/index-Final.html
初始化页面时出错: Message: tab crashed
  (Session info: chrome=143.0.7499.169)

页面初始化失败
✗ 翻译失败，跳过此行
✓ 已保存到文件: 308/4500 条

[309/4500] 翻译进度: 6.9%
藏语原文: ཐེག་ཆེན་གྱི་མཐོང་ལམ་ཤེས་བཟོད་སྐད་ཅིག་མ་བཅུ་དྲུག་དུ...
页面未初始化，正在初始化...
正在访问: http://222.19.82.141:5002/index-Final.html
初始化页面时出错: Message: tab crashed
  (Session info: chrome=143.0.7499.169)

页面初始化失败
✗ 翻译失败，跳过此行
✓ 已保存到文件: 309/4500 条

[310/4500] 翻译进度: 6.9%
藏语原文: གཞན་ཡང་རང་རྒྱལ་ཡིན་ན་འདོད་པའི་རྟེན་ཅན་ཡིན་པས་ཁྱབ་ཟ...
页面未初始化，正在初始化...
正在访问: http://222.19.82.141:5002/index-Final.html
初始化页面时出错: Message: tab crashed
  (Session info: chrome=143.0.7499.169)

页面初始化失败
✗ 翻译失败，跳过此行
✓ 已保存到文件: 310/4500 条

[311/4500] 翻译进度: 6.9%
藏语原文: ཉན་ཐོས་ཀྱི་ལམ་ཤེས་པའི་ལམ་ཤེས་དང་རང་རྒྱལ་གྱི་ལམ་ཤེས...
页面未初始化，正在初始化...
正在访问: http://222.19.82.141:5002/index-Final.html
初始化页面时出错: Message: tab crashed
  (Session info: chrome=143.0.7499.169)

页面初始化失败
✗ 翻译失败，跳过此行
✓ 已保存到文件: 311/4500 条

[312/4500] 翻译进度: 6.9%
藏语原文: ལུང་མ་བསྟན་གྱི་ལྟ་བའི་དམ་བཅའ་ཚུལ་ལ་ཞིབ་ཏུ་བརྟགས་ན་...
页面未初始化，正在初始化...
正在访问: http://222.19.82.141:5002/index-Final.html
初始化页面时出错: Message: tab crashed
  (Session info: chrome=143.0.7499.169)

页面初始化失败
✗ 翻译失败，跳过此行
✓ 已保存到文件: 312/4500 条

[313/4500] 翻译进度: 7.0%
藏语原文: ཡང་རང་དོན་དང་གཞན་དོན་གཉིས་སུ་ཡང་འགྱུར་ཏེ།
页面未初始化，正在初始化...
正在访问: http://222.19.82.141:5002/index-Final.html
初始化页面时出错: Message: tab crashed
  (Session info: chrome=143.0.7499.169)

页面初始化失败
✗ 翻译失败，跳过此行
✓ 已保存到文件: 313/4500 条

[314/4500] 翻译进度: 7.0%
藏语原文: ཊཱིཀ་པ་ཐམས་ཅད་ཀྱིས་ལན་གདབ་རྒྱུ་འདུག་མི་འདུག་ལྟོས་ཤ...
页面未初始化，正在初始化...
正在访问: http://222.19.82.141:5002/index-Final.html
初始化页面时出错: Message: tab crashed
  (Session info: chrome=143.0.7499.169)

页面初始化失败
✗ 翻译失败，跳过此行
✓ 已保存到文件: 314/4500 条

[315/4500] 翻译进度: 7.0%
藏语原文: གནས་དེ་ནགས་འཐུག་པོས་ཁེབས་པའི་གནམ་མཐོང་བ་ཙམ་ལས་མི་འ...
页面未初始化，正在初始化...
正在访问: http://222.19.82.141:5002/index-Final.html
初始化页面时出错: Message: tab crashed
  (Session info: chrome=143.0.7499.169)

页面初始化失败
✗ 翻译失败，跳过此行
✓ 已保存到文件: 315/4500 条

[316/4500] 翻译进度: 7.0%
藏语原文: དེ་ནས་བཟུང་བཀྲ་ཤིས་ཁང་གསར་བའི་མི་བརྒྱུད་ཀྱིས་ཟམ་མ་...
页面未初始化，正在初始化...
正在访问: http://222.19.82.141:5002/index-Final.html
初始化页面时出错: Message: tab crashed
  (Session info: chrome=143.0.7499.169)

页面初始化失败
✗ 翻译失败，跳过此行
✓ 已保存到文件: 316/4500 条

[317/4500] 翻译进度: 7.0%
藏语原文: ཇི་ལྟར་བདེ་བའི་སྟན་ལ་འདུག་ནས་དེ་བཞིན་དུ་སྲུང་བའི་ས...
页面未初始化，正在初始化...
正在访问: http://222.19.82.141:5002/index-Final.html
初始化页面时出错: Message: tab crashed
  (Session info: chrome=143.0.7499.169)

页面初始化失败
✗ 翻译失败，跳过此行
✓ 已保存到文件: 317/4500 条

[318/4500] 翻译进度: 7.1%
藏语原文: ལངས་སམ་ཡང་ན་འདུག་ཀྱང་རུང་།
页面未初始化，正在初始化...
正在访问: http://222.19.82.141:5002/index-Final.html
初始化页面时出错: Message: tab crashed
  (Session info: chrome=143.0.7499.169)

页面初始化失败
✗ 翻译失败，跳过此行
✓ 已保存到文件: 318/4500 条

[319/4500] 翻译进度: 7.1%
藏语原文: དེ་ནས་དེ་བཞིན་དུ་འདུག་སྟེ།
页面未初始化，正在初始化...
正在访问: http://222.19.82.141:5002/index-Final.html
初始化页面时出错: Message: tab crashed
  (Session info: chrome=143.0.7499.169)

页面初始化失败
✗ 翻译失败，跳过此行
✓ 已保存到文件: 319/4500 条

[320/4500] 翻译进度: 7.1%
藏语原文: དེའི་དོན་མན་ངག་དང་བཅས་པ་ནི་གང་ཡང་རུང་བའི་ཕྱོགས་སུ་...
页面未初始化，正在初始化...
正在访问: http://222.19.82.141:5002/index-Final.html
初始化页面时出错: Message: tab crashed
  (Session info: chrome=143.0.7499.169)

页面初始化失败
✗ 翻译失败，跳过此行
✓ 已保存到文件: 320/4500 条

[321/4500] 翻译进度: 7.1%
藏语原文: གང་ཡང་རུང་བའི་གནས་སུ་འདུག་ལ།
页面未初始化，正在初始化...
正在访问: http://222.19.82.141:5002/index-Final.html
初始化页面时出错: Message: tab crashed
  (Session info: chrome=143.0.7499.169)

页面初始化失败
✗ 翻译失败，跳过此行
✓ 已保存到文件: 321/4500 条

[322/4500] 翻译进度: 7.2%
藏语原文: དེ་ནས་ཀྱང་དེ་བཞིན་དུ་ནུབ་གཅིག་ཏིང་ངེ་འཛིན་དུ་འདུག་...
页面未初始化，正在初始化...
正在访问: http://222.19.82.141:5002/index-Final.html
初始化页面时出错: Message: tab crashed
  (Session info: chrome=143.0.7499.169)

页面初始化失败
✗ 翻译失败，跳过此行
✓ 已保存到文件: 322/4500 条

[323/4500] 翻译进度: 7.2%
藏语原文: བྲིས་ནས་སྟེང་དུ་འདུག་པར་བྱ།
页面未初始化，正在初始化...
正在访问: http://222.19.82.141:5002/index-Final.html
初始化页面时出错: Message: tab crashed
  (Session info: chrome=143.0.7499.169)

页面初始化失败
✗ 翻译失败，跳过此行
✓ 已保存到文件: 323/4500 条

[324/4500] 翻译进度: 7.2%
藏语原文: ལངས་སམ་ཡང་ན་འདུག་ཀྱང་རུང་།
页面未初始化，正在初始化...
正在访问: http://222.19.82.141:5002/index-Final.html
初始化页面时出错: Message: tab crashed
  (Session info: chrome=143.0.7499.169)

页面初始化失败
✗ 翻译失败，跳过此行
✓ 已保存到文件: 324/4500 条

[325/4500] 翻译进度: 7.2%
藏语原文: འདུག་ནས་རབ་ཏུ་བསྒྲུབས་ན་ནི།
页面未初始化，正在初始化...
正在访问: http://222.19.82.141:5002/index-Final.html
初始化页面时出错: Message: tab crashed
  (Session info: chrome=143.0.7499.169)

页面初始化失败
✗ 翻译失败，跳过此行
✓ 已保存到文件: 325/4500 条

[326/4500] 翻译进度: 7.2%
藏语原文: ལངས་སམ་ཡང་ན་འདུག་ཀྱང་རུང་།
页面未初始化，正在初始化...
正在访问: http://222.19.82.141:5002/index-Final.html
初始化页面时出错: Message: tab crashed
  (Session info: chrome=143.0.7499.169)

页面初始化失败
✗ 翻译失败，跳过此行
✓ 已保存到文件: 326/4500 条

[327/4500] 翻译进度: 7.3%
藏语原文: ལངས་སམ་ཡང་ན་འདུག་ཀྱང་རུང་།
页面未初始化，正在初始化...
正在访问: http://222.19.82.141:5002/index-Final.html
初始化页面时出错: Message: tab crashed
  (Session info: chrome=143.0.7499.169)

页面初始化失败
✗ 翻译失败，跳过此行
✓ 已保存到文件: 327/4500 条

[328/4500] 翻译进度: 7.3%
藏语原文: ཇི་ལྟ་ཇི་ལྟར་འདུག་ཀྱང་རུང་།
页面未初始化，正在初始化...
正在访问: http://222.19.82.141:5002/index-Final.html
初始化页面时出错: Message: tab crashed
  (Session info: chrome=143.0.7499.169)

页面初始化失败
✗ 翻译失败，跳过此行
✓ 已保存到文件: 328/4500 条

[329/4500] 翻译进度: 7.3%
藏语原文: དེའི་འོག་ཏུ་སརྦ་མུ་ཏྲ་མི་ཏྲི་དྷི་ཀུ་རུ་བ་ར་ཀ་བ་ཙ་ན...
页面未初始化，正在初始化...
正在访问: http://222.19.82.141:5002/index-Final.html
初始化页面时出错: Message: tab crashed
  (Session info: chrome=143.0.7499.169)

页面初始化失败
✗ 翻译失败，跳过此行
✓ 已保存到文件: 329/4500 条

[330/4500] 翻译进度: 7.3%
藏语原文: ཏིང་ངེ་འཛིན་གྱིས་བཟླས་བརྗོད་བྱེད་ཅིང་མཚན་ཐོག་ཐག་ཏུ...
页面未初始化，正在初始化...
正在访问: http://222.19.82.141:5002/index-Final.html
初始化页面时出错: Message: tab crashed
  (Session info: chrome=143.0.7499.169)

页面初始化失败
✗ 翻译失败，跳过此行
✓ 已保存到文件: 330/4500 条

[331/4500] 翻译进度: 7.4%
藏语原文: དེ་དང་གཅིག་ཏུ་འདུག་པར་བྱ།
页面未初始化，正在初始化...
正在访问: http://222.19.82.141:5002/index-Final.html
初始化页面时出错: Message: tab crashed
  (Session info: chrome=143.0.7499.169)

页面初始化失败
✗ 翻译失败，跳过此行
✓ 已保存到文件: 331/4500 条

[332/4500] 翻译进度: 7.4%
藏语原文: སྤྲོས་པ་མེད་པ་དང་རང་བཞིན་གྱིས་རྣམ་པར་སོ་སོའི་ཞིང་ཇ...
页面未初始化，正在初始化...
正在访问: http://222.19.82.141:5002/index-Final.html
初始化页面时出错: Message: tab crashed
  (Session info: chrome=143.0.7499.169)

页面初始化失败
✗ 翻译失败，跳过此行
✓ 已保存到文件: 332/4500 条

[333/4500] 翻译进度: 7.4%
藏语原文: དེ་ལྟ་ན་ནི་འདུག་པའི་གོ་སྐབས་ཀྱང་མེད་པར་འགྱུར་རོ།
页面未初始化，正在初始化...
正在访问: http://222.19.82.141:5002/index-Final.html
初始化页面时出错: Message: tab crashed
  (Session info: chrome=143.0.7499.169)

页面初始化失败
✗ 翻译失败，跳过此行
✓ 已保存到文件: 333/4500 条

[334/4500] 翻译进度: 7.4%
藏语原文: དེ་ལྟར་བསྟན་པ་དེ་ཡང་རང་བཟོར་བརྩམས་པ་མ་ཡིན་པའི་ཕྱིར...
页面未初始化，正在初始化...
正在访问: http://222.19.82.141:5002/index-Final.html
初始化页面时出错: Message: tab crashed
  (Session info: chrome=143.0.7499.169)

页面初始化失败
✗ 翻译失败，跳过此行
✓ 已保存到文件: 334/4500 条

[335/4500] 翻译进度: 7.4%
藏语原文: དེའི་ཆ་ཤས་ཀྱིས་གང་རང་བཞིན་མེད་པར་བརྟགས་པ་དེ་ནི་ཕྱག...
页面未初始化，正在初始化...
正在访问: http://222.19.82.141:5002/index-Final.html
初始化页面时出错: Message: tab crashed
  (Session info: chrome=143.0.7499.169)

页面初始化失败
✗ 翻译失败，跳过此行
✓ 已保存到文件: 335/4500 条

[336/4500] 翻译进度: 7.5%
藏语原文: ཡོད་བཞིན་དུ་བྱ་བ་མི་བྱེད་པར་འདུག་པ་ཡང་མི་སྲིད་དེ།
页面未初始化，正在初始化...
正在访问: http://222.19.82.141:5002/index-Final.html
初始化页面时出错: Message: tab crashed
  (Session info: chrome=143.0.7499.169)

页面初始化失败
✗ 翻译失败，跳过此行
✓ 已保存到文件: 336/4500 条

[337/4500] 翻译进度: 7.5%
藏语原文: མཆོད་རྟེན་ཁྲི་ལ་ལེགས་འདུག་པ།
页面未初始化，正在初始化...
正在访问: http://222.19.82.141:5002/index-Final.html
初始化页面时出错: Message: tab crashed
  (Session info: chrome=143.0.7499.169)

页面初始化失败
✗ 翻译失败，跳过此行
✓ 已保存到文件: 337/4500 条

[338/4500] 翻译进度: 7.5%
藏语原文: དེ་དག་ཀྱང་རང་བཟོ་མ་ཡིན་ཏེ།
页面未初始化，正在初始化...
正在访问: http://222.19.82.141:5002/index-Final.html
初始化页面时出错: Message: tab crashed
  (Session info: chrome=143.0.7499.169)

页面初始化失败
✗ 翻译失败，跳过此行
✓ 已保存到文件: 338/4500 条

[339/4500] 翻译进度: 7.5%
藏语原文: ཆེན་པོ་ནི་ཉན་ཐོས་དང་རང་རྒྱལ་བ་རྣམས་ལས་ཁྱད་པར་དུ་གྱ...
页面未初始化，正在初始化...
正在访问: http://222.19.82.141:5002/index-Final.html
初始化页面时出错: Message: tab crashed
  (Session info: chrome=143.0.7499.169)

页面初始化失败
✗ 翻译失败，跳过此行
✓ 已保存到文件: 339/4500 条

[340/4500] 翻译进度: 7.6%
藏语原文: སློབ་དཔོན་གྱི་སྟན་ལ་མི་འདུག་པ་དང་།
页面未初始化，正在初始化...
正在访问: http://222.19.82.141:5002/index-Final.html
初始化页面时出错: Message: tab crashed
  (Session info: chrome=143.0.7499.169)

页面初始化失败
✗ 翻译失败，跳过此行
✓ 已保存到文件: 340/4500 条

[341/4500] 翻译进度: 7.6%
藏语原文: ཇི་ལྟར་རྒྱུད་ལས་དེ་བཞིན་གཤེགས་པ་ཐམས་ཅད་གཅིག་ཏུ་འདུ...
页面未初始化，正在初始化...
正在访问: http://222.19.82.141:5002/index-Final.html
初始化页面时出错: Message: tab crashed
  (Session info: chrome=143.0.7499.169)

页面初始化失败
✗ 翻译失败，跳过此行
✓ 已保存到文件: 341/4500 条

[342/4500] 翻译进度: 7.6%
藏语原文: འོན་ཏེ་འདི་ལས་ཀྱང་རང་གཉེར་གྱིས་འདོད་པའི་གནས་ཀྱི་རི...
页面未初始化，正在初始化...
正在访问: http://222.19.82.141:5002/index-Final.html
初始化页面时出错: Message: tab crashed
  (Session info: chrome=143.0.7499.169)

页面初始化失败
✗ 翻译失败，跳过此行
✓ 已保存到文件: 342/4500 条

[343/4500] 翻译进度: 7.6%
藏语原文: ཇི་ལྟར་བདེ་བའི་སྟན་ལ་འདུག་ནས་ཞེས་པ་ནི།
页面未初始化，正在初始化...
正在访问: http://222.19.82.141:5002/index-Final.html
初始化页面时出错: Message: tab crashed
  (Session info: chrome=143.0.7499.169)

页面初始化失败
✗ 翻译失败，跳过此行
✓ 已保存到文件: 343/4500 条

[344/4500] 翻译进度: 7.6%
藏语原文: བྱ་བའི་རྒྱུད་ལས་གསུངས་པའི་རྩ་དང་ཤིང་སྟན་ལ་འདུག་པར་...
页面未初始化，正在初始化...
正在访问: http://222.19.82.141:5002/index-Final.html
初始化页面时出错: Message: tab crashed
  (Session info: chrome=143.0.7499.169)

页面初始化失败
✗ 翻译失败，跳过此行
✓ 已保存到文件: 344/4500 条

[345/4500] 翻译进度: 7.7%
藏语原文: བདག་ཀྱང་རང་བཞིན་རྣམ་པར་དག།
页面未初始化，正在初始化...
正在访问: http://222.19.82.141:5002/index-Final.html
初始化页面时出错: Message: tab crashed
  (Session info: chrome=143.0.7499.169)

页面初始化失败
✗ 翻译失败，跳过此行
✓ 已保存到文件: 345/4500 条

[346/4500] 翻译进度: 7.7%
藏语原文: ཞེས་པ་ནི་སྔ་མའི་དབུས་སུ་བརྟགས་པ་དེ་བཞིན་དུ་ཟླ་བའི་...
页面未初始化，正在初始化...
正在访问: http://222.19.82.141:5002/index-Final.html
初始化页面时出错: Message: tab crashed
  (Session info: chrome=143.0.7499.169)

页面初始化失败
✗ 翻译失败，跳过此行
✓ 已保存到文件: 346/4500 条

[347/4500] 翻译进度: 7.7%
藏语原文: རྡོ་རྗེ་སེམས་དཔའི་གནས་འདུག་ན།
页面未初始化，正在初始化...
正在访问: http://222.19.82.141:5002/index-Final.html
初始化页面时出错: Message: tab crashed
  (Session info: chrome=143.0.7499.169)

页面初始化失败
✗ 翻译失败，跳过此行
✓ 已保存到文件: 347/4500 条

[348/4500] 翻译进度: 7.7%
藏语原文: གང་དུ་འདུག་པ་དེའི་མདུན་དུ་འགྱུར་རོ་ཞེས་གསུངས་པ་བཞི...
页面未初始化，正在初始化...
正在访问: http://222.19.82.141:5002/index-Final.html
初始化页面时出错: Message: tab crashed
  (Session info: chrome=143.0.7499.169)

页面初始化失败
✗ 翻译失败，跳过此行
✓ 已保存到文件: 348/4500 条

[349/4500] 翻译进度: 7.8%
藏语原文: བཅོམ་ལྡན་འདས་བེ་རོ་ཙ་ན་རྡོ་རྗེ་གྲུབ་པ་ཞེས་བྱ་བར་འད...
页面未初始化，正在初始化...
正在访问: http://222.19.82.141:5002/index-Final.html
初始化页面时出错: Message: tab crashed
  (Session info: chrome=143.0.7499.169)

页面初始化失败
✗ 翻译失败，跳过此行
✓ 已保存到文件: 349/4500 条

[350/4500] 翻译进度: 7.8%
藏语原文: དེ་བཞིན་གཤེགས་པ་དེ་དག་སོ་སོ་ལ་བརྟེན་པའི་རང་རང་རིགས...
页面未初始化，正在初始化...
正在访问: http://222.19.82.141:5002/index-Final.html
初始化页面时出错: Message: tab crashed
  (Session info: chrome=143.0.7499.169)

页面初始化失败
✗ 翻译失败，跳过此行
✓ 已保存到文件: 350/4500 条

[351/4500] 翻译进度: 7.8%
藏语原文: བརྐམ་དང་ཆགས་ལ་འདུག་པ་མེད།
页面未初始化，正在初始化...
正在访问: http://222.19.82.141:5002/index-Final.html
初始化页面时出错: Message: tab crashed
  (Session info: chrome=143.0.7499.169)

页面初始化失败
✗ 翻译失败，跳过此行
✓ 已保存到文件: 351/4500 条

[352/4500] 翻译进度: 7.8%
藏语原文: ཡང་ན་གང་ཡང་རུང་བའི་གནས་སུ་འདུག་ལ།
页面未初始化，正在初始化...
正在访问: http://222.19.82.141:5002/index-Final.html
初始化页面时出错: Message: tab crashed
  (Session info: chrome=143.0.7499.169)

页面初始化失败
✗ 翻译失败，跳过此行
✓ 已保存到文件: 352/4500 条

[353/4500] 翻译进度: 7.8%
藏语原文: སྦྲ་གུར་ལ་སོགས་པ་ཇི་ལྟར་འདོད་པའི་གནས་སུ་འདུག་སྟེ།
页面未初始化，正在初始化...
正在访问: http://222.19.82.141:5002/index-Final.html
初始化页面时出错: Message: tab crashed
  (Session info: chrome=143.0.7499.169)

页面初始化失败
✗ 翻译失败，跳过此行
✓ 已保存到文件: 353/4500 条

[354/4500] 翻译进度: 7.9%
藏语原文: འདུག་པ་དང་།
页面未初始化，正在初始化...
正在访问: http://222.19.82.141:5002/index-Final.html
初始化页面时出错: Message: tab crashed
  (Session info: chrome=143.0.7499.169)

页面初始化失败
✗ 翻译失败，跳过此行
✓ 已保存到文件: 354/4500 条

[355/4500] 翻译进度: 7.9%
藏语原文: དེ་ནས་ཟླ་བ་ལ་འདུག་བཞིན་དུ་སོར་གཅིག་ལ་སོགས་པའི་རིམ་...
页面未初始化，正在初始化...
正在访问: http://222.19.82.141:5002/index-Final.html
初始化页面时出错: Message: tab crashed
  (Session info: chrome=143.0.7499.169)

页面初始化失败
✗ 翻译失败，跳过此行
✓ 已保存到文件: 355/4500 条

[356/4500] 翻译进度: 7.9%
藏语原文: མི་གནས་པའི་དངོས་པོ་ལའང་ལོ་དུ་མར་འདུག་ཏུ་རུང་བར་བྱ་...
页面未初始化，正在初始化...
正在访问: http://222.19.82.141:5002/index-Final.html
初始化页面时出错: Message: tab crashed
  (Session info: chrome=143.0.7499.169)

页面初始化失败
✗ 翻译失败，跳过此行
✓ 已保存到文件: 356/4500 条

[357/4500] 翻译进度: 7.9%
藏语原文: རྡོ་རྗེ་དབྱིངས་ཀྱི་སྐབས་སུ་འདུག་ཐབས་མ་གསུངས་པ་དེ་འ...
页面未初始化，正在初始化...
正在访问: http://222.19.82.141:5002/index-Final.html
初始化页面时出错: Message: tab crashed
  (Session info: chrome=143.0.7499.169)

页面初始化失败
✗ 翻译失败，跳过此行
✓ 已保存到文件: 357/4500 条

[358/4500] 翻译进度: 8.0%
藏语原文: རིགས་གསུམ་པོ་དག་ལས་སོ་སོ་གང་ལ་དད་པའི་དེའི་འདུག་སྟང...
页面未初始化，正在初始化...
正在访问: http://222.19.82.141:5002/index-Final.html
初始化页面时出错: Message: tab crashed
  (Session info: chrome=143.0.7499.169)

页面初始化失败
✗ 翻译失败，跳过此行
✓ 已保存到文件: 358/4500 条

[359/4500] 翻译进度: 8.0%
藏语原文: དེའི་བཟླས་བརྗོད་བྱེད་པའི་རྣལ་འབྱོར་པའི་འདུག་སྟངས་ག...
页面未初始化，正在初始化...
正在访问: http://222.19.82.141:5002/index-Final.html
初始化页面时出错: Message: tab crashed
  (Session info: chrome=143.0.7499.169)

页面初始化失败
✗ 翻译失败，跳过此行
✓ 已保存到文件: 359/4500 条

[360/4500] 翻译进度: 8.0%
藏语原文: འདུག་ནས་རབ་ཏུ་བསྒྲུབས་ན་ནི།
页面未初始化，正在初始化...
正在访问: http://222.19.82.141:5002/index-Final.html
初始化页面时出错: Message: tab crashed
  (Session info: chrome=143.0.7499.169)

页面初始化失败
✗ 翻译失败，跳过此行
✓ 已保存到文件: 360/4500 条

[361/4500] 翻译进度: 8.0%
藏语原文: ལངས་སམ་ཡང་ན་འདུག་ཀྱང་རུང་།
页面未初始化，正在初始化...
正在访问: http://222.19.82.141:5002/index-Final.html
初始化页面时出错: Message: tab crashed
  (Session info: chrome=143.0.7499.169)

页面初始化失败
✗ 翻译失败，跳过此行
✓ 已保存到文件: 361/4500 条

[362/4500] 翻译进度: 8.0%
藏语原文: འདུག་པ་དང་།
页面未初始化，正在初始化...
正在访问: http://222.19.82.141:5002/index-Final.html
初始化页面时出错: Message: tab crashed
  (Session info: chrome=143.0.7499.169)

页面初始化失败
✗ 翻译失败，跳过此行
✓ 已保存到文件: 362/4500 条

[363/4500] 翻译进度: 8.1%
藏语原文: ཞེས་པ་དེ་ལྟར་བསྟན་པའི་འདུག་སྟངས་འདི་ནི་རིགས་བཞིར་ཕ...
页面未初始化，正在初始化...
正在访问: http://222.19.82.141:5002/index-Final.html
初始化页面时出错: Message: tab crashed
  (Session info: chrome=143.0.7499.169)

页面初始化失败
✗ 翻译失败，跳过此行
✓ 已保存到文件: 363/4500 条

[364/4500] 翻译进度: 8.1%
藏语原文: ཐམས་ཅད་འདུག་པའོ་ཞེས་གསུངས་སོ།
页面未初始化，正在初始化...
正在访问: http://222.19.82.141:5002/index-Final.html
初始化页面时出错: Message: tab crashed
  (Session info: chrome=143.0.7499.169)

页面初始化失败
✗ 翻译失败，跳过此行
✓ 已保存到文件: 364/4500 条

[365/4500] 翻译进度: 8.1%
藏语原文: དེ་ལྟར་ལུས་ཀྱི་འདུག་སྟངས་ཇི་ལྟར་བྱ་བ་དང་།
页面未初始化，正在初始化...
正在访问: http://222.19.82.141:5002/index-Final.html
初始化页面时出错: Message: tab crashed
  (Session info: chrome=143.0.7499.169)

页面初始化失败
✗ 翻译失败，跳过此行
✓ 已保存到文件: 365/4500 条

[366/4500] 翻译进度: 8.1%
藏语原文: དེའི་དོན་ཀྱང་ཞེས་པ་ནི་དེ་ལྟར་ལྷ་མདུན་དུ་བསམས་ལ་བཟླ...
页面未初始化，正在初始化...
正在访问: http://222.19.82.141:5002/index-Final.html
初始化页面时出错: Message: tab crashed
  (Session info: chrome=143.0.7499.169)

页面初始化失败
✗ 翻译失败，跳过此行
✓ 已保存到文件: 366/4500 条

[367/4500] 翻译进度: 8.2%
藏语原文: འདུག་ཐབས་བསྟན་པའོ།
页面未初始化，正在初始化...
正在访问: http://222.19.82.141:5002/index-Final.html
初始化页面时出错: Message: tab crashed
  (Session info: chrome=143.0.7499.169)

页面初始化失败
✗ 翻译失败，跳过此行
✓ 已保存到文件: 367/4500 条

[368/4500] 翻译进度: 8.2%
藏语原文: ཞེས་བྱ་བ་ལ་སོགས་ནི་དེ་ལྟར་བྱ་བ་ཡང་རང་བཟོར་མ་ཡིན་གྱ...
页面未初始化，正在初始化...
正在访问: http://222.19.82.141:5002/index-Final.html
初始化页面时出错: Message: tab crashed
  (Session info: chrome=143.0.7499.169)

页面初始化失败
✗ 翻译失败，跳过此行
✓ 已保存到文件: 368/4500 条

[369/4500] 翻译进度: 8.2%
藏语原文: རྫས་སྟོང་བ་གང་ན་འདུག་པར་འགྲོ་བའམ།
页面未初始化，正在初始化...
正在访问: http://222.19.82.141:5002/index-Final.html
初始化页面时出错: Message: tab crashed
  (Session info: chrome=143.0.7499.169)

页面初始化失败
✗ 翻译失败，跳过此行
✓ 已保存到文件: 369/4500 条

[370/4500] 翻译进度: 8.2%
藏语原文: དེ་ལྟར་བྱེད་དེ་དེ་ལྟ་བུ་འདོད་པ་དེས་ཀྱང་རང་ཐད་དུ་བྱ...
页面未初始化，正在初始化...
正在访问: http://222.19.82.141:5002/index-Final.html
初始化页面时出错: Message: tab crashed
  (Session info: chrome=143.0.7499.169)

页面初始化失败
✗ 翻译失败，跳过此行
✓ 已保存到文件: 370/4500 条

[371/4500] 翻译进度: 8.2%
藏语原文: དངོས་དང་རང་བཞིན་ལ་བྱ་སྟེ།
页面未初始化，正在初始化...
正在访问: http://222.19.82.141:5002/index-Final.html
初始化页面时出错: Message: tab crashed
  (Session info: chrome=143.0.7499.169)

页面初始化失败
✗ 翻译失败，跳过此行
✓ 已保存到文件: 371/4500 条

[372/4500] 翻译进度: 8.3%
藏语原文: དེ་དག་ལྷན་ཅིག་འདུག་པར་བྱ།
页面未初始化，正在初始化...
正在访问: http://222.19.82.141:5002/index-Final.html
初始化页面时出错: Message: tab crashed
  (Session info: chrome=143.0.7499.169)

页面初始化失败
✗ 翻译失败，跳过此行
✓ 已保存到文件: 372/4500 条

[373/4500] 翻译进度: 8.3%
藏语原文: འདུག་སྟབས་དང་།
页面未初始化，正在初始化...
正在访问: http://222.19.82.141:5002/index-Final.html
初始化页面时出错: Message: tab crashed
  (Session info: chrome=143.0.7499.169)

页面初始化失败
✗ 翻译失败，跳过此行
✓ 已保存到文件: 373/4500 条

[374/4500] 翻译进度: 8.3%
藏语原文: ཁྱེད་རང་ཡང་སྐྱེ་བ་སྔ་ཕྱི་ཡོད་པར་བསམ་བློ་འཁོར་ན།
页面未初始化，正在初始化...
正在访问: http://222.19.82.141:5002/index-Final.html
初始化页面时出错: Message: tab crashed
  (Session info: chrome=143.0.7499.169)

页面初始化失败
✗ 翻译失败，跳过此行
✓ 已保存到文件: 374/4500 条

[375/4500] 翻译进度: 8.3%
藏语原文: སྐྱེ་བ་ཕྱི་མ་ཁྱེད་རང་དུད་འགྲའི་རིགས་ཤིག་གམ།
页面未初始化，正在初始化...
正在访问: http://222.19.82.141:5002/index-Final.html
初始化页面时出错: Message: tab crashed
  (Session info: chrome=143.0.7499.169)

页面初始化失败
✗ 翻译失败，跳过此行
✓ 已保存到文件: 375/4500 条

[376/4500] 翻译进度: 8.4%
藏语原文: ཐར་བའི་ལམ་ལ་བགྲོད་པའི་གེགས་སུ་ཤ་འདི་ཆེ་བར་གདའ།
页面未初始化，正在初始化...
正在访问: http://222.19.82.141:5002/index-Final.html
初始化页面时出错: Message: tab crashed
  (Session info: chrome=143.0.7499.169)

页面初始化失败
✗ 翻译失败，跳过此行
✓ 已保存到文件: 376/4500 条

[377/4500] 翻译进度: 8.4%
藏语原文: དེས་ན་ཐམས་ཅད་མཁྱེན་པའི་གོ་འཕང་འཐོབ་པའི་གེགས་ཀྱང་ཤའ...
页面未初始化，正在初始化...
正在访问: http://222.19.82.141:5002/index-Final.html
初始化页面时出错: Message: tab crashed
  (Session info: chrome=143.0.7499.169)

页面初始化失败
✗ 翻译失败，跳过此行
✓ 已保存到文件: 377/4500 条

[378/4500] 翻译进度: 8.4%
藏语原文: ལུག་རྣམས་བདེ་འབོལ་ལེ་གནས་པར་མངོན་སུམ་དུ་འདུག་པས།
页面未初始化，正在初始化...
正在访问: http://222.19.82.141:5002/index-Final.html
初始化页面时出错: Message: tab crashed
  (Session info: chrome=143.0.7499.169)

页面初始化失败
✗ 翻译失败，跳过此行
✓ 已保存到文件: 378/4500 条

[379/4500] 翻译进度: 8.4%
藏语原文: སོ་ཐར་སྡོམ་པའི་སྐབས་ན་རྣམ་གསུམ་དག་པའི་ཤ་ཟོས་ཆོག་པའ...
页面未初始化，正在初始化...
正在访问: http://222.19.82.141:5002/index-Final.html
初始化页面时出错: Message: tab crashed
  (Session info: chrome=143.0.7499.169)

页面初始化失败
✗ 翻译失败，跳过此行
✓ 已保存到文件: 379/4500 条

[380/4500] 翻译进度: 8.4%
藏语原文: ཟོ་ཟོ་ཟེར་མཁན་ཀྱང་མང་པོ་འདུག་ཟེར་ན།
页面未初始化，正在初始化...
正在访问: http://222.19.82.141:5002/index-Final.html
初始化页面时出错: Message: tab crashed
  (Session info: chrome=143.0.7499.169)

页面初始化失败
✗ 翻译失败，跳过此行
✓ 已保存到文件: 380/4500 条

[381/4500] 翻译进度: 8.5%
藏语原文: དེའི་ལུགས་ཀ་དེ་ཡང་བསླབ་ན་སྐྱོན་གྱིས་མི་གོས་པ་ལ་ཕན་...
页面未初始化，正在初始化...
正在访问: http://222.19.82.141:5002/index-Final.html
初始化页面时出错: Message: tab crashed
  (Session info: chrome=143.0.7499.169)

页面初始化失败
✗ 翻译失败，跳过此行
✓ 已保存到文件: 381/4500 条

[382/4500] 翻译进度: 8.5%
藏语原文: མཆོད་མཇལ་བྱེད་དུས་ལྷ་སྐུ་མ་མཐོང་གོང་དུ་ཤ་ཁོག་མང་པོ...
页面未初始化，正在初始化...
正在访问: http://222.19.82.141:5002/index-Final.html
初始化页面时出错: Message: tab crashed
  (Session info: chrome=143.0.7499.169)

页面初始化失败
✗ 翻译失败，跳过此行
✓ 已保存到文件: 382/4500 条

[383/4500] 翻译进度: 8.5%
藏语原文: སྡོམ་གསུམ་ཉན་ཐོས་རྣམས་རྣམ་གསུམ་དག་པའི་ཤ་རྒྱུན་དུ་ཟ...
页面未初始化，正在初始化...
正在访问: http://222.19.82.141:5002/index-Final.html
初始化页面时出错: Message: tab crashed
  (Session info: chrome=143.0.7499.169)

页面初始化失败
✗ 翻译失败，跳过此行
✓ 已保存到文件: 383/4500 条

[384/4500] 翻译进度: 8.5%
藏语原文: དེ་འདྲ་ཨེ་འདུག་སོམས་དང་།
页面未初始化，正在初始化...
正在访问: http://222.19.82.141:5002/index-Final.html
初始化页面时出错: Message: tab crashed
  (Session info: chrome=143.0.7499.169)

页面初始化失败
✗ 翻译失败，跳过此行
✓ 已保存到文件: 384/4500 条

[385/4500] 翻译进度: 8.6%
藏语原文: མཁས་གྲུབ་རྗེས་གནང་ཟེར་བ་སོགས་གདའ་སྟེ།
页面未初始化，正在初始化...
正在访问: http://222.19.82.141:5002/index-Final.html
初始化页面时出错: Message: tab crashed
  (Session info: chrome=143.0.7499.169)

页面初始化失败
✗ 翻译失败，跳过此行
✓ 已保存到文件: 385/4500 条

[386/4500] 翻译进度: 8.6%
藏语原文: མདུན་གྱི་དཀྱིལ་འཁོར་མི་དམིགས་པ་ལས་རང་བྱུང་དག་ཆེན་ཡ...
页面未初始化，正在初始化...
正在访问: http://222.19.82.141:5002/index-Final.html
初始化页面时出错: Message: tab crashed
  (Session info: chrome=143.0.7499.169)

页面初始化失败
✗ 翻译失败，跳过此行
✓ 已保存到文件: 386/4500 条

[387/4500] 翻译进度: 8.6%
藏语原文: ཙོག་པུ་བསྣོལ་མའི་འདུག་སྟངས་ཅན་པདྨ་རཱ་གའི་གཟི་འོད་འ...
页面未初始化，正在初始化...
正在访问: http://222.19.82.141:5002/index-Final.html
初始化页面时出错: Message: tab crashed
  (Session info: chrome=143.0.7499.169)

页面初始化失败
✗ 翻译失败，跳过此行
✓ 已保存到文件: 387/4500 条

[388/4500] 翻译进度: 8.6%
藏语原文: ད་ནི་རང་རང་གནས་སུ་གཤེགས
页面未初始化，正在初始化...
正在访问: http://222.19.82.141:5002/index-Final.html
初始化页面时出错: Message: tab crashed
  (Session info: chrome=143.0.7499.169)

页面初始化失败
✗ 翻译失败，跳过此行
✓ 已保存到文件: 388/4500 条

[389/4500] 翻译进度: 8.6%
藏语原文: རང་རང་སོ་སོའི་ལས་སྣང་སྡུག་བསྔལ་བྲལ
页面未初始化，正在初始化...
正在访问: http://222.19.82.141:5002/index-Final.html
初始化页面时出错: Message: tab crashed
  (Session info: chrome=143.0.7499.169)

页面初始化失败
✗ 翻译失败，跳过此行
✓ 已保存到文件: 389/4500 条

[390/4500] 翻译进度: 8.7%
藏语原文: སྦྱིན་བདག་དུས་མིན་འཆི་ལས་སྐྱོབས
页面未初始化，正在初始化...
正在访问: http://222.19.82.141:5002/index-Final.html
初始化页面时出错: Message: tab crashed
  (Session info: chrome=143.0.7499.169)

页面初始化失败
✗ 翻译失败，跳过此行
✓ 已保存到文件: 390/4500 条

[391/4500] 翻译进度: 8.7%
藏语原文: གཤིན་རྗེས་ཉོ་ཚོང་དགྲ་ལ་བསྒྱུར་སྦྱིན་བདག་དུས་མིན་འཆ...
页面未初始化，正在初始化...
正在访问: http://222.19.82.141:5002/index-Final.html
初始化页面时出错: Message: tab crashed
  (Session info: chrome=143.0.7499.169)

页面初始化失败
✗ 翻译失败，跳过此行
✓ 已保存到文件: 391/4500 条

[392/4500] 翻译进度: 8.7%
藏语原文: རང་རང་དམ་ཚིག་ལྡན་པས་དགོངས་བདག་ཅག་ཡོན་མཆོད་འཁོར་དང་...
页面未初始化，正在初始化...
正在访问: http://222.19.82.141:5002/index-Final.html
初始化页面时出错: Message: tab crashed
  (Session info: chrome=143.0.7499.169)

页面初始化失败
✗ 翻译失败，跳过此行
✓ 已保存到文件: 392/4500 条

[393/4500] 翻译进度: 8.7%
藏语原文: རང་རང་ཐག་པ་དུམ་བུར་བཅད
页面未初始化，正在初始化...
正在访问: http://222.19.82.141:5002/index-Final.html
初始化页面时出错: Message: tab crashed
  (Session info: chrome=143.0.7499.169)

页面初始化失败
✗ 翻译失败，跳过此行
✓ 已保存到文件: 393/4500 条

[394/4500] 翻译进度: 8.8%
藏语原文: དཀར་སེར་དམར་ལྗང་རང་རྟགས་འཆང་སྣ་ཚོགས་གར་གྱིས་གདན་ལ་...
页面未初始化，正在初始化...
正在访问: http://222.19.82.141:5002/index-Final.html
初始化页面时出错: Message: tab crashed
  (Session info: chrome=143.0.7499.169)

页面初始化失败
✗ 翻译失败，跳过此行
✓ 已保存到文件: 394/4500 条

[395/4500] 翻译进度: 8.8%
藏语原文: འདི་རུ་མ་འདུག་རང་སར་དེངས
页面未初始化，正在初始化...
正在访问: http://222.19.82.141:5002/index-Final.html
初始化页面时出错: Message: tab crashed
  (Session info: chrome=143.0.7499.169)

页面初始化失败
✗ 翻译失败，跳过此行
✓ 已保存到文件: 395/4500 条

[396/4500] 翻译进度: 8.8%
藏语原文: སློབ་དཔོན་འགྲེང་ཡང་རུང་བསྟན་ལ་འདུག་ཀྱང་རུང་སྟེ་སེམ...
页面未初始化，正在初始化...
正在访问: http://222.19.82.141:5002/index-Final.html
初始化页面时出错: Message: tab crashed
  (Session info: chrome=143.0.7499.169)

页面初始化失败
✗ 翻译失败，跳过此行
✓ 已保存到文件: 396/4500 条

[397/4500] 翻译进度: 8.8%
藏语原文: ལུས་སྦྲེབས་འདར་ཤ་བསྐུར་ནས་གུམ་གུམ་པོར་འདུག་པ།
页面未初始化，正在初始化...
正在访问: http://222.19.82.141:5002/index-Final.html
初始化页面时出错: Message: tab crashed
  (Session info: chrome=143.0.7499.169)

页面初始化失败
✗ 翻译失败，跳过此行
✓ 已保存到文件: 397/4500 条

[398/4500] 翻译进度: 8.8%
藏语原文: ལྷ་མིན་དག་ནའང་རང་བཞིན་གྱི་ལྷ་ཡི།
页面未初始化，正在初始化...
正在访问: http://222.19.82.141:5002/index-Final.html
初始化页面时出错: Message: tab crashed
  (Session info: chrome=143.0.7499.169)

页面初始化失败
✗ 翻译失败，跳过此行
✓ 已保存到文件: 398/4500 条

[399/4500] 翻译进度: 8.9%
藏语原文: དེ་ནས་ནོད་པ་པོས་སྟན་ལས་ལངས་པར་འདུག་ཅིང་།
页面未初始化，正在初始化...
正在访问: http://222.19.82.141:5002/index-Final.html
初始化页面时出错: Message: tab crashed
  (Session info: chrome=143.0.7499.169)

页面初始化失败
✗ 翻译失败，跳过此行
✓ 已保存到文件: 399/4500 条

[400/4500] 翻译进度: 8.9%
藏语原文: ད་ལྟར་བྱུང་བ་ཞེས་བྱ་བའི་དངོས་པོ་མེད་དེ་དུས་གསུམ་ཆར...
页面未初始化，正在初始化...
正在访问: http://222.19.82.141:5002/index-Final.html
初始化页面时出错: Message: tab crashed
  (Session info: chrome=143.0.7499.169)

页面初始化失败
✗ 翻译失败，跳过此行
✓ 已保存到文件: 400/4500 条

[401/4500] 翻译进度: 8.9%
藏语原文: གཟུགས་མེད་པའི་ཁམས་ཞེས་བྱ་བ་ཡང་ཀུན་བརྟགས་པ་ཙམ་དུ་ཟད...
页面未初始化，正在初始化...
正在访问: http://222.19.82.141:5002/index-Final.html
初始化页面时出错: Message: tab crashed
  (Session info: chrome=143.0.7499.169)

页面初始化失败
✗ 翻译失败，跳过此行
✓ 已保存到文件: 401/4500 条

[402/4500] 翻译进度: 8.9%
藏语原文: གང་རང་བཞིན་མ་ཡིན་པ་དེ་ནི་མ་བྱས་པའོ་ཞེས་བྱ་བ་ནི་དེ་...
页面未初始化，正在初始化...
正在访问: http://222.19.82.141:5002/index-Final.html
初始化页面时出错: Message: tab crashed
  (Session info: chrome=143.0.7499.169)

页面初始化失败
✗ 翻译失败，跳过此行
✓ 已保存到文件: 402/4500 条

[403/4500] 翻译进度: 9.0%
藏语原文: དོན་དམ་པར་ཤེས་རབ་ཀྱི་ཕ་རོལ་ཏུ་ཕྱིན་པ་ཉིད་ཀྱང་རང་བཞ...
页面未初始化，正在初始化...
正在访问: http://222.19.82.141:5002/index-Final.html
初始化页面时出错: Message: tab crashed
  (Session info: chrome=143.0.7499.169)

页面初始化失败
✗ 翻译失败，跳过此行
✓ 已保存到文件: 403/4500 条

[404/4500] 翻译进度: 9.0%
藏语原文: ཡོད་མེད་དང་རྟག་ཆད་ལ་སོགས་པའི་མཐའ་ལས་འདས་ཤིང་རང་བཞི...
页面未初始化，正在初始化...
正在访问: http://222.19.82.141:5002/index-Final.html
初始化页面时出错: Message: tab crashed
  (Session info: chrome=143.0.7499.169)

页面初始化失败
✗ 翻译失败，跳过此行
✓ 已保存到文件: 404/4500 条

[405/4500] 翻译进度: 9.0%
藏语原文: ཤེས་རབ་ཀྱི་ཕ་རོལ་ཏུ་ཕྱིན་པ་ཡང་རང་བཞིན་གྱིས་སྟོང་ཞི...
页面未初始化，正在初始化...
正在访问: http://222.19.82.141:5002/index-Final.html
初始化页面时出错: Message: tab crashed
  (Session info: chrome=143.0.7499.169)

页面初始化失败
✗ 翻译失败，跳过此行
✓ 已保存到文件: 405/4500 条

[406/4500] 翻译进度: 9.0%
藏语原文: སྔོན་དེ་བཞིན་གཤེགས་པ་མང་པོའི་ཞབས་འབྲིང་ན་འདུག་ཅིང་...
页面未初始化，正在初始化...
正在访问: http://222.19.82.141:5002/index-Final.html
初始化页面时出错: Message: tab crashed
  (Session info: chrome=143.0.7499.169)

页面初始化失败
✗ 翻译失败，跳过此行
✓ 已保存到文件: 406/4500 条

[407/4500] 翻译进度: 9.0%
藏语原文: དོན་དམ་པར་ཡང་རྣམ་པ་ཐམས་ཅད་མཁྱེན་པ་ཉིད་དང་རང་བཞིན་ཐ...
页面未初始化，正在初始化...
正在访问: http://222.19.82.141:5002/index-Final.html
初始化页面时出错: Message: tab crashed
  (Session info: chrome=143.0.7499.169)

页面初始化失败
✗ 翻译失败，跳过此行
✓ 已保存到文件: 407/4500 条

[408/4500] 翻译进度: 9.1%
藏语原文: ཤེས་པར་བྱ་བའི་རྒྱུ་རྣམས་ཀྱང་རང་བཞིན་གྱིས་སྟོང་སྟེ།
页面未初始化，正在初始化...
正在访问: http://222.19.82.141:5002/index-Final.html
初始化页面时出错: Message: tab crashed
  (Session info: chrome=143.0.7499.169)

页面初始化失败
✗ 翻译失败，跳过此行
✓ 已保存到文件: 408/4500 条

[409/4500] 翻译进度: 9.1%
藏语原文: སེམས་གང་འགགས་པ་དེ་ཕྱིར་སྐྱེ་བར་འགྱུར་བའམ་ཞེས་བྱ་བ་...
页面未初始化，正在初始化...
正在访问: http://222.19.82.141:5002/index-Final.html
初始化页面时出错: Message: tab crashed
  (Session info: chrome=143.0.7499.169)

页面初始化失败
✗ 翻译失败，跳过此行
✓ 已保存到文件: 409/4500 条

[410/4500] 翻译进度: 9.1%
藏语原文: གསོལ་པ་བཅོམ་ལྡན་འདས་ཡིད་ལ་བགྱི་བ་དེ་དག་ཐམས་ཅད་ཀྱང་...
页面未初始化，正在初始化...
正在访问: http://222.19.82.141:5002/index-Final.html
初始化页面时出错: Message: tab crashed
  (Session info: chrome=143.0.7499.169)

页面初始化失败
✗ 翻译失败，跳过此行
✓ 已保存到文件: 410/4500 条

[411/4500] 翻译进度: 9.1%
藏语原文: བཅོམ་ལྡན་འདས་ཀྱིས་བཀའ་ཅད་པ་དེ་ནི་མ་ཡིན་ནོ་ཞེས་བྱ་བ...
页面未初始化，正在初始化...
正在访问: http://222.19.82.141:5002/index-Final.html
初始化页面时出错: Message: tab crashed
  (Session info: chrome=143.0.7499.169)

页面初始化失败
✗ 翻译失败，跳过此行
✓ 已保存到文件: 411/4500 条

[412/4500] 翻译进度: 9.2%
藏语原文: སྒྲུབ་པར་བྱེད་པ་གཉི་ག་ཡང་རང་བཞིན་མེད་ན།
页面未初始化，正在初始化...
正在访问: http://222.19.82.141:5002/index-Final.html
初始化页面时出错: Message: tab crashed
  (Session info: chrome=143.0.7499.169)

页面初始化失败
✗ 翻译失败，跳过此行
✓ 已保存到文件: 412/4500 条

[413/4500] 翻译进度: 9.2%
藏语原文: གང་ན་འདུག་༢༢༣ པེ་སྣར་བྱེད་པ།
页面未初始化，正在初始化...
正在访问: http://222.19.82.141:5002/index-Final.html
初始化页面时出错: Message: tab crashed
  (Session info: chrome=143.0.7499.169)

页面初始化失败
✗ 翻译失败，跳过此行
✓ 已保存到文件: 413/4500 条

[414/4500] 翻译进度: 9.2%
藏语原文: རང་རང་༣༧༢ ཨེ་པེ་སྣར་བའི།
页面未初始化，正在初始化...
正在访问: http://222.19.82.141:5002/index-Final.html
初始化页面时出错: Message: tab crashed
  (Session info: chrome=143.0.7499.169)

页面初始化失败
✗ 翻译失败，跳过此行
✓ 已保存到文件: 414/4500 条

[415/4500] 翻译进度: 9.2%
藏语原文: དཔག་ཏུ་མེད་པ་གང་ཡིན་པ་དེ་དག་དུས་དཔག་ཏུ་མེད་པའི་བར་...
页面未初始化，正在初始化...
正在访问: http://222.19.82.141:5002/index-Final.html
初始化页面时出错: Message: tab crashed
  (Session info: chrome=143.0.7499.169)

页面初始化失败
✗ 翻译失败，跳过此行
✓ 已保存到文件: 415/4500 条

[416/4500] 翻译进度: 9.2%
藏语原文: དེ་ལྟར་དབྱིབས་དང་གཟུགས་ལ་སོགས་པ་ཐམས་ཅད་ཀྱི་ལུས་དང་...
页面未初始化，正在初始化...
正在访问: http://222.19.82.141:5002/index-Final.html
初始化页面时出错: Message: tab crashed
  (Session info: chrome=143.0.7499.169)

页面初始化失败
✗ 翻译失败，跳过此行
✓ 已保存到文件: 416/4500 条

[417/4500] 翻译进度: 9.3%
藏语原文: གླང་པོ་ཆེའི་ལྟ་སྟངས་ཞེས་བྱ་བ་ནི་དམ་པ་རྣམས་ཀྱི་ལྟ་ས...
页面未初始化，正在初始化...
正在访问: http://222.19.82.141:5002/index-Final.html
初始化页面时出错: Message: tab crashed
  (Session info: chrome=143.0.7499.169)

页面初始化失败
✗ 翻译失败，跳过此行
✓ 已保存到文件: 417/4500 条

[418/4500] 翻译进度: 9.3%
藏语原文: འོག་ནས་རྗོའདུག་པ་ལ་བཏུད་དེ་མི་ལྟ།
页面未初始化，正在初始化...
正在访问: http://222.19.82.141:5002/index-Final.html
初始化页面时出错: Message: tab crashed
  (Session info: chrome=143.0.7499.169)

页面初始化失败
✗ 翻译失败，跳过此行
✓ 已保存到文件: 418/4500 条

[419/4500] 翻译进度: 9.3%
藏语原文: གཡས་གཡོན་ན་འདུག་པ་ལ་ནི་མིག་བཟུར་ཏེ་མི་ལྟ།
页面未初始化，正在初始化...
正在访问: http://222.19.82.141:5002/index-Final.html
初始化页面时出错: Message: tab crashed
  (Session info: chrome=143.0.7499.169)

页面初始化失败
✗ 翻译失败，跳过此行
✓ 已保存到文件: 419/4500 条

[420/4500] 翻译进度: 9.3%
藏语原文: རྒྱབ་ན་འདུག་པ་ལ་ནི་དུམཇིང་པ་བསྒྱུར་ཏེ་མི་ལྟ།
页面未初始化，正在初始化...
正在访问: http://222.19.82.141:5002/index-Final.html
初始化页面时出错: Message: tab crashed
  (Session info: chrome=143.0.7499.169)

页面初始化失败
✗ 翻译失败，跳过此行
✓ 已保存到文件: 420/4500 条

[421/4500] 翻译进度: 9.4%
藏语原文: ཐག་རིང་པོ་ནི་འདུག་པ་ལ་བསྒྲིམས་ཏེ་མི་ལྟ།
页面未初始化，正在初始化...
正在访问: http://222.19.82.141:5002/index-Final.html
初始化页面时出错: Message: tab crashed
  (Session info: chrome=143.0.7499.169)

页面初始化失败
✗ 翻译失败，跳过此行
✓ 已保存到文件: 421/4500 条

[422/4500] 翻译进度: 9.4%
藏语原文: ཐག་ཉེ་བ་ན་འདུག་པ་ལ་བསྒྲིམས་རྗོཔ་མེད་པར་ཡང་མི་ལྟའི།
页面未初始化，正在初始化...
正在访问: http://222.19.82.141:5002/index-Final.html
初始化页面时出错: Message: tab crashed
  (Session info: chrome=143.0.7499.169)

页面初始化失败
✗ 翻译失败，跳过此行
✓ 已保存到文件: 422/4500 条

[423/4500] 翻译进度: 9.4%
藏语原文: ཇི་ལྟར་འདུག་པའི་སྤྱོད་ལམ་དང་།
页面未初始化，正在初始化...
正在访问: http://222.19.82.141:5002/index-Final.html
初始化页面时出错: Message: tab crashed
  (Session info: chrome=143.0.7499.169)

页面初始化失败
✗ 翻译失败，跳过此行
✓ 已保存到文件: 423/4500 条

[424/4500] 翻译进度: 9.4%
藏语原文: འདམ་བུ་ཁོང་སྟོང་དུ་འདུག་ལ་ཚེར་མ་མང་ཞིང་དེ་དག་ཉིད་ར...
页面未初始化，正在初始化...
正在访问: http://222.19.82.141:5002/index-Final.html
初始化页面时出错: Message: tab crashed
  (Session info: chrome=143.0.7499.169)

页面初始化失败
✗ 翻译失败，跳过此行
✓ 已保存到文件: 424/4500 条

[425/4500] 翻译进度: 9.4%
藏语原文: གཟུགས་ལ་སོགས་པའི་དེ་བཞིན་ཉིད་ཀྱི་བདག་ཉིད་གང་ཡིན་པ་...
页面未初始化，正在初始化...
正在访问: http://222.19.82.141:5002/index-Final.html
初始化页面时出错: Message: tab crashed
  (Session info: chrome=143.0.7499.169)

页面初始化失败
✗ 翻译失败，跳过此行
✓ 已保存到文件: 425/4500 条

[426/4500] 翻译进度: 9.5%
藏语原文: དེ་བས་ན་སྟོང་པ་ཉིད་དང་གཟུགས་ལ་སོགས་པ་ལ་ཐ་དད་པ་མེད་...
页面未初始化，正在初始化...
正在访问: http://222.19.82.141:5002/index-Final.html
初始化页面时出错: Message: tab crashed
  (Session info: chrome=143.0.7499.169)

页面初始化失败
✗ 翻译失败，跳过此行
✓ 已保存到文件: 426/4500 条

[427/4500] 翻译进度: 9.5%
藏语原文: འདི་ལྟར་གཟུགས་ཀྱི་ཡོངས་སུ་གཟུང་བ་མ་མཆིས་པ་གང་ལགས་པ...
页面未初始化，正在初始化...
正在访问: http://222.19.82.141:5002/index-Final.html
初始化页面时出错: Message: tab crashed
  (Session info: chrome=143.0.7499.169)

页面初始化失败
✗ 翻译失败，跳过此行
✓ 已保存到文件: 427/4500 条

[428/4500] 翻译进度: 9.5%
藏语原文: འགྲེང་བ་དང་འདུག་པ་དང་ཉལ་བ་ཞེས་བྱའོ།
页面未初始化，正在初始化...
正在访问: http://222.19.82.141:5002/index-Final.html
初始化页面时出错: Message: tab crashed
  (Session info: chrome=143.0.7499.169)

页面初始化失败
✗ 翻译失败，跳过此行
✓ 已保存到文件: 428/4500 条

[429/4500] 翻译进度: 9.5%
藏语原文: འདུག་པ་དང་།
页面未初始化，正在初始化...
正在访问: http://222.19.82.141:5002/index-Final.html
初始化页面时出错: Message: tab crashed
  (Session info: chrome=143.0.7499.169)

页面初始化失败
✗ 翻译失败，跳过此行
✓ 已保存到文件: 429/4500 条

[430/4500] 翻译进度: 9.6%
藏语原文: གསུམ་ཞེས་བྱ་བའི་གྲངས་ཀྱི་བྱེ་བྲག་ཡོད་པ་མ་ཡིན་ཏེ་དེ...
页面未初始化，正在初始化...
正在访问: http://222.19.82.141:5002/index-Final.html
初始化页面时出错: Message: tab crashed
  (Session info: chrome=143.0.7499.169)

页面初始化失败
✗ 翻译失败，跳过此行
✓ 已保存到文件: 430/4500 条

[431/4500] 翻译进度: 9.6%
藏语原文: བཅོམ་ལྡན་འདས་ཡིད་ལ་བགྱི་བ་དེ་དག་ཐམས་ཅད་ཀྱང་རང་བཞིན...
页面未初始化，正在初始化...
正在访问: http://222.19.82.141:5002/index-Final.html
初始化页面时出错: Message: tab crashed
  (Session info: chrome=143.0.7499.169)

页面初始化失败
✗ 翻译失败，跳过此行
✓ 已保存到文件: 431/4500 条

[432/4500] 翻译进度: 9.6%
藏语原文: གཡས་གཡོས་སུ་འདུག་སྟེ་བལྟས་ཀྱང་ཞབས་ཀྱི་མཐིལ་སྣང་ཞིང...
页面未初始化，正在初始化...
正在访问: http://222.19.82.141:5002/index-Final.html
初始化页面时出错: Message: tab crashed
  (Session info: chrome=143.0.7499.169)

页面初始化失败
✗ 翻译失败，跳过此行
✓ 已保存到文件: 432/4500 条

[433/4500] 翻译进度: 9.6%
藏语原文: རྫི་མ་གཉིས་གནས་པའི་སྐབས་སྣུམ་ཞིང་མཇིང་ཀར་འདུག་པ།
页面未初始化，正在初始化...
正在访问: http://222.19.82.141:5002/index-Final.html
初始化页面时出错: Message: tab crashed
  (Session info: chrome=143.0.7499.169)

页面初始化失败
✗ 翻译失败，跳过此行
✓ 已保存到文件: 433/4500 条

[434/4500] 翻译进度: 9.6%
藏语原文: ནང་སྟོང་པ་ཉིད་ལ་སོགས་པ་སྟོང་པ་ཉིད་བཅུ་དྲུག་པོ་དག་ཀ...
页面未初始化，正在初始化...
正在访问: http://222.19.82.141:5002/index-Final.html
初始化页面时出错: Message: tab crashed
  (Session info: chrome=143.0.7499.169)

页面初始化失败
✗ 翻译失败，跳过此行
✓ 已保存到文件: 434/4500 条

[435/4500] 翻译进度: 9.7%
藏语原文: རང་བཞིན་སྟོང་པ་ཉིད་དེ་ཡང་སྔོན་གྱི་མཐར་ཡང་རང་བཞིན་ས...
页面未初始化，正在初始化...
正在访问: http://222.19.82.141:5002/index-Final.html
初始化页面时出错: Message: tab crashed
  (Session info: chrome=143.0.7499.169)

页面初始化失败
✗ 翻译失败，跳过此行
✓ 已保存到文件: 435/4500 条

[436/4500] 翻译进度: 9.7%
藏语原文: ན་ཚོད་འདུག།
页面未初始化，正在初始化...
正在访问: http://222.19.82.141:5002/index-Final.html
初始化页面时出错: Message: tab crashed
  (Session info: chrome=143.0.7499.169)

页面初始化失败
✗ 翻译失败，跳过此行
✓ 已保存到文件: 436/4500 条

[437/4500] 翻译进度: 9.7%
藏语原文: ༢ ང་རང་དད་༩༣ པེ་སྣར་བྱའོ།
页面未初始化，正在初始化...
正在访问: http://222.19.82.141:5002/index-Final.html
初始化页面时出错: Message: tab crashed
  (Session info: chrome=143.0.7499.169)

页面初始化失败
✗ 翻译失败，跳过此行
✓ 已保存到文件: 437/4500 条

[438/4500] 翻译进度: 9.7%
藏语原文: ཀྱིན་འདུག།
页面未初始化，正在初始化...
正在访问: http://222.19.82.141:5002/index-Final.html
初始化页面时出错: Message: tab crashed
  (Session info: chrome=143.0.7499.169)

页面初始化失败
✗ 翻译失败，跳过此行
✓ 已保存到文件: 438/4500 条

[439/4500] 翻译进度: 9.8%
藏语原文: འདིས་ཀྱང་རང་བཞིན་སྟོང་པ་ཉིད་བརྗོད་པ་ཡིན་ནོ།
页面未初始化，正在初始化...
正在访问: http://222.19.82.141:5002/index-Final.html
初始化页面时出错: Message: tab crashed
  (Session info: chrome=143.0.7499.169)

页面初始化失败
✗ 翻译失败，跳过此行
✓ 已保存到文件: 439/4500 条

[440/4500] 翻译进度: 9.8%
藏语原文: རྩོད་པའི་གནས་སུ་གྱུར་པའི་ཤེས་པ་ཡང་རང་རིག་པ་ཡིན་ནོ་...
页面未初始化，正在初始化...
正在访问: http://222.19.82.141:5002/index-Final.html
初始化页面时出错: Message: tab crashed
  (Session info: chrome=143.0.7499.169)

页面初始化失败
✗ 翻译失败，跳过此行
✓ 已保存到文件: 440/4500 条

[441/4500] 翻译进度: 9.8%
藏语原文: རྟོགས་པའི་རང་བཞིན་ཡང་རང་རིག་པའི་མངོན་སུམ་གྱིས་གྲུབ...
页面未初始化，正在初始化...
正在访问: http://222.19.82.141:5002/index-Final.html
初始化页面时出错: Message: tab crashed
  (Session info: chrome=143.0.7499.169)

页面初始化失败
✗ 翻译失败，跳过此行
✓ 已保存到文件: 441/4500 条

[442/4500] 翻译进度: 9.8%
藏语原文: སྲིད་བདེ་དུག་ལྟར་སྤངས་ཤིང་རང་གཅིག་པུའི།
页面未初始化，正在初始化...
正在访问: http://222.19.82.141:5002/index-Final.html
初始化页面时出错: Message: tab crashed
  (Session info: chrome=143.0.7499.169)

页面初始化失败
✗ 翻译失败，跳过此行
✓ 已保存到文件: 442/4500 条

[443/4500] 翻译进度: 9.8%
藏语原文: སྐབས་འདིའི་ས་བཅད་དུ་སྤྲོ་བ་བསྐྱེད་པ་ཅེས་སྨོས་པའང་ཐ...
页面未初始化，正在初始化...
正在访问: http://222.19.82.141:5002/index-Final.html
初始化页面时出错: Message: tab crashed
  (Session info: chrome=143.0.7499.169)

页面初始化失败
✗ 翻译失败，跳过此行
✓ 已保存到文件: 443/4500 条

[444/4500] 翻译进度: 9.9%
藏语原文: ཡོ་བྱད་དམན་པ་གོས་རིན་སོགས་ཀྱི་ཡོན་འབུལ་གྱ་ནོམ་པ་ཅི...
页面未初始化，正在初始化...
正在访问: http://222.19.82.141:5002/index-Final.html
初始化页面时出错: Message: tab crashed
  (Session info: chrome=143.0.7499.169)

页面初始化失败
✗ 翻译失败，跳过此行
✓ 已保存到文件: 444/4500 条

[445/4500] 翻译进度: 9.9%
藏语原文: ཚེ་རིང་དུ་འཕེལ་བའི་ཐབས་ཀྱིས་སྣོན་པའང་མེད་ཅེས་པའང་འ...
页面未初始化，正在初始化...
正在访问: http://222.19.82.141:5002/index-Final.html
初始化页面时出错: Message: tab crashed
  (Session info: chrome=143.0.7499.169)

页面初始化失败
✗ 翻译失败，跳过此行
✓ 已保存到文件: 445/4500 条

[446/4500] 翻译进度: 9.9%
藏语原文: དེས་ནི་སྐྱེས་མཐའ་འཆི་བ་ལས་མ་འདས་ཤིང་སྡིག་ཅན་ངན་འགྲ...
页面未初始化，正在初始化...
正在访问: http://222.19.82.141:5002/index-Final.html
初始化页面时出错: Message: tab crashed
  (Session info: chrome=143.0.7499.169)

页面初始化失败
✗ 翻译失败，跳过此行
✓ 已保存到文件: 446/4500 条

[447/4500] 翻译进度: 9.9%
藏语原文: བདག་ནི་འདོད་ཡོན་ལ་ཅི་དགར་སྤྱོད་ནས་ཀཉེན་དང་ལྷན་ཅིག་...
页面未初始化，正在初始化...
正在访问: http://222.19.82.141:5002/index-Final.html
初始化页面时出错: Message: tab crashed
  (Session info: chrome=143.0.7499.169)

页面初始化失败
✗ 翻译失败，跳过此行
✓ 已保存到文件: 447/4500 条

[448/4500] 翻译进度: 10.0%
藏语原文: འདིས་ནི་འདོད་པའི་ལོངས་སྤྱོད་ཕན་བདེའི་རྒྱུར་མི་འགྱུ...
页面未初始化，正在初始化...
正在访问: http://222.19.82.141:5002/index-Final.html
初始化页面时出错: Message: tab crashed
  (Session info: chrome=143.0.7499.169)

页面初始化失败
✗ 翻译失败，跳过此行
✓ 已保存到文件: 448/4500 条

[449/4500] 翻译进度: 10.0%
藏语原文: དེ་ལྟ་ནའང་གཉེན་བཤེས་སོགས་ཀྱིས་འཆི་དུས་སུ་ཕན་པའི་གྲ...
页面未初始化，正在初始化...
正在访问: http://222.19.82.141:5002/index-Final.html
初始化页面时出错: Message: tab crashed
  (Session info: chrome=143.0.7499.169)

页面初始化失败
✗ 翻译失败，跳过此行
✓ 已保存到文件: 449/4500 条

[450/4500] 翻译进度: 10.0%
藏语原文: བཙོན་རར་འདུག་པར་བྱེད་པ་དང་།
页面未初始化，正在初始化...
正在访问: http://222.19.82.141:5002/index-Final.html
初始化页面时出错: Message: tab crashed
  (Session info: chrome=143.0.7499.169)

页面初始化失败
✗ 翻译失败，跳过此行
✓ 已保存到文件: 450/4500 条

[451/4500] 翻译进度: 10.0%
藏语原文: མདུན་དུ་འདུག་སྟེ་བཤགས་པར་བྱ།
页面未初始化，正在初始化...
正在访问: http://222.19.82.141:5002/index-Final.html
初始化页面时出错: Message: tab crashed
  (Session info: chrome=143.0.7499.169)

页面初始化失败
✗ 翻译失败，跳过此行
✓ 已保存到文件: 451/4500 条

[452/4500] 翻译进度: 10.0%
藏语原文: ཕ་རོལ་སྨྲ་ཞིང་འདུག་པ་དེའི་བར་དྲན་པ་ལ་གནས་བཞིན་དུ་ཅ...
页面未初始化，正在初始化...
正在访问: http://222.19.82.141:5002/index-Final.html
初始化页面时出错: Message: tab crashed
  (Session info: chrome=143.0.7499.169)

页面初始化失败
✗ 翻译失败，跳过此行
✓ 已保存到文件: 452/4500 条

[453/4500] 翻译进度: 10.1%
藏语原文: གཞན་གྱི་འདོད་པ་དེ་སླར་ཁོ་རང་ལ་གནོད་པར་འགྱུར་བའམ་དེ...
页面未初始化，正在初始化...
正在访问: http://222.19.82.141:5002/index-Final.html
初始化页面时出错: Message: tab crashed
  (Session info: chrome=143.0.7499.169)

页面初始化失败
✗ 翻译失败，跳过此行
✓ 已保存到文件: 453/4500 条

[454/4500] 翻译进度: 10.1%
藏语原文: སྤྱོད་ཀྱང་རང་རྒྱལ་དགྲ་བཅོམ་ཉིད་ལ་འདོད་བསྐྱེད་ན།
页面未初始化，正在初始化...
正在访问: http://222.19.82.141:5002/index-Final.html
初始化页面时出错: Message: tab crashed
  (Session info: chrome=143.0.7499.169)

页面初始化失败
✗ 翻译失败，跳过此行
✓ 已保存到文件: 454/4500 条

[455/4500] 翻译进度: 10.1%
藏语原文: ཉིན་ཞག་དུས་ནི་བསླབ་པ་གཅིག་གཟུང་བ།
页面未初始化，正在初始化...
正在访问: http://222.19.82.141:5002/index-Final.html
初始化页面时出错: Message: tab crashed
  (Session info: chrome=143.0.7499.169)

页面初始化失败
✗ 翻译失败，跳过此行
✓ 已保存到文件: 455/4500 条

[456/4500] 翻译进度: 10.1%
藏语原文: སྤྱོད་ན་ཡང་བདག་སྤྱོད་དོ་ཞེས་རབ་ཏུ་ཤེས་སོ་འགྲེང་ན་ཡ...
页面未初始化，正在初始化...
正在访问: http://222.19.82.141:5002/index-Final.html
初始化页面时出错: Message: tab crashed
  (Session info: chrome=143.0.7499.169)

页面初始化失败
✗ 翻译失败，跳过此行
✓ 已保存到文件: 456/4500 条

[457/4500] 翻译进度: 10.2%
藏语原文: འགྲེལ་པ་རྣམས་སུ་བསླབ་པ་ལ་གུས་པའི་བརྩོན་པ་ལྷུར་ལེན་...
页面未初始化，正在初始化...
正在访问: http://222.19.82.141:5002/index-Final.html
初始化页面时出错: Message: tab crashed
  (Session info: chrome=143.0.7499.169)

页面初始化失败
✗ 翻译失败，跳过此行
✓ 已保存到文件: 457/4500 条

[458/4500] 翻译进度: 10.2%
藏语原文: འགྲོ་འཆག་ཉལ་དང་འདུག་པར་ཤེས་བཞིན་རབ་ཏུ་ལྡན།
页面未初始化，正在初始化...
正在访问: http://222.19.82.141:5002/index-Final.html
初始化页面时出错: Message: tab crashed
  (Session info: chrome=143.0.7499.169)

页面初始化失败
✗ 翻译失败，跳过此行
✓ 已保存到文件: 458/4500 条

[459/4500] 翻译进度: 10.2%
藏语原文: ལུས་ཀྱིས་འདི་ལྟར་འགྲོ་བྱ་དང་འཆགས་བྱ་སོགས་སྦྱར་ནས་ཤ...
页面未初始化，正在初始化...
正在访问: http://222.19.82.141:5002/index-Final.html
初始化页面时出错: Message: tab crashed
  (Session info: chrome=143.0.7499.169)

页面初始化失败
✗ 翻译失败，跳过此行
✓ 已保存到文件: 459/4500 条

[460/4500] 翻译进度: 10.2%
藏语原文: ཙ་ན་ཀར་ཡང་།
页面未初始化，正在初始化...
正在访问: http://222.19.82.141:5002/index-Final.html
初始化页面时出错: Message: tab crashed
  (Session info: chrome=143.0.7499.169)

页面初始化失败
✗ 翻译失败，跳过此行
✓ 已保存到文件: 460/4500 条

[461/4500] 翻译进度: 10.2%
藏语原文: གཞན་གྱིས་དེ་དག་བྱེད་པའི་རྗེས་སུ་ཡང་རང་དགར་སྨྲ་ཞིང་...
页面未初始化，正在初始化...
正在访问: http://222.19.82.141:5002/index-Final.html
初始化页面时出错: Message: tab crashed
  (Session info: chrome=143.0.7499.169)

页面初始化失败
✗ 翻译失败，跳过此行
✓ 已保存到文件: 461/4500 条

[462/4500] 翻译进度: 10.3%
藏语原文: གཞན་དོན་སྒྲུབ་པའི་མཐུན་རྐྱེན་རྣམས་དང་རང་ཉིད་ལྡན་པར...
页面未初始化，正在初始化...
正在访问: http://222.19.82.141:5002/index-Final.html
初始化页面时出错: Message: tab crashed
  (Session info: chrome=143.0.7499.169)

页面初始化失败
✗ 翻译失败，跳过此行
✓ 已保存到文件: 462/4500 条

[463/4500] 翻译进度: 10.3%
藏语原文: སྦྱིན་དང་སྙན་སྨྲ་སོགས་ཐབས་སྣ་ཚོགས་ཀྱི་སྒོ་ནས་གཞན་ད...
页面未初始化，正在初始化...
正在访问: http://222.19.82.141:5002/index-Final.html
初始化页面时出错: Message: tab crashed
  (Session info: chrome=143.0.7499.169)

页面初始化失败
✗ 翻译失败，跳过此行
✓ 已保存到文件: 463/4500 条

[464/4500] 翻译进度: 10.3%
藏语原文: ཅི་ནས་ཀྱང་ཚེ་འདི་དང་ཚེ་རབས་གཞན་དུ་ཡང་རང་གཞན་ལ་ཕན་བ...
页面未初始化，正在初始化...
正在访问: http://222.19.82.141:5002/index-Final.html
初始化页面时出错: Message: tab crashed
  (Session info: chrome=143.0.7499.169)

页面初始化失败
✗ 翻译失败，跳过此行
✓ 已保存到文件: 464/4500 条

[465/4500] 翻译进度: 10.3%
藏语原文: རབ་ཏུ་དམའ་བའི་སྟན་ལ་འདུག།
页面未初始化，正在初始化...
正在访问: http://222.19.82.141:5002/index-Final.html
初始化页面时出错: Message: tab crashed
  (Session info: chrome=143.0.7499.169)

页面初始化失败
✗ 翻译失败，跳过此行
✓ 已保存到文件: 465/4500 条

[466/4500] 翻译进度: 10.4%
藏语原文: མདུན་དུ་འདུག་སྟེ་བཤགས་པར་བྱ།
页面未初始化，正在初始化...
正在访问: http://222.19.82.141:5002/index-Final.html
初始化页面时出错: Message: tab crashed
  (Session info: chrome=143.0.7499.169)

页面初始化失败
✗ 翻译失败，跳过此行
✓ 已保存到文件: 466/4500 条

[467/4500] 翻译进度: 10.4%
藏语原文: ཅེས་པའང་འདུག་སྟེ།
页面未初始化，正在初始化...
正在访问: http://222.19.82.141:5002/index-Final.html
初始化页面时出错: Message: tab crashed
  (Session info: chrome=143.0.7499.169)

页面初始化失败
✗ 翻译失败，跳过此行
✓ 已保存到文件: 467/4500 条

[468/4500] 翻译进度: 10.4%
藏语原文: དགའ་བར་བྱ་བའི་རོ་ནི་ནང་ན་འདུག།
页面未初始化，正在初始化...
正在访问: http://222.19.82.141:5002/index-Final.html
初始化页面时出错: Message: tab crashed
  (Session info: chrome=143.0.7499.169)

页面初始化失败
✗ 翻译失败，跳过此行
✓ 已保存到文件: 468/4500 条

[469/4500] 翻译进度: 10.4%
藏语原文: བཟོད་པས་ནི་གནོད་པ་སྤོང་བ་དང་རང་གཞན་ལ་ཕན་པའི་ཕྱིར་ད...
页面未初始化，正在初始化...
正在访问: http://222.19.82.141:5002/index-Final.html
初始化页面时出错: Message: tab crashed
  (Session info: chrome=143.0.7499.169)

页面初始化失败
✗ 翻译失败，跳过此行
✓ 已保存到文件: 469/4500 条

[470/4500] 翻译进度: 10.4%
藏语原文: འཚོ་བའི་རྐྱེན་དུ་གྱུར་པའི་ཟས་དང་ནོར་བཟང་པོ་དང་མང་པ...
页面未初始化，正在初始化...
正在访问: http://222.19.82.141:5002/index-Final.html
初始化页面时出错: Message: tab crashed
  (Session info: chrome=143.0.7499.169)

页面初始化失败
✗ 翻译失败，跳过此行
✓ 已保存到文件: 470/4500 条

[471/4500] 翻译进度: 10.5%
藏语原文: གོམས་པའང་རང་ལ་རག་ལས་པས།
页面未初始化，正在初始化...
正在访问: http://222.19.82.141:5002/index-Final.html
初始化页面时出错: Message: tab crashed
  (Session info: chrome=143.0.7499.169)

页面初始化失败
✗ 翻译失败，跳过此行
✓ 已保存到文件: 471/4500 条

[472/4500] 翻译进度: 10.5%
藏语原文: ཡུད་ཙམ་ཞིག་ཀྱང་གནས་ཤིང་འདུག་མི་བྱ།
页面未初始化，正在初始化...
正在访问: http://222.19.82.141:5002/index-Final.html
初始化页面时出错: Message: tab crashed
  (Session info: chrome=143.0.7499.169)

页面初始化失败
✗ 翻译失败，跳过此行
✓ 已保存到文件: 472/4500 条

[473/4500] 翻译进度: 10.5%
藏语原文: ཞེས་དྲི་བ་སྟེ་ཅུང་ཟད་ཀྱང་ཟ་བར་མི་བྱེད་ཅེས་པའང་འདུག...
页面未初始化，正在初始化...
正在访问: http://222.19.82.141:5002/index-Final.html
初始化页面时出错: Message: tab crashed
  (Session info: chrome=143.0.7499.169)

页面初始化失败
✗ 翻译失败，跳过此行
✓ 已保存到文件: 473/4500 条

[474/4500] 翻译进度: 10.5%
藏语原文: འོན་ཀྱང་ཡང་ཟློས་བྱས་པ་ལྟ་བུ་ཞིག་འདུག་ལ།
页面未初始化，正在初始化...
正在访问: http://222.19.82.141:5002/index-Final.html
初始化页面时出错: Message: tab crashed
  (Session info: chrome=143.0.7499.169)

页面初始化失败
✗ 翻译失败，跳过此行
✓ 已保存到文件: 474/4500 条

[475/4500] 翻译进度: 10.6%
藏语原文: བསྐལ་བ་རྒྱ་མཚོར་གོམས་གྱུར་ན་ཞེས་པའང་འདུག་སྟེ་ཁྱད་པ...
页面未初始化，正在初始化...
正在访问: http://222.19.82.141:5002/index-Final.html
初始化页面时出错: Message: tab crashed
  (Session info: chrome=143.0.7499.169)

页面初始化失败
✗ 翻译失败，跳过此行
✓ 已保存到文件: 475/4500 条

[476/4500] 翻译进度: 10.6%
藏语原文: གླིང་བཞི་པའི་འཇིག་རྟེན་གྱི་ཁམས་ཀྱི་སའི་རྡུལ་གྱི་ཉེ...
页面未初始化，正在初始化...
正在访问: http://222.19.82.141:5002/index-Final.html
初始化页面时出错: Message: tab crashed
  (Session info: chrome=143.0.7499.169)

页面初始化失败
✗ 翻译失败，跳过此行
✓ 已保存到文件: 476/4500 条

[477/4500] 翻译进度: 10.6%
藏语原文: རི་མི་མཉམ་པའི་ཉེས་པས་མི་འདུག་གོ།
页面未初始化，正在初始化...
正在访问: http://222.19.82.141:5002/index-Final.html
初始化页面时出错: Message: tab crashed
  (Session info: chrome=143.0.7499.169)

页面初始化失败
✗ 翻译失败，跳过此行
✓ 已保存到文件: 477/4500 条

[478/4500] 翻译进度: 10.6%
藏语原文: གཞན་དག་དམན་པའི་ལས་ལ་འཇུག་པ་རྒྱུན་གཅོད་པར་མི་བྱེད་ན...
页面未初始化，正在初始化...
正在访问: http://222.19.82.141:5002/index-Final.html
初始化页面时出错: Message: tab crashed
  (Session info: chrome=143.0.7499.169)

页面初始化失败
✗ 翻译失败，跳过此行
✓ 已保存到文件: 478/4500 条

[479/4500] 翻译进度: 10.6%
藏语原文: གལ་ཏེ་བདག་ཡིད་ཉམས་ཆུང་ཞེས་པའང་འདུག་གོ།
页面未初始化，正在初始化...
正在访问: http://222.19.82.141:5002/index-Final.html
初始化页面时出错: Message: tab crashed
  (Session info: chrome=143.0.7499.169)

页面初始化失败
✗ 翻译失败，跳过此行
✓ 已保存到文件: 479/4500 条

[480/4500] 翻译进度: 10.7%
藏语原文: དེ་ལྟ་བུར་འདུག་དགོས་པའི་ཚུལ་གཞན་ཡང་།
页面未初始化，正在初始化...
正在访问: http://222.19.82.141:5002/index-Final.html
初始化页面时出错: Message: tab crashed
  (Session info: chrome=143.0.7499.169)

页面初始化失败
✗ 翻译失败，跳过此行
✓ 已保存到文件: 480/4500 条

[481/4500] 翻译进度: 10.7%
藏语原文: རང་སེམས་ཙམ་དང་རང་ཏུ་འབྲལ་བ་ཡིས།
页面未初始化，正在初始化...
正在访问: http://222.19.82.141:5002/index-Final.html
初始化页面时出错: Message: tab crashed
  (Session info: chrome=143.0.7499.169)

页面初始化失败
✗ 翻译失败，跳过此行
✓ 已保存到文件: 481/4500 条

[482/4500] 翻译进度: 10.7%
藏语原文: འོན་ཀྱང་རང་གཞན་གྱི་བདེ་བ་མཚུངས་པར་སྒྲུབ་རིགས་ཏེ།
页面未初始化，正在初始化...
正在访问: http://222.19.82.141:5002/index-Final.html
初始化页面时出错: Message: tab crashed
  (Session info: chrome=143.0.7499.169)

页面初始化失败
✗ 翻译失败，跳过此行
✓ 已保存到文件: 482/4500 条

[483/4500] 翻译进度: 10.7%
藏语原文: འོན་ཀྱང་རང་གཞན་གྱི་སྡུག་བསྔལ་མཚུངས་པར་བསལ་རིགས་ཏེ།
页面未初始化，正在初始化...
正在访问: http://222.19.82.141:5002/index-Final.html
初始化页面时出错: Message: tab crashed
  (Session info: chrome=143.0.7499.169)

页面初始化失败
✗ 翻译失败，跳过此行
✓ 已保存到文件: 483/4500 条

[484/4500] 翻译进度: 10.8%
藏语原文: རང་གཅེས་པར་འཛིན་པ་དང་གཞན་ཡལ་བར་འདོར་བའི་བློ་གཉིས་ག...
页面未初始化，正在初始化...
正在访问: http://222.19.82.141:5002/index-Final.html
初始化页面时出错: Message: tab crashed
  (Session info: chrome=143.0.7499.169)

页面初始化失败
✗ 翻译失败，跳过此行
✓ 已保存到文件: 484/4500 条

[485/4500] 翻译进度: 10.8%
藏语原文: གཞན་དང་རང་ལ་གནོད་པ་བྱས་པའི་སྐྱོན་ཡོན་ནི།
页面未初始化，正在初始化...
正在访问: http://222.19.82.141:5002/index-Final.html
初始化页面时出错: Message: tab crashed
  (Session info: chrome=143.0.7499.169)

页面初始化失败
✗ 翻译失败，跳过此行
✓ 已保存到文件: 485/4500 条

[486/4500] 翻译进度: 10.8%
藏语原文: འཇིག་རྟེན་ན་སྡུག་བསྔལ་དང་ཉེས་པའི་སྐྱོན་གང་ཇི་སྙེད་...
页面未初始化，正在初始化...
正在访问: http://222.19.82.141:5002/index-Final.html
初始化页面时出错: Message: tab crashed
  (Session info: chrome=143.0.7499.169)

页面初始化失败
✗ 翻译失败，跳过此行
✓ 已保存到文件: 486/4500 条

[487/4500] 翻译进度: 10.8%
藏语原文: བདག་ཅག་ལ་ཕན་མི་འདོགས་ན་ལྷས་བྱིན་དེ་ཡི་ཡོན་ཏན་གྱིས་...
页面未初始化，正在初始化...
正在访问: http://222.19.82.141:5002/index-Final.html
初始化页面时出错: Message: tab crashed
  (Session info: chrome=143.0.7499.169)

页面初始化失败
✗ 翻译失败，跳过此行
✓ 已保存到文件: 487/4500 条

[488/4500] 翻译进度: 10.8%
藏语原文: བདག་ཅག་ལ་དེ་ཡི་ཡོན་ཏན་གྱིས་ཅི་བྱ་འདིར་བདག་ཅག་ཀྱང་ར...
页面未初始化，正在初始化...
正在访问: http://222.19.82.141:5002/index-Final.html
初始化页面时出错: Message: tab crashed
  (Session info: chrome=143.0.7499.169)

页面初始化失败
✗ 翻译失败，跳过此行
✓ 已保存到文件: 488/4500 条

[489/4500] 翻译进度: 10.9%
藏语原文: གཞན་སྐྱོན་མི་གླེང་རང་མི་བསྟོད།
页面未初始化，正在初始化...
正在访问: http://222.19.82.141:5002/index-Final.html
初始化页面时出错: Message: tab crashed
  (Session info: chrome=143.0.7499.169)

页面初始化失败
✗ 翻译失败，跳过此行
✓ 已保存到文件: 489/4500 条

[490/4500] 翻译进度: 10.9%
藏语原文: མུན་པས་ཀྱང་རང་ཉིད་བསྒྲིབས་དགོས་ལ།
页面未初始化，正在初始化...
正在访问: http://222.19.82.141:5002/index-Final.html
初始化页面时出错: Message: tab crashed
  (Session info: chrome=143.0.7499.169)

页面初始化失败
✗ 翻译失败，跳过此行
✓ 已保存到文件: 490/4500 条

[491/4500] 翻译进度: 10.9%
藏语原文: གལ་ཏེ་སྣང་བར་བྱེད་འགྱུར་ན་ མུན་པའང་རང་དང་གཞན་གྱི་ད...
页面未初始化，正在初始化...
正在访问: http://222.19.82.141:5002/index-Final.html
初始化页面时出错: Message: tab crashed
  (Session info: chrome=143.0.7499.169)

页面初始化失败
✗ 翻译失败，跳过此行
✓ 已保存到文件: 491/4500 条

[492/4500] 翻译进度: 10.9%
藏语原文: གལ་ཏེ་སྔར་གྱི་སྒྲ་འཛིན་ལས་ཚུལ་གཞན་གཟུགས་འཛིན་གྱི་ཚ...
页面未初始化，正在初始化...
正在访问: http://222.19.82.141:5002/index-Final.html
初始化页面时出错: Message: tab crashed
  (Session info: chrome=143.0.7499.169)

页面初始化失败
✗ 翻译失败，跳过此行
✓ 已保存到文件: 492/4500 条

[493/4500] 翻译进度: 11.0%
藏语原文: སྔ་ཕྱི་སོ་སོ་ཐ་དད་པ་ཁོ་ན་ཡིན་ནའང་རང་བཞིན་གཅིག་པར་འ...
页面未初始化，正在初始化...
正在访问: http://222.19.82.141:5002/index-Final.html
初始化页面时出错: Message: tab crashed
  (Session info: chrome=143.0.7499.169)

页面初始化失败
✗ 翻译失败，跳过此行
✓ 已保存到文件: 493/4500 条

[494/4500] 翻译进度: 11.0%
藏语原文: འོནཏེ་སྐྱེས་ལ་མ་འགགས་པའི་སེམས་ད་ལྟ་བ་བདག་ཡིན་ ན་སྙ...
页面未初始化，正在初始化...
正在访问: http://222.19.82.141:5002/index-Final.html
初始化页面时出错: Message: tab crashed
  (Session info: chrome=143.0.7499.169)

页面初始化失败
✗ 翻译失败，跳过此行
✓ 已保存到文件: 494/4500 条

[495/4500] 翻译进度: 11.0%
藏语原文: དེ་ལ་ལུས་རང་བཞིན་གྱིས་མིད་པར་མ་ཟད་ཚོར་བ་ཡང་རང་བཞིན...
页面未初始化，正在初始化...
正在访问: http://222.19.82.141:5002/index-Final.html
初始化页面时出错: Message: tab crashed
  (Session info: chrome=143.0.7499.169)

页面初始化失败
✗ 翻译失败，跳过此行
✓ 已保存到文件: 495/4500 条

[496/4500] 翻译进度: 11.0%
藏语原文: གང་ལའང་རང་བཞིན་གྱིས་གྲུབ་པ་བཀག་ཟིན་པ་བཞིན་ནོ།
页面未初始化，正在初始化...
正在访问: http://222.19.82.141:5002/index-Final.html
初始化页面时出错: Message: tab crashed
  (Session info: chrome=143.0.7499.169)

页面初始化失败
✗ 翻译失败，跳过此行
✓ 已保存到文件: 496/4500 条

[497/4500] 翻译进度: 11.0%
藏语原文: ཚོར་བ་བདེན་གྲུབ་འགོག་པའི་རིགས་པས་མྱང་བྱ་ཚོར་བའང་རང...
页面未初始化，正在初始化...
正在访问: http://222.19.82.141:5002/index-Final.html
初始化页面时出错: Message: tab crashed
  (Session info: chrome=143.0.7499.169)

页面初始化失败
✗ 翻译失败，跳过此行
✓ 已保存到文件: 497/4500 条

[498/4500] 翻译进度: 11.1%
藏语原文: དེ་ལྟར་མྱང་བྱ་ཚོར་བ་བདེན་པར་མེད་པར་མ་ཟད་ཚོར་བ་པོ་ས...
页面未初始化，正在初始化...
正在访问: http://222.19.82.141:5002/index-Final.html
初始化页面时出错: Message: tab crashed
  (Session info: chrome=143.0.7499.169)

页面初始化失败
✗ 翻译失败，跳过此行
✓ 已保存到文件: 498/4500 条

[499/4500] 翻译进度: 11.1%
藏语原文: དེ་གཉིས་ཚོགས་པ་ལའང་རང་བཞིན་གྱིས་གནས་པ་མིན་ནོ།
页面未初始化，正在初始化...
正在访问: http://222.19.82.141:5002/index-Final.html
初始化页面时出错: Message: tab crashed
  (Session info: chrome=143.0.7499.169)

页面初始化失败
✗ 翻译失败，跳过此行
✓ 已保存到文件: 499/4500 条

[500/4500] 翻译进度: 11.1%
藏语原文: དེ་ལ་བདེན་གྲུབ་འགོག་པའི་རིགས་པ་ཡང་དག་ཞིག་ལ་བརྟེན་ན...
页面未初始化，正在初始化...
正在访问: http://222.19.82.141:5002/index-Final.html
初始化页面时出错: Message: tab crashed
  (Session info: chrome=143.0.7499.169)

页面初始化失败
✗ 翻译失败，跳过此行
✓ 已保存到文件: 500/4500 条

[501/4500] 翻译进度: 11.1%
藏语原文: ཡང་ན་དགག་བྱ་བདེན་གྲུབ་དང་འགོག་བྱེད་ཀྱི་བློ་གཉིས་ཀའ...
页面未初始化，正在初始化...
正在访问: http://222.19.82.141:5002/index-Final.html
初始化页面时出错: Message: tab crashed
  (Session info: chrome=143.0.7499.169)

页面初始化失败
✗ 翻译失败，跳过此行
✓ 已保存到文件: 501/4500 条

[502/4500] 翻译进度: 11.2%
藏语原文: མཚན་ཉིད་མི་མཐུན་པར་དངོས་འགལ་དུ་འདུག་པའི་ཕྱིར་རོ།
页面未初始化，正在初始化...
正在访问: http://222.19.82.141:5002/index-Final.html
初始化页面时出错: Message: tab crashed
  (Session info: chrome=143.0.7499.169)

页面初始化失败
✗ 翻译失败，跳过此行
✓ 已保存到文件: 502/4500 条

[503/4500] 翻译进度: 11.2%
藏语原文: དོན་ཁས་བླངས་པ་ལ་གནས་པ་ཉིད་དུ་འདུག་པས་ཐ་སྙད་མི་འདོད...
页面未初始化，正在初始化...
正在访问: http://222.19.82.141:5002/index-Final.html
初始化页面时出错: Message: tab crashed
  (Session info: chrome=143.0.7499.169)

页面初始化失败
✗ 翻译失败，跳过此行
✓ 已保存到文件: 503/4500 条

[504/4500] 翻译进度: 11.2%
藏语原文: གསོན་པ་དང་འཆི་བའི་སྐྱེས་བུ་ཚེ་སྔ་ཕྱིའི་སྐྱེས་བུ་ཐམ...
页面未初始化，正在初始化...
正在访问: http://222.19.82.141:5002/index-Final.html
初始化页面时出错: Message: tab crashed
  (Session info: chrome=143.0.7499.169)

页面初始化失败
✗ 翻译失败，跳过此行
✓ 已保存到文件: 504/4500 条

[505/4500] 翻译进度: 11.2%
藏语原文: ཐེག་ཆེན་དུའང་རགས་པའི་མི་རྟག་སོགས་བཅུ་དྲུག་དང་རང་བཞ...
页面未初始化，正在初始化...
正在访问: http://222.19.82.141:5002/index-Final.html
初始化页面时出错: Message: tab crashed
  (Session info: chrome=143.0.7499.169)

页面初始化失败
✗ 翻译失败，跳过此行
✓ 已保存到文件: 505/4500 条

[506/4500] 翻译进度: 11.2%
藏语原文: ཕུང་པོ་ལྔ་བོ་དེ་དག་ཀྱང་རང་བཞིན་གྱིས་སྟོང་པར་ཞེས་སོ...
页面未初始化，正在初始化...
正在访问: http://222.19.82.141:5002/index-Final.html
初始化页面时出错: Message: tab crashed
  (Session info: chrome=143.0.7499.169)

页面初始化失败
✗ 翻译失败，跳过此行
✓ 已保存到文件: 506/4500 条

[507/4500] 翻译进度: 11.3%
藏语原文: དོན་དམ་པར་དང་རང་བཞིབཞིན་གྱིས་གྲུབ་པ་སོགས་གང་སྦྱར་ཡ...
页面未初始化，正在初始化...
正在访问: http://222.19.82.141:5002/index-Final.html
初始化页面时出错: Message: tab crashed
  (Session info: chrome=143.0.7499.169)

页面初始化失败
✗ 翻译失败，跳过此行
✓ 已保存到文件: 507/4500 条

[508/4500] 翻译进度: 11.3%
藏语原文: སྒོ་བྱེད་དང་བསྒོ་གཞི་སྐྱེ་འགག་དུས་གཅིག་ཏུ་བྱེད་པའི...
页面未初始化，正在初始化...
正在访问: http://222.19.82.141:5002/index-Final.html
初始化页面时出错: Message: tab crashed
  (Session info: chrome=143.0.7499.169)

页面初始化失败
✗ 翻译失败，跳过此行
✓ 已保存到文件: 508/4500 条

[509/4500] 翻译进度: 11.3%
藏语原文: ཕྱི་དོན་ཐ་སྙད་དུ་འདོད་མི་འདོད་ཀྱི་ཁྱད་པར་ཡང་རང་མཚན...
页面未初始化，正在初始化...
正在访问: http://222.19.82.141:5002/index-Final.html
初始化页面时出错: Message: tab crashed
  (Session info: chrome=143.0.7499.169)

页面初始化失败
✗ 翻译失败，跳过此行
✓ 已保存到文件: 509/4500 条

[510/4500] 翻译进度: 11.3%
藏语原文: མ་བསྒྱུར་བའི་ཤེལ་གོང་རང་དྭངས་པའི་དྭངས་ཆ་ཞིག་དང་གཉི...
页面未初始化，正在初始化...
正在访问: http://222.19.82.141:5002/index-Final.html
初始化页面时出错: Message: tab crashed
  (Session info: chrome=143.0.7499.169)

页面初始化失败
✗ 翻译失败，跳过此行
✓ 已保存到文件: 510/4500 条

[511/4500] 翻译进度: 11.4%
藏语原文: ཤེས་པ་ཇི་ལྟར་གསལ་ཡང་རང་ཉིད་ཀྱིས་རང་ཉིད་གཉིས་སྣང་ནུ...
页面未初始化，正在初始化...
正在访问: http://222.19.82.141:5002/index-Final.html
初始化页面时出错: Message: tab crashed
  (Session info: chrome=143.0.7499.169)

页面初始化失败
✗ 翻译失败，跳过此行
✓ 已保存到文件: 511/4500 条

[512/4500] 翻译进度: 11.4%
藏语原文: དེ་ལྟར་དྲན་པ་གཉིས་ཀ་གང་རྟགས་སུ་བཀོད་ཀྱང་རང་རིག་སྒྲ...
页面未初始化，正在初始化...
正在访问: http://222.19.82.141:5002/index-Final.html
初始化页面时出错: Message: tab crashed
  (Session info: chrome=143.0.7499.169)

页面初始化失败
✗ 翻译失败，跳过此行
✓ 已保存到文件: 512/4500 条

[513/4500] 翻译进度: 11.4%
藏语原文: ཡང་རང་རིག་མེད་ཀྱང་དྲན་པ་སྐྱེ་ཚུལ་འཇུག་པ་ལས་གསུངས་པ...
页面未初始化，正在初始化...
正在访问: http://222.19.82.141:5002/index-Final.html
初始化页面时出错: Message: tab crashed
  (Session info: chrome=143.0.7499.169)

页面初始化失败
✗ 翻译失败，跳过此行
✓ 已保存到文件: 513/4500 条

[514/4500] 翻译进度: 11.4%
藏语原文: ཕྱིས་ཀྱི་སྔོ་འཛིན་མིག་ཤེས་དྲན་པའི་དྲན་ཤེས་གཉིས་གང་...
页面未初始化，正在初始化...
正在访问: http://222.19.82.141:5002/index-Final.html
初始化页面时出错: Message: tab crashed
  (Session info: chrome=143.0.7499.169)

页面初始化失败
✗ 翻译失败，跳过此行
✓ 已保存到文件: 514/4500 条

[515/4500] 翻译进度: 11.4%
藏语原文: རང་རིག་ཡོད་ཀྱང་རང་མཚན་གྱིས་གཞན་དྲན་པ་མི་སྲིད་པའི་ར...
页面未初始化，正在初始化...
正在访问: http://222.19.82.141:5002/index-Final.html
初始化页面时出错: Message: tab crashed
  (Session info: chrome=143.0.7499.169)

页面初始化失败
✗ 翻译失败，跳过此行
✓ 已保存到文件: 515/4500 条

[516/4500] 翻译进度: 11.5%
藏语原文: ཡང་རྟགས་འདི་བསླབ་བཏུས་སུ་གསུངས་སོ་ཞེས་ལན་གྱི་སྐབས་...
页面未初始化，正在初始化...
正在访问: http://222.19.82.141:5002/index-Final.html
初始化页面时出错: Message: tab crashed
  (Session info: chrome=143.0.7499.169)

页面初始化失败
✗ 翻译失败，跳过此行
✓ 已保存到文件: 516/4500 条

[517/4500] 翻译进度: 11.5%
藏语原文: དེ་ཡང་རང་རྒྱུད་པས་བདག་འཛིན་གཉིས་འཛིན་སྟངས་ཀྱི་སྒོ་...
页面未初始化，正在初始化...
正在访问: http://222.19.82.141:5002/index-Final.html
初始化页面时出错: Message: tab crashed
  (Session info: chrome=143.0.7499.169)

页面初始化失败
✗ 翻译失败，跳过此行
✓ 已保存到文件: 517/4500 条

[518/4500] 翻译进度: 11.5%
藏语原文: དེའང་རང་རྒྱུད་པ་ལྟར་ན་དགག་བྱའི་བདག་གཉིས་ལ་ཕྲ་རགས་ཀ...
页面未初始化，正在初始化...
正在访问: http://222.19.82.141:5002/index-Final.html
初始化页面时出错: Message: tab crashed
  (Session info: chrome=143.0.7499.169)

页面初始化失败
✗ 翻译失败，跳过此行
✓ 已保存到文件: 518/4500 条

[519/4500] 翻译进度: 11.5%
藏语原文: ལས་གསོག་དུས་ཀྱི་གང་ཟག་དེ་རྣམ་སྨིན་མྱོང་དུས་ཀྱི་ངའམ...
页面未初始化，正在初始化...
正在访问: http://222.19.82.141:5002/index-Final.html
初始化页面时出错: Message: tab crashed
  (Session info: chrome=143.0.7499.169)

页面初始化失败
✗ 翻译失败，跳过此行
✓ 已保存到文件: 519/4500 条

[520/4500] 翻译进度: 11.6%
藏语原文: ལས་གསོག་དུས་ཀྱི་གང་ཟག་དེས་རྣམ་སྨིན་མྱོང་བ་མིན་ཀྱང་...
页面未初始化，正在初始化...
正在访问: http://222.19.82.141:5002/index-Final.html
初始化页面时出错: Message: tab crashed
  (Session info: chrome=143.0.7499.169)

页面初始化失败
✗ 翻译失败，跳过此行
✓ 已保存到文件: 520/4500 条

[521/4500] 翻译进度: 11.6%
藏语原文: ཐ་སྙད་ཙམ་དུ་ལས་འགགས་པའམ་ཞིག་པ་དེ་དངོས་པོར་ཆེས་འཐད་...
页面未初始化，正在初始化...
正在访问: http://222.19.82.141:5002/index-Final.html
初始化页面时出错: Message: tab crashed
  (Session info: chrome=143.0.7499.169)

页面初始化失败
✗ 翻译失败，跳过此行
✓ 已保存到文件: 521/4500 条

[522/4500] 翻译进度: 11.6%
藏语原文: དེ་ལྟར་བདེན་པ་གཉིས་ཀར་ཡང་རང་བཞིན་མེད་པས་རྟག་པ་དང་ཆ...
页面未初始化，正在初始化...
正在访问: http://222.19.82.141:5002/index-Final.html
初始化页面时出错: Message: tab crashed
  (Session info: chrome=143.0.7499.169)

页面初始化失败
✗ 翻译失败，跳过此行
✓ 已保存到文件: 522/4500 条

[523/4500] 翻译进度: 11.6%
藏语原文: དེ་བཞིན་འགགས་ཤིང་རང་བཞིན་ཡོད་མིན་པའི།
页面未初始化，正在初始化...
正在访问: http://222.19.82.141:5002/index-Final.html
初始化页面时出错: Message: tab crashed
  (Session info: chrome=143.0.7499.169)

页面初始化失败
✗ 翻译失败，跳过此行
✓ 已保存到文件: 523/4500 条

[524/4500] 翻译进度: 11.6%
藏语原文: དངོས་པོ་དུས་གཉིས་པར་འཇིག་པ་དང་དངོས་པོ་དུས་གཉིས་པར་...
页面未初始化，正在初始化...
正在访问: http://222.19.82.141:5002/index-Final.html
初始化页面时出错: Message: tab crashed
  (Session info: chrome=143.0.7499.169)

页面初始化失败
✗ 翻译失败，跳过此行
✓ 已保存到文件: 524/4500 条

[525/4500] 翻译进度: 11.7%
藏语原文: འོ་ན་མྱུ་གུ་ཞིག་པ་ལྟ་བུ་དེ་ཡང་རང་དུས་སུ་སྐྱེས་ལ་མ་...
页面未初始化，正在初始化...
正在访问: http://222.19.82.141:5002/index-Final.html
初始化页面时出错: Message: tab crashed
  (Session info: chrome=143.0.7499.169)

页面初始化失败
✗ 翻译失败，跳过此行
✓ 已保存到文件: 525/4500 条

[526/4500] 翻译进度: 11.7%
藏语原文: དེ་བཞིན་དུ་མྱུ་གུ་ཞིག་པའི་ཞིག་པའང་རང་དུས་ན་རང་ཞིག་...
页面未初始化，正在初始化...
正在访问: http://222.19.82.141:5002/index-Final.html
初始化页面时出错: Message: tab crashed
  (Session info: chrome=143.0.7499.169)

页面初始化失败
✗ 翻译失败，跳过此行
✓ 已保存到文件: 526/4500 条

[527/4500] 翻译进度: 11.7%
藏语原文: དེ་བཞིན་དུ་མ་འོངས་པའང་རང་ཉིད་སྐྱེས་ཀྱང་དངོས་པོ་གཞན...
页面未初始化，正在初始化...
正在访问: http://222.19.82.141:5002/index-Final.html
初始化页面时出错: Message: tab crashed
  (Session info: chrome=143.0.7499.169)

页面初始化失败
✗ 翻译失败，跳过此行
✓ 已保存到文件: 527/4500 条

[528/4500] 翻译进度: 11.7%
藏语原文: ཡང་དག་ཀུན་རྫོབ་བཞེད་པས་ཀྱང་རང་རྒྱུད་པས་རང་མཚན་ཐ་སྙ...
页面未初始化，正在初始化...
正在访问: http://222.19.82.141:5002/index-Final.html
初始化页面时出错: Message: tab crashed
  (Session info: chrome=143.0.7499.169)

页面初始化失败
✗ 翻译失败，跳过此行
✓ 已保存到文件: 528/4500 条

[529/4500] 翻译进度: 11.8%
藏语原文: བདེན་པ་གཉིས་སུའང་རང་བཞིན་མེད་དེའི་ཕྱིར།
页面未初始化，正在初始化...
正在访问: http://222.19.82.141:5002/index-Final.html
初始化页面时出错: Message: tab crashed
  (Session info: chrome=143.0.7499.169)

页面初始化失败
✗ 翻译失败，跳过此行
✓ 已保存到文件: 529/4500 条

[530/4500] 翻译进度: 11.8%
藏语原文: རང་མཚན་ཐ་སྙད་དུའང་མི་འདོད་པ་དང་རང་རྒྱུད་ཀྱི་རྟགས་ཁ...
页面未初始化，正在初始化...
正在访问: http://222.19.82.141:5002/index-Final.html
初始化页面时出错: Message: tab crashed
  (Session info: chrome=143.0.7499.169)

页面初始化失败
✗ 翻译失败，跳过此行
✓ 已保存到文件: 530/4500 条

[531/4500] 翻译进度: 11.8%
藏语原文: དེ་ཡང་ཀུན་གཞི་དང་རང་རིག་མི་འདོད་ཅིང་དེ་དག་འགོག་པ་ད...
页面未初始化，正在初始化...
正在访问: http://222.19.82.141:5002/index-Final.html
初始化页面时出错: Message: tab crashed
  (Session info: chrome=143.0.7499.169)

页面初始化失败
✗ 翻译失败，跳过此行
✓ 已保存到文件: 531/4500 条

[532/4500] 翻译进度: 11.8%
藏语原文: འདིར་ཡང་རང་མཚན་གྱིས་གྲུབ་པ་རྡུལ་ཙམ་ཡང་མེད་པའི་བཏགས...
页面未初始化，正在初始化...
正在访问: http://222.19.82.141:5002/index-Final.html
初始化页面时出错: Message: tab crashed
  (Session info: chrome=143.0.7499.169)

页面初始化失败
✗ 翻译失败，跳过此行
✓ 已保存到文件: 532/4500 条

[533/4500] 翻译进度: 11.8%
藏语原文: དེ་ལ་ཡོད་པ་གང་ཡིན་རང་བཞིན་གྱིས་ཡོད་པར་བཟུང་བས་རྟག་...
页面未初始化，正在初始化...
正在访问: http://222.19.82.141:5002/index-Final.html
初始化页面时出错: Message: tab crashed
  (Session info: chrome=143.0.7499.169)

页面初始化失败
✗ 翻译失败，跳过此行
✓ 已保存到文件: 533/4500 条

[534/4500] 翻译进度: 11.9%
藏语原文: ཚིག་གསལ་ལས་ཀྱང་རང་བཞིན་གྱིས་མེད་པ་དང་མེད་པ་གཉིས་ཁྱ...
页面未初始化，正在初始化...
正在访问: http://222.19.82.141:5002/index-Final.html
初始化页面时出错: Message: tab crashed
  (Session info: chrome=143.0.7499.169)

页面初始化失败
✗ 翻译失败，跳过此行
✓ 已保存到文件: 534/4500 条

[535/4500] 翻译进度: 11.9%
藏语原文: དེ་སྨིན་ཅིང་རྡོལ་བ་ལས་འཇིག་རྟེན་མེས་པོ་ཚངས་པ་ཆེན་པ...
页面未初始化，正在初始化...
正在访问: http://222.19.82.141:5002/index-Final.html
初始化页面时出错: Message: tab crashed
  (Session info: chrome=143.0.7499.169)

页面初始化失败
✗ 翻译失败，跳过此行
✓ 已保存到文件: 535/4500 条

[536/4500] 翻译进度: 11.9%
藏语原文: འཁྲིག་དུས་ཀྱི་འཛག་བདེ་ལས་སྐྱེས་པའི་ཡེ་ཤེས་བཞི་པ་དེ...
页面未初始化，正在初始化...
正在访问: http://222.19.82.141:5002/index-Final.html
初始化页面时出错: Message: tab crashed
  (Session info: chrome=143.0.7499.169)

页面初始化失败
✗ 翻译失败，跳过此行
✓ 已保存到文件: 536/4500 条

[537/4500] 翻译进度: 11.9%
藏语原文: འདིས་ནི་མྱུ་གུའི་རང་བཞིན་ནམ་ངོ་བོ་ས་བོན་གྱི་དུས་སུ...
页面未初始化，正在初始化...
正在访问: http://222.19.82.141:5002/index-Final.html
初始化页面时出错: Message: tab crashed
  (Session info: chrome=143.0.7499.169)

页面初始化失败
✗ 翻译失败，跳过此行
✓ 已保存到文件: 537/4500 条

[538/4500] 翻译进度: 12.0%
藏语原文: རིགས་པ་སྔ་མས་རྒྱུ་འབྲས་ལ་སྐྱེ་བ་སྲིད་ཀྱང་རང་བཞིན་ག...
页面未初始化，正在初始化...
正在访问: http://222.19.82.141:5002/index-Final.html
初始化页面时出错: Message: tab crashed
  (Session info: chrome=143.0.7499.169)

页面初始化失败
✗ 翻译失败，跳过此行
✓ 已保存到文件: 538/4500 条

[539/4500] 翻译进度: 12.0%
藏语原文: རིགས་པ་ཕྱི་མས་རྒྱུ་འབྲས་སུ་འདོད་པ་ལ་གཞན་ཉིད་ཡོད་ཀྱ...
页面未初始化，正在初始化...
正在访问: http://222.19.82.141:5002/index-Final.html
初始化页面时出错: Message: tab crashed
  (Session info: chrome=143.0.7499.169)

页面初始化失败
✗ 翻译失败，跳过此行
✓ 已保存到文件: 539/4500 条

[540/4500] 翻译进度: 12.0%
藏语原文: འདིར་ཡོད་པ་སྐྱེ་བ་འགོག་པའང་རང་བཞིན་གྱིས་ཡོད་པ་སྐྱེ...
页面未初始化，正在初始化...
正在访问: http://222.19.82.141:5002/index-Final.html
初始化页面时出错: Message: tab crashed
  (Session info: chrome=143.0.7499.169)

页面初始化失败
✗ 翻译失败，跳过此行
✓ 已保存到文件: 540/4500 条

[541/4500] 翻译进度: 12.0%
藏语原文: གནས་པ་མ་ཡིན་འགྲོ་མ་ཡིན།
页面未初始化，正在初始化...
正在访问: http://222.19.82.141:5002/index-Final.html
初始化页面时出错: Message: tab crashed
  (Session info: chrome=143.0.7499.169)

页面初始化失败
✗ 翻译失败，跳过此行
✓ 已保存到文件: 541/4500 条

[542/4500] 翻译进度: 12.0%
藏语原文: སྒྲ་ལ་འཆེལ་ཅིང་འདུག་པར་མ་བྱེད་པར།
页面未初始化，正在初始化...
正在访问: http://222.19.82.141:5002/index-Final.html
初始化页面时出错: Message: tab crashed
  (Session info: chrome=143.0.7499.169)

页面初始化失败
✗ 翻译失败，跳过此行
✓ 已保存到文件: 542/4500 条

[543/4500] 翻译进度: 12.1%
藏语原文: དཔག་ཚད་བརྒྱ་ཙམ་དུ་འཕགས་པ་དེའི་ནང་ན་འདུག་ཅིང་།
页面未初始化，正在初始化...
正在访问: http://222.19.82.141:5002/index-Final.html
初始化页面时出错: Message: tab crashed
  (Session info: chrome=143.0.7499.169)

页面初始化失败
✗ 翻译失败，跳过此行
✓ 已保存到文件: 543/4500 条

[544/4500] 翻译进度: 12.1%
藏语原文: བཅོམ་ལྡན་འདས་ཡིད་ལ་བགྱི་བ་དེ་དག་ཐམས་ཅད་ཀྱང་རང་བཞིན...
页面未初始化，正在初始化...
正在访问: http://222.19.82.141:5002/index-Final.html
初始化页面时出错: Message: tab crashed
  (Session info: chrome=143.0.7499.169)

页面初始化失败
✗ 翻译失败，跳过此行
✓ 已保存到文件: 544/4500 条

[545/4500] 翻译进度: 12.1%
藏语原文: ཡིད་ལ་བཀྱི་བ་ཐམས་ཅད་ཀྱང་རང་བཞིན་གྱིས་སྟོང་པ་ལགས་ན།
页面未初始化，正在初始化...
正在访问: http://222.19.82.141:5002/index-Final.html
初始化页面时出错: Message: tab crashed
  (Session info: chrome=143.0.7499.169)

页面初始化失败
✗ 翻译失败，跳过此行
✓ 已保存到文件: 545/4500 条

[546/4500] 翻译进度: 12.1%
藏语原文: བཅོམ་ལྡན་འདས་གལ་ཏེ་ཤེས་རབ་ཀྱི་ཕ་རོལ་ཏུ་ཕྱིན་པ་རང་བ...
页面未初始化，正在初始化...
正在访问: http://222.19.82.141:5002/index-Final.html
初始化页面时出错: Message: tab crashed
  (Session info: chrome=143.0.7499.169)

页面初始化失败
✗ 翻译失败，跳过此行
✓ 已保存到文件: 546/4500 条

[547/4500] 翻译进度: 12.2%
藏语原文: འདུག་པར་མི་བྱའོ།
页面未初始化，正在初始化...
正在访问: http://222.19.82.141:5002/index-Final.html
初始化页面时出错: Message: tab crashed
  (Session info: chrome=143.0.7499.169)

页面初始化失败
✗ 翻译失败，跳过此行
✓ 已保存到文件: 547/4500 条

[548/4500] 翻译进度: 12.2%
藏语原文: གལ་ཏེ་འདུག་ན་ཡང་དེས་སུ་ལ་ཛེེགནོད་སེམས་སུ་མི་བྱ།
页面未初始化，正在初始化...
正在访问: http://222.19.82.141:5002/index-Final.html
初始化页面时出错: Message: tab crashed
  (Session info: chrome=143.0.7499.169)

页面初始化失败
✗ 翻译失败，跳过此行
✓ 已保存到文件: 548/4500 条

[549/4500] 翻译进度: 12.2%
藏语原文: འདུག་པར་མི་བྱ།
页面未初始化，正在初始化...
正在访问: http://222.19.82.141:5002/index-Final.html
初始化页面时出错: Message: tab crashed
  (Session info: chrome=143.0.7499.169)

页面初始化失败
✗ 翻译失败，跳过此行
✓ 已保存到文件: 549/4500 条

[550/4500] 翻译进度: 12.2%
藏语原文: གཡུལ་ངོར་འགྲོ་བའི་སྐྱེས་བུ་གོ་ཆ་ཚང་བར་གྱོན་པ་མཚོན་...
页面未初始化，正在初始化...
正在访问: http://222.19.82.141:5002/index-Final.html
初始化页面时出错: Message: tab crashed
  (Session info: chrome=143.0.7499.169)

页面初始化失败
✗ 翻译失败，跳过此行
✓ 已保存到文件: 550/4500 条

[551/4500] 翻译进度: 12.2%
藏语原文: མིག་ལམ་དུ་ཡང་མི་གདའོ།
页面未初始化，正在初始化...
正在访问: http://222.19.82.141:5002/index-Final.html
初始化页面时出错: Message: tab crashed
  (Session info: chrome=143.0.7499.169)

页面初始化失败
✗ 翻译失败，跳过此行
✓ 已保存到文件: 551/4500 条

[552/4500] 翻译进度: 12.3%
藏语原文: བདག་ནི་དེ་ལྟ་བུ་ཞིག་ན་འདུག་འདུག་སྟེ།
页面未初始化，正在初始化...
正在访问: http://222.19.82.141:5002/index-Final.html
初始化页面时出错: Message: tab crashed
  (Session info: chrome=143.0.7499.169)

页面初始化失败
✗ 翻译失败，跳过此行
✓ 已保存到文件: 552/4500 条

[553/4500] 翻译进度: 12.3%
藏语原文: ཡུན་ནི་འདི་སྲིད་ཅིག་ཏུ་འདུག་འདུག།
页面未初始化，正在初始化...
正在访问: http://222.19.82.141:5002/index-Final.html
初始化页面时出错: Message: tab crashed
  (Session info: chrome=143.0.7499.169)

页面初始化失败
✗ 翻译失败，跳过此行
✓ 已保存到文件: 553/4500 条

[554/4500] 翻译进度: 12.3%
藏语原文: འོན་ཀྱང་དེ་བཞིན་གཤེགས་པའི་སྤྲུལ་པ་དེ་ནི་འགྲོ་ཞིང་འ...
页面未初始化，正在初始化...
正在访问: http://222.19.82.141:5002/index-Final.html
初始化页面时出错: Message: tab crashed
  (Session info: chrome=143.0.7499.169)

页面初始化失败
✗ 翻译失败，跳过此行
✓ 已保存到文件: 554/4500 条

[555/4500] 翻译进度: 12.3%
藏语原文: འདུག་པའམ།
页面未初始化，正在初始化...
正在访问: http://222.19.82.141:5002/index-Final.html
初始化页面时出错: Message: tab crashed
  (Session info: chrome=143.0.7499.169)

页面初始化失败
✗ 翻译失败，跳过此行
✓ 已保存到文件: 555/4500 条

[556/4500] 翻译进度: 12.4%
藏语原文: འདི་ལྟ་སྟེ་དཔེར་ན་སྤྲུལ་པ་ནི་འགྲོ་བ་འམ་འོང་བའམ་སྡོ...
页面未初始化，正在初始化...
正在访问: http://222.19.82.141:5002/index-Final.html
初始化页面时出错: Message: tab crashed
  (Session info: chrome=143.0.7499.169)

页面初始化失败
✗ 翻译失败，跳过此行
✓ 已保存到文件: 556/4500 条

[557/4500] 翻译进度: 12.4%
藏语原文: བདག་ནི་འདི་ལྟ་བུ་ཞིག་ན་འདུག་འདུག་གོ།
页面未初始化，正在初始化...
正在访问: http://222.19.82.141:5002/index-Final.html
初始化页面时出错: Message: tab crashed
  (Session info: chrome=143.0.7499.169)

页面初始化失败
✗ 翻译失败，跳过此行
✓ 已保存到文件: 557/4500 条

[558/4500] 翻译进度: 12.4%
藏语原文: ཕྱལ་ཕྱམ་མེར་འདུག་པ་ཡིན།
页面未初始化，正在初始化...
正在访问: http://222.19.82.141:5002/index-Final.html
初始化页面时出错: Message: tab crashed
  (Session info: chrome=143.0.7499.169)

页面初始化失败
✗ 翻译失败，跳过此行
✓ 已保存到文件: 558/4500 条

[559/4500] 翻译进度: 12.4%
藏语原文: སྤྱན་དཀར་ནག་འབྱེས་ཤིང་པདྨོའི་སྣེའདབ་མ་ལྟར་འདུག་པ་ཡ...
页面未初始化，正在初始化...
正在访问: http://222.19.82.141:5002/index-Final.html
初始化页面时出错: Message: tab crashed
  (Session info: chrome=143.0.7499.169)

页面初始化失败
✗ 翻译失败，跳过此行
✓ 已保存到文件: 559/4500 条

[560/4500] 翻译进度: 12.4%
藏语原文: འདི་ལྟ་སྟེ་དཔེར་ན་ཆུའི་ཆུ་བུར་གསོག་ཏུ་འདུག་པ་སྐྱེ་...
页面未初始化，正在初始化...
正在访问: http://222.19.82.141:5002/index-Final.html
初始化页面时出错: Message: tab crashed
  (Session info: chrome=143.0.7499.169)

页面初始化失败
✗ 翻译失败，跳过此行
✓ 已保存到文件: 560/4500 条

[561/4500] 翻译进度: 12.5%
藏语原文: དེ་ནི་རྟག་པར་ཡང་རང་བཞིན་རྨིས་སྟོང་ངོ།
页面未初始化，正在初始化...
正在访问: http://222.19.82.141:5002/index-Final.html
初始化页面时出错: Message: tab crashed
  (Session info: chrome=143.0.7499.169)

页面初始化失败
✗ 翻译失败，跳过此行
✓ 已保存到文件: 561/4500 条

[562/4500] 翻译进度: 12.5%
藏语原文: རང་བཞིན་སྟོང་པ་ཉིད་དེ་ཡང་སྔ་ནས་ཀྱང་རང་བཞིན་གྱིས་སྟ...
页面未初始化，正在初始化...
正在访问: http://222.19.82.141:5002/index-Final.html
初始化页面时出错: Message: tab crashed
  (Session info: chrome=143.0.7499.169)

页面初始化失败
✗ 翻译失败，跳过此行
✓ 已保存到文件: 562/4500 条

[563/4500] 翻译进度: 12.5%
藏语原文: ཕྱིན་ཆད་ཀྱང་རང་བཞིན་ཀྱིས་སྟོང་པ་ཉིད།
页面未初始化，正在初始化...
正在访问: http://222.19.82.141:5002/index-Final.html
初始化页面时出错: Message: tab crashed
  (Session info: chrome=143.0.7499.169)

页面初始化失败
✗ 翻译失败，跳过此行
✓ 已保存到文件: 563/4500 条

[564/4500] 翻译进度: 12.5%
藏语原文: བར་དུ་ཡང་རང་བཞིན་ཀྱིས་སྟོང་པ་ཉིད་དེ།
页面未初始化，正在初始化...
正在访问: http://222.19.82.141:5002/index-Final.html
初始化页面时出错: Message: tab crashed
  (Session info: chrome=143.0.7499.169)

页面初始化失败
✗ 翻译失败，跳过此行
✓ 已保存到文件: 564/4500 条

[565/4500] 翻译进度: 12.6%
藏语原文: དེ་ནམ་ཡང་རང་བཞིན་གྱིས་མི་སྟོང་བ་མ་ཡིན་ནོ།
页面未初始化，正在初始化...
正在访问: http://222.19.82.141:5002/index-Final.html
初始化页面时出错: Message: tab crashed
  (Session info: chrome=143.0.7499.169)

页面初始化失败
✗ 翻译失败，跳过此行
✓ 已保存到文件: 565/4500 条

[566/4500] 翻译进度: 12.6%
藏语原文: གཟུགས་ཉིད་ཀྱང་རང་བཞིན་སྟོང་པ་ཉིད་དོ།
页面未初始化，正在初始化...
正在访问: http://222.19.82.141:5002/index-Final.html
初始化页面时出错: Message: tab crashed
  (Session info: chrome=143.0.7499.169)

页面初始化失败
✗ 翻译失败，跳过此行
✓ 已保存到文件: 566/4500 条

[567/4500] 翻译进度: 12.6%
藏语原文: རྣམ་པར་ཤེས་པ་ཉིད་ཀྱང་རང་བཞིན་སྟོང་པ་ཉིད་དོ།
页面未初始化，正在初始化...
正在访问: http://222.19.82.141:5002/index-Final.html
初始化页面时出错: Message: tab crashed
  (Session info: chrome=143.0.7499.169)

页面初始化失败
✗ 翻译失败，跳过此行
✓ 已保存到文件: 567/4500 条

[568/4500] 翻译进度: 12.6%
藏语原文: གོ་ཆ་དེ་འཚལ་བས་འདོད་པའི་ཁམས་ན་ཡང་མི་གདའ།
页面未初始化，正在初始化...
正在访问: http://222.19.82.141:5002/index-Final.html
初始化页面时出错: Message: tab crashed
  (Session info: chrome=143.0.7499.169)

页面初始化失败
✗ 翻译失败，跳过此行
✓ 已保存到文件: 568/4500 条

[569/4500] 翻译进度: 12.6%
藏语原文: གཟུགས་མཆིས་པའི་ཁམས་ན་ཡང་མི་གདའ།
页面未初始化，正在初始化...
正在访问: http://222.19.82.141:5002/index-Final.html
初始化页面时出错: Message: tab crashed
  (Session info: chrome=143.0.7499.169)

页面初始化失败
✗ 翻译失败，跳过此行
✓ 已保存到文件: 569/4500 条

[570/4500] 翻译进度: 12.7%
藏语原文: གཟུགས་མ་མཆིས་པའི་ཁམས་ན་ཡང་མི་གདའ།
页面未初始化，正在初始化...
正在访问: http://222.19.82.141:5002/index-Final.html
初始化页面时出错: Message: tab crashed
  (Session info: chrome=143.0.7499.169)

页面初始化失败
✗ 翻译失败，跳过此行
✓ 已保存到文件: 570/4500 条

[571/4500] 翻译进度: 12.7%
藏语原文: འདུས་མ་བྱས་ཀྱི་ཁམས་ན་ཡང་མི་གདའ་ལ།
页面未初始化，正在初始化...
正在访问: http://222.19.82.141:5002/index-Final.html
初始化页面时出错: Message: tab crashed
  (Session info: chrome=143.0.7499.169)

页面初始化失败
✗ 翻译失败，跳过此行
✓ 已保存到文件: 571/4500 条

[572/4500] 翻译进度: 12.7%
藏语原文: གང་མཉམ་པར་གཞོག་པ་དེ་ཡང་རང་བཞིན་གྱིས་སྟོང་ངོ།
页面未初始化，正在初始化...
正在访问: http://222.19.82.141:5002/index-Final.html
初始化页面时出错: Message: tab crashed
  (Session info: chrome=143.0.7499.169)

页面初始化失败
✗ 翻译失败，跳过此行
✓ 已保存到文件: 572/4500 条

[573/4500] 翻译进度: 12.7%
藏语原文: གང་མཉམ་པར་གཞག་པ་དེ་ཡང་རང་བཞིན་གྱིས་སྟོང་ངོ།
页面未初始化，正在初始化...
正在访问: http://222.19.82.141:5002/index-Final.html
初始化页面时出错: Message: tab crashed
  (Session info: chrome=143.0.7499.169)

页面初始化失败
✗ 翻译失败，跳过此行
✓ 已保存到文件: 573/4500 条

[574/4500] 翻译进度: 12.8%
藏语原文: འདུག་ཀྱང་རུང་།་
页面未初始化，正在初始化...
正在访问: http://222.19.82.141:5002/index-Final.html
初始化页面时出错: Message: tab crashed
  (Session info: chrome=143.0.7499.169)

页面初始化失败
✗ 翻译失败，跳过此行
✓ 已保存到文件: 574/4500 条

[575/4500] 翻译进度: 12.8%
藏语原文: ༥པེ་སྣར་ཅིག་འདུག་སྟེ།
页面未初始化，正在初始化...
正在访问: http://222.19.82.141:5002/index-Final.html
初始化页面时出错: Message: tab crashed
  (Session info: chrome=143.0.7499.169)

页面初始化失败
✗ 翻译失败，跳过此行
✓ 已保存到文件: 575/4500 条

[576/4500] 翻译进度: 12.8%
藏语原文: པེ་སྣར་འདུག་༧༥པེ་སྣར་ཡོངས་སུ།
页面未初始化，正在初始化...
正在访问: http://222.19.82.141:5002/index-Final.html
初始化页面时出错: Message: tab crashed
  (Session info: chrome=143.0.7499.169)

页面初始化失败
✗ 翻译失败，跳过此行
✓ 已保存到文件: 576/4500 条

[577/4500] 翻译进度: 12.8%
藏语原文: ཁོང་ལ་དངུལ་ཀྱང་མང་པོ་འདུག་ཅིང་།
页面未初始化，正在初始化...
正在访问: http://222.19.82.141:5002/index-Final.html
初始化页面时出错: Message: tab crashed
  (Session info: chrome=143.0.7499.169)

页面初始化失败
✗ 翻译失败，跳过此行
✓ 已保存到文件: 577/4500 条

[578/4500] 翻译进度: 12.8%
藏语原文: སྔོན་གྱི་གདན་ས་ལྷ་ས་ལས་ཀྱང་ཕྱོགས་དེ་ན་མང་བ་ཙམ་འདུག...
页面未初始化，正在初始化...
正在访问: http://222.19.82.141:5002/index-Final.html
初始化页面时出错: Message: tab crashed
  (Session info: chrome=143.0.7499.169)

页面初始化失败
✗ 翻译失败，跳过此行
✓ 已保存到文件: 578/4500 条

[579/4500] 翻译进度: 12.9%
藏语原文: བྲག་རྒྱབ་སོགས་བཀའ་གདམས་པའི་གདན་ས་མིང་ཆེ་ཆེ་ཕལ་ཆེར་...
页面未初始化，正在初始化...
正在访问: http://222.19.82.141:5002/index-Final.html
初始化页面时出错: Message: tab crashed
  (Session info: chrome=143.0.7499.169)

页面初始化失败
✗ 翻译失败，跳过此行
✓ 已保存到文件: 579/4500 条

[580/4500] 翻译进度: 12.9%
藏语原文: ནཱ་ལེན་དྲའི་དགོན་ཤུལ་རྣམས་ན་ཡང་མཆོད་རྟེན་ཆེ་ཆུང་གྲ...
页面未初始化，正在初始化...
正在访问: http://222.19.82.141:5002/index-Final.html
初始化页面时出错: Message: tab crashed
  (Session info: chrome=143.0.7499.169)

页面初始化失败
✗ 翻译失败，跳过此行
✓ 已保存到文件: 580/4500 条

[581/4500] 翻译进度: 12.9%
藏语原文: ལར་སྔོན་གྱི་རྒྱ་སྐད་གདངས་ཅི་ལྟར་ཐོན་པ་ཙམ་བོད་ཡིག་ལ...
页面未初始化，正在初始化...
正在访问: http://222.19.82.141:5002/index-Final.html
初始化页面时出错: Message: tab crashed
  (Session info: chrome=143.0.7499.169)

页面初始化失败
✗ 翻译失败，跳过此行
✓ 已保存到文件: 581/4500 条

[582/4500] 翻译进度: 12.9%
藏语原文: ལེགས་སྦྱར་གཙང་སང་རྒྱ་ཡིག་ཇི་ལྟ་བ་བཞིན་བྲིས་ཆོག་པ་འ...
页面未初始化，正在初始化...
正在访问: http://222.19.82.141:5002/index-Final.html
初始化页面时出错: Message: tab crashed
  (Session info: chrome=143.0.7499.169)

页面初始化失败
✗ 翻译失败，跳过此行
✓ 已保存到文件: 582/4500 条

[583/4500] 翻译进度: 13.0%
藏语原文: རྡོ་སྐུ་རྒྱ་གར་མ་འདི་ལས་གཞན་མ་མཐོང་ཞེས་པཎྜི་ཏ་སྨྲ་...
页面未初始化，正在初始化...
正在访问: http://222.19.82.141:5002/index-Final.html
初始化页面时出错: Message: tab crashed
  (Session info: chrome=143.0.7499.169)

页面初始化失败
✗ 翻译失败，跳过此行
✓ 已保存到文件: 583/4500 条

[584/4500] 翻译进度: 13.0%
藏语原文: བསྟན་པ་ཕྱི་དར་གྱི་འགོ་ལ་བརྩིགས་པའི་དགོན་གནས་དང་ལྷ་...
页面未初始化，正在初始化...
正在访问: http://222.19.82.141:5002/index-Final.html
初始化页面时出错: Message: tab crashed
  (Session info: chrome=143.0.7499.169)

页面初始化失败
✗ 翻译失败，跳过此行
✓ 已保存到文件: 584/4500 条

[585/4500] 翻译进度: 13.0%
藏语原文: འགྲམ་གྱི་རི་གཉིས་ཁོ་ན་ལས་མི་འདུག་ས་པཎ་གྱིས་བྱ་རྒོད...
页面未初始化，正在初始化...
正在访问: http://222.19.82.141:5002/index-Final.html
初始化页面时出错: Message: tab crashed
  (Session info: chrome=143.0.7499.169)

页面初始化失败
✗ 翻译失败，跳过此行
✓ 已保存到文件: 585/4500 条

[586/4500] 翻译进度: 13.0%
藏语原文: ཉེ་ཆར་གནའ་དུས་ཀྱི་ལྷ་ཁང་རྙིང་མ་ཞིག་འདུག་པ་མཐའ་འདུལ...
页面未初始化，正在初始化...
正在访问: http://222.19.82.141:5002/index-Final.html
初始化页面时出错: Message: tab crashed
  (Session info: chrome=143.0.7499.169)

页面初始化失败
✗ 翻译失败，跳过此行
✓ 已保存到文件: 586/4500 条

[587/4500] 翻译进度: 13.0%
藏语原文: གསོལ་ལྷུང་ནི་ནང་ལ་ཤ་དཀར་གྱི་གཡའ་རྩི་བཏང་བ་ཞིག་འདུག...
页面未初始化，正在初始化...
正在访问: http://222.19.82.141:5002/index-Final.html
初始化页面时出错: Message: tab crashed
  (Session info: chrome=143.0.7499.169)

页面初始化失败
✗ 翻译失败，跳过此行
✓ 已保存到文件: 587/4500 条

[588/4500] 翻译进度: 13.1%
藏语原文: མགོ་མཇུག་ཏུ་རས་ནག་པོའི་མཐའ་ཆགས་བཅས་པ་ཞིག་འདུག་འདི་...
页面未初始化，正在初始化...
正在访问: http://222.19.82.141:5002/index-Final.html
初始化页面时出错: Message: tab crashed
  (Session info: chrome=143.0.7499.169)

页面初始化失败
✗ 翻译失败，跳过此行
✓ 已保存到文件: 588/4500 条

[589/4500] 翻译进度: 13.1%
藏语原文: འཁོར་གྱི་རྟ་མགྲིན་དེ་ཡས་ཀྱི་མཆེ་བ་གླང་ཆེན་བཞིན་གཡས...
页面未初始化，正在初始化...
正在访问: http://222.19.82.141:5002/index-Final.html
初始化页面时出错: Message: tab crashed
  (Session info: chrome=143.0.7499.169)

页面初始化失败
✗ 翻译失败，跳过此行
✓ 已保存到文件: 589/4500 条

[590/4500] 翻译进度: 13.1%
藏语原文: མེས་དབོན་གྱི་ལྷ་ཁང་རྣམས་ན་ཡང་ཁྲོ་བོའི་གཟུགས་རྣམས་ད...
页面未初始化，正在初始化...
正在访问: http://222.19.82.141:5002/index-Final.html
初始化页面时出错: Message: tab crashed
  (Session info: chrome=143.0.7499.169)

页面初始化失败
✗ 翻译失败，跳过此行
✓ 已保存到文件: 590/4500 条

[591/4500] 翻译进度: 13.1%
藏语原文: ཞ་ལུར་ཡང་ཡ་རྩེ་ནས་ཕུལ་བྱ་བའི་རྒྱ་དཔེ་འདུག་པས།
页面未初始化，正在初始化...
正在访问: http://222.19.82.141:5002/index-Final.html
初始化页面时出错: Message: tab crashed
  (Session info: chrome=143.0.7499.169)

页面初始化失败
✗ 翻译失败，跳过此行
✓ 已保存到文件: 591/4500 条

[592/4500] 翻译进度: 13.2%
藏语原文: སྲིད་དུ་མཐོ་དྲུག་ཡོད་པ་གཉིས་ཀྱི་ནང་དུ་བཅུག་འདུག་པ་...
页面未初始化，正在初始化...
正在访问: http://222.19.82.141:5002/index-Final.html
初始化页面时出错: Message: tab crashed
  (Session info: chrome=143.0.7499.169)

页面初始化失败
✗ 翻译失败，跳过此行
✓ 已保存到文件: 592/4500 条

[593/4500] 翻译进度: 13.2%
藏语原文: དེའི་ནང་དུ་བོད་དཔེ་བྲིས་མ་མང་པོ་ཡང་འདུག་སུ་ལ་ཡང་རྒ...
页面未初始化，正在初始化...
正在访问: http://222.19.82.141:5002/index-Final.html
初始化页面时出错: Message: tab crashed
  (Session info: chrome=143.0.7499.169)

页面初始化失败
✗ 翻译失败，跳过此行
✓ 已保存到文件: 593/4500 条

[594/4500] 翻译进度: 13.2%
藏语原文: དེ་མེད་པ་ནི་མུན་པ་སོགས་འདུག་པས།
页面未初始化，正在初始化...
正在访问: http://222.19.82.141:5002/index-Final.html
初始化页面时出错: Message: tab crashed
  (Session info: chrome=143.0.7499.169)

页面初始化失败
✗ 翻译失败，跳过此行
✓ 已保存到文件: 594/4500 条

[595/4500] 翻译进度: 13.2%
藏语原文: བོད་འགྲེལ་རང་དུ་སྣང་ལ་བར་བར་དུ་ཚིག་གསལ་རྒྱ་སྐད་དུ་...
页面未初始化，正在初始化...
正在访问: http://222.19.82.141:5002/index-Final.html
初始化页面时出错: Message: tab crashed
  (Session info: chrome=143.0.7499.169)

页面初始化失败
✗ 翻译失败，跳过此行
✓ 已保存到文件: 595/4500 条

[596/4500] 翻译进度: 13.2%
藏语原文: བོད་དཔེ་རྣམས་ཅི་བས་ཀྱང་སྤུས་ལེགས་ལ་གྲས་མཚུངས་པ་རྐྱ...
页面未初始化，正在初始化...
正在访问: http://222.19.82.141:5002/index-Final.html
初始化页面时出错: Message: tab crashed
  (Session info: chrome=143.0.7499.169)

页面初始化失败
✗ 翻译失败，跳过此行
✓ 已保存到文件: 596/4500 条

[597/4500] 翻译进度: 13.3%
藏语原文: བྱ་བ་བོད་ཡིག་དབུ་ཅན་ཤིན་ཏུ་ཡིད་འཕྲོག་པའི་གཟུགས་སུ་...
页面未初始化，正在初始化...
正在访问: http://222.19.82.141:5002/index-Final.html
初始化页面时出错: Message: tab crashed
  (Session info: chrome=143.0.7499.169)

页面初始化失败
✗ 翻译失败，跳过此行
✓ 已保存到文件: 597/4500 条

[598/4500] 翻译进度: 13.3%
藏语原文: དཔེ་པོད་སྟོང་ཕྲག་ལྷག་ཙམ་འདུག་པའི་ནང་ནས་ཐོག་མར་ངེད་...
页面未初始化，正在初始化...
正在访问: http://222.19.82.141:5002/index-Final.html
初始化页面时出错: Message: tab crashed
  (Session info: chrome=143.0.7499.169)

页面初始化失败
✗ 翻译失败，跳过此行
✓ 已保存到文件: 598/4500 条

[599/4500] 翻译进度: 13.3%
藏语原文: པཎྜི་ཏ་རྣལ་འབྱོར་ཟླ་བའི་ཕྱག་བྲིས་རྣམ་འགྲེལ་རྒྱན་གྱ...
页面未初始化，正在初始化...
正在访问: http://222.19.82.141:5002/index-Final.html
初始化页面时出错: Message: tab crashed
  (Session info: chrome=143.0.7499.169)

页面初始化失败
✗ 翻译失败，跳过此行
✓ 已保存到文件: 599/4500 条

[600/4500] 翻译进度: 13.3%
藏语原文: ལྷ་ས་ཀུན་གླིང་བླ་བྲང་དུ་རྩོད་རིགས་ཀྱི་འགྲེལ་པ་ཞི་འ...
页面未初始化，正在初始化...
正在访问: http://222.19.82.141:5002/index-Final.html
初始化页面时出错: Message: tab crashed
  (Session info: chrome=143.0.7499.169)

页面初始化失败
✗ 翻译失败，跳过此行
✓ 已保存到文件: 600/4500 条

[601/4500] 翻译进度: 13.4%
藏语原文: དེར་བརྒྱད་སྟོང་མཚན་བརྗོད་སོགས་ཀྱང་འདུག་བོད་དཔེ་དཀོ...
页面未初始化，正在初始化...
正在访问: http://222.19.82.141:5002/index-Final.html
初始化页面时出错: Message: tab crashed
  (Session info: chrome=143.0.7499.169)

页面初始化失败
✗ 翻译失败，跳过此行
✓ 已保存到文件: 601/4500 条

[602/4500] 翻译进度: 13.4%
藏语原文: དེར་ངོ་མཚར་ཆེ་བ་རྡོ་རྗེ་གདན་གྱི་མཆོད་རྟེན་སོགས་དགོ...
页面未初始化，正在初始化...
正在访问: http://222.19.82.141:5002/index-Final.html
初始化页面时出错: Message: tab crashed
  (Session info: chrome=143.0.7499.169)

页面初始化失败
✗ 翻译失败，跳过此行
✓ 已保存到文件: 602/4500 条

[603/4500] 翻译进度: 13.4%
藏语原文: ཀཎགོམིས་མཛད་པ་སོགས་ནི་བྱང་ཤམ་བྷ་ལའི་དཔེ་མཛོད་དེ་འད...
页面未初始化，正在初始化...
正在访问: http://222.19.82.141:5002/index-Final.html
初始化页面时出错: Message: tab crashed
  (Session info: chrome=143.0.7499.169)

页面初始化失败
✗ 翻译失败，跳过此行
✓ 已保存到文件: 603/4500 条

[604/4500] 翻译进度: 13.4%
藏语原文: ཡུལ་དེའི་ཆུ་འགྲམ་བྱང་ངོས་ན་གྲུབ་ཐོབ་གཅེར་བུ་རྣམས་ཀ...
页面未初始化，正在初始化...
正在访问: http://222.19.82.141:5002/index-Final.html
初始化页面时出错: Message: tab crashed
  (Session info: chrome=143.0.7499.169)

页面初始化失败
✗ 翻译失败，跳过此行
✓ 已保存到文件: 604/4500 条

[605/4500] 翻译进度: 13.4%
藏语原文: ལན་གཅིག་རྒྱལ་པོ་ལ་ཚེ་གེགས་འདུག་པས་དེ་སེལ་བའི་ཐབས་ས...
页面未初始化，正在初始化...
正在访问: http://222.19.82.141:5002/index-Final.html
初始化页面时出错: Message: tab crashed
  (Session info: chrome=143.0.7499.169)

页面初始化失败
✗ 翻译失败，跳过此行
✓ 已保存到文件: 605/4500 条

[606/4500] 翻译进度: 13.5%
藏语原文: འོན་ཀྱང་ཞོ་ལྟ་བུའི་ཀླད་པ་ཁོ་རང་ནི་བེམ་པོ་ཡིན་པས་ཤེ...
页面未初始化，正在初始化...
正在访问: http://222.19.82.141:5002/index-Final.html
初始化页面时出错: Message: tab crashed
  (Session info: chrome=143.0.7499.169)

页面初始化失败
✗ 翻译失败，跳过此行
✓ 已保存到文件: 606/4500 条

[607/4500] 翻译进度: 13.5%
藏语原文: ལི་ཡུལ་ནི་བོད་ཀྱི་བྱང་ཕྱོགས་སུ་ཡོད་ཅིང་རང་སྐད་ལ་ཀུ...
页面未初始化，正在初始化...
正在访问: http://222.19.82.141:5002/index-Final.html
初始化页面时出错: Message: tab crashed
  (Session info: chrome=143.0.7499.169)

页面初始化失败
✗ 翻译失败，跳过此行
✓ 已保存到文件: 607/4500 条

[608/4500] 翻译进度: 13.5%
藏语原文: ངེས་པར་ལྷའི་ཡུལ་དང་རྨི་ལམ་གྱི་ཞིང་ལྟ་བུ་ཞིག་ཏུ་གྲུ...
页面未初始化，正在初始化...
正在访问: http://222.19.82.141:5002/index-Final.html
初始化页面时出错: Message: tab crashed
  (Session info: chrome=143.0.7499.169)

页面初始化失败
✗ 翻译失败，跳过此行
✓ 已保存到文件: 608/4500 条

[609/4500] 翻译进度: 13.5%
藏语原文: སྦྲུལ་དུག་ཅན་ཁྱུད་ཀྱི་སྒྲ་དང་བཅས་བྲང་གཤོག་པ་ལྟར་ཁ་...
页面未初始化，正在初始化...
正在访问: http://222.19.82.141:5002/index-Final.html
初始化页面时出错: Message: tab crashed
  (Session info: chrome=143.0.7499.169)

页面初始化失败
✗ 翻译失败，跳过此行
✓ 已保存到文件: 609/4500 条

[610/4500] 翻译进度: 13.6%
藏语原文: དེ་ད་བྱིད་དུ་བསྒྱུར་ནས་འདུག་སྙམ།
页面未初始化，正在初始化...
正在访问: http://222.19.82.141:5002/index-Final.html
初始化页面时出错: Message: tab crashed
  (Session info: chrome=143.0.7499.169)

页面初始化失败
✗ 翻译失败，跳过此行
✓ 已保存到文件: 610/4500 条

[611/4500] 翻译进度: 13.6%
藏语原文: བོད་ཀྱི་མདུན་སྨྲ་རིན་མ་ཆོག་པ་རྐྱང་འདུག་པས་རང་འགར་བ...
页面未初始化，正在初始化...
正在访问: http://222.19.82.141:5002/index-Final.html
初始化页面时出错: Message: tab crashed
  (Session info: chrome=143.0.7499.169)

页面初始化失败
✗ 翻译失败，跳过此行
✓ 已保存到文件: 611/4500 条

[612/4500] 翻译进度: 13.6%
藏语原文: དེ་ཡང་རང་ཡུལ་གྱི་གྲོང་དང་ཡུལ་ཕྲན་ནམས་ཀྱི་མིང་ནི་རང...
页面未初始化，正在初始化...
正在访问: http://222.19.82.141:5002/index-Final.html
初始化页面时出错: Message: tab crashed
  (Session info: chrome=143.0.7499.169)

页面初始化失败
✗ 翻译失败，跳过此行
✓ 已保存到文件: 612/4500 条

[613/4500] 翻译进度: 13.6%
藏语原文: སྐད་གཉིས་ཤན་སྦྱར་དང་འཕྲིན་ཡིག་སོགས་ནའང་རྒྱ་གར་གྱི་...
页面未初始化，正在初始化...
正在访问: http://222.19.82.141:5002/index-Final.html
初始化页面时出错: Message: tab crashed
  (Session info: chrome=143.0.7499.169)

页面初始化失败
✗ 翻译失败，跳过此行
✓ 已保存到文件: 613/4500 条

[614/4500] 翻译进度: 13.6%
藏语原文: ཏིརཧིཏ་ནས་རྒྱ་གར་དུ་སླེབས་ཅེས་གསུངས་པས་ཤས་ཆེར་མ་ག་...
页面未初始化，正在初始化...
正在访问: http://222.19.82.141:5002/index-Final.html
初始化页面时出错: Message: tab crashed
  (Session info: chrome=143.0.7499.169)

页面初始化失败
✗ 翻译失败，跳过此行
✓ 已保存到文件: 614/4500 条

[615/4500] 翻译进度: 13.7%
藏语原文: ཨཔཱརཱབྷཀ་བྱ་བ་རྣམས་ཀྱི་ཚིག་དོན་བསྒྱུར་བ་མིན་པར་འདུ...
页面未初始化，正在初始化...
正在访问: http://222.19.82.141:5002/index-Final.html
初始化页面时出错: Message: tab crashed
  (Session info: chrome=143.0.7499.169)

页面初始化失败
✗ 翻译失败，跳过此行
✓ 已保存到文件: 615/4500 条

[616/4500] 翻译进度: 13.7%
藏语原文: སྒྲ་ངན་ལ་སོགས་པའི་ཡུལ་གཞན་ཐམས་ཅད་ཀྱང་དཀྵིར་ལ་སོགས་...
页面未初始化，正在初始化...
正在访问: http://222.19.82.141:5002/index-Final.html
初始化页面时出错: Message: tab crashed
  (Session info: chrome=143.0.7499.169)

页面初始化失败
✗ 翻译失败，跳过此行
✓ 已保存到文件: 616/4500 条

[617/4500] 翻译进度: 13.7%
藏语原文: ལྷའི་རྣམ་པ་སོགས་མང་པོ་ཟེར་ཀྱང་ཡིན་ངེས་པ་བྱང་སེམས་ཁ...
页面未初始化，正在初始化...
正在访问: http://222.19.82.141:5002/index-Final.html
初始化页面时出错: Message: tab crashed
  (Session info: chrome=143.0.7499.169)

页面初始化失败
✗ 翻译失败，跳过此行
✓ 已保存到文件: 617/4500 条

[618/4500] 翻译进度: 13.7%
藏语原文: འདི་ལ་ཚིགས་བཅད་ཞིག་ཀྱང་འདུག་འཛེནྶྲཞསྲཾཀྲིཏཔཱདསྷིཾང...
页面未初始化，正在初始化...
正在访问: http://222.19.82.141:5002/index-Final.html
初始化页面时出错: Message: tab crashed
  (Session info: chrome=143.0.7499.169)

页面初始化失败
✗ 翻译失败，跳过此行
✓ 已保存到文件: 618/4500 条

[619/4500] 翻译进度: 13.8%
藏语原文: རྒྱ་གར་རང་ན་ཡབ་ཡུམ་ཞལ་སྦྱར་བའི་སྐུ་བརྙན་ནི་ཕྱི་ནང་...
页面未初始化，正在初始化...
正在访问: http://222.19.82.141:5002/index-Final.html
初始化页面时出错: Message: tab crashed
  (Session info: chrome=143.0.7499.169)

页面初始化失败
✗ 翻译失败，跳过此行
✓ 已保存到文件: 619/4500 条

[620/4500] 翻译进度: 13.8%
藏语原文: དེ་བཞིན་མིའམ་ཅི་ལྗོན་པའི་སྐུ་བརྙན་ལག་པ་བཞི་པ་འདུག་...
页面未初始化，正在初始化...
正在访问: http://222.19.82.141:5002/index-Final.html
初始化页面时出错: Message: tab crashed
  (Session info: chrome=143.0.7499.169)

页面初始化失败
✗ 翻译失败，跳过此行
✓ 已保存到文件: 620/4500 条

[621/4500] 翻译进度: 13.8%
藏语原文: ཞལ་རས་མིའི་རྣམ་པ་ཆེར་གསལ་བ་དག་འདུག་སྐུ་བརྙན་དེ་དག་...
页面未初始化，正在初始化...
正在访问: http://222.19.82.141:5002/index-Final.html
初始化页面时出错: Message: tab crashed
  (Session info: chrome=143.0.7499.169)

页面初始化失败
✗ 翻译失败，跳过此行
✓ 已保存到文件: 621/4500 条

[622/4500] 翻译进度: 13.8%
藏语原文: བདེ་བ་ཅན་གྱི་ཞིང་བཀོད་ཀྱང་རྒྱའི་བྲིས་ཆ་རྒྱ་ནག་ནས་ཡ...
页面未初始化，正在初始化...
正在访问: http://222.19.82.141:5002/index-Final.html
初始化页面时出错: Message: tab crashed
  (Session info: chrome=143.0.7499.169)

页面初始化失败
✗ 翻译失败，跳过此行
✓ 已保存到文件: 622/4500 条

[623/4500] 翻译进度: 13.8%
藏语原文: དེས་ན་ཕལ་ཆེར་ད་ལྟའི་ཡོ་རོབ་པའི་རིགས་དང་འདྲ་པོ་ཞིག་...
页面未初始化，正在初始化...
正在访问: http://222.19.82.141:5002/index-Final.html
初始化页面时出错: Message: tab crashed
  (Session info: chrome=143.0.7499.169)

页面初始化失败
✗ 翻译失败，跳过此行
✓ 已保存到文件: 623/4500 条

[624/4500] 翻译进度: 13.9%
藏语原文: སྤྱིར་པེ་ཧར་རྒྱལ་པོའི་ཆས་འདི་ལ་བསམ་རྒྱུ་ཤིན་ཏུ་མང་...
页面未初始化，正在初始化...
正在访问: http://222.19.82.141:5002/index-Final.html
初始化页面时出错: Message: tab crashed
  (Session info: chrome=143.0.7499.169)

页面初始化失败
✗ 翻译失败，跳过此行
✓ 已保存到文件: 624/4500 条

[625/4500] 翻译进度: 13.9%
藏语原文: ལུང་བསྟན་འདི་རིགས་ལ་དེ་ལས་ཀྱང་གོ་གང་ཡངས་ཡངས་སུ་འགྲ...
页面未初始化，正在初始化...
正在访问: http://222.19.82.141:5002/index-Final.html
初始化页面时出错: Message: tab crashed
  (Session info: chrome=143.0.7499.169)

页面初始化失败
✗ 翻译失败，跳过此行
✓ 已保存到文件: 625/4500 条

[626/4500] 翻译进度: 13.9%
藏语原文: ད་དུང་ཡང་རང་ཉིད་ཅི་དགར་ཕེབས་ཆོག་བཞིན་དུ་ངེད་ལ་ཁྲོ་...
页面未初始化，正在初始化...
正在访问: http://222.19.82.141:5002/index-Final.html
初始化页面时出错: Message: tab crashed
  (Session info: chrome=143.0.7499.169)

页面初始化失败
✗ 翻译失败，跳过此行
✓ 已保存到文件: 626/4500 条

[627/4500] 翻译进度: 13.9%
藏语原文: རྩ་རྒྱུད་འདི་ཉེ་དུས་སུ་ལྷོ་ཕྱོགས་ཡུལ་གྱི་ལྷ་ཁང་རྙི...
页面未初始化，正在初始化...
正在访问: http://222.19.82.141:5002/index-Final.html
初始化页面时出错: Message: tab crashed
  (Session info: chrome=143.0.7499.169)

页面初始化失败
✗ 翻译失败，跳过此行
✓ 已保存到文件: 627/4500 条

[628/4500] 翻译进度: 14.0%
藏语原文: བྱ་བ་སོགས་འདུག་ལུང་བསྟན་འདི་ལ་གཞི་བཅོལ་བའམ་ཡང་ན་རང...
页面未初始化，正在初始化...
正在访问: http://222.19.82.141:5002/index-Final.html
初始化页面时出错: Message: tab crashed
  (Session info: chrome=143.0.7499.169)

页面初始化失败
✗ 翻译失败，跳过此行
✓ 已保存到文件: 628/4500 条

[629/4500] 翻译进度: 14.0%
藏语原文: ངེད་ཀྱི་སེམས་ལ་ནི་ལྷ་ས་བྱ་བ་ཡང་རྒྱལ་རབས་དང་དཔེ་རྙི...
页面未初始化，正在初始化...
正在访问: http://222.19.82.141:5002/index-Final.html
初始化页面时出错: Message: tab crashed
  (Session info: chrome=143.0.7499.169)

页面初始化失败
✗ 翻译失败，跳过此行
✓ 已保存到文件: 629/4500 条

[630/4500] 翻译进度: 14.0%
藏语原文: དེའི་ཕྱིར་རྭ་ཞེས་པ་ཁྱིམ་དང་ཁང་པའི་མིང་དུ་བྱེད་པ་འད...
页面未初始化，正在初始化...
正在访问: http://222.19.82.141:5002/index-Final.html
初始化页面时出错: Message: tab crashed
  (Session info: chrome=143.0.7499.169)

页面初始化失败
✗ 翻译失败，跳过此行
✓ 已保存到文件: 630/4500 条

[631/4500] 翻译进度: 14.0%
藏语原文: དེས་ན་ཁྱིམ་ནག་བྱ་བ་དང་རྦ་ནག་བྱ་བ་ཡང་གོ་རྒྱུ་གཅིག་པ...
页面未初始化，正在初始化...
正在访问: http://222.19.82.141:5002/index-Final.html
初始化页面时出错: Message: tab crashed
  (Session info: chrome=143.0.7499.169)

页面初始化失败
✗ 翻译失败，跳过此行
✓ 已保存到文件: 631/4500 条

[632/4500] 翻译进度: 14.0%
藏语原文: སྔོན་གྱི་ཚེ་རྒྱ་གར་གྱི་སྐད་དོད་ལ་ཡང་བིཧར་ཉིད་བྱུང་...
页面未初始化，正在初始化...
正在访问: http://222.19.82.141:5002/index-Final.html
初始化页面时出错: Message: tab crashed
  (Session info: chrome=143.0.7499.169)

页面初始化失败
✗ 翻译失败，跳过此行
✓ 已保存到文件: 632/4500 条

[633/4500] 翻译进度: 14.1%
藏语原文: དེ་ལ་མགྷདྷ་དེ་ནི་࿇ཤོག་ངོས་༩༣ ནས་༩༥ འདིའི་བར་ཆད་འདུ...
页面未初始化，正在初始化...
正在访问: http://222.19.82.141:5002/index-Final.html
初始化页面时出错: Message: tab crashed
  (Session info: chrome=143.0.7499.169)

页面初始化失败
✗ 翻译失败，跳过此行
✓ 已保存到文件: 633/4500 条

[634/4500] 翻译进度: 14.1%
藏语原文: འོན་ཀྱང་ད་ལྟ་བོད་ཀྱི་ཡུལ་མང་པོར་རྫི་མ་སྨིན་མའི་མིང...
页面未初始化，正在初始化...
正在访问: http://222.19.82.141:5002/index-Final.html
初始化页面时出错: Message: tab crashed
  (Session info: chrome=143.0.7499.169)

页面初始化失败
✗ 翻译失败，跳过此行
✓ 已保存到文件: 634/4500 条

[635/4500] 翻译进度: 14.1%
藏语原文: ལྕགས་རི་ཞིག་པོ་དེའི་དབུས་ཀྱི་ལྟེ་བ་ན་མྱ་ངན་མེད་ཀྱི...
页面未初始化，正在初始化...
正在访问: http://222.19.82.141:5002/index-Final.html
初始化页面时出错: Message: tab crashed
  (Session info: chrome=143.0.7499.169)

页面初始化失败
✗ 翻译失败，跳过此行
✓ 已保存到文件: 635/4500 条

[636/4500] 翻译进度: 14.1%
藏语原文: ཆུ་འགྲམ་དུ་གྲོང་ཆུང་དུ་ཞིག་འདུག་པ་ལ་ད་དུང་ཡང་ཀོ་ཤམ...
页面未初始化，正在初始化...
正在访问: http://222.19.82.141:5002/index-Final.html
初始化页面时出错: Message: tab crashed
  (Session info: chrome=143.0.7499.169)

页面初始化失败
✗ 翻译失败，跳过此行
✓ 已保存到文件: 636/4500 条

[637/4500] 翻译进度: 14.2%
藏语原文: སྔོན་གྱི་གྲོང་ཤུལ་དངོས་ནི་ཞིང་དུ་འདུག་ཅིང་།
页面未初始化，正在初始化...
正在访问: http://222.19.82.141:5002/index-Final.html
初始化页面时出错: Message: tab crashed
  (Session info: chrome=143.0.7499.169)

页面初始化失败
✗ 翻译失败，跳过此行
✓ 已保存到文件: 637/4500 条

[638/4500] 翻译进度: 14.2%
藏语原文: དགོན་གནས་བཅུ་ཙམ་འདུག་པ་ཕལ་ཆེར་འཇིག་ཟིན་ཀྱང་།
页面未初始化，正在初始化...
正在访问: http://222.19.82.141:5002/index-Final.html
初始化页面时出错: Message: tab crashed
  (Session info: chrome=143.0.7499.169)

页面初始化失败
✗ 翻译失败，跳过此行
✓ 已保存到文件: 638/4500 条

[639/4500] 翻译进度: 14.2%
藏语原文: ཐང་དཀྱིལ་ནའང་རི་དེའུ་ཁ་ཤས་འདུག་ཅིང་།
页面未初始化，正在初始化...
正在访问: http://222.19.82.141:5002/index-Final.html
初始化页面时出错: Message: tab crashed
  (Session info: chrome=143.0.7499.169)

页面初始化失败
✗ 翻译失败，跳过此行
✓ 已保存到文件: 639/4500 条

[640/4500] 翻译进度: 14.2%
藏语原文: ཞབས་འབའ་ཞིག་ལུས་པའི་ལྡེར་བཟོ་བྱམས་ཆེན་ཐོག་ཚད་གཉིས་...
页面未初始化，正在初始化...
正在访问: http://222.19.82.141:5002/index-Final.html
初始化页面时出错: Message: tab crashed
  (Session info: chrome=143.0.7499.169)

页面初始化失败
✗ 翻译失败，跳过此行
✓ 已保存到文件: 640/4500 条

[641/4500] 翻译进度: 14.2%
藏语原文: འབྲུག་པ་པད་དཀར་དགུང་ལོ་གཞོན་དུས་དགེ་སློང་ལྔ་བོད་དུ...
页面未初始化，正在初始化...
正在访问: http://222.19.82.141:5002/index-Final.html
初始化页面时出错: Message: tab crashed
  (Session info: chrome=143.0.7499.169)

页面初始化失败
✗ 翻译失败，跳过此行
✓ 已保存到文件: 641/4500 条

[642/4500] 翻译进度: 14.3%
藏语原文: ས་མིང་རང་ན་ད་ལྟ་ཡང་དྷརྣཀཌ་ཟེར།
页面未初始化，正在初始化...
正在访问: http://222.19.82.141:5002/index-Final.html
初始化页面时出错: Message: tab crashed
  (Session info: chrome=143.0.7499.169)

页面初始化失败
✗ 翻译失败，跳过此行
✓ 已保存到文件: 642/4500 条

[643/4500] 翻译进度: 14.3%
藏语原文: ཁ་ཆེའི་ཡུལ་ནས་ནུབ་ཏུ་ཨོ་རྒྱན་ཤིན་ཏུ་ཉེ་ཚོད་ཡིན་འདུ...
页面未初始化，正在初始化...
正在访问: http://222.19.82.141:5002/index-Final.html
初始化页面时出错: Message: tab crashed
  (Session info: chrome=143.0.7499.169)

页面初始化失败
✗ 翻译失败，跳过此行
✓ 已保存到文件: 643/4500 条

[644/4500] 翻译进度: 14.3%
藏语原文: རཛཧུར་བྱ་བ་ལ་རྒྱུས་མེད་པ་མ་གཏོགས་གཞན་གསུམ་དེ་ཀ་རང་...
页面未初始化，正在初始化...
正在访问: http://222.19.82.141:5002/index-Final.html
初始化页面时出错: Message: tab crashed
  (Session info: chrome=143.0.7499.169)

页面初始化失败
✗ 翻译失败，跳过此行
✓ 已保存到文件: 644/4500 条

[645/4500] 翻译进度: 14.3%
藏语原文: དེ་དུས་ནས་ཆེས་ཤིན་ཏུ་ཉམས་ཉེས་པར་ཡོད་འདུག་ལ།
页面未初始化，正在初始化...
正在访问: http://222.19.82.141:5002/index-Final.html
初始化页面时出错: Message: tab crashed
  (Session info: chrome=143.0.7499.169)

页面初始化失败
✗ 翻译失败，跳过此行
✓ 已保存到文件: 645/4500 条

[646/4500] 翻译进度: 14.4%
藏语原文: ཇལཾ་རྣམས་ཡིན་རྒྱུར་འདུག་གོ།
页面未初始化，正在初始化...
正在访问: http://222.19.82.141:5002/index-Final.html
初始化页面时出错: Message: tab crashed
  (Session info: chrome=143.0.7499.169)

页面初始化失败
✗ 翻译失败，跳过此行
✓ 已保存到文件: 646/4500 条

[647/4500] 翻译进度: 14.4%
藏语原文: རྣལ་འབྱོར་མང་པོ་ཞིག་ནི་ཕྱོགས་དེ་ནས་བྱོན་པར་འདུག་འོ...
页面未初始化，正在初始化...
正在访问: http://222.19.82.141:5002/index-Final.html
初始化页面时出错: Message: tab crashed
  (Session info: chrome=143.0.7499.169)

页面初始化失败
✗ 翻译失败，跳过此行
✓ 已保存到文件: 647/4500 条

[648/4500] 翻译进度: 14.4%
藏语原文: མལཀོཊི་སོགས་བརྒྱུད་ནས་ཕེབས་ཤིང་དཀའ་ངལ་ཆེ་བའི་ལམ་རྣ...
页面未初始化，正在初始化...
正在访问: http://222.19.82.141:5002/index-Final.html
初始化页面时出错: Message: tab crashed
  (Session info: chrome=143.0.7499.169)

页面初始化失败
✗ 翻译失败，跳过此行
✓ 已保存到文件: 648/4500 条

[649/4500] 翻译进度: 14.4%
藏语原文: ངེས་པར་རྒྱང་རིང་ཙམ་ནས་བལྟས་ཙ་ན་གླང་ཆེན་གྱི་སྣ་དང་ག...
页面未初始化，正在初始化...
正在访问: http://222.19.82.141:5002/index-Final.html
初始化页面时出错: Message: tab crashed
  (Session info: chrome=143.0.7499.169)

页面初始化失败
✗ 翻译失败，跳过此行
✓ 已保存到文件: 649/4500 条

[650/4500] 翻译进度: 14.4%
藏语原文: ཏུརུཀས་བཟུང་མ་ཐག་པ་ཞིག་འདུག་གསུངས་ཀྱང་བསྟན་པ་ནི་དེ...
页面未初始化，正在初始化...
正在访问: http://222.19.82.141:5002/index-Final.html
初始化页面时出错: Message: tab crashed
  (Session info: chrome=143.0.7499.169)

页面初始化失败
✗ 翻译失败，跳过此行
✓ 已保存到文件: 650/4500 条

[651/4500] 翻译进度: 14.5%
藏语原文: སྔོན་དུས་ཀྱི་ནང་པའི་མི་རྒྱུད་དེ་ཀ་རང་ཡིན་པར་འདུག་འ...
页面未初始化，正在初始化...
正在访问: http://222.19.82.141:5002/index-Final.html
初始化页面时出错: Message: tab crashed
  (Session info: chrome=143.0.7499.169)

页面初始化失败
✗ 翻译失败，跳过此行
✓ 已保存到文件: 651/4500 条

[652/4500] 翻译进度: 14.5%
藏语原文: ཨོ་རྒྱན་རིན་དཔལ་ཡང་ཡར་ལམ་འདིར་བྱོན་ཅིང་བར་དེར་མ་ཧུ...
页面未初始化，正在初始化...
正在访问: http://222.19.82.141:5002/index-Final.html