nohup: ignoring input
============================================================
藏语文件翻译处理
严格按照用户需求:
1. 读取藏语文件（支持文本和JSON格式）
2. 使用muban.json作为翻译结果保存格式
3. leixing字段：文本文件为'不明'，JSON文件使用原type
4. 自动加id
5. 藏语原文是tibetan字段，翻译结果是chinese字段
6. 统计条数，时间统一写2025-12-29
7. 保存为JSON格式，和muban.json一样
8. 输出文件命名: '原藏语文件'_result.json
============================================================
使用命令行参数指定的文件: tibetan/oral_kham_007.json

加载文件: tibetan/oral_kham_007.json
成功加载JSON文件: tibetan/oral_kham_007.json
文件类型: oral_kham
藏语句子数量: 4500
总字符数: 239899
文件类型: oral_kham
找到 4500 行需要翻译

创建JSON模板...
创建初始文件...
✓ 初始文件已创建: results/oral_kham_007_result.json
  文件位置: /root/myproj/translate/results/oral_kham_007_result.json

开始翻译...
注意: 翻译过程可能需要较长时间，请耐心等待
首次运行可能会自动下载ChromeDriver
即时保存: 每翻译一条就保存一条到文件
============================================================
初始化翻译器...
检查必要的Python包...
✓ selenium已安装 (版本: 4.39.0)
✓ webdriver-manager已安装
正在自动下载和管理ChromeDriver...
✓ ChromeDriver自动配置成功
✓ WebDriver初始化成功
开始逐条翻译 4500 行...
注意: 只访问一次网页，之后重复使用同一个页面进行翻译
即时保存: 每翻译一条就保存一条到文件
============================================================

[1/4500] 翻译进度: 0.0%
藏语原文: དཔོན་བཙན་གཞན་ཅི་གདའ་དེ་རིང་བལྟ།
页面未初始化，正在初始化...
正在访问: http://222.19.82.141:5002/index-Final.html
翻译页面加载成功
页面初始化完成

开始翻译流程 (尝试 1/2):
========================================
步骤1: 输入藏语文本...
已输入藏语文本: དཔོན་བཙན་གཞན་ཅི་གདའ་དེ་རིང་བལྟ།
✓ 文本输入成功
步骤2: 点击智能翻译按钮...
已点击智能翻译按钮
✓ 翻译按钮点击成功
步骤3: 等待翻译处理 (4秒) - 第一次翻译，等待更长时间确保成功...
✓ 翻译处理完成
步骤4: 获取翻译结果...
翻译结果: 官长贵在今天。
✓ 翻译结果获取成功
✓ 第一次翻译成功完成，后续翻译将使用正常等待时间
========================================
✓ 翻译成功
汉语结果: 官长贵在今天。
✓ 已保存到文件: 1/4500 条

[2/4500] 翻译进度: 0.0%
藏语原文: དཔེ་བཞག་ན་འདྲ་མ་ཨེ་འདྲ་གདའ།

开始翻译流程 (尝试 1/2):
========================================
步骤1: 输入藏语文本...
已输入藏语文本: དཔེ་བཞག་ན་འདྲ་མ་ཨེ་འདྲ་གདའ།
✓ 文本输入成功
步骤2: 点击智能翻译按钮...
已点击智能翻译按钮
✓ 翻译按钮点击成功
步骤3: 等待翻译处理 (0.5秒) - 后续翻译，等待0.5秒...
✓ 翻译处理完成
步骤4: 获取翻译结果...
翻译结果: 举个例子来比喻。
✓ 翻译结果获取成功
========================================
✓ 翻译成功
汉语结果: 举个例子来比喻。
✓ 已保存到文件: 2/4500 条

[3/4500] 翻译进度: 0.1%
藏语原文: གསོན་ས་སྟེང་འདུག་རིན་ཚང་ལེ་ཡིན།

开始翻译流程 (尝试 1/2):
========================================
步骤1: 输入藏语文本...
已输入藏语文本: གསོན་ས་སྟེང་འདུག་རིན་ཚང་ལེ་ཡིན།
✓ 文本输入成功
步骤2: 点击智能翻译按钮...
已点击智能翻译按钮
✓ 翻译按钮点击成功
步骤3: 等待翻译处理 (0.5秒) - 后续翻译，等待0.5秒...
✓ 翻译处理完成
步骤4: 获取翻译结果...
翻译结果: 活着是活的值得。
✓ 翻译结果获取成功
========================================
✓ 翻译成功
汉语结果: 活着是活的值得。
✓ 已保存到文件: 3/4500 条

[4/4500] 翻译进度: 0.1%
藏语原文: དཔེ་བཞག་ན་འདྲ་མ་ཨེ་འདྲ་གདའ།

开始翻译流程 (尝试 1/2):
========================================
步骤1: 输入藏语文本...
已输入藏语文本: དཔེ་བཞག་ན་འདྲ་མ་ཨེ་འདྲ་གདའ།
✓ 文本输入成功
步骤2: 点击智能翻译按钮...
已点击智能翻译按钮
✓ 翻译按钮点击成功
步骤3: 等待翻译处理 (0.5秒) - 后续翻译，等待0.5秒...
✓ 翻译处理完成
步骤4: 获取翻译结果...
翻译结果: 比如说，像不
✓ 翻译结果获取成功
========================================
✓ 翻译成功
汉语结果: 比如说，像不
✓ 已保存到文件: 4/4500 条

[5/4500] 翻译进度: 0.1%
藏语原文: ད་རུང་དམག་དཔོན་མང་ཙམ་གདའ།

开始翻译流程 (尝试 1/2):
========================================
步骤1: 输入藏语文本...
已输入藏语文本: ད་རུང་དམག་དཔོན་མང་ཙམ་གདའ།
✓ 文本输入成功
步骤2: 点击智能翻译按钮...
已点击智能翻译按钮
✓ 翻译按钮点击成功
步骤3: 等待翻译处理 (0.5秒) - 后续翻译，等待0.5秒...
✓ 翻译处理完成
步骤4: 获取翻译结果...
翻译结果: 还有很多的军官
✓ 翻译结果获取成功
========================================
✓ 翻译成功
汉语结果: 还有很多的军官
✓ 已保存到文件: 5/4500 条

[6/4500] 翻译进度: 0.1%
藏语原文: དེ་མིན་ན་བདུད་ཀྱི་རྒྱལ་མཚན་ནག་པོ་དེ་ས་ལ་འཕངས་མ་ཐུབ...

开始翻译流程 (尝试 1/2):
========================================
步骤1: 输入藏语文本...
已输入藏语文本: དེ་མིན་ན་བདུད་ཀྱི་རྒྱལ་མཚན་ནག་པོ་དེ་ས་ལ་འཕངས་མ་ཐུབ་ན་མི་ལེགས་བསམ་ནས་ཀི་སྒྲ་གཡུ་འབྲུག་གྲག་འདྲ་ལན་གསུམ་བརྒྱབ་ནས་གླུ་འདི་བླངས་པར་གདའོ།་
✓ 文本输入成功
步骤2: 点击智能翻译按钮...
已点击智能翻译按钮
✓ 翻译按钮点击成功
步骤3: 等待翻译处理 (0.5秒) - 后续翻译，等待0.5秒...
✓ 翻译处理完成
步骤4: 获取翻译结果...
翻译结果: 他不
✓ 翻译结果获取成功
========================================
✓ 翻译成功
汉语结果: 他不
✓ 已保存到文件: 6/4500 条

[7/4500] 翻译进度: 0.2%
藏语原文: ཟེར་བ་དེ་ལ་བདེན་པ་གདའ།

开始翻译流程 (尝试 1/2):
========================================
步骤1: 输入藏语文本...
已输入藏语文本: ཟེར་བ་དེ་ལ་བདེན་པ་གདའ།
✓ 文本输入成功
步骤2: 点击智能翻译按钮...
已点击智能翻译按钮
✓ 翻译按钮点击成功
步骤3: 等待翻译处理 (0.5秒) - 后续翻译，等待0.5秒...
✓ 翻译处理完成
步骤4: 获取翻译结果...
翻译结果: 这句话是真实的。
✓ 翻译结果获取成功
========================================
✓ 翻译成功
汉语结果: 这句话是真实的。
✓ 已保存到文件: 7/4500 条

[8/4500] 翻译进度: 0.2%
藏语原文: དེ་ལན་མ་འཕྲོད་གཡུ་ནེ་མདའ་བཙན་མིན་ཟེར་ཏེ་དཔའ་རྒོད་འ...

开始翻译流程 (尝试 1/2):
========================================
步骤1: 输入藏语文本...
已输入藏语文本: དེ་ལན་མ་འཕྲོད་གཡུ་ནེ་མདའ་བཙན་མིན་ཟེར་ཏེ་དཔའ་རྒོད་འཁྲུགས་པའི་ངར་གླུ་ཐུང་ཐུང་འདི་བླངས་པར་གདའོ།
✓ 文本输入成功
步骤2: 点击智能翻译按钮...
已点击智能翻译按钮
✓ 翻译按钮点击成功
步骤3: 等待翻译处理 (0.5秒) - 后续翻译，等待0.5秒...
✓ 翻译处理完成
步骤4: 获取翻译结果...
翻译结果: 答复说：玉乃不箭不
✓ 翻译结果获取成功
========================================
✓ 翻译成功
汉语结果: 答复说：玉乃不箭不
✓ 已保存到文件: 8/4500 条

[9/4500] 翻译进度: 0.2%
藏语原文: ཚིག་གསུམ་འདྲ་མ་ཨེ་འདྲ་གདའ།

开始翻译流程 (尝试 1/2):
========================================
步骤1: 输入藏语文本...
已输入藏语文本: ཚིག་གསུམ་འདྲ་མ་ཨེ་འདྲ་གདའ།
✓ 文本输入成功
步骤2: 点击智能翻译按钮...
已点击智能翻译按钮
✓ 翻译按钮点击成功
步骤3: 等待翻译处理 (0.5秒) - 后续翻译，等待0.5秒...
✓ 翻译处理完成
步骤4: 获取翻译结果...
翻译结果: 三句都不一样。
✓ 翻译结果获取成功
========================================
✓ 翻译成功
汉语结果: 三句都不一样。
✓ 已保存到文件: 9/4500 条

[10/4500] 翻译进度: 0.2%
藏语原文: དཔེ་བཞག་ན་འདྲ་མ་ཨེ་འདྲ་གདའ།

开始翻译流程 (尝试 1/2):
========================================
步骤1: 输入藏语文本...
已输入藏语文本: དཔེ་བཞག་ན་འདྲ་མ་ཨེ་འདྲ་གདའ།
✓ 文本输入成功
步骤2: 点击智能翻译按钮...
已点击智能翻译按钮
✓ 翻译按钮点击成功
步骤3: 等待翻译处理 (0.5秒) - 后续翻译，等待0.5秒...
✓ 翻译处理完成
步骤4: 获取翻译结果...
翻译结果: 比如说，像不像啊？
✓ 翻译结果获取成功
========================================
✓ 翻译成功
汉语结果: 比如说，像不像啊？
✓ 已保存到文件: 10/4500 条

[11/4500] 翻译进度: 0.2%
藏语原文: དྲིན་ཕ་མ་གདའ་ན་ཁ་ཆེམས་འཇོག།

开始翻译流程 (尝试 1/2):
========================================
步骤1: 输入藏语文本...
已输入藏语文本: དྲིན་ཕ་མ་གདའ་ན་ཁ་ཆེམས་འཇོག།
✓ 文本输入成功
步骤2: 点击智能翻译按钮...
已点击智能翻译按钮
✓ 翻译按钮点击成功
步骤3: 等待翻译处理 (0.5秒) - 后续翻译，等待0.5秒...
✓ 翻译处理完成
步骤4: 获取翻译结果...
翻译结果: 感恩父母，留遗言。
✓ 翻译结果获取成功
========================================
✓ 翻译成功
汉语结果: 感恩父母，留遗言。
✓ 已保存到文件: 11/4500 条

[12/4500] 翻译进度: 0.3%
藏语原文: དཔེ་བཞག་ན་འདྲ་མ་ཨེ་འདྲ་གདའ།

开始翻译流程 (尝试 1/2):
========================================
步骤1: 输入藏语文本...
已输入藏语文本: དཔེ་བཞག་ན་འདྲ་མ་ཨེ་འདྲ་གདའ།
✓ 文本输入成功
步骤2: 点击智能翻译按钮...
已点击智能翻译按钮
✓ 翻译按钮点击成功
步骤3: 等待翻译处理 (0.5秒) - 后续翻译，等待0.5秒...
✓ 翻译处理完成
步骤4: 获取翻译结果...
翻译结果: 比方说，像不像？
✓ 翻译结果获取成功
========================================
✓ 翻译成功
汉语结果: 比方说，像不像？
✓ 已保存到文件: 12/4500 条

[13/4500] 翻译进度: 0.3%
藏语原文: དྲིན་ཕ་མའི་མདུན་དུ་མི་འདུག་པར།

开始翻译流程 (尝试 1/2):
========================================
步骤1: 输入藏语文本...
已输入藏语文本: དྲིན་ཕ་མའི་མདུན་དུ་མི་འདུག་པར།
✓ 文本输入成功
步骤2: 点击智能翻译按钮...
已点击智能翻译按钮
✓ 翻译按钮点击成功
步骤3: 等待翻译处理 (0.5秒) - 后续翻译，等待0.5秒...
✓ 翻译处理完成
步骤4: 获取翻译结果...
翻译结果: 不在父母面前。
✓ 翻译结果获取成功
========================================
✓ 翻译成功
汉语结果: 不在父母面前。
✓ 已保存到文件: 13/4500 条

[14/4500] 翻译进度: 0.3%
藏语原文: བུ་ངར་རྒོད་བསམ་ན་ཅི་གདའ་ཡིན།

开始翻译流程 (尝试 1/2):
========================================
步骤1: 输入藏语文本...
已输入藏语文本: བུ་ངར་རྒོད་བསམ་ན་ཅི་གདའ་ཡིན།
✓ 文本输入成功
步骤2: 点击智能翻译按钮...
已点击智能翻译按钮
✓ 翻译按钮点击成功
步骤3: 等待翻译处理 (0.5秒) - 后续翻译，等待0.5秒...
✓ 翻译处理完成
步骤4: 获取翻译结果...
翻译结果: 儿子要想
✓ 翻译结果获取成功
========================================
✓ 翻译成功
汉语结果: 儿子要想
✓ 已保存到文件: 14/4500 条

[15/4500] 翻译进度: 0.3%
藏语原文: དཔེ་བཞག་ན་འདྲ་མ་ཨེ་འདྲ་གདའ།

开始翻译流程 (尝试 1/2):
========================================
步骤1: 输入藏语文本...
已输入藏语文本: དཔེ་བཞག་ན་འདྲ་མ་ཨེ་འདྲ་གདའ།
✓ 文本输入成功
步骤2: 点击智能翻译按钮...
已点击智能翻译按钮
✓ 翻译按钮点击成功
步骤3: 等待翻译处理 (0.5秒) - 后续翻译，等待0.5秒...
✓ 翻译处理完成
步骤4: 获取翻译结果...
翻译结果: 比方说，像不像？
✓ 翻译结果获取成功
========================================
✓ 翻译成功
汉语结果: 比方说，像不像？
✓ 已保存到文件: 15/4500 条

[16/4500] 翻译进度: 0.4%
藏语原文: ང་ཁ་སྲས་མི་འདུག་འགྲོ་རྒྱུ་ཡིན།

开始翻译流程 (尝试 1/2):
========================================
步骤1: 输入藏语文本...
已输入藏语文本: ང་ཁ་སྲས་མི་འདུག་འགྲོ་རྒྱུ་ཡིན།
✓ 文本输入成功
步骤2: 点击智能翻译按钮...
已点击智能翻译按钮
✓ 翻译按钮点击成功
步骤3: 等待翻译处理 (0.5秒) - 后续翻译，等待0.5秒...
✓ 翻译处理完成
步骤4: 获取翻译结果...
翻译结果: 我不想打喷嚏就走了。
✓ 翻译结果获取成功
========================================
✓ 翻译成功
汉语结果: 我不想打喷嚏就走了。
✓ 已保存到文件: 16/4500 条

[17/4500] 翻译进度: 0.4%
藏语原文: དཔའ་རྒོད་ཅི་གདའ་དེ་ནས་ཤེས།

开始翻译流程 (尝试 1/2):
========================================
步骤1: 输入藏语文本...
已输入藏语文本: དཔའ་རྒོད་ཅི་གདའ་དེ་ནས་ཤེས།
✓ 文本输入成功
步骤2: 点击智能翻译按钮...
已点击智能翻译按钮
✓ 翻译按钮点击成功
步骤3: 等待翻译处理 (0.5秒) - 后续翻译，等待0.5秒...
✓ 翻译处理完成
步骤4: 获取翻译结果...
翻译结果: 英雄如何才能知?
✓ 翻译结果获取成功
========================================
✓ 翻译成功
汉语结果: 英雄如何才能知?
✓ 已保存到文件: 17/4500 条

[18/4500] 翻译进度: 0.4%
藏语原文: དཔེ་བཞག་ན་འདྲ་མ་ཨེ་འདྲ་གདའ།

开始翻译流程 (尝试 1/2):
========================================
步骤1: 输入藏语文本...
已输入藏语文本: དཔེ་བཞག་ན་འདྲ་མ་ཨེ་འདྲ་གདའ།
✓ 文本输入成功
步骤2: 点击智能翻译按钮...
已点击智能翻译按钮
✓ 翻译按钮点击成功
步骤3: 等待翻译处理 (0.5秒) - 后续翻译，等待0.5秒...
✓ 翻译处理完成
步骤4: 获取翻译结果...
翻译结果: 比如说，像不像？
✓ 翻译结果获取成功
========================================
✓ 翻译成功
汉语结果: 比如说，像不像？
✓ 已保存到文件: 18/4500 条

[19/4500] 翻译进度: 0.4%
藏语原文: དཔེ་བཞག་ན་འདྲ་མ་ཨེ་འདྲ་གདའ།

开始翻译流程 (尝试 1/2):
========================================
步骤1: 输入藏语文本...
已输入藏语文本: དཔེ་བཞག་ན་འདྲ་མ་ཨེ་འདྲ་གདའ།
✓ 文本输入成功
步骤2: 点击智能翻译按钮...
已点击智能翻译按钮
✓ 翻译按钮点击成功
步骤3: 等待翻译处理 (0.5秒) - 后续翻译，等待0.5秒...
✓ 翻译处理完成
步骤4: 获取翻译结果...
翻译结果: 举个例子看一下像不像。
✓ 翻译结果获取成功
========================================
✓ 翻译成功
汉语结果: 举个例子看一下像不像。
✓ 已保存到文件: 19/4500 条

[20/4500] 翻译进度: 0.4%
藏语原文: དཔེ་བཞག་ན་འདྲ་མ་ཨེ་འདྲ་གདའ།

开始翻译流程 (尝试 1/2):
========================================
步骤1: 输入藏语文本...
已输入藏语文本: དཔེ་བཞག་ན་འདྲ་མ་ཨེ་འདྲ་གདའ།
✓ 文本输入成功
步骤2: 点击智能翻译按钮...
已点击智能翻译按钮
✓ 翻译按钮点击成功
步骤3: 等待翻译处理 (0.5秒) - 后续翻译，等待0.5秒...
✓ 翻译处理完成
步骤4: 获取翻译结果...
翻译结果: 比如说，像不像？
✓ 翻译结果获取成功
========================================
✓ 翻译成功
汉语结果: 比如说，像不像？
✓ 已保存到文件: 20/4500 条

[21/4500] 翻译进度: 0.5%
藏语原文: ལྷ་སྲུང་རང་གཤེད་རང་ལ་འབབས།

开始翻译流程 (尝试 1/2):
========================================
步骤1: 输入藏语文本...
已输入藏语文本: ལྷ་སྲུང་རང་གཤེད་རང་ལ་འབབས།
✓ 文本输入成功
步骤2: 点击智能翻译按钮...
已点击智能翻译按钮
✓ 翻译按钮点击成功
步骤3: 等待翻译处理 (0.5秒) - 后续翻译，等待0.5秒...
✓ 翻译处理完成
步骤4: 获取翻译结果...
翻译结果: 护法神自自作孽。
✓ 翻译结果获取成功
========================================
✓ 翻译成功
汉语结果: 护法神自自作孽。
✓ 已保存到文件: 21/4500 条

[22/4500] 翻译进度: 0.5%
藏语原文: ད་རུང་འདྲ་མ་འགའ་ཙམ་གདའ།

开始翻译流程 (尝试 1/2):
========================================
步骤1: 输入藏语文本...
已输入藏语文本: ད་རུང་འདྲ་མ་འགའ་ཙམ་གདའ།
✓ 文本输入成功
步骤2: 点击智能翻译按钮...
已点击智能翻译按钮
✓ 翻译按钮点击成功
步骤3: 等待翻译处理 (0.5秒) - 后续翻译，等待0.5秒...
✓ 翻译处理完成
步骤4: 获取翻译结果...
翻译结果: 还有一些照片
✓ 翻译结果获取成功
========================================
✓ 翻译成功
汉语结果: 还有一些照片
✓ 已保存到文件: 22/4500 条

[23/4500] 翻译进度: 0.5%
藏语原文: དཔེ་བཞག་ན་འདྲ་མ་ཨེ་འདྲ་གདའ།

开始翻译流程 (尝试 1/2):
========================================
步骤1: 输入藏语文本...
已输入藏语文本: དཔེ་བཞག་ན་འདྲ་མ་ཨེ་འདྲ་གདའ།
✓ 文本输入成功
步骤2: 点击智能翻译按钮...
已点击智能翻译按钮
✓ 翻译按钮点击成功
步骤3: 等待翻译处理 (0.5秒) - 后续翻译，等待0.5秒...
✓ 翻译处理完成
步骤4: 获取翻译结果...
翻译结果: 比如说，长得像不像啊？
✓ 翻译结果获取成功
========================================
✓ 翻译成功
汉语结果: 比如说，长得像不像啊？
✓ 已保存到文件: 23/4500 条

[24/4500] 翻译进度: 0.5%
藏语原文: དཔེ་བཞག་ན་འདྲ་མ་ཨི་འདྲ་གདའ།

开始翻译流程 (尝试 1/2):
========================================
步骤1: 输入藏语文本...
已输入藏语文本: དཔེ་བཞག་ན་འདྲ་མ་ཨི་འདྲ་གདའ།
✓ 文本输入成功
步骤2: 点击智能翻译按钮...
已点击智能翻译按钮
✓ 翻译按钮点击成功
步骤3: 等待翻译处理 (0.5秒) - 后续翻译，等待0.5秒...
✓ 翻译处理完成
步骤4: 获取翻译结果...
翻译结果: 比方
✓ 翻译结果获取成功
========================================
✓ 翻译成功
汉语结果: 比方
✓ 已保存到文件: 24/4500 条

[25/4500] 翻译进度: 0.6%
藏语原文: དཔེ་བཞག་ན་འདྲ་མ་ཨེ་འདྲ་གདའ།

开始翻译流程 (尝试 1/2):
========================================
步骤1: 输入藏语文本...
已输入藏语文本: དཔེ་བཞག་ན་འདྲ་མ་ཨེ་འདྲ་གདའ།
✓ 文本输入成功
步骤2: 点击智能翻译按钮...
已点击智能翻译按钮
✓ 翻译按钮点击成功
步骤3: 等待翻译处理 (0.5秒) - 后续翻译，等待0.5秒...
✓ 翻译处理完成
步骤4: 获取翻译结果...
翻译结果: 比如说就像这个一样。
✓ 翻译结果获取成功
========================================
✓ 翻译成功
汉语结果: 比如说就像这个一样。
✓ 已保存到文件: 25/4500 条

[26/4500] 翻译进度: 0.6%
藏语原文: ལས་དེ་གསུམ་མ་འགྲུབ་འདུག་ལེ་མིན།

开始翻译流程 (尝试 1/2):
========================================
步骤1: 输入藏语文本...
已输入藏语文本: ལས་དེ་གསུམ་མ་འགྲུབ་འདུག་ལེ་མིན།
✓ 文本输入成功
步骤2: 点击智能翻译按钮...
已点击智能翻译按钮
✓ 翻译按钮点击成功
步骤3: 等待翻译处理 (0.5秒) - 后续翻译，等待0.5秒...
✓ 翻译处理完成
步骤4: 获取翻译结果...
翻译结果: 这三件事都没有做好。
✓ 翻译结果获取成功
========================================
✓ 翻译成功
汉语结果: 这三件事都没有做好。
✓ 已保存到文件: 26/4500 条

[27/4500] 翻译进度: 0.6%
藏语原文: དཔེ་བཞག་ན་འདྲ་མ་ཨེ་འདྲ་གདའ།

开始翻译流程 (尝试 1/2):
========================================
步骤1: 输入藏语文本...
已输入藏语文本: དཔེ་བཞག་ན་འདྲ་མ་ཨེ་འདྲ་གདའ།
✓ 文本输入成功
步骤2: 点击智能翻译按钮...
已点击智能翻译按钮
✓ 翻译按钮点击成功
步骤3: 等待翻译处理 (0.5秒) - 后续翻译，等待0.5秒...
✓ 翻译处理完成
步骤4: 获取翻译结果...
翻译结果: 举例来比照一下好吗？
✓ 翻译结果获取成功
========================================
✓ 翻译成功
汉语结果: 举例来比照一下好吗？
✓ 已保存到文件: 27/4500 条

[28/4500] 翻译进度: 0.6%
藏语原文: དྲིན་ཕ་མ་གདའ་ན་ཁ་ཆེམས་ཞོག།

开始翻译流程 (尝试 1/2):
========================================
步骤1: 输入藏语文本...
已输入藏语文本: དྲིན་ཕ་མ་གདའ་ན་ཁ་ཆེམས་ཞོག།
✓ 文本输入成功
步骤2: 点击智能翻译按钮...
已点击智能翻译按钮
✓ 翻译按钮点击成功
步骤3: 等待翻译处理 (0.5秒) - 后续翻译，等待0.5秒...
✓ 翻译处理完成
步骤4: 获取翻译结果...
翻译结果: 恩师父母死后请立遗嘱。
✓ 翻译结果获取成功
========================================
✓ 翻译成功
汉语结果: 恩师父母死后请立遗嘱。
✓ 已保存到文件: 28/4500 条

[29/4500] 翻译进度: 0.6%
藏语原文: ང་རང་བློན་པོའི་བསམ་ཚུལ་ལ།

开始翻译流程 (尝试 1/2):
========================================
步骤1: 输入藏语文本...
已输入藏语文本: ང་རང་བློན་པོའི་བསམ་ཚུལ་ལ།
✓ 文本输入成功
步骤2: 点击智能翻译按钮...
已点击智能翻译按钮
✓ 翻译按钮点击成功
步骤3: 等待翻译处理 (0.5秒) - 后续翻译，等待0.5秒...
✓ 翻译处理完成
步骤4: 获取翻译结果...
翻译结果: 我对大臣的
✓ 翻译结果获取成功
========================================
✓ 翻译成功
汉语结果: 我对大臣的
✓ 已保存到文件: 29/4500 条

[30/4500] 翻译进度: 0.7%
藏语原文: དེ་ལྟར་ཡིན་ཟེར་ཏེ་གྲོས་ཐག་བཅད་དེ་བསྡད་གདའོ།

开始翻译流程 (尝试 1/2):
========================================
步骤1: 输入藏语文本...
已输入藏语文本: དེ་ལྟར་ཡིན་ཟེར་ཏེ་གྲོས་ཐག་བཅད་དེ་བསྡད་གདའོ།
✓ 文本输入成功
步骤2: 点击智能翻译按钮...
已点击智能翻译按钮
✓ 翻译按钮点击成功
步骤3: 等待翻译处理 (0.5秒) - 后续翻译，等待0.5秒...
✓ 翻译处理完成
步骤4: 获取翻译结果...
翻译结果: 这样一来，议定书就这样定
✓ 翻译结果获取成功
========================================
✓ 翻译成功
汉语结果: 这样一来，议定书就这样定
✓ 已保存到文件: 30/4500 条

[31/4500] 翻译进度: 0.7%
藏语原文: ཟེར་བའི་ཚིག་ལ་བདེན་པ་གདའ།

开始翻译流程 (尝试 1/2):
========================================
步骤1: 输入藏语文本...
已输入藏语文本: ཟེར་བའི་ཚིག་ལ་བདེན་པ་གདའ།
✓ 文本输入成功
步骤2: 点击智能翻译按钮...
已点击智能翻译按钮
✓ 翻译按钮点击成功
步骤3: 等待翻译处理 (0.5秒) - 后续翻译，等待0.5秒...
✓ 翻译处理完成
步骤4: 获取翻译结果...
翻译结果: 所说的话是真实的。
✓ 翻译结果获取成功
========================================
✓ 翻译成功
汉语结果: 所说的话是真实的。
✓ 已保存到文件: 31/4500 条

[32/4500] 翻译进度: 0.7%
藏语原文: ར་གན་གསེར་ལ་བརྫུས་ནས་གདའ།

开始翻译流程 (尝试 1/2):
========================================
步骤1: 输入藏语文本...
已输入藏语文本: ར་གན་གསེར་ལ་བརྫུས་ནས་གདའ།
✓ 文本输入成功
步骤2: 点击智能翻译按钮...
已点击智能翻译按钮
✓ 翻译按钮点击成功
步骤3: 等待翻译处理 (0.5秒) - 后续翻译，等待0.5秒...
✓ 翻译处理完成
步骤4: 获取翻译结果...
翻译结果: 假冒黄金。
✓ 翻译结果获取成功
========================================
✓ 翻译成功
汉语结果: 假冒黄金。
✓ 已保存到文件: 32/4500 条

[33/4500] 翻译进度: 0.7%
藏语原文: ད་ལོ་ནུབ་གླིང་གཡུལ་འཁྲུག་དུས།

开始翻译流程 (尝试 1/2):
========================================
步骤1: 输入藏语文本...
已输入藏语文本: ད་ལོ་ནུབ་གླིང་གཡུལ་འཁྲུག་དུས།
✓ 文本输入成功
步骤2: 点击智能翻译按钮...
已点击智能翻译按钮
✓ 翻译按钮点击成功
步骤3: 等待翻译处理 (0.5秒) - 后续翻译，等待0.5秒...
✓ 翻译处理完成
步骤4: 获取翻译结果...
翻译结果: 今年西洋战争时，
✓ 翻译结果获取成功
========================================
✓ 翻译成功
汉语结果: 今年西洋战争时，
✓ 已保存到文件: 33/4500 条

[34/4500] 翻译进度: 0.8%
藏语原文: ཟེར་བའི་གཏམ་དེ་བདེན་པ་གདའ།

开始翻译流程 (尝试 1/2):
========================================
步骤1: 输入藏语文本...
已输入藏语文本: ཟེར་བའི་གཏམ་དེ་བདེན་པ་གདའ།
✓ 文本输入成功
步骤2: 点击智能翻译按钮...
已点击智能翻译按钮
✓ 翻译按钮点击成功
步骤3: 等待翻译处理 (0.5秒) - 后续翻译，等待0.5秒...
✓ 翻译处理完成
步骤4: 获取翻译结果...
翻译结果: 所谓的那句话是真的。
✓ 翻译结果获取成功
========================================
✓ 翻译成功
汉语结果: 所谓的那句话是真的。
✓ 已保存到文件: 34/4500 条

[35/4500] 翻译进度: 0.8%
藏语原文: དཔེ་བཞག་ན་འདྲ་མ་འགའ་ཙམ་གདའ།

开始翻译流程 (尝试 1/2):
========================================
步骤1: 输入藏语文本...
已输入藏语文本: དཔེ་བཞག་ན་འདྲ་མ་འགའ་ཙམ་གདའ།
✓ 文本输入成功
步骤2: 点击智能翻译按钮...
已点击智能翻译按钮
✓ 翻译按钮点击成功
步骤3: 等待翻译处理 (0.5秒) - 后续翻译，等待0.5秒...
✓ 翻译处理完成
步骤4: 获取翻译结果...
翻译结果: 比如说有一些相同的
✓ 翻译结果获取成功
========================================
✓ 翻译成功
汉语结果: 比如说有一些相同的
✓ 已保存到文件: 35/4500 条

[36/4500] 翻译进度: 0.8%
藏语原文: ཞགས་དེ་དུམ་མེར་བཅད་དེ་ཁོ་རང་ཤོར།

开始翻译流程 (尝试 1/2):
========================================
步骤1: 输入藏语文本...
已输入藏语文本: ཞགས་དེ་དུམ་མེར་བཅད་དེ་ཁོ་རང་ཤོར།
✓ 文本输入成功
步骤2: 点击智能翻译按钮...
已点击智能翻译按钮
✓ 翻译按钮点击成功
步骤3: 等待翻译处理 (0.5秒) - 后续翻译，等待0.5秒...
✓ 翻译处理完成
步骤4: 获取翻译结果...
翻译结果: 那条绳子突然断了
✓ 翻译结果获取成功
========================================
✓ 翻译成功
汉语结果: 那条绳子突然断了
✓ 已保存到文件: 36/4500 条

[37/4500] 翻译进度: 0.8%
藏语原文: འགའ་ཙམ་མགོ་འབུལ་ཞུས་ཏེ་བསྡད་གདའོ།

开始翻译流程 (尝试 1/2):
========================================
步骤1: 输入藏语文本...
已输入藏语文本: འགའ་ཙམ་མགོ་འབུལ་ཞུས་ཏེ་བསྡད་གདའོ།
✓ 文本输入成功
步骤2: 点击智能翻译按钮...
已点击智能翻译按钮
✓ 翻译按钮点击成功
步骤3: 等待翻译处理 (0.5秒) - 后续翻译，等待0.5秒...
✓ 翻译处理完成
步骤4: 获取翻译结果...
翻译结果: 有些人投降了。
✓ 翻译结果获取成功
========================================
✓ 翻译成功
汉语结果: 有些人投降了。
✓ 已保存到文件: 37/4500 条

[38/4500] 翻译进度: 0.8%
藏语原文: དཔེ་བཞག་ན་འདྲ་མ་ཨེ་འདྲ་གདའ།

开始翻译流程 (尝试 1/2):
========================================
步骤1: 输入藏语文本...
已输入藏语文本: དཔེ་བཞག་ན་འདྲ་མ་ཨེ་འདྲ་གདའ།
✓ 文本输入成功
步骤2: 点击智能翻译按钮...
已点击智能翻译按钮
✓ 翻译按钮点击成功
步骤3: 等待翻译处理 (0.5秒) - 后续翻译，等待0.5秒...
✓ 翻译处理完成
步骤4: 获取翻译结果...
翻译结果: 举例说，不会相似吧。
✓ 翻译结果获取成功
========================================
✓ 翻译成功
汉语结果: 举例说，不会相似吧。
✓ 已保存到文件: 38/4500 条

[39/4500] 翻译进度: 0.9%
藏语原文: ང་རང་རྒྱལ་པོའི་བསམ་པ་ལ།

开始翻译流程 (尝试 1/2):
========================================
步骤1: 输入藏语文本...
已输入藏语文本: ང་རང་རྒྱལ་པོའི་བསམ་པ་ལ།
✓ 文本输入成功
步骤2: 点击智能翻译按钮...
已点击智能翻译按钮
✓ 翻译按钮点击成功
步骤3: 等待翻译处理 (0.5秒) - 后续翻译，等待0.5秒...
✓ 翻译处理完成
步骤4: 获取翻译结果...
翻译结果: 我本想成为国王
✓ 翻译结果获取成功
========================================
✓ 翻译成功
汉语结果: 我本想成为国王
✓ 已保存到文件: 39/4500 条

[40/4500] 翻译进度: 0.9%
藏语原文: ང་མི་འདུག་ཕྱི་གླིང་ཡུལ་དུ་འགྲོ།

开始翻译流程 (尝试 1/2):
========================================
步骤1: 输入藏语文本...
已输入藏语文本: ང་མི་འདུག་ཕྱི་གླིང་ཡུལ་དུ་འགྲོ།
✓ 文本输入成功
步骤2: 点击智能翻译按钮...
已点击智能翻译按钮
✓ 翻译按钮点击成功
步骤3: 等待翻译处理 (0.5秒) - 后续翻译，等待0.5秒...
✓ 翻译处理完成
步骤4: 获取翻译结果...
翻译结果: 我不呆了，我要去国
✓ 翻译结果获取成功
========================================
✓ 翻译成功
汉语结果: 我不呆了，我要去国
✓ 已保存到文件: 40/4500 条

[41/4500] 翻译进度: 0.9%
藏语原文: མཉམ་འགྲོ་མཉམ་འདུག་བྱེད་ན་བསམ།

开始翻译流程 (尝试 1/2):
========================================
步骤1: 输入藏语文本...
已输入藏语文本: མཉམ་འགྲོ་མཉམ་འདུག་བྱེད་ན་བསམ།
✓ 文本输入成功
步骤2: 点击智能翻译按钮...
已点击智能翻译按钮
✓ 翻译按钮点击成功
步骤3: 等待翻译处理 (0.5秒) - 后续翻译，等待0.5秒...
✓ 翻译处理完成
步骤4: 获取翻译结果...
翻译结果: 希望能平起平坐。
✓ 翻译结果获取成功
========================================
✓ 翻译成功
汉语结果: 希望能平起平坐。
✓ 已保存到文件: 41/4500 条

[42/4500] 翻译进度: 0.9%
藏语原文: གནས་སྐབས་རང་མགོ་ཐོན་ན་མ་གཏོགས་རྒོད་ཨུ་ཚུགས་ཀྱིས་རང...

开始翻译流程 (尝试 1/2):
========================================
步骤1: 输入藏语文本...
已输入藏语文本: གནས་སྐབས་རང་མགོ་ཐོན་ན་མ་གཏོགས་རྒོད་ཨུ་ཚུགས་ཀྱིས་རང་སྲོག་ཤོར་བ་ལག་པའི་མཐིལ་ལ་གདའ།
✓ 文本输入成功
步骤2: 点击智能翻译按钮...
已点击智能翻译按钮
✓ 翻译按钮点击成功
步骤3: 等待翻译处理 (0.5秒) - 后续翻译，等待0.5秒...
✓ 翻译处理完成
步骤4: 获取翻译结果...
翻译结果: 一时坚强，会使自己
✓ 翻译结果获取成功
========================================
✓ 翻译成功
汉语结果: 一时坚强，会使自己
✓ 已保存到文件: 42/4500 条

[43/4500] 翻译进度: 1.0%
藏语原文: ང་རང་བློན་པོའི་བསམ་ཚུལ་ལ།

开始翻译流程 (尝试 1/2):
========================================
步骤1: 输入藏语文本...
已输入藏语文本: ང་རང་བློན་པོའི་བསམ་ཚུལ་ལ།
✓ 文本输入成功
步骤2: 点击智能翻译按钮...
已点击智能翻译按钮
✓ 翻译按钮点击成功
步骤3: 等待翻译处理 (0.5秒) - 后续翻译，等待0.5秒...
✓ 翻译处理完成
步骤4: 获取翻译结果...
翻译结果: 我作为大臣的想法
✓ 翻译结果获取成功
========================================
✓ 翻译成功
汉语结果: 我作为大臣的想法
✓ 已保存到文件: 43/4500 条

[44/4500] 翻译进度: 1.0%
藏语原文: ང་བློན་པོའི་བསམ་ཚུལ་དེ་འདྲ་གདའ།

开始翻译流程 (尝试 1/2):
========================================
步骤1: 输入藏语文本...
已输入藏语文本: ང་བློན་པོའི་བསམ་ཚུལ་དེ་འདྲ་གདའ།
✓ 文本输入成功
步骤2: 点击智能翻译按钮...
已点击智能翻译按钮
✓ 翻译按钮点击成功
步骤3: 等待翻译处理 (0.5秒) - 后续翻译，等待0.5秒...
✓ 翻译处理完成
步骤4: 获取翻译结果...
翻译结果: 我
✓ 翻译结果获取成功
========================================
✓ 翻译成功
汉语结果: 我
✓ 已保存到文件: 44/4500 条

[45/4500] 翻译进度: 1.0%
藏语原文: ང་མི་འདུག་ཕྱི་གླིང་ཡུལ་དུ་འགྲོ།

开始翻译流程 (尝试 1/2):
========================================
步骤1: 输入藏语文本...
已输入藏语文本: ང་མི་འདུག་ཕྱི་གླིང་ཡུལ་དུ་འགྲོ།
✓ 文本输入成功
步骤2: 点击智能翻译按钮...
已点击智能翻译按钮
✓ 翻译按钮点击成功
步骤3: 等待翻译处理 (0.5秒) - 后续翻译，等待0.5秒...
✓ 翻译处理完成
步骤4: 获取翻译结果...
翻译结果: 我不在了，我要去海外了。
✓ 翻译结果获取成功
========================================
✓ 翻译成功
汉语结果: 我不在了，我要去海外了。
✓ 已保存到文件: 45/4500 条

[46/4500] 翻译进度: 1.0%
藏语原文: ང་རང་ཡུལ་སྐྱིད་པོ་འདུག་པའི་དུས།

开始翻译流程 (尝试 1/2):
========================================
步骤1: 输入藏语文本...
已输入藏语文本: ང་རང་ཡུལ་སྐྱིད་པོ་འདུག་པའི་དུས།
✓ 文本输入成功
步骤2: 点击智能翻译按钮...
已点击智能翻译按钮
✓ 翻译按钮点击成功
步骤3: 等待翻译处理 (0.5秒) - 后续翻译，等待0.5秒...
✓ 翻译处理完成
步骤4: 获取翻译结果...
翻译结果: 我在家乡的时候。
✓ 翻译结果获取成功
========================================
✓ 翻译成功
汉语结果: 我在家乡的时候。
✓ 已保存到文件: 46/4500 条

[47/4500] 翻译进度: 1.0%
藏语原文: དགྲ་ཇོ་རུ་རྫུ་འཕྲུལ་ཅི་གདའ་བལྟ།

开始翻译流程 (尝试 1/2):
========================================
步骤1: 输入藏语文本...
已输入藏语文本: དགྲ་ཇོ་རུ་རྫུ་འཕྲུལ་ཅི་གདའ་བལྟ།
✓ 文本输入成功
步骤2: 点击智能翻译按钮...
已点击智能翻译按钮
✓ 翻译按钮点击成功
步骤3: 等待翻译处理 (0.5秒) - 后续翻译，等待0.5秒...
✓ 翻译处理完成
步骤4: 获取翻译结果...
翻译结果: 看敌人在何处施什么魔法。
✓ 翻译结果获取成功
========================================
✓ 翻译成功
汉语结果: 看敌人在何处施什么魔法。
✓ 已保存到文件: 47/4500 条

[48/4500] 翻译进度: 1.1%
藏语原文: གཏམ་དེ་ཡི་བདེན་ཞིག་ག་ན་གདའ།

开始翻译流程 (尝试 1/2):
========================================
步骤1: 输入藏语文本...
已输入藏语文本: གཏམ་དེ་ཡི་བདེན་ཞིག་ག་ན་གདའ།
✓ 文本输入成功
步骤2: 点击智能翻译按钮...
已点击智能翻译按钮
✓ 翻译按钮点击成功
步骤3: 等待翻译处理 (0.5秒) - 后续翻译，等待0.5秒...
✓ 翻译处理完成
步骤4: 获取翻译结果...
翻译结果: 那话没有一句是真话。
✓ 翻译结果获取成功
========================================
✓ 翻译成功
汉语结果: 那话没有一句是真话。
✓ 已保存到文件: 48/4500 条

[49/4500] 翻译进度: 1.1%
藏语原文: དཔེ་དེ་བས་བདེན་ཞིག་ག་ན་གདའ།

开始翻译流程 (尝试 1/2):
========================================
步骤1: 输入藏语文本...
已输入藏语文本: དཔེ་དེ་བས་བདེན་ཞིག་ག་ན་གདའ།
✓ 文本输入成功
步骤2: 点击智能翻译按钮...
已点击智能翻译按钮
✓ 翻译按钮点击成功
步骤3: 等待翻译处理 (0.5秒) - 后续翻译，等待0.5秒...
✓ 翻译处理完成
步骤4: 获取翻译结果...
翻译结果: 再好没有了。
✓ 翻译结果获取成功
========================================
✓ 翻译成功
汉语结果: 再好没有了。
✓ 已保存到文件: 49/4500 条

[50/4500] 翻译进度: 1.1%
藏语原文: ཉོན་དང་འདྲ་མ་ཨེ་འདྲ་གདའ་ཟེར་ཏེ་གླུ་འདི་ལྟར་བླངས་སོ...

开始翻译流程 (尝试 1/2):
========================================
步骤1: 输入藏语文本...
已输入藏语文本: ཉོན་དང་འདྲ་མ་ཨེ་འདྲ་གདའ་ཟེར་ཏེ་གླུ་འདི་ལྟར་བླངས་སོ།
✓ 文本输入成功
步骤2: 点击智能翻译按钮...
已点击智能翻译按钮
✓ 翻译按钮点击成功
步骤3: 等待翻译处理 (0.5秒) - 后续翻译，等待0.5秒...
✓ 翻译处理完成
步骤4: 获取翻译结果...
翻译结果: 就唱了一首歌。
✓ 翻译结果获取成功
========================================
✓ 翻译成功
汉语结果: 就唱了一首歌。
✓ 已保存到文件: 50/4500 条

[51/4500] 翻译进度: 1.1%
藏语原文: ང་རང་བསམ་ཚུལ་ཨེ་འདྲ་གདའ།

开始翻译流程 (尝试 1/2):
========================================
步骤1: 输入藏语文本...
已输入藏语文本: ང་རང་བསམ་ཚུལ་ཨེ་འདྲ་གདའ།
✓ 文本输入成功
步骤2: 点击智能翻译按钮...
已点击智能翻译按钮
✓ 翻译按钮点击成功
步骤3: 等待翻译处理 (0.5秒) - 后续翻译，等待0.5秒...
✓ 翻译处理完成
步骤4: 获取翻译结果...
翻译结果: 我怎么想的啊？
✓ 翻译结果获取成功
========================================
✓ 翻译成功
汉语结果: 我怎么想的啊？
✓ 已保存到文件: 51/4500 条

[52/4500] 翻译进度: 1.2%
藏语原文: ང་རང་དམག་དཔོན་མི་གཉིས་ཀྱིས།

开始翻译流程 (尝试 1/2):
========================================
步骤1: 输入藏语文本...
已输入藏语文本: ང་རང་དམག་དཔོན་མི་གཉིས་ཀྱིས།
✓ 文本输入成功
步骤2: 点击智能翻译按钮...
已点击智能翻译按钮
✓ 翻译按钮点击成功
步骤3: 等待翻译处理 (0.5秒) - 后续翻译，等待0.5秒...
✓ 翻译处理完成
步骤4: 获取翻译结果...
翻译结果: 我是两位将军
✓ 翻译结果获取成功
========================================
✓ 翻译成功
汉语结果: 我是两位将军
✓ 已保存到文件: 52/4500 条

[53/4500] 翻译进度: 1.2%
藏语原文: མི་ངེད་གཉིས་མི་འདུག་དཔུང་སྒྲིལ་འགྲོ།

开始翻译流程 (尝试 1/2):
========================================
步骤1: 输入藏语文本...
已输入藏语文本: མི་ངེད་གཉིས་མི་འདུག་དཔུང་སྒྲིལ་འགྲོ།
✓ 文本输入成功
步骤2: 点击智能翻译按钮...
已点击智能翻译按钮
✓ 翻译按钮点击成功
步骤3: 等待翻译处理 (0.5秒) - 后续翻译，等待0.5秒...
✓ 翻译处理完成
步骤4: 获取翻译结果...
翻译结果: 我们两个人没人去串连。
✓ 翻译结果获取成功
========================================
✓ 翻译成功
汉语结果: 我们两个人没人去串连。
✓ 已保存到文件: 53/4500 条

[54/4500] 翻译进度: 1.2%
藏语原文: སྐྱེམས་པོ་ཆང་ལ་ཧབ་འཐུང་བྱས་ཏེ་བསྡད་གདའོ།

开始翻译流程 (尝试 1/2):
========================================
步骤1: 输入藏语文本...
已输入藏语文本: སྐྱེམས་པོ་ཆང་ལ་ཧབ་འཐུང་བྱས་ཏེ་བསྡད་གདའོ།
✓ 文本输入成功
步骤2: 点击智能翻译按钮...
已点击智能翻译按钮
✓ 翻译按钮点击成功
步骤3: 等待翻译处理 (0.5秒) - 后续翻译，等待0.5秒...
✓ 翻译处理完成
步骤4: 获取翻译结果...
翻译结果: 醉汉喝酒喝得不省人事。
✓ 翻译结果获取成功
========================================
✓ 翻译成功
汉语结果: 醉汉喝酒喝得不省人事。
✓ 已保存到文件: 54/4500 条

[55/4500] 翻译进度: 1.2%
藏语原文: དེ་རིང་དམ་ཚིག་དུས་ལ་བབ།

开始翻译流程 (尝试 1/2):
========================================
步骤1: 输入藏语文本...
已输入藏语文本: དེ་རིང་དམ་ཚིག་དུས་ལ་བབ།
✓ 文本输入成功
步骤2: 点击智能翻译按钮...
已点击智能翻译按钮
✓ 翻译按钮点击成功
步骤3: 等待翻译处理 (0.5秒) - 后续翻译，等待0.5秒...
✓ 翻译处理完成
步骤4: 获取翻译结果...
翻译结果: 今天誓言的时间来临。
✓ 翻译结果获取成功
========================================
✓ 翻译成功
汉语结果: 今天誓言的时间来临。
✓ 已保存到文件: 55/4500 条

[56/4500] 翻译进度: 1.2%
藏语原文: ནམ་ཞིག་དུས་ཀྱི་ཐ་མ་རུ།

开始翻译流程 (尝试 1/2):
========================================
步骤1: 输入藏语文本...
已输入藏语文本: ནམ་ཞིག་དུས་ཀྱི་ཐ་མ་རུ།
✓ 文本输入成功
步骤2: 点击智能翻译按钮...
已点击智能翻译按钮
✓ 翻译按钮点击成功
步骤3: 等待翻译处理 (0.5秒) - 后续翻译，等待0.5秒...
✓ 翻译处理完成
步骤4: 获取翻译结果...
翻译结果: 到了最后一刻
✓ 翻译结果获取成功
========================================
✓ 翻译成功
汉语结果: 到了最后一刻
✓ 已保存到文件: 56/4500 条

[57/4500] 翻译进度: 1.3%
藏语原文: ང་རང་ཉིད་ཀྱིས་མ་འོངས་པའི་དུས་སུ།

开始翻译流程 (尝试 1/2):
========================================
步骤1: 输入藏语文本...
已输入藏语文本: ང་རང་ཉིད་ཀྱིས་མ་འོངས་པའི་དུས་སུ།
✓ 文本输入成功
步骤2: 点击智能翻译按钮...
已点击智能翻译按钮
✓ 翻译按钮点击成功
步骤3: 等待翻译处理 (0.5秒) - 后续翻译，等待0.5秒...
✓ 翻译处理完成
步骤4: 获取翻译结果...
翻译结果: 我个人希望在将来。
✓ 翻译结果获取成功
========================================
✓ 翻译成功
汉语结果: 我个人希望在将来。
✓ 已保存到文件: 57/4500 条

[58/4500] 翻译进度: 1.3%
藏语原文: ང་རང་མི་ཆུང་ཁ་བདེ་ཟེར།

开始翻译流程 (尝试 1/2):
========================================
步骤1: 输入藏语文本...
已输入藏语文本: ང་རང་མི་ཆུང་ཁ་བདེ་ཟེར།
✓ 文本输入成功
步骤2: 点击智能翻译按钮...
已点击智能翻译按钮
✓ 翻译按钮点击成功
步骤3: 等待翻译处理 (0.5秒) - 后续翻译，等待0.5秒...
✓ 翻译处理完成
步骤4: 获取翻译结果...
获取翻译结果时出错: Message: tab crashed
  (Session info: chrome=143.0.7499.169)

✗ 翻译结果获取失败
   将重试...

开始翻译流程 (尝试 2/2):
========================================
步骤1: 输入藏语文本...
输入文本时出错: Message: tab crashed
  (Session info: chrome=143.0.7499.169)

✗ 输入文本失败
========================================
✗ 翻译失败，跳过此行
✓ 已保存到文件: 58/4500 条

[59/4500] 翻译进度: 1.3%
藏语原文: དོན་འཁྲུལ་བ་གདའ་ན་བཟོད་པར་གསོལ།

开始翻译流程 (尝试 1/2):
========================================
步骤1: 输入藏语文本...
输入文本时出错: Message: tab crashed
  (Session info: chrome=143.0.7499.169)

✗ 输入文本失败

开始翻译流程 (尝试 2/2):
========================================
步骤1: 输入藏语文本...
输入文本时出错: Message: tab crashed
  (Session info: chrome=143.0.7499.169)

✗ 输入文本失败
========================================
✗ 翻译失败，跳过此行
✓ 已保存到文件: 59/4500 条

[60/4500] 翻译进度: 1.3%
藏语原文: དེ་ནས་རང་རང་བདེ་བར་ཕེབས།

开始翻译流程 (尝试 1/2):
========================================
步骤1: 输入藏语文本...
输入文本时出错: Message: tab crashed
  (Session info: chrome=143.0.7499.169)

✗ 输入文本失败

开始翻译流程 (尝试 2/2):
========================================
步骤1: 输入藏语文本...
输入文本时出错: Message: tab crashed
  (Session info: chrome=143.0.7499.169)

✗ 输入文本失败
========================================
✗ 翻译失败，跳过此行
✓ 已保存到文件: 60/4500 条

[61/4500] 翻译进度: 1.4%
藏语原文: སེམས་ཀྱི་རྗེས་འཇུག་དུས་དང་ནི།

开始翻译流程 (尝试 1/2):
========================================
步骤1: 输入藏语文本...
输入文本时出错: Message: tab crashed
  (Session info: chrome=143.0.7499.169)

✗ 输入文本失败

开始翻译流程 (尝试 2/2):
========================================
步骤1: 输入藏语文本...
输入文本时出错: Message: tab crashed
  (Session info: chrome=143.0.7499.169)

✗ 输入文本失败
========================================
✗ 翻译失败，跳过此行
✓ 已保存到文件: 61/4500 条

[62/4500] 翻译进度: 1.4%
藏语原文: ༢ཁོརོ་ལོས་སྒྱུར་དང་རང་བྱུང་གཉིས།

开始翻译流程 (尝试 1/2):
========================================
步骤1: 输入藏语文本...
输入文本时出错: Message: tab crashed
  (Session info: chrome=143.0.7499.169)

✗ 输入文本失败

开始翻译流程 (尝试 2/2):
========================================
步骤1: 输入藏语文本...
输入文本时出错: Message: tab crashed
  (Session info: chrome=143.0.7499.169)

✗ 输入文本失败
========================================
✗ 翻译失败，跳过此行
✓ 已保存到文件: 62/4500 条

[63/4500] 翻译进度: 1.4%
藏语原文: དམའ་བར་འདུག་སྨྲས་བཟླས་པ་ཡིས།

开始翻译流程 (尝试 1/2):
========================================
步骤1: 输入藏语文本...
输入文本时出错: Message: tab crashed
  (Session info: chrome=143.0.7499.169)

✗ 输入文本失败

开始翻译流程 (尝试 2/2):
========================================
步骤1: 输入藏语文本...
输入文本时出错: Message: tab crashed
  (Session info: chrome=143.0.7499.169)

✗ 输入文本失败
========================================
✗ 翻译失败，跳过此行
✓ 已保存到文件: 63/4500 条

[64/4500] 翻译进度: 1.4%
藏语原文: བགྲོད་མིན་འགྲོ་བ་འདོད་པ་ཡིས།

开始翻译流程 (尝试 1/2):
========================================
步骤1: 输入藏语文本...
输入文本时出错: Message: tab crashed
  (Session info: chrome=143.0.7499.169)

✗ 输入文本失败

开始翻译流程 (尝试 2/2):
========================================
步骤1: 输入藏语文本...
输入文本时出错: Message: tab crashed
  (Session info: chrome=143.0.7499.169)

✗ 输入文本失败
========================================
✗ 翻译失败，跳过此行
✓ 已保存到文件: 64/4500 条

[65/4500] 翻译进度: 1.4%
藏语原文: ས་ཇི་བཞིན་དུ་རང་རང་དང་།

开始翻译流程 (尝试 1/2):
========================================
步骤1: 输入藏语文本...
输入文本时出错: Message: tab crashed
  (Session info: chrome=143.0.7499.169)

✗ 输入文本失败

开始翻译流程 (尝试 2/2):
========================================
步骤1: 输入藏语文本...
输入文本时出错: Message: tab crashed
  (Session info: chrome=143.0.7499.169)

✗ 输入文本失败
========================================
✗ 翻译失败，跳过此行
✓ 已保存到文件: 65/4500 条

[66/4500] 翻译进度: 1.5%
藏语原文: བསམ་གཏན་སྤེལ་ན་འོག་མིན་འགྲོ།

开始翻译流程 (尝试 1/2):
========================================
步骤1: 输入藏语文本...
输入文本时出错: Message: tab crashed
  (Session info: chrome=143.0.7499.169)

✗ 输入文本失败

开始翻译流程 (尝试 2/2):
========================================
步骤1: 输入藏语文本...
输入文本时出错: Message: tab crashed
  (Session info: chrome=143.0.7499.169)

✗ 输入文本失败
========================================
✗ 翻译失败，跳过此行
✓ 已保存到文件: 66/4500 条

[67/4500] 翻译进度: 1.5%
藏语原文: དག་དང་རང་ལས་དེ་ལས་གཉིས།

开始翻译流程 (尝试 1/2):
========================================
步骤1: 输入藏语文本...
输入文本时出错: Message: tab crashed
  (Session info: chrome=143.0.7499.169)

✗ 输入文本失败

开始翻译流程 (尝试 2/2):
========================================
步骤1: 输入藏语文本...
输入文本时出错: Message: tab crashed
  (Session info: chrome=143.0.7499.169)

✗ 输入文本失败
========================================
✗ 翻译失败，跳过此行
✓ 已保存到文件: 67/4500 条

[68/4500] 翻译进度: 1.5%
藏语原文: འདིར་མ་བསྟན་པའི་ལྷག་མ་གང་དག་ཡིན་པ་དེ་དང་སྤྱི་མཚན་ད...

开始翻译流程 (尝试 1/2):
========================================
步骤1: 输入藏语文本...
输入文本时出错: Message: tab crashed
  (Session info: chrome=143.0.7499.169)

✗ 输入文本失败

开始翻译流程 (尝试 2/2):
========================================
步骤1: 输入藏语文本...
输入文本时出错: Message: tab crashed
  (Session info: chrome=143.0.7499.169)

✗ 输入文本失败
========================================
✗ 翻译失败，跳过此行
✓ 已保存到文件: 68/4500 条

[69/4500] 翻译进度: 1.5%
藏语原文: དཔེར་ན་ཁྲི་འུལ་འདུག་པའི་མི་དག་འབོད་པ་ལ་ཁྲིའུ་དག་འབ...

开始翻译流程 (尝试 1/2):
========================================
步骤1: 输入藏语文本...
输入文本时出错: Message: tab crashed
  (Session info: chrome=143.0.7499.169)

✗ 输入文本失败

开始翻译流程 (尝试 2/2):
========================================
步骤1: 输入藏语文本...
输入文本时出错: Message: tab crashed
  (Session info: chrome=143.0.7499.169)

✗ 输入文本失败
========================================
✗ 翻译失败，跳过此行
✓ 已保存到文件: 69/4500 条

[70/4500] 翻译进度: 1.6%
藏语原文: སྲམས་ལྷུན་གྱིས་གྲུབ་པར་མཉམ་པ་ཉིད་དུ་འདུག་པ་གང་ཡིན་...

开始翻译流程 (尝试 1/2):
========================================
步骤1: 输入藏语文本...
输入文本时出错: Message: tab crashed
  (Session info: chrome=143.0.7499.169)

✗ 输入文本失败

开始翻译流程 (尝试 2/2):
========================================
步骤1: 输入藏语文本...
输入文本时出错: Message: tab crashed
  (Session info: chrome=143.0.7499.169)

✗ 输入文本失败
========================================
✗ 翻译失败，跳过此行
✓ 已保存到文件: 70/4500 条

[71/4500] 翻译进度: 1.6%
藏语原文: གཞན་གྱིས་གསོད་པས་འཆི་བར་འགྱུར་གྱི་བདག་ཉིད་འཆི་བར་མ...

开始翻译流程 (尝试 1/2):
========================================
步骤1: 输入藏语文本...
输入文本时出错: Message: tab crashed
  (Session info: chrome=143.0.7499.169)

✗ 输入文本失败

开始翻译流程 (尝试 2/2):
========================================
步骤1: 输入藏语文本...
输入文本时出错: Message: tab crashed
  (Session info: chrome=143.0.7499.169)

✗ 输入文本失败
========================================
✗ 翻译失败，跳过此行
✓ 已保存到文件: 71/4500 条

[72/4500] 翻译进度: 1.6%
藏语原文: སེསེམས་ཀྱི་རྗེས་འཇུག་དུས་དང་ནི།

开始翻译流程 (尝试 1/2):
========================================
步骤1: 输入藏语文本...
输入文本时出错: Message: tab crashed
  (Session info: chrome=143.0.7499.169)

✗ 输入文本失败

开始翻译流程 (尝试 2/2):
========================================
步骤1: 输入藏语文本...
输入文本时出错: Message: tab crashed
  (Session info: chrome=143.0.7499.169)

✗ 输入文本失败
========================================
✗ 翻译失败，跳过此行
✓ 已保存到文件: 72/4500 条

[73/4500] 翻译进度: 1.6%
藏语原文: སེམས་རྗེས་འཇུག་དུས་དང་ནི།

开始翻译流程 (尝试 1/2):
========================================
步骤1: 输入藏语文本...
输入文本时出错: Message: tab crashed
  (Session info: chrome=143.0.7499.169)

✗ 输入文本失败

开始翻译流程 (尝试 2/2):
========================================
步骤1: 输入藏语文本...
输入文本时出错: Message: tab crashed
  (Session info: chrome=143.0.7499.169)

✗ 输入文本失败
========================================
✗ 翻译失败，跳过此行
✓ 已保存到文件: 73/4500 条

[74/4500] 翻译进度: 1.6%
藏语原文: རྒྱུ་ཡལ་བར་འདུག་པའི་འབྲས་བུ་དང་འབྲས་བུ་བར་དུ་ཆོད་པ...

开始翻译流程 (尝试 1/2):
========================================
步骤1: 输入藏语文本...
输入文本时出错: Message: tab crashed
  (Session info: chrome=143.0.7499.169)

✗ 输入文本失败

开始翻译流程 (尝试 2/2):
========================================
步骤1: 输入藏语文本...
输入文本时出错: Message: tab crashed
  (Session info: chrome=143.0.7499.169)

✗ 输入文本失败
========================================
✗ 翻译失败，跳过此行
✓ 已保存到文件: 74/4500 条

[75/4500] 翻译进度: 1.7%
藏语原文: བདག་པོའི་རྐྱེན་ནི་གནས་སྐབས་ཐམས་ཅད་དུ་མི་སྒྲིབ་པའི་...

开始翻译流程 (尝试 1/2):
========================================
步骤1: 输入藏语文本...
输入文本时出错: Message: tab crashed
  (Session info: chrome=143.0.7499.169)

✗ 输入文本失败

开始翻译流程 (尝试 2/2):
========================================
步骤1: 输入藏语文本...
输入文本时出错: Message: tab crashed
  (Session info: chrome=143.0.7499.169)

✗ 输入文本失败
========================================
✗ 翻译失败，跳过此行
✓ 已保存到文件: 75/4500 条

[76/4500] 翻译进度: 1.7%
藏语原文: མ་བསྒྲིབས་ལ་ལུང་དུ་མ་བསྟན་པ་དེ་ལས་ཀྱང་རང་གྱི་ས་པ་ག...

开始翻译流程 (尝试 1/2):
========================================
步骤1: 输入藏语文本...
输入文本时出错: Message: tab crashed
  (Session info: chrome=143.0.7499.169)

✗ 输入文本失败

开始翻译流程 (尝试 2/2):
========================================
步骤1: 输入藏语文本...
输入文本时出错: Message: tab crashed
  (Session info: chrome=143.0.7499.169)

✗ 输入文本失败
========================================
✗ 翻译失败，跳过此行
✓ 已保存到文件: 76/4500 条

[77/4500] 翻译进度: 1.7%
藏语原文: ཉམས་ལེན་མི་ཤེས་པར་འདུག།

开始翻译流程 (尝试 1/2):
========================================
步骤1: 输入藏语文本...
输入文本时出错: Message: tab crashed
  (Session info: chrome=143.0.7499.169)

✗ 输入文本失败

开始翻译流程 (尝试 2/2):
========================================
步骤1: 输入藏语文本...
输入文本时出错: Message: tab crashed
  (Session info: chrome=143.0.7499.169)

✗ 输入文本失败
========================================
✗ 翻译失败，跳过此行
✓ 已保存到文件: 77/4500 条

[78/4500] 翻译进度: 1.7%
藏语原文: སྒོམ་མི་ཡོང་བར་འདུག།

开始翻译流程 (尝试 1/2):
========================================
步骤1: 输入藏语文本...
输入文本时出错: Message: tab crashed
  (Session info: chrome=143.0.7499.169)

✗ 输入文本失败

开始翻译流程 (尝试 2/2):
========================================
步骤1: 输入藏语文本...
输入文本时出错: Message: tab crashed
  (Session info: chrome=143.0.7499.169)

✗ 输入文本失败
========================================
✗ 翻译失败，跳过此行
✓ 已保存到文件: 78/4500 条

[79/4500] 翻译进度: 1.8%
藏语原文: སེམས་མི་རིག་པར་འདུག།

开始翻译流程 (尝试 1/2):
========================================
步骤1: 输入藏语文本...
输入文本时出错: Message: tab crashed
  (Session info: chrome=143.0.7499.169)

✗ 输入文本失败

开始翻译流程 (尝试 2/2):
========================================
步骤1: 输入藏语文本...
输入文本时出错: Message: tab crashed
  (Session info: chrome=143.0.7499.169)

✗ 输入文本失败
========================================
✗ 翻译失败，跳过此行
✓ 已保存到文件: 79/4500 条

[80/4500] 翻译进度: 1.8%
藏语原文: གསུམ་པ་སྒལ་ཚིགས་གསེར་གྱི་དོང་ཙེ་བརྩེགས་ལྟར་བསྲངས་པ...

开始翻译流程 (尝试 1/2):
========================================
步骤1: 输入藏语文本...
输入文本时出错: Message: tab crashed
  (Session info: chrome=143.0.7499.169)

✗ 输入文本失败

开始翻译流程 (尝试 2/2):
========================================
步骤1: 输入藏语文本...
输入文本时出错: Message: tab crashed
  (Session info: chrome=143.0.7499.169)

✗ 输入文本失败
========================================
✗ 翻译失败，跳过此行
✓ 已保存到文件: 80/4500 条

[81/4500] 翻译进度: 1.8%
藏语原文: སྒྲུབ་པོ་བདེ་བའི་སྟན་འདུག་ནས།

开始翻译流程 (尝试 1/2):
========================================
步骤1: 输入藏语文本...
输入文本时出错: Message: tab crashed
  (Session info: chrome=143.0.7499.169)

✗ 输入文本失败

开始翻译流程 (尝试 2/2):
========================================
步骤1: 输入藏语文本...
输入文本时出错: Message: tab crashed
  (Session info: chrome=143.0.7499.169)

✗ 输入文本失败
========================================
✗ 翻译失败，跳过此行
✓ 已保存到文件: 81/4500 条

[82/4500] 翻译进度: 1.8%
藏语原文: དྲང་ན་སེམས་གནས་སླ་བ་ཡིན་པར་འདུག།

开始翻译流程 (尝试 1/2):
========================================
步骤1: 输入藏语文本...
输入文本时出错: Message: tab crashed
  (Session info: chrome=143.0.7499.169)

✗ 输入文本失败

开始翻译流程 (尝试 2/2):
========================================
步骤1: 输入藏语文本...
输入文本时出错: Message: tab crashed
  (Session info: chrome=143.0.7499.169)

✗ 输入文本失败
========================================
✗ 翻译失败，跳过此行
✓ 已保存到文件: 82/4500 条

[83/4500] 翻译进度: 1.8%
藏语原文: དེ་ལྟར་གསུངས་པ་ཡིན་འདུག།

开始翻译流程 (尝试 1/2):
========================================
步骤1: 输入藏语文本...
输入文本时出错: Message: tab crashed
  (Session info: chrome=143.0.7499.169)

✗ 输入文本失败

开始翻译流程 (尝试 2/2):
========================================
步骤1: 输入藏语文本...
输入文本时出错: Message: tab crashed
  (Session info: chrome=143.0.7499.169)

✗ 输入文本失败
========================================
✗ 翻译失败，跳过此行
✓ 已保存到文件: 83/4500 条

[84/4500] 翻译进度: 1.9%
藏语原文: དེས་ན་རྟེན་ཐིག་ལེ་འཆིང་ན་བརྟེན་པ་སེམས་ཀྱང་རང་འཆིང་...

开始翻译流程 (尝试 1/2):
========================================
步骤1: 输入藏语文本...
输入文本时出错: Message: tab crashed
  (Session info: chrome=143.0.7499.169)

✗ 输入文本失败

开始翻译流程 (尝试 2/2):
========================================
步骤1: 输入藏语文本...
输入文本时出错: Message: tab crashed
  (Session info: chrome=143.0.7499.169)

✗ 输入文本失败
========================================
✗ 翻译失败，跳过此行
✓ 已保存到文件: 84/4500 条

[85/4500] 翻译进度: 1.9%
藏语原文: འདི་ལ་རང་རང་སོ་སོས་སྔོན་ནས་ཉམས་ལེན་ལ་བརྟན་པ་རབ་ཐོབ...

开始翻译流程 (尝试 1/2):
========================================
步骤1: 输入藏语文本...
输入文本时出错: Message: tab crashed
  (Session info: chrome=143.0.7499.169)

✗ 输入文本失败

开始翻译流程 (尝试 2/2):
========================================
步骤1: 输入藏语文本...
输入文本时出错: Message: tab crashed
  (Session info: chrome=143.0.7499.169)

✗ 输入文本失败
========================================
✗ 翻译失败，跳过此行
✓ 已保存到文件: 85/4500 条

[86/4500] 翻译进度: 1.9%
藏语原文: འདོན་པ་བཟླས་བརྗོད་དང་རང་སེམས་ཏིང་ངེ་འཛིན་ཡེངས་མེད་...

开始翻译流程 (尝试 1/2):
========================================
步骤1: 输入藏语文本...
输入文本时出错: Message: tab crashed
  (Session info: chrome=143.0.7499.169)

✗ 输入文本失败

开始翻译流程 (尝试 2/2):
========================================
步骤1: 输入藏语文本...
输入文本时出错: Message: tab crashed
  (Session info: chrome=143.0.7499.169)

✗ 输入文本失败
========================================
✗ 翻译失败，跳过此行
✓ 已保存到文件: 86/4500 条

[87/4500] 翻译进度: 1.9%
藏语原文: བཟླས་བརྗོད་ཀྱི་གྲངས་བསོགས་པ་མཛད་པ་མིན་འདུག།

开始翻译流程 (尝试 1/2):
========================================
步骤1: 输入藏语文本...
输入文本时出错: Message: tab crashed
  (Session info: chrome=143.0.7499.169)

✗ 输入文本失败

开始翻译流程 (尝试 2/2):
========================================
步骤1: 输入藏语文本...
输入文本时出错: Message: tab crashed
  (Session info: chrome=143.0.7499.169)

✗ 输入文本失败
========================================
✗ 翻译失败，跳过此行
✓ 已保存到文件: 87/4500 条

[88/4500] 翻译进度: 2.0%
藏语原文: ཕྱི་པ་མུ་སྟེགས་པའམ་བོན་པོ་ལ་སོགས་པའི་ངེས་དོན་གྱི་ཁ...

开始翻译流程 (尝试 1/2):
========================================
步骤1: 输入藏语文本...
输入文本时出错: Message: tab crashed
  (Session info: chrome=143.0.7499.169)

✗ 输入文本失败

开始翻译流程 (尝试 2/2):
========================================
步骤1: 输入藏语文本...
输入文本时出错: Message: tab crashed
  (Session info: chrome=143.0.7499.169)

✗ 输入文本失败
========================================
✗ 翻译失败，跳过此行
✓ 已保存到文件: 88/4500 条

[89/4500] 翻译进度: 2.0%
藏语原文: དེ་ལ་འདས་པའི་རྗེས་མི་གཅོད་ཟེར་ཙ་ན།

开始翻译流程 (尝试 1/2):
========================================
步骤1: 输入藏语文本...
输入文本时出错: Message: tab crashed
  (Session info: chrome=143.0.7499.169)

✗ 输入文本失败

开始翻译流程 (尝试 2/2):
========================================
步骤1: 输入藏语文本...
输入文本时出错: Message: tab crashed
  (Session info: chrome=143.0.7499.169)

✗ 输入文本失败
========================================
✗ 翻译失败，跳过此行
✓ 已保存到文件: 89/4500 条

[90/4500] 翻译进度: 2.0%
藏语原文: མ་འོངས་པའི་སྔོན་མི་བསུ་ཟེར་ཙ་ན་འོ་སྐོལ་གྱི་བློ་རྣམ...

开始翻译流程 (尝试 1/2):
========================================
步骤1: 输入藏语文本...
输入文本时出错: Message: tab crashed
  (Session info: chrome=143.0.7499.169)

✗ 输入文本失败

开始翻译流程 (尝试 2/2):
========================================
步骤1: 输入藏语文本...
输入文本时出错: Message: tab crashed
  (Session info: chrome=143.0.7499.169)

✗ 输入文本失败
========================================
✗ 翻译失败，跳过此行
✓ 已保存到文件: 90/4500 条

[91/4500] 翻译进度: 2.0%
藏语原文: ད་ལྟར་གྱི་ཤེས་པ་རྣལ་མར་ཙན་གྱིས་ཞོག་ཟེར་ཙ་ན་ད་ལྟར་ག...

开始翻译流程 (尝试 1/2):
========================================
步骤1: 输入藏语文本...
输入文本时出错: Message: tab crashed
  (Session info: chrome=143.0.7499.169)

✗ 输入文本失败

开始翻译流程 (尝试 2/2):
========================================
步骤1: 输入藏语文本...
输入文本时出错: Message: tab crashed
  (Session info: chrome=143.0.7499.169)

✗ 输入文本失败
========================================
✗ 翻译失败，跳过此行
✓ 已保存到文件: 91/4500 条

[92/4500] 翻译进度: 2.0%
藏语原文: སེམས་གཞན་དུ་མི་འཕྲོ་བར་འདུག་ན་དེ་གནས་པ་ཡིན་པས།

开始翻译流程 (尝试 1/2):
========================================
步骤1: 输入藏语文本...
输入文本时出错: Message: tab crashed
  (Session info: chrome=143.0.7499.169)

✗ 输入文本失败

开始翻译流程 (尝试 2/2):
========================================
步骤1: 输入藏语文本...
输入文本时出错: Message: tab crashed
  (Session info: chrome=143.0.7499.169)

✗ 输入文本失败
========================================
✗ 翻译失败，跳过此行
✓ 已保存到文件: 92/4500 条

[93/4500] 翻译进度: 2.1%
藏语原文: གནས་པ་དེ་ཡང་རང་བབས་སུ་གནས་པའི་ངོ་བོ་མ་བརྗེད་ཙམ་དུ་...

开始翻译流程 (尝试 1/2):
========================================
步骤1: 输入藏语文本...
输入文本时出错: Message: tab crashed
  (Session info: chrome=143.0.7499.169)

✗ 输入文本失败

开始翻译流程 (尝试 2/2):
========================================
步骤1: 输入藏语文本...
输入文本时出错: Message: tab crashed
  (Session info: chrome=143.0.7499.169)

✗ 输入文本失败
========================================
✗ 翻译失败，跳过此行
✓ 已保存到文件: 93/4500 条

[94/4500] 翻译进度: 2.1%
藏语原文: ད་ལྟ་ཡང་རང་ཉིད་སྐྱེ་བ་བླངས་ནས་ད་ལྟའི་བར་ཡེངས་འཁྲུལ...

开始翻译流程 (尝试 1/2):
========================================
步骤1: 输入藏语文本...
输入文本时出错: Message: tab crashed
  (Session info: chrome=143.0.7499.169)

✗ 输入文本失败

开始翻译流程 (尝试 2/2):
========================================
步骤1: 输入藏语文本...
输入文本时出错: Message: tab crashed
  (Session info: chrome=143.0.7499.169)

✗ 输入文本失败
========================================
✗ 翻译失败，跳过此行
✓ 已保存到文件: 94/4500 条

[95/4500] 翻译进度: 2.1%
藏语原文: འདུག་ན་འདུག་གོ་ཞེས་བྱ་བར་རབ་ཏུ་ཤེས་སོ།

开始翻译流程 (尝试 1/2):
========================================
步骤1: 输入藏语文本...
输入文本时出错: Message: tab crashed
  (Session info: chrome=143.0.7499.169)

✗ 输入文本失败

开始翻译流程 (尝试 2/2):
========================================
步骤1: 输入藏语文本...
输入文本时出错: Message: tab crashed
  (Session info: chrome=143.0.7499.169)

✗ 输入文本失败
========================================
✗ 翻译失败，跳过此行
✓ 已保存到文件: 95/4500 条

[96/4500] 翻译进度: 2.1%
藏语原文: འགྲེངས་པ་དང་འདུག་པའང་ཤེས་བཞིན་དུ་སྤྱོད་པ་ཡིན།

开始翻译流程 (尝试 1/2):
========================================
步骤1: 输入藏语文本...
输入文本时出错: Message: tab crashed
  (Session info: chrome=143.0.7499.169)

✗ 输入文本失败

开始翻译流程 (尝试 2/2):
========================================
步骤1: 输入藏语文本...
输入文本时出错: Message: tab crashed
  (Session info: chrome=143.0.7499.169)

✗ 输入文本失败
========================================
✗ 翻译失败，跳过此行
✓ 已保存到文件: 96/4500 条

[97/4500] 翻译进度: 2.2%
藏语原文: ཉལ་འདུག་ཀྱང་དེ་ཐོག་ཏུ་སེམས་མ་ཡེངས་པ་སྟེ།

开始翻译流程 (尝试 1/2):
========================================
步骤1: 输入藏语文本...
输入文本时出错: Message: tab crashed
  (Session info: chrome=143.0.7499.169)

✗ 输入文本失败

开始翻译流程 (尝试 2/2):
========================================
步骤1: 输入藏语文本...
输入文本时出错: Message: tab crashed
  (Session info: chrome=143.0.7499.169)

✗ 输入文本失败
========================================
✗ 翻译失败，跳过此行
✓ 已保存到文件: 97/4500 条

[98/4500] 翻译进度: 2.2%
藏语原文: དེ་ལྟར་མ་བྱུང་བར་མཉམ་བཞག་འདྲ་ཞིག་འདུག་དུས་དེ་མ་གཏོ...

开始翻译流程 (尝试 1/2):
========================================
步骤1: 输入藏语文本...
输入文本时出错: Message: tab crashed
  (Session info: chrome=143.0.7499.169)

✗ 输入文本失败

开始翻译流程 (尝试 2/2):
========================================
步骤1: 输入藏语文本...
输入文本时出错: Message: tab crashed
  (Session info: chrome=143.0.7499.169)

✗ 输入文本失败
========================================
✗ 翻译失败，跳过此行
✓ 已保存到文件: 98/4500 条

[99/4500] 翻译进度: 2.2%
藏语原文: རྒྱུན་དུ་ལོ་ཟླ་ཞག་དུས་ཀྱི་རིང་ཐམས་ཅད་དུ་འགྲོ་འདུག་...

开始翻译流程 (尝试 1/2):
========================================
步骤1: 输入藏语文本...
输入文本时出错: Message: tab crashed
  (Session info: chrome=143.0.7499.169)

✗ 输入文本失败

开始翻译流程 (尝试 2/2):
========================================
步骤1: 输入藏语文本...
输入文本时出错: Message: tab crashed
  (Session info: chrome=143.0.7499.169)

✗ 输入文本失败
========================================
✗ 翻译失败，跳过此行
✓ 已保存到文件: 99/4500 条

[100/4500] 翻译进度: 2.2%
藏语原文: མ་ཡེངས་པའི་དྲན་པ་འདི་ཡང་དང་པོ་རང་འགྲོ་འདུག་ལ་སོགས་...

开始翻译流程 (尝试 1/2):
========================================
步骤1: 输入藏语文本...
输入文本时出错: Message: tab crashed
  (Session info: chrome=143.0.7499.169)

✗ 输入文本失败

开始翻译流程 (尝试 2/2):
========================================
步骤1: 输入藏语文本...
输入文本时出错: Message: tab crashed
  (Session info: chrome=143.0.7499.169)

✗ 输入文本失败
========================================
✗ 翻译失败，跳过此行
✓ 已保存到文件: 100/4500 条

[101/4500] 翻译进度: 2.2%
藏语原文: དྲན་པ་མ་ཡེངས་པ་དེ་ཡང་འགྲོ་འདུག་ལས་ཀ་སོགས་ཀྱི་དུས་ར...

开始翻译流程 (尝试 1/2):
========================================
步骤1: 输入藏语文本...
输入文本时出错: Message: tab crashed
  (Session info: chrome=143.0.7499.169)

✗ 输入文本失败

开始翻译流程 (尝试 2/2):
========================================
步骤1: 输入藏语文本...
输入文本时出错: Message: tab crashed
  (Session info: chrome=143.0.7499.169)

✗ 输入文本失败
========================================
✗ 翻译失败，跳过此行
✓ 已保存到文件: 101/4500 条

[102/4500] 翻译进度: 2.3%
藏语原文: གཞན་སྒོམ་གསར་བ་ཚོ་ལ་མཉམ་བཞག་རང་ལ་འདུག་དུས་གཞན་གྱི་...

开始翻译流程 (尝试 1/2):
========================================
步骤1: 输入藏语文本...
输入文本时出错: Message: tab crashed
  (Session info: chrome=143.0.7499.169)

✗ 输入文本失败

开始翻译流程 (尝试 2/2):
========================================
步骤1: 输入藏语文本...
输入文本时出错: Message: tab crashed
  (Session info: chrome=143.0.7499.169)

✗ 输入文本失败
========================================
✗ 翻译失败，跳过此行
✓ 已保存到文件: 102/4500 条

[103/4500] 翻译进度: 2.3%
藏语原文: སེམས་མ་ཡེངས་པའི་དྲན་པ་རང་ཐོག་ན་གནས་པ་དང་འགྱུ་བ་སྟེ...

开始翻译流程 (尝试 1/2):
========================================
步骤1: 输入藏语文本...
输入文本时出错: Message: tab crashed
  (Session info: chrome=143.0.7499.169)

✗ 输入文本失败

开始翻译流程 (尝试 2/2):
========================================
步骤1: 输入藏语文本...
输入文本时出错: Message: tab crashed
  (Session info: chrome=143.0.7499.169)

✗ 输入文本失败
========================================
✗ 翻译失败，跳过此行
✓ 已保存到文件: 103/4500 条

[104/4500] 翻译进度: 2.3%
藏语原文: ཞེས་གསུངས་འདུག་པ་འདི་ཐུགས་ཤིན་ཏུ་བདེན་ཏེ།

开始翻译流程 (尝试 1/2):
========================================
步骤1: 输入藏语文本...
输入文本时出错: Message: tab crashed
  (Session info: chrome=143.0.7499.169)

✗ 输入文本失败

开始翻译流程 (尝试 2/2):
========================================
步骤1: 输入藏语文本...
输入文本时出错: Message: tab crashed
  (Session info: chrome=143.0.7499.169)

✗ 输入文本失败
========================================
✗ 翻译失败，跳过此行
✓ 已保存到文件: 104/4500 条

[105/4500] 翻译进度: 2.3%
藏语原文: དེ་ལའང་དགག་སྒྲུབ་ཀྱིས་བཅོས་བསླད་མི་བྱེད་པར་སེམས་རང...

开始翻译流程 (尝试 1/2):
========================================
步骤1: 输入藏语文本...
输入文本时出错: Message: tab crashed
  (Session info: chrome=143.0.7499.169)

✗ 输入文本失败

开始翻译流程 (尝试 2/2):
========================================
步骤1: 输入藏语文本...
输入文本时出错: Message: tab crashed
  (Session info: chrome=143.0.7499.169)

✗ 输入文本失败
========================================
✗ 翻译失败，跳过此行
✓ 已保存到文件: 105/4500 条

[106/4500] 翻译进度: 2.4%
藏语原文: དེ་ཡང་སེམས་ཁོ་རང་རང་ལུགས་མ་བཅོས་པར་བཞག་ཀྱང་།

开始翻译流程 (尝试 1/2):
========================================
步骤1: 输入藏语文本...
输入文本时出错: Message: tab crashed
  (Session info: chrome=143.0.7499.169)

✗ 输入文本失败

开始翻译流程 (尝试 2/2):
========================================
步骤1: 输入藏语文本...
输入文本时出错: Message: tab crashed
  (Session info: chrome=143.0.7499.169)

✗ 输入文本失败
========================================
✗ 翻译失败，跳过此行
✓ 已保存到文件: 106/4500 条

[107/4500] 翻译进度: 2.4%
藏语原文: མིག་ལྟ་སྟངས་བྱས་ཀྱང་སྟོང་ལྟ་ཡིན་པར་འདུག་ཅིང་།

开始翻译流程 (尝试 1/2):
========================================
步骤1: 输入藏语文本...
输入文本时出错: Message: tab crashed
  (Session info: chrome=143.0.7499.169)

✗ 输入文本失败

开始翻译流程 (尝试 2/2):
========================================
步骤1: 输入藏语文本...
输入文本时出错: Message: tab crashed
  (Session info: chrome=143.0.7499.169)

✗ 输入文本失败
========================================
✗ 翻译失败，跳过此行
✓ 已保存到文件: 107/4500 条

[108/4500] 翻译进度: 2.4%
藏语原文: རྣམ་རྟོག་ཁོ་རང་གང་འགྱུ་འགྱུར་བཅུག་ནས་རྫི་བོ་མཁས་པས...

开始翻译流程 (尝试 1/2):
========================================
步骤1: 输入藏语文本...
输入文本时出错: Message: tab crashed
  (Session info: chrome=143.0.7499.169)

✗ 输入文本失败

开始翻译流程 (尝试 2/2):
========================================
步骤1: 输入藏语文本...
输入文本时出错: Message: tab crashed
  (Session info: chrome=143.0.7499.169)

✗ 输入文本失败
========================================
✗ 翻译失败，跳过此行
✓ 已保存到文件: 108/4500 条

[109/4500] 翻译进度: 2.4%
藏语原文: ཁོ་རང་རི་མཐོ་བ་ཐམས་ཅད་མཐོང་ས་ཞིག་ཏུ་འགྲོ་ནས་ཕྱུགས་...

开始翻译流程 (尝试 1/2):
========================================
步骤1: 输入藏语文本...
输入文本时出错: Message: tab crashed
  (Session info: chrome=143.0.7499.169)

✗ 输入文本失败

开始翻译流程 (尝试 2/2):
========================================
步骤1: 输入藏语文本...
输入文本时出错: Message: tab crashed
  (Session info: chrome=143.0.7499.169)

✗ 输入文本失败
========================================
✗ 翻译失败，跳过此行
✓ 已保存到文件: 109/4500 条

[110/4500] 翻译进度: 2.4%
藏语原文: ཁོ་རང་ཡང་དལ་བ་ཐབས་མཁས་པ་ཡིན་ལ།

开始翻译流程 (尝试 1/2):
========================================
步骤1: 输入藏语文本...
输入文本时出错: Message: tab crashed
  (Session info: chrome=143.0.7499.169)

✗ 输入文本失败

开始翻译流程 (尝试 2/2):
========================================
步骤1: 输入藏语文本...
输入文本时出错: Message: tab crashed
  (Session info: chrome=143.0.7499.169)

✗ 输入文本失败
========================================
✗ 翻译失败，跳过此行
✓ 已保存到文件: 110/4500 条

[111/4500] 翻译进度: 2.5%
藏语原文: འཛིན་པ་མ་ཞུགས་ཙམ་གྱི་རང་བབས་སུ་ཆམ་གྱིས་བཞག་ལ་སེམས་...

开始翻译流程 (尝试 1/2):
========================================
步骤1: 输入藏语文本...
输入文本时出错: Message: tab crashed
  (Session info: chrome=143.0.7499.169)

✗ 输入文本失败

开始翻译流程 (尝试 2/2):
========================================
步骤1: 输入藏语文本...
输入文本时出错: Message: tab crashed
  (Session info: chrome=143.0.7499.169)

✗ 输入文本失败
========================================
✗ 翻译失败，跳过此行
✓ 已保存到文件: 111/4500 条

[112/4500] 翻译进度: 2.5%
藏语原文: མ་ཡེངས་རང་བཞིན་ཤེས་ཙམ་དེ་ལས་གཞན་པའི་བཟོ་བཅོས་མི་བྱ...

开始翻译流程 (尝试 1/2):
========================================
步骤1: 输入藏语文本...
输入文本时出错: Message: tab crashed
  (Session info: chrome=143.0.7499.169)

✗ 输入文本失败

开始翻译流程 (尝试 2/2):
========================================
步骤1: 输入藏语文本...
输入文本时出错: Message: tab crashed
  (Session info: chrome=143.0.7499.169)

✗ 输入文本失败
========================================
✗ 翻译失败，跳过此行
✓ 已保存到文件: 112/4500 条

[113/4500] 翻译进度: 2.5%
藏语原文: མ་བཟུང་མ་བཏང་རང་ག་ཉིད་དུ་ཞོག།

开始翻译流程 (尝试 1/2):
========================================
步骤1: 输入藏语文本...
输入文本时出错: Message: tab crashed
  (Session info: chrome=143.0.7499.169)

✗ 输入文本失败

开始翻译流程 (尝试 2/2):
========================================
步骤1: 输入藏语文本...
输入文本时出错: Message: tab crashed
  (Session info: chrome=143.0.7499.169)

✗ 输入文本失败
========================================
✗ 翻译失败，跳过此行
✓ 已保存到文件: 113/4500 条

[114/4500] 翻译进度: 2.5%
藏语原文: བཀག་པས་ཁེགས་པ་མི་འདུག་དིང་རི་བ།

开始翻译流程 (尝试 1/2):
========================================
步骤1: 输入藏语文本...
输入文本时出错: Message: tab crashed
  (Session info: chrome=143.0.7499.169)

✗ 输入文本失败

开始翻译流程 (尝试 2/2):
========================================
步骤1: 输入藏语文本...
输入文本时出错: Message: tab crashed
  (Session info: chrome=143.0.7499.169)

✗ 输入文本失败
========================================
✗ 翻译失败，跳过此行
✓ 已保存到文件: 114/4500 条

[115/4500] 翻译进度: 2.6%
藏语原文: དེ་ཡང་བྲམ་ཟེ་ལྟ་བུ་རུང་བས་བཀལ་བའི་སྐུད་པ་དེ་གྲིམས་...

开始翻译流程 (尝试 1/2):
========================================
步骤1: 输入藏语文本...
输入文本时出错: Message: tab crashed
  (Session info: chrome=143.0.7499.169)

✗ 输入文本失败

开始翻译流程 (尝试 2/2):
========================================
步骤1: 输入藏语文本...
输入文本时出错: Message: tab crashed
  (Session info: chrome=143.0.7499.169)

✗ 输入文本失败
========================================
✗ 翻译失败，跳过此行
✓ 已保存到文件: 115/4500 条

[116/4500] 翻译进度: 2.6%
藏语原文: གཉིས་འཛིན་བྱ་རྩོལ་མེད་པའི་སེམས་ཀྱི་ངོ་བོ་རང་ཆས་རང་...

开始翻译流程 (尝试 1/2):
========================================
步骤1: 输入藏语文本...
输入文本时出错: Message: tab crashed
  (Session info: chrome=143.0.7499.169)

✗ 输入文本失败

开始翻译流程 (尝试 2/2):
========================================
步骤1: 输入藏语文本...
输入文本时出错: Message: tab crashed
  (Session info: chrome=143.0.7499.169)

✗ 输入文本失败
========================================
✗ 翻译失败，跳过此行
✓ 已保存到文件: 116/4500 条

[117/4500] 翻译进度: 2.6%
藏语原文: རྣམ་རྟོག་ནམ་དྲན་དྲན་དེར་ངོས་བཟུང་ལ་ཁོ་རང་ཐོག་ལ་གློ...

开始翻译流程 (尝试 1/2):
========================================
步骤1: 输入藏语文本...
输入文本时出错: Message: tab crashed
  (Session info: chrome=143.0.7499.169)

✗ 输入文本失败

开始翻译流程 (尝试 2/2):
========================================
步骤1: 输入藏语文本...
输入文本时出错: Message: tab crashed
  (Session info: chrome=143.0.7499.169)

✗ 输入文本失败
========================================
✗ 翻译失败，跳过此行
✓ 已保存到文件: 117/4500 条

[118/4500] 翻译进度: 2.6%
藏语原文: སྒོམ་མི་ཡོང་བར་འདུག་བསམ་པ་བྱུང་ན་དེ་ལ་སྤྲོ་བ་བསྐྱེ...

开始翻译流程 (尝试 1/2):
========================================
步骤1: 输入藏语文本...
输入文本时出错: Message: tab crashed
  (Session info: chrome=143.0.7499.169)

✗ 输入文本失败

开始翻译流程 (尝试 2/2):
========================================
步骤1: 输入藏语文本...
输入文本时出错: Message: tab crashed
  (Session info: chrome=143.0.7499.169)

✗ 输入文本失败
========================================
✗ 翻译失败，跳过此行
✓ 已保存到文件: 118/4500 条

[119/4500] 翻译进度: 2.6%
藏语原文: དེ་ཀ་དྲན་པས་ངོས་བཟུང་ཁོ་རང་ལ་སྒོམ་གྱི་དངོས་གཞི་བཅོ...

开始翻译流程 (尝试 1/2):
========================================
步骤1: 输入藏语文本...
输入文本时出错: Message: tab crashed
  (Session info: chrome=143.0.7499.169)

✗ 输入文本失败

开始翻译流程 (尝试 2/2):
========================================
步骤1: 输入藏语文本...
输入文本时出错: Message: tab crashed
  (Session info: chrome=143.0.7499.169)

✗ 输入文本失败
========================================
✗ 翻译失败，跳过此行
✓ 已保存到文件: 119/4500 条

[120/4500] 翻译进度: 2.7%
藏语原文: མ་བཟུང་མ་བཏང་རང་ག་ཉིད་དུ་ཞོག།

开始翻译流程 (尝试 1/2):
========================================
步骤1: 输入藏语文本...
输入文本时出错: Message: tab crashed
  (Session info: chrome=143.0.7499.169)

✗ 输入文本失败

开始翻译流程 (尝试 2/2):
========================================
步骤1: 输入藏语文本...
输入文本时出错: Message: tab crashed
  (Session info: chrome=143.0.7499.169)

✗ 输入文本失败
========================================
✗ 翻译失败，跳过此行
✓ 已保存到文件: 120/4500 条

[121/4500] 翻译进度: 2.7%
藏语原文: གནས་པ་སྒྲུབ་མེད་ཀྱི་ངོ་བོ་མ་བཅོས་པའི་རང་བཞིན་གཤིས་...

开始翻译流程 (尝试 1/2):
========================================
步骤1: 输入藏语文本...
输入文本时出错: Message: tab crashed
  (Session info: chrome=143.0.7499.169)

✗ 输入文本失败

开始翻译流程 (尝试 2/2):
========================================
步骤1: 输入藏语文本...
输入文本时出错: Message: tab crashed
  (Session info: chrome=143.0.7499.169)

✗ 输入文本失败
========================================
✗ 翻译失败，跳过此行
✓ 已保存到文件: 121/4500 条

[122/4500] 翻译进度: 2.7%
藏语原文: ངན་པ་སྤང་བློ་བྱས་ཀྱང་རང་ངོ་འདི་ཀ་མ་གཏོགས་གཞན་ནས་སྒ...

开始翻译流程 (尝试 1/2):
========================================
步骤1: 输入藏语文本...
输入文本时出错: Message: tab crashed
  (Session info: chrome=143.0.7499.169)

✗ 输入文本失败

开始翻译流程 (尝试 2/2):
========================================
步骤1: 输入藏语文本...
输入文本时出错: Message: tab crashed
  (Session info: chrome=143.0.7499.169)

✗ 输入文本失败
========================================
✗ 翻译失败，跳过此行
✓ 已保存到文件: 122/4500 条

[123/4500] 翻译进度: 2.7%
藏语原文: དེ་ཀར་ཉམས་ལེན་གྱི་མཐིལ་སོ་རང་བྱས་ན་ཆོག་པར་འདུག་བསམ...

开始翻译流程 (尝试 1/2):
========================================
步骤1: 输入藏语文本...
输入文本时出错: Message: tab crashed
  (Session info: chrome=143.0.7499.169)

✗ 输入文本失败

开始翻译流程 (尝试 2/2):
========================================
步骤1: 输入藏语文本...
输入文本时出错: Message: tab crashed
  (Session info: chrome=143.0.7499.169)

✗ 输入文本失败
========================================
✗ 翻译失败，跳过此行
✓ 已保存到文件: 123/4500 条

[124/4500] 翻译进度: 2.8%
藏语原文: དེ་བཞིན་ཡིད་ཀྱི་ཡུལ་དུ་ལེགས་ཉེས་བཟང་ངན་ཕྲ་རགས་ཀྱི་...

开始翻译流程 (尝试 1/2):
========================================
步骤1: 输入藏语文本...
输入文本时出错: Message: tab crashed
  (Session info: chrome=143.0.7499.169)

✗ 输入文本失败

开始翻译流程 (尝试 2/2):
========================================
步骤1: 输入藏语文本...
输入文本时出错: Message: tab crashed
  (Session info: chrome=143.0.7499.169)

✗ 输入文本失败
========================================
✗ 翻译失败，跳过此行
✓ 已保存到文件: 124/4500 条

[125/4500] 翻译进度: 2.8%
藏语原文: དེ་ཀ་འཛིན་པའི་རྣམ་རྟོག་ཡིན་པས་འཛིན་པའི་རྣམ་རྟོག་ཁོ...

开始翻译流程 (尝试 1/2):
========================================
步骤1: 输入藏语文本...
输入文本时出错: Message: tab crashed
  (Session info: chrome=143.0.7499.169)

✗ 输入文本失败

开始翻译流程 (尝试 2/2):
========================================
步骤1: 输入藏语文本...
输入文本时出错: Message: tab crashed
  (Session info: chrome=143.0.7499.169)

✗ 输入文本失败
========================================
✗ 翻译失败，跳过此行
✓ 已保存到文件: 125/4500 条

[126/4500] 翻译进度: 2.8%
藏语原文: དེ་འཁྲུལ་པར་མ་ཤོར་བའི་འདུན་པས་ཆགས་སྡང་རྣམ་རྟོག་དེ་...

开始翻译流程 (尝试 1/2):
========================================
步骤1: 输入藏语文本...
输入文本时出错: Message: tab crashed
  (Session info: chrome=143.0.7499.169)

✗ 输入文本失败

开始翻译流程 (尝试 2/2):
========================================
步骤1: 输入藏语文本...
输入文本时出错: Message: tab crashed
  (Session info: chrome=143.0.7499.169)

✗ 输入文本失败
========================================
✗ 翻译失败，跳过此行
✓ 已保存到文件: 126/4500 条

[127/4500] 翻译进度: 2.8%
藏语原文: ཇི་ལྟར་འདུག་པ་དེ་ཀ་རང་ཉམས་སུ་ལེན་པ་ཡིན།

开始翻译流程 (尝试 1/2):
========================================
步骤1: 输入藏语文本...
输入文本时出错: Message: tab crashed
  (Session info: chrome=143.0.7499.169)

✗ 输入文本失败

开始翻译流程 (尝试 2/2):
========================================
步骤1: 输入藏语文本...
输入文本时出错: Message: tab crashed
  (Session info: chrome=143.0.7499.169)

✗ 输入文本失败
========================================
✗ 翻译失败，跳过此行
✓ 已保存到文件: 127/4500 条

[128/4500] 翻译进度: 2.8%
藏语原文: ཆུང་བ་ཐ་ན་གྲལ་མཐོ་དམན་འདུག་སྔ་ཕྱི།

开始翻译流程 (尝试 1/2):
========================================
步骤1: 输入藏语文本...
输入文本时出错: Message: tab crashed
  (Session info: chrome=143.0.7499.169)

✗ 输入文本失败

开始翻译流程 (尝试 2/2):
========================================
步骤1: 输入藏语文本...
输入文本时出错: Message: tab crashed
  (Session info: chrome=143.0.7499.169)

✗ 输入文本失败
========================================
✗ 翻译失败，跳过此行
✓ 已保存到文件: 128/4500 条

[129/4500] 翻译进度: 2.9%
藏语原文: ཞེ་སྡང་རང་སར་གྲོལ་བ་སྟེ།

开始翻译流程 (尝试 1/2):
========================================
步骤1: 输入藏语文本...
输入文本时出错: Message: tab crashed
  (Session info: chrome=143.0.7499.169)

✗ 输入文本失败

开始翻译流程 (尝试 2/2):
========================================
步骤1: 输入藏语文本...
输入文本时出错: Message: tab crashed
  (Session info: chrome=143.0.7499.169)

✗ 输入文本失败
========================================
✗ 翻译失败，跳过此行
✓ 已保存到文件: 129/4500 条

[130/4500] 翻译进度: 2.9%
藏语原文: དུག་ལྔ་ལམ་སློང་འདི་ནི་ཤིན་ཏུ་དཀའ་བར་འདུག་སྟེ།

开始翻译流程 (尝试 1/2):
========================================
步骤1: 输入藏语文本...
输入文本时出错: Message: tab crashed
  (Session info: chrome=143.0.7499.169)

✗ 输入文本失败

开始翻译流程 (尝试 2/2):
========================================
步骤1: 输入藏语文本...
输入文本时出错: Message: tab crashed
  (Session info: chrome=143.0.7499.169)

✗ 输入文本失败
========================================
✗ 翻译失败，跳过此行
✓ 已保存到文件: 130/4500 条

[131/4500] 翻译进度: 2.9%
藏语原文: འཇིག་རྟེན་ཕལ་པ་དང་ཁྱད་མེད་པར་ཡོང་འདུག་པ་ནི་མཚང་དང་...

开始翻译流程 (尝试 1/2):
========================================
步骤1: 输入藏语文本...
输入文本时出错: Message: tab crashed
  (Session info: chrome=143.0.7499.169)

✗ 输入文本失败

开始翻译流程 (尝试 2/2):
========================================
步骤1: 输入藏语文本...
输入文本时出错: Message: tab crashed
  (Session info: chrome=143.0.7499.169)

✗ 输入文本失败
========================================
✗ 翻译失败，跳过此行
✓ 已保存到文件: 131/4500 条

[132/4500] 翻译进度: 2.9%
藏语原文: ཐུགས་གཤིས་དེ་དང་མཛད་སྤྱོད་དེ་སྐྱེ་བོ་ཐ་མལ་པ་དང་ཁྱད...

开始翻译流程 (尝试 1/2):
========================================
步骤1: 输入藏语文本...
输入文本时出错: Message: tab crashed
  (Session info: chrome=143.0.7499.169)

✗ 输入文本失败

开始翻译流程 (尝试 2/2):
========================================
步骤1: 输入藏语文本...
输入文本时出错: Message: tab crashed
  (Session info: chrome=143.0.7499.169)

✗ 输入文本失败
========================================
✗ 翻译失败，跳过此行
✓ 已保存到文件: 132/4500 条

[133/4500] 翻译进度: 3.0%
藏语原文: ཅི་བྱེད་ལམ་དུ་འགྲོ་བ་ཞིག་འདུག་ན་དེ་ལ་དགའ་བ་བསྒོམ།

开始翻译流程 (尝试 1/2):
========================================
步骤1: 输入藏语文本...
输入文本时出错: Message: tab crashed
  (Session info: chrome=143.0.7499.169)

✗ 输入文本失败

开始翻译流程 (尝试 2/2):
========================================
步骤1: 输入藏语文本...
输入文本时出错: Message: tab crashed
  (Session info: chrome=143.0.7499.169)

✗ 输入文本失败
========================================
✗ 翻译失败，跳过此行
✓ 已保存到文件: 133/4500 条

[134/4500] 翻译进度: 3.0%
藏语原文: སྐྱོན་གང་འདུག་པ་དེ་ཡུལ་ནས་འདོན་པའི་ཞེ་བཅད་བྱ།

开始翻译流程 (尝试 1/2):
========================================
步骤1: 输入藏语文本...
输入文本时出错: Message: tab crashed
  (Session info: chrome=143.0.7499.169)

✗ 输入文本失败

开始翻译流程 (尝试 2/2):
========================================
步骤1: 输入藏语文本...
输入文本时出错: Message: tab crashed
  (Session info: chrome=143.0.7499.169)

✗ 输入文本失败
========================================
✗ 翻译失败，跳过此行
✓ 已保存到文件: 134/4500 条

[135/4500] 翻译进度: 3.0%
藏语原文: གཞན་ཕན་གྱི་འགྲོ་འདུག་དགེ་རྩ་ཚོགས་གསོག་རྟེན་སོགས་ལ་...

开始翻译流程 (尝试 1/2):
========================================
步骤1: 输入藏语文本...
输入文本时出错: Message: tab crashed
  (Session info: chrome=143.0.7499.169)

✗ 输入文本失败

开始翻译流程 (尝试 2/2):
========================================
步骤1: 输入藏语文本...
输入文本时出错: Message: tab crashed
  (Session info: chrome=143.0.7499.169)

✗ 输入文本失败
========================================
✗ 翻译失败，跳过此行
✓ 已保存到文件: 135/4500 条

[136/4500] 翻译进度: 3.0%
藏语原文: རང་ངོས་ནས་གང་ཅི་ལའང་རང་ནོམ་བདག་ནོམ་གྱི་འཛིན་པ་ནི་ག...

开始翻译流程 (尝试 1/2):
========================================
步骤1: 输入藏语文本...
输入文本时出错: Message: tab crashed
  (Session info: chrome=143.0.7499.169)

✗ 输入文本失败

开始翻译流程 (尝试 2/2):
========================================
步骤1: 输入藏语文本...
输入文本时出错: Message: tab crashed
  (Session info: chrome=143.0.7499.169)

✗ 输入文本失败
========================================
✗ 翻译失败，跳过此行
✓ 已保存到文件: 136/4500 条

[137/4500] 翻译进度: 3.0%
藏语原文: དྲན་ཐོག་ཏུ་བཟང་རྐྱེན་དེ་ལམ་དུ་མི་སློང་བ་སོགས་སྣ་ཚོ...

开始翻译流程 (尝试 1/2):
========================================
步骤1: 输入藏语文本...
输入文本时出错: Message: tab crashed
  (Session info: chrome=143.0.7499.169)

✗ 输入文本失败

开始翻译流程 (尝试 2/2):
========================================
步骤1: 输入藏语文本...
输入文本时出错: Message: tab crashed
  (Session info: chrome=143.0.7499.169)

✗ 输入文本失败
========================================
✗ 翻译失败，跳过此行
✓ 已保存到文件: 137/4500 条

[138/4500] 翻译进度: 3.1%
藏语原文: རྣམ་སྨིན་དེ་ཡུན་དུ་ལུས་ན་ཇེ་འཕེལ་དུ་འགྲོ་ཞིང་རང་ཕྱ...

开始翻译流程 (尝试 1/2):
========================================
步骤1: 输入藏语文本...
输入文本时出错: Message: tab crashed
  (Session info: chrome=143.0.7499.169)

✗ 输入文本失败

开始翻译流程 (尝试 2/2):
========================================
步骤1: 输入藏语文本...
输入文本时出错: Message: tab crashed
  (Session info: chrome=143.0.7499.169)

✗ 输入文本失败
========================================
✗ 翻译失败，跳过此行
✓ 已保存到文件: 138/4500 条

[139/4500] 翻译进度: 3.1%
藏语原文: དེའང་རང་ལ་རྐྱེན་དེ་བཞིན་བྱུང་བར་སྡུག་བསྔལ་དུ་མི་བས...

开始翻译流程 (尝试 1/2):
========================================
步骤1: 输入藏语文本...
输入文本时出错: Message: tab crashed
  (Session info: chrome=143.0.7499.169)

✗ 输入文本失败

开始翻译流程 (尝试 2/2):
========================================
步骤1: 输入藏语文本...
输入文本时出错: Message: tab crashed
  (Session info: chrome=143.0.7499.169)

✗ 输入文本失败
========================================
✗ 翻译失败，跳过此行
✓ 已保存到文件: 139/4500 条

[140/4500] 翻译进度: 3.1%
藏语原文: དེའང་རང་ལ་ཚེ་འདིར་ཕྱི་རོལ་ནས་རྐྱེན་ངན་པ་དང་།

开始翻译流程 (尝试 1/2):
========================================
步骤1: 输入藏语文本...
输入文本时出错: Message: tab crashed
  (Session info: chrome=143.0.7499.169)

✗ 输入文本失败

开始翻译流程 (尝试 2/2):
========================================
步骤1: 输入藏语文本...
输入文本时出错: Message: tab crashed
  (Session info: chrome=143.0.7499.169)

✗ 输入文本失败
========================================
✗ 翻译失败，跳过此行
✓ 已保存到文件: 140/4500 条

[141/4500] 翻译进度: 3.1%
藏语原文: མི་དགའ་ན་མི་དགའ་བའི་ཐོག་ཏུ་བསྒོམས་པས་རྐྱེན་ཐམས་ཅད་...

开始翻译流程 (尝试 1/2):
========================================
步骤1: 输入藏语文本...
输入文本时出错: Message: tab crashed
  (Session info: chrome=143.0.7499.169)

✗ 输入文本失败

开始翻译流程 (尝试 2/2):
========================================
步骤1: 输入藏语文本...
输入文本时出错: Message: tab crashed
  (Session info: chrome=143.0.7499.169)

✗ 输入文本失败
========================================
✗ 翻译失败，跳过此行
✓ 已保存到文件: 141/4500 条

[142/4500] 翻译进度: 3.2%
藏语原文: ཅེས་གསུངས་པ་ནི་སྐྱིད་སྡུག་ལམ་ཁྱེར་གཏོང་ལེན་དང་བསྒྲ...

开始翻译流程 (尝试 1/2):
========================================
步骤1: 输入藏语文本...
输入文本时出错: Message: tab crashed
  (Session info: chrome=143.0.7499.169)

✗ 输入文本失败

开始翻译流程 (尝试 2/2):
========================================
步骤1: 输入藏语文本...
输入文本时出错: Message: tab crashed
  (Session info: chrome=143.0.7499.169)

✗ 输入文本失败
========================================
✗ 翻译失败，跳过此行
✓ 已保存到文件: 142/4500 条

[143/4500] 翻译进度: 3.2%
藏语原文: དེ་བས་ཁོ་རང་སྔོན་ནས་འདྲིས་ཤིང་བག་ཆགས་ཡོད་པའི་རྡེའུ...

开始翻译流程 (尝试 1/2):
========================================
步骤1: 输入藏语文本...
输入文本时出错: Message: tab crashed
  (Session info: chrome=143.0.7499.169)

✗ 输入文本失败

开始翻译流程 (尝试 2/2):
========================================
步骤1: 输入藏语文本...
输入文本时出错: Message: tab crashed
  (Session info: chrome=143.0.7499.169)

✗ 输入文本失败
========================================
✗ 翻译失败，跳过此行
✓ 已保存到文件: 143/4500 条

[144/4500] 翻译进度: 3.2%
藏语原文: དུས་རྒྱུན་འགྲོ་འདུག་ལ་སོགས་ཐམས་ཅད་དུའང་།

开始翻译流程 (尝试 1/2):
========================================
步骤1: 输入藏语文本...
输入文本时出错: Message: tab crashed
  (Session info: chrome=143.0.7499.169)

✗ 输入文本失败

开始翻译流程 (尝试 2/2):
========================================
步骤1: 输入藏语文本...
输入文本时出错: Message: tab crashed
  (Session info: chrome=143.0.7499.169)

✗ 输入文本失败
========================================
✗ 翻译失败，跳过此行
✓ 已保存到文件: 144/4500 条

[145/4500] 翻译进度: 3.2%
藏语原文: འགྲོ་དང་འཆག་དང་ཉལ་དང་འདུག་པ་ན།

开始翻译流程 (尝试 1/2):
========================================
步骤1: 输入藏语文本...
输入文本时出错: Message: tab crashed
  (Session info: chrome=143.0.7499.169)

✗ 输入文本失败

开始翻译流程 (尝试 2/2):
========================================
步骤1: 输入藏语文本...
输入文本时出错: Message: tab crashed
  (Session info: chrome=143.0.7499.169)

✗ 输入文本失败
========================================
✗ 翻译失败，跳过此行
✓ 已保存到文件: 145/4500 条

[146/4500] 翻译进度: 3.2%
藏语原文: ཡི་དམ་བདེ་མཆོག་དུས་འཁོར་ཀྱེ་རྡོར་གསང་འདུས།

开始翻译流程 (尝试 1/2):
========================================
步骤1: 输入藏语文本...
输入文本时出错: Message: tab crashed
  (Session info: chrome=143.0.7499.169)

✗ 输入文本失败

开始翻译流程 (尝试 2/2):
========================================
步骤1: 输入藏语文本...
输入文本时出错: Message: tab crashed
  (Session info: chrome=143.0.7499.169)

✗ 输入文本失败
========================================
✗ 翻译失败，跳过此行
✓ 已保存到文件: 146/4500 条

[147/4500] 翻译进度: 3.3%
藏语原文: ཙ་ན་ཀའི་འབྲས་བུ་ཆུང་ཤོས་ཙམ་ཡུངས་ཀར་ཙམ་ལ་སེམས་འཛིན་...

开始翻译流程 (尝试 1/2):
========================================
步骤1: 输入藏语文本...
输入文本时出错: Message: tab crashed
  (Session info: chrome=143.0.7499.169)

✗ 输入文本失败

开始翻译流程 (尝试 2/2):
========================================
步骤1: 输入藏语文本...
输入文本时出错: Message: tab crashed
  (Session info: chrome=143.0.7499.169)

✗ 输入文本失败
========================================
✗ 翻译失败，跳过此行
✓ 已保存到文件: 147/4500 条

[148/4500] 翻译进度: 3.3%
藏语原文: དང་པོ་བགྲང་བས་གྲངས་ཤེས་པ་ཡིན་པར་འདུག།

开始翻译流程 (尝试 1/2):
========================================
步骤1: 输入藏语文本...
输入文本时出错: Message: tab crashed
  (Session info: chrome=143.0.7499.169)

✗ 输入文本失败

开始翻译流程 (尝试 2/2):
========================================
步骤1: 输入藏语文本...
输入文本时出错: Message: tab crashed
  (Session info: chrome=143.0.7499.169)

✗ 输入文本失败
========================================
✗ 翻译失败，跳过此行
✓ 已保存到文件: 148/4500 条

[149/4500] 翻译进度: 3.3%
藏语原文: རང་སེམས་གཤིས་ཀྱི་ངོ་བོ་གསལ་བའམ་མི་གསལ་བ་བདེ་རྩུབ་ཇ...

开始翻译流程 (尝试 1/2):
========================================
步骤1: 输入藏语文本...
输入文本时出错: Message: tab crashed
  (Session info: chrome=143.0.7499.169)

✗ 输入文本失败

开始翻译流程 (尝试 2/2):
========================================
步骤1: 输入藏语文本...
输入文本时出错: Message: tab crashed
  (Session info: chrome=143.0.7499.169)

✗ 输入文本失败
========================================
✗ 翻译失败，跳过此行
✓ 已保存到文件: 149/4500 条

[150/4500] 翻译进度: 3.3%
藏语原文: མ་བཟུང་མ་བཏང་རང་ག་ཉིད་དུ་ཞོག།

开始翻译流程 (尝试 1/2):
========================================
步骤1: 输入藏语文本...
输入文本时出错: Message: tab crashed
  (Session info: chrome=143.0.7499.169)

✗ 输入文本失败

开始翻译流程 (尝试 2/2):
========================================
步骤1: 输入藏语文本...
输入文本时出错: Message: tab crashed
  (Session info: chrome=143.0.7499.169)

✗ 输入文本失败
========================================
✗ 翻译失败，跳过此行
✓ 已保存到文件: 150/4500 条

[151/4500] 翻译进度: 3.4%
藏语原文: གནས་ནའང་རང་ངོ་མ་བརྗེད་ཙམ་ཐང་ངེ་བ།

开始翻译流程 (尝试 1/2):
========================================
步骤1: 输入藏语文本...
输入文本时出错: Message: tab crashed
  (Session info: chrome=143.0.7499.169)

✗ 输入文本失败

开始翻译流程 (尝试 2/2):
========================================
步骤1: 输入藏语文本...
输入文本时出错: Message: tab crashed
  (Session info: chrome=143.0.7499.169)

✗ 输入文本失败
========================================
✗ 翻译失败，跳过此行
✓ 已保存到文件: 151/4500 条

[152/4500] 翻译进度: 3.4%
藏语原文: ཏིང་འཛིན་གྱི་སྒྲིབ་པ་ཕལ་ཆེར་བྱིང་རྒོད་གཉིས་ཀྱི་ཕྱོ...

开始翻译流程 (尝试 1/2):
========================================
步骤1: 输入藏语文本...
输入文本时出错: Message: tab crashed
  (Session info: chrome=143.0.7499.169)

✗ 输入文本失败

开始翻译流程 (尝试 2/2):
========================================
步骤1: 输入藏语文本...
输入文本时出错: Message: tab crashed
  (Session info: chrome=143.0.7499.169)

✗ 输入文本失败
========================================
✗ 翻译失败，跳过此行
✓ 已保存到文件: 152/4500 条

[153/4500] 翻译进度: 3.4%
藏语原文: སེམས་མུན་པ་ལྟ་བུར་འདུག་པ་དང་།

开始翻译流程 (尝试 1/2):
========================================
步骤1: 输入藏语文本...
输入文本时出错: Message: tab crashed
  (Session info: chrome=143.0.7499.169)

✗ 输入文本失败

开始翻译流程 (尝试 2/2):
========================================
步骤1: 输入藏语文本...
输入文本时出错: Message: tab crashed
  (Session info: chrome=143.0.7499.169)

✗ 输入文本失败
========================================
✗ 翻译失败，跳过此行
✓ 已保存到文件: 153/4500 条

[154/4500] 翻译进度: 3.4%
藏语原文: གཞན་ཡང་ལས་དང་འགྲོ་འདུག་དྲག་པོ་བྱས་པས་ཐང་ཆད་པ་དང་།

开始翻译流程 (尝试 1/2):
========================================
步骤1: 输入藏语文本...
输入文本时出错: Message: tab crashed
  (Session info: chrome=143.0.7499.169)

✗ 输入文本失败

开始翻译流程 (尝试 2/2):
========================================
步骤1: 输入藏语文本...
输入文本时出错: Message: tab crashed
  (Session info: chrome=143.0.7499.169)

✗ 输入文本失败
========================================
✗ 翻译失败，跳过此行
✓ 已保存到文件: 154/4500 条

[155/4500] 翻译进度: 3.4%
藏语原文: རྒོད་པ་འདིར་ཟ་འཐུང་ཡང་མང་བ་བརྒྱགས་པ་བྱས་ན་ཕན་པ་ཡིན...

开始翻译流程 (尝试 1/2):
========================================
步骤1: 输入藏语文本...
输入文本时出错: Message: tab crashed
  (Session info: chrome=143.0.7499.169)

✗ 输入文本失败

开始翻译流程 (尝试 2/2):
========================================
步骤1: 输入藏语文本...
输入文本时出错: Message: tab crashed
  (Session info: chrome=143.0.7499.169)

✗ 输入文本失败
========================================
✗ 翻译失败，跳过此行
✓ 已保存到文件: 155/4500 条

[156/4500] 翻译进度: 3.5%
藏语原文: དེ་ནས་རྣམ་རྟོག་རྒོད་པོ་བྱུང་ན་རྣམ་རྟོག་ཁོ་རང་རྒོད་...

开始翻译流程 (尝试 1/2):
========================================
步骤1: 输入藏语文本...
输入文本时出错: Message: tab crashed
  (Session info: chrome=143.0.7499.169)

✗ 输入文本失败

开始翻译流程 (尝试 2/2):
========================================
步骤1: 输入藏语文本...
输入文本时出错: Message: tab crashed
  (Session info: chrome=143.0.7499.169)

✗ 输入文本失败
========================================
✗ 翻译失败，跳过此行
✓ 已保存到文件: 156/4500 条

[157/4500] 翻译进度: 3.5%
藏语原文: རྒོད་ན་འགོལ་སར་འདུག།

开始翻译流程 (尝试 1/2):
========================================
步骤1: 输入藏语文本...
输入文本时出错: Message: tab crashed
  (Session info: chrome=143.0.7499.169)

✗ 输入文本失败

开始翻译流程 (尝试 2/2):
========================================
步骤1: 输入藏语文本...
输入文本时出错: Message: tab crashed
  (Session info: chrome=143.0.7499.169)

✗ 输入文本失败
========================================
✗ 翻译失败，跳过此行
✓ 已保存到文件: 157/4500 条

[158/4500] 翻译进度: 3.5%
藏语原文: ཞེས་གསུངས་པའི་དོན་དུ་འདུག་ལ།

开始翻译流程 (尝试 1/2):
========================================
步骤1: 输入藏语文本...
输入文本时出错: Message: tab crashed
  (Session info: chrome=143.0.7499.169)

✗ 输入文本失败

开始翻译流程 (尝试 2/2):
========================================
步骤1: 输入藏语文本...
输入文本时出错: Message: tab crashed
  (Session info: chrome=143.0.7499.169)

✗ 输入文本失败
========================================
✗ 翻译失败，跳过此行
✓ 已保存到文件: 158/4500 条

[159/4500] 翻译进度: 3.5%
藏语原文: སྤྱིར་དོན་དམ་མ་གཏོགས་འཁྲུལ་པ་ལོས་ཡིན་ཏེ།

开始翻译流程 (尝试 1/2):
========================================
步骤1: 输入藏语文本...
输入文本时出错: Message: tab crashed
  (Session info: chrome=143.0.7499.169)

✗ 输入文本失败

开始翻译流程 (尝试 2/2):
========================================
步骤1: 输入藏语文本...
输入文本时出错: Message: tab crashed
  (Session info: chrome=143.0.7499.169)

✗ 输入文本失败
========================================
✗ 翻译失败，跳过此行
✓ 已保存到文件: 159/4500 条

[160/4500] 翻译进度: 3.6%
藏语原文: ངེད་རང་ཕྱག་ཆེན་གྱི་ནང་ན་སྤྱི་ཙམ་མ་གཏོགས་ཉམས་ཐམས་ཅད...

开始翻译流程 (尝试 1/2):
========================================
步骤1: 输入藏语文本...
输入文本时出错: Message: tab crashed
  (Session info: chrome=143.0.7499.169)

✗ 输入文本失败

开始翻译流程 (尝试 2/2):
========================================
步骤1: 输入藏语文本...
输入文本时出错: Message: tab crashed
  (Session info: chrome=143.0.7499.169)

✗ 输入文本失败
========================================
✗ 翻译失败，跳过此行
✓ 已保存到文件: 160/4500 条

[161/4500] 翻译进度: 3.6%
藏语原文: དེའི་དོན་མུ་སྟེགས་ལྷག་སྤྱོད་པས་ལོ་བཅུ་གཉིས་སུ་ཏིང་...

开始翻译流程 (尝试 1/2):
========================================
步骤1: 输入藏语文本...
输入文本时出错: Message: tab crashed
  (Session info: chrome=143.0.7499.169)

✗ 输入文本失败

开始翻译流程 (尝试 2/2):
========================================
步骤1: 输入藏语文本...
输入文本时出错: Message: tab crashed
  (Session info: chrome=143.0.7499.169)

✗ 输入文本失败
========================================
✗ 翻译失败，跳过此行
✓ 已保存到文件: 161/4500 条

[162/4500] 翻译进度: 3.6%
藏语原文: ངོ་བོ་ངོས་བཟུང་དང་བྲལ་བ་ཞིག་ཡིན་འདུག་པ་ལ།

开始翻译流程 (尝试 1/2):
========================================
步骤1: 输入藏语文本...
输入文本时出错: Message: tab crashed
  (Session info: chrome=143.0.7499.169)

✗ 输入文本失败

开始翻译流程 (尝试 2/2):
========================================
步骤1: 输入藏语文本...
输入文本时出错: Message: tab crashed
  (Session info: chrome=143.0.7499.169)

✗ 输入文本失败
========================================
✗ 翻译失败，跳过此行
✓ 已保存到文件: 162/4500 条

[163/4500] 翻译进度: 3.6%
藏语原文: སེམས་རང་ལུགས་ཀྱི་འདུག་ཚུལ་ཅི་ཡོད་པ་དེའི་ངང་མ་ཤོར་ཙ...

开始翻译流程 (尝试 1/2):
========================================
步骤1: 输入藏语文本...
输入文本时出错: Message: tab crashed
  (Session info: chrome=143.0.7499.169)

✗ 输入文本失败

开始翻译流程 (尝试 2/2):
========================================
步骤1: 输入藏语文本...
输入文本时出错: Message: tab crashed
  (Session info: chrome=143.0.7499.169)

✗ 输入文本失败
========================================
✗ 翻译失败，跳过此行
✓ 已保存到文件: 163/4500 条

[164/4500] 翻译进度: 3.6%
藏语原文: རང་བྱུང་རང་ཞི་ང་སྨྲའོ།

开始翻译流程 (尝试 1/2):
========================================
步骤1: 输入藏语文本...
输入文本时出错: Message: tab crashed
  (Session info: chrome=143.0.7499.169)

✗ 输入文本失败

开始翻译流程 (尝试 2/2):
========================================
步骤1: 输入藏语文本...
输入文本时出错: Message: tab crashed
  (Session info: chrome=143.0.7499.169)

✗ 输入文本失败
========================================
✗ 翻译失败，跳过此行
✓ 已保存到文件: 164/4500 条

[165/4500] 翻译进度: 3.7%
藏语原文: དམིགས་པ་དེ་ལ་སེམས་རྣལ་དུ་འདུག་པར་མཐོང་བ་དེའི་ཚེ་རྩ...

开始翻译流程 (尝试 1/2):
========================================
步骤1: 输入藏语文本...
输入文本时出错: Message: tab crashed
  (Session info: chrome=143.0.7499.169)

✗ 输入文本失败

开始翻译流程 (尝试 2/2):
========================================
步骤1: 输入藏语文本...
输入文本时出错: Message: tab crashed
  (Session info: chrome=143.0.7499.169)

✗ 输入文本失败
========================================
✗ 翻译失败，跳过此行
✓ 已保存到文件: 165/4500 条

[166/4500] 翻译进度: 3.7%
藏语原文: དེའི་ཚེ་ཇི་སྲིད་འདོད་ཀྱི་བར་འདུག་པར་བྱའོ།

开始翻译流程 (尝试 1/2):
========================================
步骤1: 输入藏语文本...
输入文本时出错: Message: tab crashed
  (Session info: chrome=143.0.7499.169)

✗ 输入文本失败

开始翻译流程 (尝试 2/2):
========================================
步骤1: 输入藏语文本...
输入文本时出错: Message: tab crashed
  (Session info: chrome=143.0.7499.169)

✗ 输入文本失败
========================================
✗ 翻译失败，跳过此行
✓ 已保存到文件: 166/4500 条

[167/4500] 翻译进度: 3.7%
藏语原文: ལར་འཁོར་འདས་གཉིས་ཀྱི་རྩ་བ་གཉིས་འཛིན་འདིས་བྱེད་འདུག...

开始翻译流程 (尝试 1/2):
========================================
步骤1: 输入藏语文本...
输入文本时出错: Message: tab crashed
  (Session info: chrome=143.0.7499.169)

✗ 输入文本失败

开始翻译流程 (尝试 2/2):
========================================
步骤1: 输入藏语文本...
输入文本时出错: Message: tab crashed
  (Session info: chrome=143.0.7499.169)

✗ 输入文本失败
========================================
✗ 翻译失败，跳过此行
✓ 已保存到文件: 167/4500 条

[168/4500] 翻译进度: 3.7%
藏语原文: འདིར་ཡང་ཉམས་བཟང་ངན་གྱི་གེགས་དང་གོལ་ཤོར་ཨེ་ཡོང་མི་ཡ...

开始翻译流程 (尝试 1/2):
========================================
步骤1: 输入藏语文本...
输入文本时出错: Message: tab crashed
  (Session info: chrome=143.0.7499.169)

✗ 输入文本失败

开始翻译流程 (尝试 2/2):
========================================
步骤1: 输入藏语文本...
输入文本时出错: Message: tab crashed
  (Session info: chrome=143.0.7499.169)

✗ 输入文本失败
========================================
✗ 翻译失败，跳过此行
✓ 已保存到文件: 168/4500 条

[169/4500] 翻译进度: 3.8%
藏语原文: འདི་ལྟར་རྟོགས་པའི་ལྷག་མཐོང་གཤའ་མ་འདི་རྟོགས་ཕྱིན་ཆད...

开始翻译流程 (尝试 1/2):
========================================
步骤1: 输入藏语文本...
输入文本时出错: Message: tab crashed
  (Session info: chrome=143.0.7499.169)

✗ 输入文本失败

开始翻译流程 (尝试 2/2):
========================================
步骤1: 输入藏语文本...
输入文本时出错: Message: tab crashed
  (Session info: chrome=143.0.7499.169)

✗ 输入文本失败
========================================
✗ 翻译失败，跳过此行
✓ 已保存到文件: 169/4500 条

[170/4500] 翻译进度: 3.8%
藏语原文: བལྟ་བྱ་ལྟ་བྱེད་གཉིས་མེད་དུ་ལ་བཟླ་བའི་དོན་ཇི་བཞིན་ར...

开始翻译流程 (尝试 1/2):
========================================
步骤1: 输入藏语文本...
输入文本时出错: Message: tab crashed
  (Session info: chrome=143.0.7499.169)

✗ 输入文本失败

开始翻译流程 (尝试 2/2):
========================================
步骤1: 输入藏语文本...
输入文本时出错: Message: tab crashed
  (Session info: chrome=143.0.7499.169)

✗ 输入文本失败
========================================
✗ 翻译失败，跳过此行
✓ 已保存到文件: 170/4500 条

[171/4500] 翻译进度: 3.8%
藏语原文: འོན་ཀྱང་འདིར་འཕྲལ་རྟོགས་སླ་ཕྱིར་དཔྱད་པར་གསུངས་འདུག...

开始翻译流程 (尝试 1/2):
========================================
步骤1: 输入藏语文本...
输入文本时出错: Message: tab crashed
  (Session info: chrome=143.0.7499.169)

✗ 输入文本失败

开始翻译流程 (尝试 2/2):
========================================
步骤1: 输入藏语文本...
输入文本时出错: Message: tab crashed
  (Session info: chrome=143.0.7499.169)

✗ 输入文本失败
========================================
✗ 翻译失败，跳过此行
✓ 已保存到文件: 171/4500 条

[172/4500] 翻译进度: 3.8%
藏语原文: ལུས་མཉམ་བཞག་དང་མ་བྲལ་བར་བྱེད་དགོས་པར་འདུག།

开始翻译流程 (尝试 1/2):
========================================
步骤1: 输入藏语文本...
输入文本时出错: Message: tab crashed
  (Session info: chrome=143.0.7499.169)

✗ 输入文本失败

开始翻译流程 (尝试 2/2):
========================================
步骤1: 输入藏语文本...
输入文本时出错: Message: tab crashed
  (Session info: chrome=143.0.7499.169)

✗ 输入文本失败
========================================
✗ 翻译失败，跳过此行
✓ 已保存到文件: 172/4500 条

[173/4500] 翻译进度: 3.8%
藏语原文: ངོས་བཟུང་རྒྱུ་འདྲ་ཡོད་པར་གོ་ན་དེར་ངོས་གཟུང་བྱ་འཛིན...

开始翻译流程 (尝试 1/2):
========================================
步骤1: 输入藏语文本...
输入文本时出错: Message: tab crashed
  (Session info: chrome=143.0.7499.169)

✗ 输入文本失败

开始翻译流程 (尝试 2/2):
========================================
步骤1: 输入藏语文本...
输入文本时出错: Message: tab crashed
  (Session info: chrome=143.0.7499.169)

✗ 输入文本失败
========================================
✗ 翻译失败，跳过此行
✓ 已保存到文件: 173/4500 条

[174/4500] 翻译进度: 3.9%
藏语原文: དེའི་རྣམ་པ་འཇའ་འོད་དང་ཉི་ཟླ་དང་མར་མེའི་འོད་ལྟ་བུར་...

开始翻译流程 (尝试 1/2):
========================================
步骤1: 输入藏语文本...
输入文本时出错: Message: tab crashed
  (Session info: chrome=143.0.7499.169)

✗ 输入文本失败

开始翻译流程 (尝试 2/2):
========================================
步骤1: 输入藏语文本...
输入文本时出错: Message: tab crashed
  (Session info: chrome=143.0.7499.169)

✗ 输入文本失败
========================================
✗ 翻译失败，跳过此行
✓ 已保存到文件: 174/4500 条

[175/4500] 翻译进度: 3.9%
藏语原文: འོད་མདངས་མེད་པ་འདྲ་ན་རང་གསལ་དུ་འདུག་གམ་བརྟག།

开始翻译流程 (尝试 1/2):
========================================
步骤1: 输入藏语文本...
输入文本时出错: Message: tab crashed
  (Session info: chrome=143.0.7499.169)

✗ 输入文本失败

开始翻译流程 (尝试 2/2):
========================================
步骤1: 输入藏语文本...
输入文本时出错: Message: tab crashed
  (Session info: chrome=143.0.7499.169)

✗ 输入文本失败
========================================
✗ 翻译失败，跳过此行
✓ 已保存到文件: 175/4500 条

[176/4500] 翻译进度: 3.9%
藏语原文: དེ་ནས་སེམས་དེ་ལ་ཁ་དོག་དང་དབྱིབས་འདུག་གམ་མི་འདུག་བར...

开始翻译流程 (尝试 1/2):
========================================
步骤1: 输入藏语文本...
输入文本时出错: Message: tab crashed
  (Session info: chrome=143.0.7499.169)

✗ 输入文本失败

开始翻译流程 (尝试 2/2):
========================================
步骤1: 输入藏语文本...
输入文本时出错: Message: tab crashed
  (Session info: chrome=143.0.7499.169)

✗ 输入文本失败
========================================
✗ 翻译失败，跳过此行
✓ 已保存到文件: 176/4500 条

[177/4500] 翻译进度: 3.9%
藏语原文: ཁ་དོག་ལ་དཀར་པོ་དམར་པོ་སོགས་ཅི་འདྲ་འདུག་ལེགས་པར་བརྟ...

开始翻译流程 (尝试 1/2):
========================================
步骤1: 输入藏语文本...
输入文本时出错: Message: tab crashed
  (Session info: chrome=143.0.7499.169)

✗ 输入文本失败

开始翻译流程 (尝试 2/2):
========================================
步骤1: 输入藏语文本...
输入文本时出错: Message: tab crashed
  (Session info: chrome=143.0.7499.169)

✗ 输入文本失败
========================================
✗ 翻译失败，跳过此行
✓ 已保存到文件: 177/4500 条

[178/4500] 翻译进度: 4.0%
藏语原文: དེའང་ཡོད་པ་འདྲ་ཞིག་བྱུང་ན་དེ་ལ་བལྟ་རྒྱུ་རིག་རྒྱུ་ས...

开始翻译流程 (尝试 1/2):
========================================
步骤1: 输入藏语文本...
输入文本时出错: Message: tab crashed
  (Session info: chrome=143.0.7499.169)

✗ 输入文本失败

开始翻译流程 (尝试 2/2):
========================================
步骤1: 输入藏语文本...
输入文本时出错: Message: tab crashed
  (Session info: chrome=143.0.7499.169)

✗ 输入文本失败
========================================
✗ 翻译失败，跳过此行
✓ 已保存到文件: 178/4500 条

[179/4500] 翻译进度: 4.0%
藏语原文: སེམས་དེ་བརྟེན་ས་དང་གནས་ས་ཕྱི་ནང་བར་གསུམ་གང་དུ་འདུག...

开始翻译流程 (尝试 1/2):
========================================
步骤1: 输入藏语文本...
输入文本时出错: Message: tab crashed
  (Session info: chrome=143.0.7499.169)

✗ 输入文本失败

开始翻译流程 (尝试 2/2):
========================================
步骤1: 输入藏语文本...
输入文本时出错: Message: tab crashed
  (Session info: chrome=143.0.7499.169)

✗ 输入文本失败
========================================
✗ 翻译失败，跳过此行
✓ 已保存到文件: 179/4500 条

[180/4500] 翻译进度: 4.0%
藏语原文: དེ་ཡང་ནང་ལུས་སུ་གནས་ནས་འདུག་པ་འདྲ་ཞིག་བྱུང་ན།

开始翻译流程 (尝试 1/2):
========================================
步骤1: 输入藏语文本...
输入文本时出错: Message: tab crashed
  (Session info: chrome=143.0.7499.169)

✗ 输入文本失败

开始翻译流程 (尝试 2/2):
========================================
步骤1: 输入藏语文本...
输入文本时出错: Message: tab crashed
  (Session info: chrome=143.0.7499.169)

✗ 输入文本失败
========================================
✗ 翻译失败，跳过此行
✓ 已保存到文件: 180/4500 条

[181/4500] 翻译进度: 4.0%
藏语原文: འདྲེས་པའི་ཚུལ་དུ་འདུག་གམ་བརྟག།

开始翻译流程 (尝试 1/2):
========================================
步骤1: 输入藏语文本...
输入文本时出错: Message: tab crashed
  (Session info: chrome=143.0.7499.169)

✗ 输入文本失败

开始翻译流程 (尝试 2/2):
========================================
步骤1: 输入藏语文本...
输入文本时出错: Message: tab crashed
  (Session info: chrome=143.0.7499.169)

✗ 输入文本失败
========================================
✗ 翻译失败，跳过此行
✓ 已保存到文件: 181/4500 条

[182/4500] 翻译进度: 4.0%
藏语原文: བདེན་འཛིན་མེད་འདྲ་ན་ངོས་གཟུང་རྒྱུ་འདུག་གམ་འདི་ཡིན་...

开始翻译流程 (尝试 1/2):
========================================
步骤1: 输入藏语文本...
输入文本时出错: Message: tab crashed
  (Session info: chrome=143.0.7499.169)

✗ 输入文本失败

开始翻译流程 (尝试 2/2):
========================================
步骤1: 输入藏语文本...
输入文本时出错: Message: tab crashed
  (Session info: chrome=143.0.7499.169)

✗ 输入文本失败
========================================
✗ 翻译失败，跳过此行
✓ 已保存到文件: 182/4500 条

[183/4500] 翻译进度: 4.1%
藏语原文: སེམས་འདི་གཅིག་པུ་ཞིག་གམ་མང་པོ་ཞིག་འདུག་གམ་བརྟག།

开始翻译流程 (尝试 1/2):
========================================
步骤1: 输入藏语文本...
输入文本时出错: Message: tab crashed
  (Session info: chrome=143.0.7499.169)

✗ 输入文本失败

开始翻译流程 (尝试 2/2):
========================================
步骤1: 输入藏语文本...
输入文本时出错: Message: tab crashed
  (Session info: chrome=143.0.7499.169)

✗ 输入文本失败
========================================
✗ 翻译失败，跳过此行
✓ 已保存到文件: 183/4500 条

[184/4500] 翻译进度: 4.1%
藏语原文: གཅིག་ཏུ་འདུག་པར་གོ་ན་སྣང་བ་སྣ་ཚོགས་སུ་འཆར་བའི་དོན་...

开始翻译流程 (尝试 1/2):
========================================
步骤1: 输入藏语文本...
输入文本时出错: Message: tab crashed
  (Session info: chrome=143.0.7499.169)

✗ 输入文本失败

开始翻译流程 (尝试 2/2):
========================================
步骤1: 输入藏语文本...
输入文本时出错: Message: tab crashed
  (Session info: chrome=143.0.7499.169)

✗ 输入文本失败
========================================
✗ 翻译失败，跳过此行
✓ 已保存到文件: 184/4500 条

[185/4500] 翻译进度: 4.1%
藏语原文: དེ་འགྱུ་བའི་ཚེ་གནས་པ་མེད་པར་འགྱུའམ་ཡང་རང་ངོ་གནས་བཞ...

开始翻译流程 (尝试 1/2):
========================================
步骤1: 输入藏语文本...
输入文本时出错: Message: tab crashed
  (Session info: chrome=143.0.7499.169)

✗ 输入文本失败

开始翻译流程 (尝试 2/2):
========================================
步骤1: 输入藏语文本...
输入文本时出错: Message: tab crashed
  (Session info: chrome=143.0.7499.169)

✗ 输入文本失败
========================================
✗ 翻译失败，跳过此行
✓ 已保存到文件: 185/4500 条

[186/4500] 翻译进度: 4.1%
藏语原文: འགྱུ་བའི་ཚེ་གནས་པ་ཨེ་འདུག།

开始翻译流程 (尝试 1/2):
========================================
步骤1: 输入藏语文本...
输入文本时出错: Message: tab crashed
  (Session info: chrome=143.0.7499.169)

✗ 输入文本失败

开始翻译流程 (尝试 2/2):
========================================
步骤1: 输入藏语文本...
输入文本时出错: Message: tab crashed
  (Session info: chrome=143.0.7499.169)

✗ 输入文本失败
========================================
✗ 翻译失败，跳过此行
✓ 已保存到文件: 186/4500 条

[187/4500] 翻译进度: 4.2%
藏语原文: གནས་པ་ལས་མིན་པའི་འགྱུ་བ་གཅིག་ལོགས་ནས་ཤར་རྒྱུ་ཡོང་ར...

开始翻译流程 (尝试 1/2):
========================================
步骤1: 输入藏语文本...
输入文本时出错: Message: tab crashed
  (Session info: chrome=143.0.7499.169)

✗ 输入文本失败

开始翻译流程 (尝试 2/2):
========================================
步骤1: 输入藏语文本...
输入文本时出错: Message: tab crashed
  (Session info: chrome=143.0.7499.169)

✗ 输入文本失败
========================================
✗ 翻译失败，跳过此行
✓ 已保存到文件: 187/4500 条

[188/4500] 翻译进度: 4.2%
藏语原文: དེ་ལྟར་བརྟགས་པས་ད་དུང་མ་གོ་སྟེ་གནས་འགྱུ་གཉིས་ཐ་དད་...

开始翻译流程 (尝试 1/2):
========================================
步骤1: 输入藏语文本...
输入文本时出错: Message: tab crashed
  (Session info: chrome=143.0.7499.169)

✗ 输入文本失败

开始翻译流程 (尝试 2/2):
========================================
步骤1: 输入藏语文本...
输入文本时出错: Message: tab crashed
  (Session info: chrome=143.0.7499.169)

✗ 输入文本失败
========================================
✗ 翻译失败，跳过此行
✓ 已保存到文件: 188/4500 条

[189/4500] 翻译进度: 4.2%
藏语原文: འགྲོ་དུས་གཅིག་འགྲོ་གཅིག་འདུག་གམ་མཉམ་འགྲོ་མཉམ་འདུག་...

开始翻译流程 (尝试 1/2):
========================================
步骤1: 输入藏语文本...
输入文本时出错: Message: tab crashed
  (Session info: chrome=143.0.7499.169)

✗ 输入文本失败

开始翻译流程 (尝试 2/2):
========================================
步骤1: 输入藏语文本...
输入文本时出错: Message: tab crashed
  (Session info: chrome=143.0.7499.169)

✗ 输入文本失败
========================================
✗ 翻译失败，跳过此行
✓ 已保存到文件: 189/4500 条

[190/4500] 翻译进度: 4.2%
藏语原文: ཡང་གནས་དུས་འགྱུ་བ་མི་འདུག།

开始翻译流程 (尝试 1/2):
========================================
步骤1: 输入藏语文本...
输入文本时出错: Message: tab crashed
  (Session info: chrome=143.0.7499.169)

✗ 输入文本失败

开始翻译流程 (尝试 2/2):
========================================
步骤1: 输入藏语文本...
输入文本时出错: Message: tab crashed
  (Session info: chrome=143.0.7499.169)

✗ 输入文本失败
========================================
✗ 翻译失败，跳过此行
✓ 已保存到文件: 190/4500 条

[191/4500] 翻译进度: 4.2%
藏语原文: འགྱུ་དུས་གནས་པ་མི་འདུག་པས་ཁོང་གཉིས་གཅིག་པར་འདུག་བས...

开始翻译流程 (尝试 1/2):
========================================
步骤1: 输入藏语文本...
输入文本时出错: Message: tab crashed
  (Session info: chrome=143.0.7499.169)

✗ 输入文本失败

开始翻译流程 (尝试 2/2):
========================================
步骤1: 输入藏语文本...
输入文本时出错: Message: tab crashed
  (Session info: chrome=143.0.7499.169)

✗ 输入文本失败
========================================
✗ 翻译失败，跳过此行
✓ 已保存到文件: 191/4500 条

[192/4500] 翻译进度: 4.3%
藏语原文: རྣམ་རྟོག་མེད་དུས་གཅིག་པར་འདུག་པ་གོ་ན་གཅིག་ལུགས་རང་...

开始翻译流程 (尝试 1/2):
========================================
步骤1: 输入藏语文本...
输入文本时出错: Message: tab crashed
  (Session info: chrome=143.0.7499.169)

✗ 输入文本失败

开始翻译流程 (尝试 2/2):
========================================
步骤1: 输入藏语文本...
输入文本时出错: Message: tab crashed
  (Session info: chrome=143.0.7499.169)

✗ 输入文本失败
========================================
✗ 翻译失败，跳过此行
✓ 已保存到文件: 192/4500 条

[193/4500] 翻译进度: 4.3%
藏语原文: ཡང་རྣམ་རྟོག་ཡོད་དུས་གཅིག་པར་འདུག་བསམ་ན།

开始翻译流程 (尝试 1/2):
========================================
步骤1: 输入藏语文本...
输入文本时出错: Message: tab crashed
  (Session info: chrome=143.0.7499.169)

✗ 输入文本失败

开始翻译流程 (尝试 2/2):
========================================
步骤1: 输入藏语文本...
输入文本时出错: Message: tab crashed
  (Session info: chrome=143.0.7499.169)

✗ 输入文本失败
========================================
✗ 翻译失败，跳过此行
✓ 已保存到文件: 193/4500 条

[194/4500] 翻译进度: 4.3%
藏语原文: དེའང་རྟོག་པ་སྣ་ཚོགས་འགྱུ་བ་ནི་སེམས་ཉིད་འདི་ཀའི་རྩལ...

开始翻译流程 (尝试 1/2):
========================================
步骤1: 输入藏语文本...
输入文本时出错: Message: tab crashed
  (Session info: chrome=143.0.7499.169)

✗ 输入文本失败

开始翻译流程 (尝试 2/2):
========================================
步骤1: 输入藏语文本...
输入文本时出错: Message: tab crashed
  (Session info: chrome=143.0.7499.169)

✗ 输入文本失败
========================================
✗ 翻译失败，跳过此行
✓ 已保存到文件: 194/4500 条

[195/4500] 翻译进度: 4.3%
藏语原文: དེའང་རང་སེམས་ཀྱི་ངོ་བོའམ་བཞུགས་ཚུལ་ནི།

开始翻译流程 (尝试 1/2):
========================================
步骤1: 输入藏语文本...
输入文本时出错: Message: tab crashed
  (Session info: chrome=143.0.7499.169)

✗ 输入文本失败

开始翻译流程 (尝试 2/2):
========================================
步骤1: 输入藏语文本...
输入文本时出错: Message: tab crashed
  (Session info: chrome=143.0.7499.169)

✗ 输入文本失败
========================================
✗ 翻译失败，跳过此行
✓ 已保存到文件: 195/4500 条

[196/4500] 翻译进度: 4.4%
藏语原文: རྟག་ཆད་སོགས་ཀྱི་མཐའ་ལས་འདས་པར་འདུག་གོ།

开始翻译流程 (尝试 1/2):
========================================
步骤1: 输入藏语文本...
输入文本时出错: Message: tab crashed
  (Session info: chrome=143.0.7499.169)

✗ 输入文本失败

开始翻译流程 (尝试 2/2):
========================================
步骤1: 输入藏语文本...
输入文本时出错: Message: tab crashed
  (Session info: chrome=143.0.7499.169)

✗ 输入文本失败
========================================
✗ 翻译失败，跳过此行
✓ 已保存到文件: 196/4500 条

[197/4500] 翻译进度: 4.4%
藏语原文: ད་ལྟའི་སེམས་ཇི་ལྟར་འདུག་བརྟག།

开始翻译流程 (尝试 1/2):
========================================
步骤1: 输入藏语文本...
输入文本时出错: Message: tab crashed
  (Session info: chrome=143.0.7499.169)

✗ 输入文本失败

开始翻译流程 (尝试 2/2):
========================================
步骤1: 输入藏语文本...
输入文本时出错: Message: tab crashed
  (Session info: chrome=143.0.7499.169)

✗ 输入文本失败
========================================
✗ 翻译失败，跳过此行
✓ 已保存到文件: 197/4500 条

[198/4500] 翻译进度: 4.4%
藏语原文: ཡང་ཀུན་གཞི་སེམས་ཀྱི་ངོ་བོ་འདི་དང་པོ་བྱུང་ས་འདུག་གམ...

开始翻译流程 (尝试 1/2):
========================================
步骤1: 输入藏语文本...
输入文本时出错: Message: tab crashed
  (Session info: chrome=143.0.7499.169)

✗ 输入文本失败

开始翻译流程 (尝试 2/2):
========================================
步骤1: 输入藏语文本...
输入文本时出错: Message: tab crashed
  (Session info: chrome=143.0.7499.169)

✗ 输入文本失败
========================================
✗ 翻译失败，跳过此行
✓ 已保存到文件: 198/4500 条

[199/4500] 翻译进度: 4.4%
藏语原文: བར་དུ་གནས་ས་འདུག་གམ་མི་འདུག།

开始翻译流程 (尝试 1/2):
========================================
步骤1: 输入藏语文本...
输入文本时出错: Message: tab crashed
  (Session info: chrome=143.0.7499.169)

✗ 输入文本失败

开始翻译流程 (尝试 2/2):
========================================
步骤1: 输入藏语文本...
输入文本时出错: Message: tab crashed
  (Session info: chrome=143.0.7499.169)

✗ 输入文本失败
========================================
✗ 翻译失败，跳过此行
✓ 已保存到文件: 199/4500 条

[200/4500] 翻译进度: 4.4%
藏语原文: ཐ་མར་འགྲོ་ས་འདུག་གམ་མི་འདུག་སོགས་ལེགས་པར་བརྟག།

开始翻译流程 (尝试 1/2):
========================================
步骤1: 输入藏语文本...
输入文本时出错: Message: tab crashed
  (Session info: chrome=143.0.7499.169)

✗ 输入文本失败

开始翻译流程 (尝试 2/2):
========================================
步骤1: 输入藏语文本...
输入文本时出错: Message: tab crashed
  (Session info: chrome=143.0.7499.169)

✗ 输入文本失败
========================================
✗ 翻译失败，跳过此行
✓ 已保存到文件: 200/4500 条

[201/4500] 翻译进度: 4.5%
藏语原文: བར་དུ་གནས་ས་དང་ཐ་མར་འགྲོ་ས་མི་འདུག་པར་རིག་ན་དེར་ཡང...

开始翻译流程 (尝试 1/2):
========================================
步骤1: 输入藏语文本...
输入文本时出错: Message: tab crashed
  (Session info: chrome=143.0.7499.169)

✗ 输入文本失败

开始翻译流程 (尝试 2/2):
========================================
步骤1: 输入藏语文本...
输入文本时出错: Message: tab crashed
  (Session info: chrome=143.0.7499.169)

✗ 输入文本失败
========================================
✗ 翻译失败，跳过此行
✓ 已保存到文件: 201/4500 条

[202/4500] 翻译进度: 4.5%
藏语原文: དེ་ལྟར་སེམས་རང་ངོ་ཤེས་ཤིང་རང་གསལ་འཛིན་པ་མེད་པ་དེ་ལ...

开始翻译流程 (尝试 1/2):
========================================
步骤1: 输入藏语文本...
输入文本时出错: Message: tab crashed
  (Session info: chrome=143.0.7499.169)

✗ 输入文本失败

开始翻译流程 (尝试 2/2):
========================================
步骤1: 输入藏语文本...
输入文本时出错: Message: tab crashed
  (Session info: chrome=143.0.7499.169)

✗ 输入文本失败
========================================
✗ 翻译失败，跳过此行
✓ 已保存到文件: 202/4500 条

[203/4500] 翻译进度: 4.5%
藏语原文: དེ་བཞིན་དངོས་པོ་དང་དབྱིབས་ཁ་དོག་གནས་ས་དང་བརྟེན་ས་ཅ...

开始翻译流程 (尝试 1/2):
========================================
步骤1: 输入藏语文本...
输入文本时出错: Message: tab crashed
  (Session info: chrome=143.0.7499.169)

✗ 输入文本失败

开始翻译流程 (尝试 2/2):
========================================
步骤1: 输入藏语文本...
输入文本时出错: Message: tab crashed
  (Session info: chrome=143.0.7499.169)

✗ 输入文本失败
========================================
✗ 翻译失败，跳过此行
✓ 已保存到文件: 203/4500 条

[204/4500] 翻译进度: 4.5%
藏语原文: དངོས་པོ་དབྱིབས་སོགས་ཡོད་འདྲ་ན་སྣང་ཆ་མ་འགགས་ཙམ་དུ་ཤ...

开始翻译流程 (尝试 1/2):
========================================
步骤1: 输入藏语文本...
输入文本时出错: Message: tab crashed
  (Session info: chrome=143.0.7499.169)

✗ 输入文本失败

开始翻译流程 (尝试 2/2):
========================================
步骤1: 输入藏语文本...
输入文本时出错: Message: tab crashed
  (Session info: chrome=143.0.7499.169)

✗ 输入文本失败
========================================
✗ 翻译失败，跳过此行
✓ 已保存到文件: 204/4500 条

[205/4500] 翻译进度: 4.6%
藏语原文: ཡང་གཟུགས་སྣང་འཆར་དུ་བཅུག་ལ་སེམས་དང་སྣང་བའི་གཟུགས་ད...

开始翻译流程 (尝试 1/2):
========================================
步骤1: 输入藏语文本...
输入文本时出错: Message: tab crashed
  (Session info: chrome=143.0.7499.169)

✗ 输入文本失败

开始翻译流程 (尝试 2/2):
========================================
步骤1: 输入藏语文本...
输入文本时出错: Message: tab crashed
  (Session info: chrome=143.0.7499.169)

✗ 输入文本失败
========================================
✗ 翻译失败，跳过此行
✓ 已保存到文件: 205/4500 条

[206/4500] 翻译进度: 4.6%
藏语原文: དེ་ལྟར་འདུག་ན་རང་རྐྱ་ཐུབ་པའམ།

开始翻译流程 (尝试 1/2):
========================================
步骤1: 输入藏语文本...
输入文本时出错: Message: tab crashed
  (Session info: chrome=143.0.7499.169)

✗ 输入文本失败

开始翻译流程 (尝试 2/2):
========================================
步骤1: 输入藏语文本...
输入文本时出错: Message: tab crashed
  (Session info: chrome=143.0.7499.169)

✗ 输入文本失败
========================================
✗ 翻译失败，跳过此行
✓ 已保存到文件: 206/4500 条

[207/4500] 翻译进度: 4.6%
藏语原文: ངོ་བོ་གཉིས་སོ་སོར་གྲུབ་པ་འདུག་གམ་བརྟག།

开始翻译流程 (尝试 1/2):
========================================
步骤1: 输入藏语文本...
输入文本时出错: Message: tab crashed
  (Session info: chrome=143.0.7499.169)

✗ 输入文本失败

开始翻译流程 (尝试 2/2):
========================================
步骤1: 输入藏语文本...
输入文本时出错: Message: tab crashed
  (Session info: chrome=143.0.7499.169)

✗ 输入文本失败
========================================
✗ 翻译失败，跳过此行
✓ 已保存到文件: 207/4500 条

[208/4500] 翻译进度: 4.6%
藏语原文: གཟུགས་སྣང་དེ་སྟོང་པར་ངོས་གཟུང་རྒྱུ་ཞིག་འདུག་གམ་སྣང...

开始翻译流程 (尝试 1/2):
========================================
步骤1: 输入藏语文本...
输入文本时出错: Message: tab crashed
  (Session info: chrome=143.0.7499.169)

✗ 输入文本失败

开始翻译流程 (尝试 2/2):
========================================
步骤1: 输入藏语文本...
输入文本时出错: Message: tab crashed
  (Session info: chrome=143.0.7499.169)

✗ 输入文本失败
========================================
✗ 翻译失败，跳过此行
✓ 已保存到文件: 208/4500 条

[209/4500] 翻译进度: 4.6%
藏语原文: གསལ་བར་ངོས་གཟུང་ཅན་དུ་འདུག་གམ་བརྟག།

开始翻译流程 (尝试 1/2):
========================================
步骤1: 输入藏语文本...
输入文本时出错: Message: tab crashed
  (Session info: chrome=143.0.7499.169)

✗ 输入文本失败

开始翻译流程 (尝试 2/2):
========================================
步骤1: 输入藏语文本...
输入文本时出错: Message: tab crashed
  (Session info: chrome=143.0.7499.169)

✗ 输入文本失败
========================================
✗ 翻译失败，跳过此行
✓ 已保存到文件: 209/4500 条

[210/4500] 翻译进度: 4.7%
藏语原文: ཡང་གཟུགས་སྣང་འཆར་དུ་བཅུག་པ་དེའི་ངོ་བོ་བདེན་པར་གྲུབ...

开始翻译流程 (尝试 1/2):
========================================
步骤1: 输入藏语文本...
输入文本时出错: Message: tab crashed
  (Session info: chrome=143.0.7499.169)

✗ 输入文本失败

开始翻译流程 (尝试 2/2):
========================================
步骤1: 输入藏语文本...
输入文本时出错: Message: tab crashed
  (Session info: chrome=143.0.7499.169)

✗ 输入文本失败
========================================
✗ 翻译失败，跳过此行
✓ 已保存到文件: 210/4500 条

[211/4500] 翻译进度: 4.7%
藏语原文: འཁྲུལ་ངོར་སྣ་ཚོགས་ཅིར་ཡང་འཆར་ཕྱིར་རྫུན་པར་འདུག་གམ་...

开始翻译流程 (尝试 1/2):
========================================
步骤1: 输入藏语文本...
输入文本时出错: Message: tab crashed
  (Session info: chrome=143.0.7499.169)

✗ 输入文本失败

开始翻译流程 (尝试 2/2):
========================================
步骤1: 输入藏语文本...
输入文本时出错: Message: tab crashed
  (Session info: chrome=143.0.7499.169)

✗ 输入文本失败
========================================
✗ 翻译失败，跳过此行
✓ 已保存到文件: 211/4500 条

[212/4500] 翻译进度: 4.7%
藏语原文: ཡང་གཟུགས་སྣང་འཆར་བཅུག་པ་དེ་དངོས་པོ་གདོས་བཅས་སུ་འདུ...

开始翻译流程 (尝试 1/2):
========================================
步骤1: 输入藏语文本...
输入文本时出错: Message: tab crashed
  (Session info: chrome=143.0.7499.169)

✗ 输入文本失败

开始翻译流程 (尝试 2/2):
========================================
步骤1: 输入藏语文本...
输入文本时出错: Message: tab crashed
  (Session info: chrome=143.0.7499.169)

✗ 输入文本失败
========================================
✗ 翻译失败，跳过此行
✓ 已保存到文件: 212/4500 条

[213/4500] 翻译进度: 4.7%
藏语原文: སྟོང་པར་འདུག་ན་སྟོང་པ་ཡེ་མེད་དུ་འདུག་གམ་བརྟག།

开始翻译流程 (尝试 1/2):
========================================
步骤1: 输入藏语文本...
输入文本时出错: Message: tab crashed
  (Session info: chrome=143.0.7499.169)

✗ 输入文本失败

开始翻译流程 (尝试 2/2):
========================================
步骤1: 输入藏语文本...
输入文本时出错: Message: tab crashed
  (Session info: chrome=143.0.7499.169)

✗ 输入文本失败
========================================
✗ 翻译失败，跳过此行
✓ 已保存到文件: 213/4500 条

[214/4500] 翻译进度: 4.8%
藏语原文: སྣང་ཡང་རང་བཞིན་མེད།

开始翻译流程 (尝试 1/2):
========================================
步骤1: 输入藏语文本...
输入文本时出错: Message: tab crashed
  (Session info: chrome=143.0.7499.169)

✗ 输入文本失败

开始翻译流程 (尝试 2/2):
========================================
步骤1: 输入藏语文本...
输入文本时出错: Message: tab crashed
  (Session info: chrome=143.0.7499.169)

✗ 输入文本失败
========================================
✗ 翻译失败，跳过此行
✓ 已保存到文件: 214/4500 条

[215/4500] 翻译进度: 4.8%
藏语原文: དེ་ལ་བདག་ཏུ་འཛིན་ཞེན་རྒྱུའི་བདེན་པར་གྲུབ་པ་ཇི་ལྟ་བ...

开始翻译流程 (尝试 1/2):
========================================
步骤1: 输入藏语文本...
输入文本时出错: Message: tab crashed
  (Session info: chrome=143.0.7499.169)

✗ 输入文本失败

开始翻译流程 (尝试 2/2):
========================================
步骤1: 输入藏语文本...
输入文本时出错: Message: tab crashed
  (Session info: chrome=143.0.7499.169)

✗ 输入文本失败
========================================
✗ 翻译失败，跳过此行
✓ 已保存到文件: 215/4500 条

[216/4500] 翻译进度: 4.8%
藏语原文: མ་ལས་བུ་སྐྱེས་པ་ལྟར་ངོ་བོ་གཉིས་སོ་སོར་གྲུབ་པར་འདུག...

开始翻译流程 (尝试 1/2):
========================================
步骤1: 输入藏语文本...
输入文本时出错: Message: tab crashed
  (Session info: chrome=143.0.7499.169)

✗ 输入文本失败

开始翻译流程 (尝试 2/2):
========================================
步骤1: 输入藏语文本...
输入文本时出错: Message: tab crashed
  (Session info: chrome=143.0.7499.169)

✗ 输入文本失败
========================================
✗ 翻译失败，跳过此行
✓ 已保存到文件: 216/4500 条

[217/4500] 翻译进度: 4.8%
藏语原文: ལུས་ཀྱི་སྟོད་སྨད་ཕྱི་ནང་གང་དུ་གནས་ནས་འདུག།

开始翻译流程 (尝试 1/2):
========================================
步骤1: 输入藏语文本...
输入文本时出错: Message: tab crashed
  (Session info: chrome=143.0.7499.169)

✗ 输入文本失败

开始翻译流程 (尝试 2/2):
========================================
步骤1: 输入藏语文本...
输入文本时出错: Message: tab crashed
  (Session info: chrome=143.0.7499.169)

✗ 输入文本失败
========================================
✗ 翻译失败，跳过此行
✓ 已保存到文件: 217/4500 条

[218/4500] 翻译进度: 4.8%
藏语原文: དབྱིབས་དང་ཁ་དོག་དངོས་པོ་ཇི་ལྟར་འདུག་སོགས་བརྟགས་པས།

开始翻译流程 (尝试 1/2):
========================================
步骤1: 输入藏语文本...
输入文本时出错: Message: tab crashed
  (Session info: chrome=143.0.7499.169)

✗ 输入文本失败

开始翻译流程 (尝试 2/2):
========================================
步骤1: 输入藏语文本...
输入文本时出错: Message: tab crashed
  (Session info: chrome=143.0.7499.169)

✗ 输入文本失败
========================================
✗ 翻译失败，跳过此行
✓ 已保存到文件: 218/4500 条

[219/4500] 翻译进度: 4.9%
藏语原文: སེམས་ཉིད་དང་ངོ་བོ་ཐ་དད་དུ་འདུག་གམ།

开始翻译流程 (尝试 1/2):
========================================
步骤1: 输入藏语文本...
输入文本时出错: Message: tab crashed
  (Session info: chrome=143.0.7499.169)

✗ 输入文本失败

开始翻译流程 (尝试 2/2):
========================================
步骤1: 输入藏语文本...
输入文本时出错: Message: tab crashed
  (Session info: chrome=143.0.7499.169)

✗ 输入文本失败
========================================
✗ 翻译失败，跳过此行
✓ 已保存到文件: 219/4500 条

[220/4500] 翻译进度: 4.9%
藏语原文: གཅིག་ཏུ་འདུག་སོགས་ལེགས་པར་བརྟག།

开始翻译流程 (尝试 1/2):
========================================
步骤1: 输入藏语文本...
输入文本时出错: Message: tab crashed
  (Session info: chrome=143.0.7499.169)

✗ 输入文本失败

开始翻译流程 (尝试 2/2):
========================================
步骤1: 输入藏语文本...
输入文本时出错: Message: tab crashed
  (Session info: chrome=143.0.7499.169)

✗ 输入文本失败
========================================
✗ 翻译失败，跳过此行
✓ 已保存到文件: 220/4500 条

[221/4500] 翻译进度: 4.9%
藏语原文: སེམས་ཁོ་རང་ལ་ཕར་ཐིམ་པ་ཞིག་གམ་སོགས་ལེགས་པར་བརྟག་གོ།

开始翻译流程 (尝试 1/2):
========================================
步骤1: 输入藏语文本...
输入文本时出错: Message: tab crashed
  (Session info: chrome=143.0.7499.169)

✗ 输入文本失败

开始翻译流程 (尝试 2/2):
========================================
步骤1: 输入藏语文本...
输入文本时出错: Message: tab crashed
  (Session info: chrome=143.0.7499.169)

✗ 输入文本失败
========================================
✗ 翻译失败，跳过此行
✓ 已保存到文件: 221/4500 条

[222/4500] 翻译进度: 4.9%
藏语原文: བར་དུ་གནས་ལུགས་ལ་ཇི་ལྟར་འདུག།

开始翻译流程 (尝试 1/2):
========================================
步骤1: 输入藏语文本...
输入文本时出错: Message: tab crashed
  (Session info: chrome=143.0.7499.169)

✗ 输入文本失败

开始翻译流程 (尝试 2/2):
========================================
步骤1: 输入藏语文本...
输入文本时出错: Message: tab crashed
  (Session info: chrome=143.0.7499.169)

✗ 输入文本失败
========================================
✗ 翻译失败，跳过此行
✓ 已保存到文件: 222/4500 条

[223/4500] 翻译进度: 5.0%
藏语原文: བར་དུ་ཁོ་རང་གནས་ཚུལ་ལ་ཇི་ལྟར་འདུག།

开始翻译流程 (尝试 1/2):
========================================
步骤1: 输入藏语文本...
输入文本时出错: Message: tab crashed
  (Session info: chrome=143.0.7499.169)

✗ 输入文本失败

开始翻译流程 (尝试 2/2):
========================================
步骤1: 输入藏语文本...
输入文本时出错: Message: tab crashed
  (Session info: chrome=143.0.7499.169)

✗ 输入文本失败
========================================
✗ 翻译失败，跳过此行
✓ 已保存到文件: 223/4500 条

[224/4500] 翻译进度: 5.0%
藏语原文: བར་དུ་ཁོ་རང་ངོ་བོ་དངོས་པོ་དངོས་མེད་ཇི་ལྟར་འདུག།

开始翻译流程 (尝试 1/2):
========================================
步骤1: 输入藏语文本...
输入文本时出错: Message: tab crashed
  (Session info: chrome=143.0.7499.169)

✗ 输入文本失败

开始翻译流程 (尝试 2/2):
========================================
步骤1: 输入藏语文本...
输入文本时出错: Message: tab crashed
  (Session info: chrome=143.0.7499.169)

✗ 输入文本失败
========================================
✗ 翻译失败，跳过此行
✓ 已保存到文件: 224/4500 条

[225/4500] 翻译进度: 5.0%
藏语原文: ཇི་ལྟར་ཡལ་འདུག་སོགས་ལེགས་པར་བརྟག།

开始翻译流程 (尝试 1/2):
========================================
步骤1: 输入藏语文本...
输入文本时出错: Message: tab crashed
  (Session info: chrome=143.0.7499.169)

✗ 输入文本失败

开始翻译流程 (尝试 2/2):
========================================
步骤1: 输入藏语文本...
输入文本时出错: Message: tab crashed
  (Session info: chrome=143.0.7499.169)

✗ 输入文本失败
========================================
✗ 翻译失败，跳过此行
✓ 已保存到文件: 225/4500 条

[226/4500] 翻译进度: 5.0%
藏语原文: བར་དུ་ངོ་བོ་ཇི་ལྟར་འདུག།

开始翻译流程 (尝试 1/2):
========================================
步骤1: 输入藏语文本...
输入文本时出错: Message: tab crashed
  (Session info: chrome=143.0.7499.169)

✗ 输入文本失败

开始翻译流程 (尝试 2/2):
========================================
步骤1: 输入藏语文本...
输入文本时出错: Message: tab crashed
  (Session info: chrome=143.0.7499.169)

✗ 输入文本失败
========================================
✗ 翻译失败，跳过此行
✓ 已保存到文件: 226/4500 条

[227/4500] 翻译进度: 5.0%
藏语原文: དོན་ལ་ཐ་མལ་པའི་དུས་ཀྱི་རྣམ་རྟོག་ཨ་འཐས་ལུ་གུ་རྒྱུད་...

开始翻译流程 (尝试 1/2):
========================================
步骤1: 输入藏语文本...
输入文本时出错: Message: tab crashed
  (Session info: chrome=143.0.7499.169)

✗ 输入文本失败

开始翻译流程 (尝试 2/2):
========================================
步骤1: 输入藏语文本...
输入文本时出错: Message: tab crashed
  (Session info: chrome=143.0.7499.169)

✗ 输入文本失败
========================================
✗ 翻译失败，跳过此行
✓ 已保存到文件: 227/4500 条

[228/4500] 翻译进度: 5.1%
藏语原文: ཐམས་ཅད་རང་སྣང་རང་གྲོལ་ཡིན།

开始翻译流程 (尝试 1/2):
========================================
步骤1: 输入藏语文本...
输入文本时出错: Message: tab crashed
  (Session info: chrome=143.0.7499.169)

✗ 输入文本失败

开始翻译流程 (尝试 2/2):
========================================
步骤1: 输入藏语文本...
输入文本时出错: Message: tab crashed
  (Session info: chrome=143.0.7499.169)

✗ 输入文本失败
========================================
✗ 翻译失败，跳过此行
✓ 已保存到文件: 228/4500 条

[229/4500] 翻译进度: 5.1%
藏语原文: སྟོང་པ་ཉིད་ལྷུན་གྲུབ་ཏུ་རྟོགས་དགོས་པར་འདུག།

开始翻译流程 (尝试 1/2):
========================================
步骤1: 输入藏语文本...
输入文本时出错: Message: tab crashed
  (Session info: chrome=143.0.7499.169)

✗ 输入文本失败

开始翻译流程 (尝试 2/2):
========================================
步骤1: 输入藏语文本...
输入文本时出错: Message: tab crashed
  (Session info: chrome=143.0.7499.169)

✗ 输入文本失败
========================================
✗ 翻译失败，跳过此行
✓ 已保存到文件: 229/4500 条

[230/4500] 翻译进度: 5.1%
藏语原文: ཅིར་ཡང་མ་གྲུབ་བཞིན་དུ་ཅིར་ཡང་སྣང་བར་འདུག་པས་སྣང་སྟ...

开始翻译流程 (尝试 1/2):
========================================
步骤1: 输入藏语文本...
输入文本时出错: Message: tab crashed
  (Session info: chrome=143.0.7499.169)

✗ 输入文本失败

开始翻译流程 (尝试 2/2):
========================================
步骤1: 输入藏语文本...
输入文本时出错: Message: tab crashed
  (Session info: chrome=143.0.7499.169)

✗ 输入文本失败
========================================
✗ 翻译失败，跳过此行
✓ 已保存到文件: 230/4500 条

[231/4500] 翻译进度: 5.1%
藏语原文: འདི་ལྟར་རྟོགས་པས་རང་དོན་གཅིག་ཆོག་མའི་རྒྱལ་ས་ཟིན་ནས...

开始翻译流程 (尝试 1/2):
========================================
步骤1: 输入藏语文本...
输入文本时出错: Message: tab crashed
  (Session info: chrome=143.0.7499.169)

✗ 输入文本失败

开始翻译流程 (尝试 2/2):
========================================
步骤1: 输入藏语文本...
输入文本时出错: Message: tab crashed
  (Session info: chrome=143.0.7499.169)

✗ 输入文本失败
========================================
✗ 翻译失败，跳过此行
✓ 已保存到文件: 231/4500 条

[232/4500] 翻译进度: 5.2%
藏语原文: དེའང་རང་དོན་འགྲུབ་ནས་གཞན་དོན་བྱེད་པའི་སྐབས་དེར་ཡང་...

开始翻译流程 (尝试 1/2):
========================================
步骤1: 输入藏语文本...
输入文本时出错: Message: tab crashed
  (Session info: chrome=143.0.7499.169)

✗ 输入文本失败

开始翻译流程 (尝试 2/2):
========================================
步骤1: 输入藏语文本...
输入文本时出错: Message: tab crashed
  (Session info: chrome=143.0.7499.169)

✗ 输入文本失败
========================================
✗ 翻译失败，跳过此行
✓ 已保存到文件: 232/4500 条

[233/4500] 翻译进度: 5.2%
藏语原文: དེ་ཕྱིན་དགེ་སྦྱོར་ལ་བར་ལག་ཉིན་མཚན་མེད་ཅེས་ཞུས་པ་དེ...

开始翻译流程 (尝试 1/2):
========================================
步骤1: 输入藏语文本...
输入文本时出错: Message: tab crashed
  (Session info: chrome=143.0.7499.169)

✗ 输入文本失败

开始翻译流程 (尝试 2/2):
========================================
步骤1: 输入藏语文本...
输入文本时出错: Message: tab crashed
  (Session info: chrome=143.0.7499.169)

✗ 输入文本失败
========================================
✗ 翻译失败，跳过此行
✓ 已保存到文件: 233/4500 条

[234/4500] 翻译进度: 5.2%
藏语原文: རིག་ཐོག་ནས་གཉིས་སུ་འདུག་གམ་ལྟོས་དང་།

开始翻译流程 (尝试 1/2):
========================================
步骤1: 输入藏语文本...
输入文本时出错: Message: tab crashed
  (Session info: chrome=143.0.7499.169)

✗ 输入文本失败

开始翻译流程 (尝试 2/2):
========================================
步骤1: 输入藏语文本...
输入文本时出错: Message: tab crashed
  (Session info: chrome=143.0.7499.169)

✗ 输入文本失败
========================================
✗ 翻译失败，跳过此行
✓ 已保存到文件: 234/4500 条

[235/4500] 翻译进度: 5.2%
藏语原文: དོན་རང་རང་སེམས་ཀྱི་ངོ་བོ་ཡེ་ནས་དག་པ་ལོས་ཡིན་ཡང་།

开始翻译流程 (尝试 1/2):
========================================
步骤1: 输入藏语文本...
输入文本时出错: Message: tab crashed
  (Session info: chrome=143.0.7499.169)

✗ 输入文本失败

开始翻译流程 (尝试 2/2):
========================================
步骤1: 输入藏语文本...
输入文本时出错: Message: tab crashed
  (Session info: chrome=143.0.7499.169)

✗ 输入文本失败
========================================
✗ 翻译失败，跳过此行
✓ 已保存到文件: 235/4500 条

[236/4500] 翻译进度: 5.2%
藏语原文: དེ་ལྟར་རྟོགས་ན་མ་རྟོགས་ན་གང་ལྟར་ཡང་རང་སེམས་བློ་འདས...

开始翻译流程 (尝试 1/2):
========================================
步骤1: 输入藏语文本...
输入文本时出错: Message: tab crashed
  (Session info: chrome=143.0.7499.169)

✗ 输入文本失败

开始翻译流程 (尝试 2/2):
========================================
步骤1: 输入藏语文本...
输入文本时出错: Message: tab crashed
  (Session info: chrome=143.0.7499.169)

✗ 输入文本失败
========================================
✗ 翻译失败，跳过此行
✓ 已保存到文件: 236/4500 条

[237/4500] 翻译进度: 5.3%
藏语原文: དོན་རང་སེམས་གཤིས་ཇི་ལྟར་འདུག་པ་དེ་ཀའི་ཐོག་ཏུ་བཞག་ན...

开始翻译流程 (尝试 1/2):
========================================
步骤1: 输入藏语文本...
输入文本时出错: Message: tab crashed
  (Session info: chrome=143.0.7499.169)

✗ 输入文本失败

开始翻译流程 (尝试 2/2):
========================================
步骤1: 输入藏语文本...
输入文本时出错: Message: tab crashed
  (Session info: chrome=143.0.7499.169)

✗ 输入文本失败
========================================
✗ 翻译失败，跳过此行
✓ 已保存到文件: 237/4500 条

[238/4500] 翻译进度: 5.3%
藏语原文: སྣོད་ཀྱི་དྲི་མ་དག་པར་མཁྱེན་ནས་མཆིལ་ལྷམ་དཔྲལ་བར་བརྒ...

开始翻译流程 (尝试 1/2):
========================================
步骤1: 输入藏语文本...
输入文本时出错: Message: tab crashed
  (Session info: chrome=143.0.7499.169)

✗ 输入文本失败

开始翻译流程 (尝试 2/2):
========================================
步骤1: 输入藏语文本...
输入文本时出错: Message: tab crashed
  (Session info: chrome=143.0.7499.169)

✗ 输入文本失败
========================================
✗ 翻译失败，跳过此行
✓ 已保存到文件: 238/4500 条

[239/4500] 翻译进度: 5.3%
藏语原文: ཡེ་གདོད་མ་ནས་ཇི་བཞིན་ཉིད་དུ་འདུག་པའོ།

开始翻译流程 (尝试 1/2):
========================================
步骤1: 输入藏语文本...
输入文本时出错: Message: tab crashed
  (Session info: chrome=143.0.7499.169)

✗ 输入文本失败

开始翻译流程 (尝试 2/2):
========================================
步骤1: 输入藏语文本...
输入文本时出错: Message: tab crashed
  (Session info: chrome=143.0.7499.169)

✗ 输入文本失败
========================================
✗ 翻译失败，跳过此行
✓ 已保存到文件: 239/4500 条

[240/4500] 翻译进度: 5.3%
藏语原文: ལྟ་བ་གཏན་ལ་འབེབས་ཙ་ན།

开始翻译流程 (尝试 1/2):
========================================
步骤1: 输入藏语文本...
输入文本时出错: Message: tab crashed
  (Session info: chrome=143.0.7499.169)

✗ 输入文本失败

开始翻译流程 (尝试 2/2):
========================================
步骤1: 输入藏语文本...
输入文本时出错: Message: tab crashed
  (Session info: chrome=143.0.7499.169)

✗ 输入文本失败
========================================
✗ 翻译失败，跳过此行
✓ 已保存到文件: 240/4500 条

[241/4500] 翻译进度: 5.4%
藏语原文: སེམས་ཁོ་རང་ཡེ་ནས་རང་དྭངས་ཤིག་འདུག་པ་དེ་ཀ་རང་བབས་སུ...

开始翻译流程 (尝试 1/2):
========================================
步骤1: 输入藏语文本...
输入文本时出错: Message: tab crashed
  (Session info: chrome=143.0.7499.169)

✗ 输入文本失败

开始翻译流程 (尝试 2/2):
========================================
步骤1: 输入藏语文本...
输入文本时出错: Message: tab crashed
  (Session info: chrome=143.0.7499.169)

✗ 输入文本失败
========================================
✗ 翻译失败，跳过此行
✓ 已保存到文件: 241/4500 条

[242/4500] 翻译进度: 5.4%
藏语原文: དོན་དམ་གྱི་ངོ་བོ་རང་དུ་ཤེས་པར་བྱས་ནས་དུས་རྣམས་ཀུན་...

开始翻译流程 (尝试 1/2):
========================================
步骤1: 输入藏语文本...
输入文本时出错: Message: tab crashed
  (Session info: chrome=143.0.7499.169)

✗ 输入文本失败

开始翻译流程 (尝试 2/2):
========================================
步骤1: 输入藏语文本...
输入文本时出错: Message: tab crashed
  (Session info: chrome=143.0.7499.169)

✗ 输入文本失败
========================================
✗ 翻译失败，跳过此行
✓ 已保存到文件: 242/4500 条

[243/4500] 翻译进度: 5.4%
藏语原文: སེམས་ཀྱི་ངོ་བོའམ་རང་བཞིན་འདི་འདྲ་ཞིག་འདུག་ཅེས་ངག་ཏ...

开始翻译流程 (尝试 1/2):
========================================
步骤1: 输入藏语文本...
输入文本时出错: Message: tab crashed
  (Session info: chrome=143.0.7499.169)

✗ 输入文本失败

开始翻译流程 (尝试 2/2):
========================================
步骤1: 输入藏语文本...
输入文本时出错: Message: tab crashed
  (Session info: chrome=143.0.7499.169)

✗ 输入文本失败
========================================
✗ 翻译失败，跳过此行
✓ 已保存到文件: 243/4500 条

[244/4500] 翻译进度: 5.4%
藏语原文: གཉེན་པོས་བཅོས་སུ་མེད་པར་གདའ།

开始翻译流程 (尝试 1/2):
========================================
步骤1: 输入藏语文本...
输入文本时出错: Message: tab crashed
  (Session info: chrome=143.0.7499.169)

✗ 输入文本失败

开始翻译流程 (尝试 2/2):
========================================
步骤1: 输入藏语文本...
输入文本时出错: Message: tab crashed
  (Session info: chrome=143.0.7499.169)

✗ 输入文本失败
========================================
✗ 翻译失败，跳过此行
✓ 已保存到文件: 244/4500 条

[245/4500] 翻译进度: 5.4%
藏语原文: རིག་པ་གསལ་བའི་ངང་དུ་གདའ།

开始翻译流程 (尝试 1/2):
========================================
步骤1: 输入藏语文本...
输入文本时出错: Message: tab crashed
  (Session info: chrome=143.0.7499.169)

✗ 输入文本失败

开始翻译流程 (尝试 2/2):
========================================
步骤1: 输入藏语文本...
输入文本时出错: Message: tab crashed
  (Session info: chrome=143.0.7499.169)

✗ 输入文本失败
========================================
✗ 翻译失败，跳过此行
✓ 已保存到文件: 245/4500 条

[246/4500] 翻译进度: 5.5%
藏语原文: མ་རྟོག་དུས་ན་མ་རིག་པ།

开始翻译流程 (尝试 1/2):
========================================
步骤1: 输入藏语文本...
输入文本时出错: Message: tab crashed
  (Session info: chrome=143.0.7499.169)

✗ 输入文本失败

开始翻译流程 (尝试 2/2):
========================================
步骤1: 输入藏语文本...
输入文本时出错: Message: tab crashed
  (Session info: chrome=143.0.7499.169)

✗ 输入文本失败
========================================
✗ 翻译失败，跳过此行
✓ 已保存到文件: 246/4500 条

[247/4500] 翻译进度: 5.5%
藏语原文: དེ་ལྟར་ཕྱི་རོལ་གཟུགས་སྣང་རང་སེམས་དང་དབྱེར་མེད་དེས་...

开始翻译流程 (尝试 1/2):
========================================
步骤1: 输入藏语文本...
输入文本时出错: Message: tab crashed
  (Session info: chrome=143.0.7499.169)

✗ 输入文本失败

开始翻译流程 (尝试 2/2):
========================================
步骤1: 输入藏语文本...
输入文本时出错: Message: tab crashed
  (Session info: chrome=143.0.7499.169)

✗ 输入文本失败
========================================
✗ 翻译失败，跳过此行
✓ 已保存到文件: 247/4500 条

[248/4500] 翻译进度: 5.5%
藏语原文: སྒྲ་གྲགས་སྟོང་དང་རང་སེམས་གཉིས་མེད།

开始翻译流程 (尝试 1/2):
========================================
步骤1: 输入藏语文本...
输入文本时出错: Message: tab crashed
  (Session info: chrome=143.0.7499.169)

✗ 输入文本失败

开始翻译流程 (尝试 2/2):
========================================
步骤1: 输入藏语文本...
输入文本时出错: Message: tab crashed
  (Session info: chrome=143.0.7499.169)

✗ 输入文本失败
========================================
✗ 翻译失败，跳过此行
✓ 已保存到文件: 248/4500 条

[249/4500] 翻译进度: 5.5%
藏语原文: དྲི་ཚོར་སྟོང་རང་རིག་དབྱེར་མེད།

开始翻译流程 (尝试 1/2):
========================================
步骤1: 输入藏语文本...
输入文本时出错: Message: tab crashed
  (Session info: chrome=143.0.7499.169)

✗ 输入文本失败

开始翻译流程 (尝试 2/2):
========================================
步骤1: 输入藏语文本...
输入文本时出错: Message: tab crashed
  (Session info: chrome=143.0.7499.169)

✗ 输入文本失败
========================================
✗ 翻译失败，跳过此行
✓ 已保存到文件: 249/4500 条

[250/4500] 翻译进度: 5.6%
藏语原文: རོ་མྱོང་སྟོང་རང་སེམས་དང་ཟུང་འཇུག།

开始翻译流程 (尝试 1/2):
========================================
步骤1: 输入藏语文本...
输入文本时出错: Message: tab crashed
  (Session info: chrome=143.0.7499.169)

✗ 输入文本失败

开始翻译流程 (尝试 2/2):
========================================
步骤1: 输入藏语文本...
输入文本时出错: Message: tab crashed
  (Session info: chrome=143.0.7499.169)

✗ 输入文本失败
========================================
✗ 翻译失败，跳过此行
✓ 已保存到文件: 250/4500 条

[251/4500] 翻译进度: 5.6%
藏语原文: སྐྱེས་བུ་ཇི་བདེར་འདུག་པ་ལ་ལྟ་བ་པོས་དགྲ་གཉེན་དུ་བཟུ...

开始翻译流程 (尝试 1/2):
========================================
步骤1: 输入藏语文本...
输入文本时出错: Message: tab crashed
  (Session info: chrome=143.0.7499.169)

✗ 输入文本失败

开始翻译流程 (尝试 2/2):
========================================
步骤1: 输入藏语文本...
输入文本时出错: Message: tab crashed
  (Session info: chrome=143.0.7499.169)

✗ 输入文本失败
========================================
✗ 翻译失败，跳过此行
✓ 已保存到文件: 251/4500 条

[252/4500] 翻译进度: 5.6%
藏语原文: དེའང་ད་ལྟའི་ཤེས་པ་མ་བཅོས་པའི་ངང་ནས་གང་ཤར་ཅིར་སྣང་ར...

开始翻译流程 (尝试 1/2):
========================================
步骤1: 输入藏语文本...
输入文本时出错: Message: tab crashed
  (Session info: chrome=143.0.7499.169)

✗ 输入文本失败

开始翻译流程 (尝试 2/2):
========================================
步骤1: 输入藏语文本...
输入文本时出错: Message: tab crashed
  (Session info: chrome=143.0.7499.169)

✗ 输入文本失败
========================================
✗ 翻译失败，跳过此行
✓ 已保存到文件: 252/4500 条

[253/4500] 翻译进度: 5.6%
藏语原文: མ་བཟུང་མ་བཏང་རང་ག་ཉིད་དུ་ཞོག།

开始翻译流程 (尝试 1/2):
========================================
步骤1: 输入藏语文本...
输入文本时出错: Message: tab crashed
  (Session info: chrome=143.0.7499.169)

✗ 输入文本失败

开始翻译流程 (尝试 2/2):
========================================
步骤1: 输入藏语文本...
输入文本时出错: Message: tab crashed
  (Session info: chrome=143.0.7499.169)

✗ 输入文本失败
========================================
✗ 翻译失败，跳过此行
✓ 已保存到文件: 253/4500 条

[254/4500] 翻译进度: 5.6%
藏语原文: བྱིང་རྨུགས་ཀྱིས་རྨོངས་པའམ་འཕྲོ་རྒོད་ཀྱི་རྟོག་པ་རང་...

开始翻译流程 (尝试 1/2):
========================================
步骤1: 输入藏语文本...
输入文本时出错: Message: tab crashed
  (Session info: chrome=143.0.7499.169)

✗ 输入文本失败

开始翻译流程 (尝试 2/2):
========================================
步骤1: 输入藏语文本...
输入文本时出错: Message: tab crashed
  (Session info: chrome=143.0.7499.169)

✗ 输入文本失败
========================================
✗ 翻译失败，跳过此行
✓ 已保存到文件: 254/4500 条

[255/4500] 翻译进度: 5.7%
藏语原文: དགག་སྒྲུབ་ཀྱི་བློས་མ་བཅོས་མ་བསླད་པའི་སེམས་ཀྱི་འདུག...

开始翻译流程 (尝试 1/2):
========================================
步骤1: 输入藏语文本...
输入文本时出错: Message: tab crashed
  (Session info: chrome=143.0.7499.169)

✗ 输入文本失败

开始翻译流程 (尝试 2/2):
========================================
步骤1: 输入藏语文本...
输入文本时出错: Message: tab crashed
  (Session info: chrome=143.0.7499.169)

✗ 输入文本失败
========================================
✗ 翻译失败，跳过此行
✓ 已保存到文件: 255/4500 条

[256/4500] 翻译进度: 5.7%
藏语原文: སྐྱེ་བོ་ཙ་ནའི་ཤེས་པ་འདི།

开始翻译流程 (尝试 1/2):
========================================
步骤1: 输入藏语文本...
输入文本时出错: Message: tab crashed
  (Session info: chrome=143.0.7499.169)

✗ 输入文本失败

开始翻译流程 (尝试 2/2):
========================================
步骤1: 输入藏语文本...
输入文本时出错: Message: tab crashed
  (Session info: chrome=143.0.7499.169)

✗ 输入文本失败
========================================
✗ 翻译失败，跳过此行
✓ 已保存到文件: 256/4500 条

[257/4500] 翻译进度: 5.7%
藏语原文: དེ་ལྟར་ཐ་མལ་གྱི་ཤེས་པ་དེ་ཉིད་རང་ངོ་ཤེས་ཤིང་རང་རིག་...

开始翻译流程 (尝试 1/2):
========================================
步骤1: 输入藏语文本...
输入文本时出错: Message: tab crashed
  (Session info: chrome=143.0.7499.169)

✗ 输入文本失败

开始翻译流程 (尝试 2/2):
========================================
步骤1: 输入藏语文本...
输入文本时出错: Message: tab crashed
  (Session info: chrome=143.0.7499.169)

✗ 输入文本失败
========================================
✗ 翻译失败，跳过此行
✓ 已保存到文件: 257/4500 条

[258/4500] 翻译进度: 5.7%
藏语原文: དེས་ན་སེམས་ཀྱི་རང་བབས་ཅི་འདུག་དེ་ཀར་རང་ངོ་ཤེས་པའི་...

开始翻译流程 (尝试 1/2):
========================================
步骤1: 输入藏语文本...
输入文本时出错: Message: tab crashed
  (Session info: chrome=143.0.7499.169)

✗ 输入文本失败

开始翻译流程 (尝试 2/2):
========================================
步骤1: 输入藏语文本...
输入文本时出错: Message: tab crashed
  (Session info: chrome=143.0.7499.169)

✗ 输入文本失败
========================================
✗ 翻译失败，跳过此行
✓ 已保存到文件: 258/4500 条

[259/4500] 翻译进度: 5.8%
藏语原文: སྣང་བ་སྣ་ཚོགས་བཀྲ་ལམ་གྱིས་འཆར་ཡང་གནས་ལུགས་ཀྱི་རང་ར...

开始翻译流程 (尝试 1/2):
========================================
步骤1: 输入藏语文本...
输入文本时出错: Message: tab crashed
  (Session info: chrome=143.0.7499.169)

✗ 输入文本失败

开始翻译流程 (尝试 2/2):
========================================
步骤1: 输入藏语文本...
输入文本时出错: Message: tab crashed
  (Session info: chrome=143.0.7499.169)

✗ 输入文本失败
========================================
✗ 翻译失败，跳过此行
✓ 已保存到文件: 259/4500 条

[260/4500] 翻译进度: 5.8%
藏语原文: སྣང་ན་སྣང་ཐོག་དེ་ཀ་རང་ངོ་ཤེས་ཤིང་རང་རིག་པའི་དྲན་པས...

开始翻译流程 (尝试 1/2):
========================================
步骤1: 输入藏语文本...
输入文本时出错: Message: tab crashed
  (Session info: chrome=143.0.7499.169)

✗ 输入文本失败

开始翻译流程 (尝试 2/2):
========================================
步骤1: 输入藏语文本...
输入文本时出错: Message: tab crashed
  (Session info: chrome=143.0.7499.169)

✗ 输入文本失败
========================================
✗ 翻译失败，跳过此行
✓ 已保存到文件: 260/4500 条

[261/4500] 翻译进度: 5.8%
藏语原文: དགག་སྒྲུབ་ཀྱི་རྩོལ་བ་མི་བྱ་བར་མི་རྟོག་པར་འདུག་ཀྱང་...

开始翻译流程 (尝试 1/2):
========================================
步骤1: 输入藏语文本...
输入文本时出错: Message: tab crashed
  (Session info: chrome=143.0.7499.169)

✗ 输入文本失败

开始翻译流程 (尝试 2/2):
========================================
步骤1: 输入藏语文本...
输入文本时出错: Message: tab crashed
  (Session info: chrome=143.0.7499.169)

✗ 输入文本失败
========================================
✗ 翻译失败，跳过此行
✓ 已保存到文件: 261/4500 条

[262/4500] 翻译进度: 5.8%
藏语原文: གཉིས་མེད་ཀྱི་ཡེ་ཤེས་རང་དུ་འདུག་ཨང་སྙམ་པའི་གོ་བ་བྱུ...

开始翻译流程 (尝试 1/2):
========================================
步骤1: 输入藏语文本...
输入文本时出错: Message: tab crashed
  (Session info: chrome=143.0.7499.169)

✗ 输入文本失败

开始翻译流程 (尝试 2/2):
========================================
步骤1: 输入藏语文本...
输入文本时出错: Message: tab crashed
  (Session info: chrome=143.0.7499.169)

✗ 输入文本失败
========================================
✗ 翻译失败，跳过此行
✓ 已保存到文件: 262/4500 条

[263/4500] 翻译进度: 5.8%
藏语原文: རྣམ་རྟོག་སྣ་ཚོགས་དགག་ཏུ་མི་བཏུབ་པར་འཆར་བར་འདུག་ཙ་ན...

开始翻译流程 (尝试 1/2):
========================================
步骤1: 输入藏语文本...
输入文本时出错: Message: tab crashed
  (Session info: chrome=143.0.7499.169)

✗ 输入文本失败

开始翻译流程 (尝试 2/2):
========================================
步骤1: 输入藏语文本...
输入文本时出错: Message: tab crashed
  (Session info: chrome=143.0.7499.169)

✗ 输入文本失败
========================================
✗ 翻译失败，跳过此行
✓ 已保存到文件: 263/4500 条

[264/4500] 翻译进度: 5.9%
藏语原文: རང་ངོ་ཤེས་ཤིང་རང་རིག་པའི་དྲན་པ་མེད་པས་མི་འོང་སྟེ།

开始翻译流程 (尝试 1/2):
========================================
步骤1: 输入藏语文本...
输入文本时出错: Message: tab crashed
  (Session info: chrome=143.0.7499.169)

✗ 输入文本失败

开始翻译流程 (尝试 2/2):
========================================
步骤1: 输入藏语文本...
输入文本时出错: Message: tab crashed
  (Session info: chrome=143.0.7499.169)

✗ 输入文本失败
========================================
✗ 翻译失败，跳过此行
✓ 已保存到文件: 264/4500 条

[265/4500] 翻译进度: 5.9%
藏语原文: འོ་ན་འཇིག་རྟེན་པ་རྣམས་ཀྱང་རྣམ་རྟོག་རང་གར་འདུག།

开始翻译流程 (尝试 1/2):
========================================
步骤1: 输入藏语文本...
输入文本时出错: Message: tab crashed
  (Session info: chrome=143.0.7499.169)

✗ 输入文本失败

开始翻译流程 (尝试 2/2):
========================================
步骤1: 输入藏语文本...
输入文本时出错: Message: tab crashed
  (Session info: chrome=143.0.7499.169)

✗ 输入文本失败
========================================
✗ 翻译失败，跳过此行
✓ 已保存到文件: 265/4500 条

[266/4500] 翻译进度: 5.9%
藏语原文: རྣལ་འབྱོར་པའང་རང་ག་ཐ་མལ་གྱི་ཤེས་པར་འདུག་པ་ལ།

开始翻译流程 (尝试 1/2):
========================================
步骤1: 输入藏语文本...
输入文本时出错: Message: tab crashed
  (Session info: chrome=143.0.7499.169)

✗ 输入文本失败

开始翻译流程 (尝试 2/2):
========================================
步骤1: 输入藏语文本...
输入文本时出错: Message: tab crashed
  (Session info: chrome=143.0.7499.169)

✗ 输入文本失败
========================================
✗ 翻译失败，跳过此行
✓ 已保存到文件: 266/4500 条

[267/4500] 翻译进度: 5.9%
藏语原文: ཁྱད་པར་མེད་ན་འཇིག་རྟེན་པའང་རང་གྲོལ་དུ་མི་འགྲོའམ་སྙ...

开始翻译流程 (尝试 1/2):
========================================
步骤1: 输入藏语文本...
输入文本时出错: Message: tab crashed
  (Session info: chrome=143.0.7499.169)

✗ 输入文本失败

开始翻译流程 (尝试 2/2):
========================================
步骤1: 输入藏语文本...
输入文本时出错: Message: tab crashed
  (Session info: chrome=143.0.7499.169)

✗ 输入文本失败
========================================
✗ 翻译失败，跳过此行
✓ 已保存到文件: 267/4500 条

[268/4500] 翻译进度: 6.0%
藏语原文: དེ་ལྟར་ན་སེམས་རང་བཞིན་མེད་པ་དང་རང་བཞིན་གྱིས་དག་པ་མ...

开始翻译流程 (尝试 1/2):
========================================
步骤1: 输入藏语文本...
输入文本时出错: Message: tab crashed
  (Session info: chrome=143.0.7499.169)

✗ 输入文本失败

开始翻译流程 (尝试 2/2):
========================================
步骤1: 输入藏语文本...
输入文本时出错: Message: tab crashed
  (Session info: chrome=143.0.7499.169)

✗ 输入文本失败
========================================
✗ 翻译失败，跳过此行
✓ 已保存到文件: 268/4500 条

[269/4500] 翻译进度: 6.0%
藏语原文: རྣམ་རྟོག་ལྷན་སྐྱེས་ངོ་འཕྲོད་པའི་སེམས་ཉིད་ཐ་མལ་གྱི་...

开始翻译流程 (尝试 1/2):
========================================
步骤1: 输入藏语文本...
输入文本时出错: Message: tab crashed
  (Session info: chrome=143.0.7499.169)

✗ 输入文本失败

开始翻译流程 (尝试 2/2):
========================================
步骤1: 输入藏语文本...
输入文本时出错: Message: tab crashed
  (Session info: chrome=143.0.7499.169)

✗ 输入文本失败
========================================
✗ 翻译失败，跳过此行
✓ 已保存到文件: 269/4500 条

[270/4500] 翻译进度: 6.0%
藏语原文: ཆེད་དུ་བསྒོམ་ཆེད་དུ་འཛིན་པ་དང་བྲལ་བའི་ངང་ནས་སེམས་ཀ...

开始翻译流程 (尝试 1/2):
========================================
步骤1: 输入藏语文本...
输入文本时出错: Message: tab crashed
  (Session info: chrome=143.0.7499.169)

✗ 输入文本失败

开始翻译流程 (尝试 2/2):
========================================
步骤1: 输入藏语文本...
输入文本时出错: Message: tab crashed
  (Session info: chrome=143.0.7499.169)

✗ 输入文本失败
========================================
✗ 翻译失败，跳过此行
✓ 已保存到文件: 270/4500 条

[271/4500] 翻译进度: 6.0%
藏语原文: དེར་ཡང་རང་གཤིས་རང་ངོ་ཤེས་ཙམ་གྱི་དྲན་ཤེས་དང་མ་བྲལ་བ...

开始翻译流程 (尝试 1/2):
========================================
步骤1: 输入藏语文本...
输入文本时出错: Message: tab crashed
  (Session info: chrome=143.0.7499.169)

✗ 输入文本失败

开始翻译流程 (尝试 2/2):
========================================
步骤1: 输入藏语文本...
输入文本时出错: Message: tab crashed
  (Session info: chrome=143.0.7499.169)

✗ 输入文本失败
========================================
✗ 翻译失败，跳过此行
✓ 已保存到文件: 271/4500 条

[272/4500] 翻译进度: 6.0%
藏语原文: ཕྱི་ཡུལ་སྣང་ནང་རང་སྣང་ཐམས་ཅད་མི་འགག་མི་བཅིངས་པར་ངོ...

开始翻译流程 (尝试 1/2):
========================================
步骤1: 输入藏语文本...
输入文本时出错: Message: tab crashed
  (Session info: chrome=143.0.7499.169)

✗ 输入文本失败

开始翻译流程 (尝试 2/2):
========================================
步骤1: 输入藏语文本...
输入文本时出错: Message: tab crashed
  (Session info: chrome=143.0.7499.169)

✗ 输入文本失败
========================================
✗ 翻译失败，跳过此行
✓ 已保存到文件: 272/4500 条

[273/4500] 翻译进度: 6.1%
藏语原文: སེམས་ཉིད་རང་གཤིས་ཇི་ལྟར་འདུག་པ་དེ་ལ་བཟོ་བཅོས་མེད་པ...

开始翻译流程 (尝试 1/2):
========================================
步骤1: 输入藏语文本...
输入文本时出错: Message: tab crashed
  (Session info: chrome=143.0.7499.169)

✗ 输入文本失败

开始翻译流程 (尝试 2/2):
========================================
步骤1: 输入藏语文本...
输入文本时出错: Message: tab crashed
  (Session info: chrome=143.0.7499.169)

✗ 输入文本失败
========================================
✗ 翻译失败，跳过此行
✓ 已保存到文件: 273/4500 条

[274/4500] 翻译进度: 6.1%
藏语原文: ཁོ་རང་ཐོག་ཏུ་གློད་ལ་ཞོག།

开始翻译流程 (尝试 1/2):
========================================
步骤1: 输入藏语文本...
输入文本时出错: Message: tab crashed
  (Session info: chrome=143.0.7499.169)

✗ 输入文本失败

开始翻译流程 (尝试 2/2):
========================================
步骤1: 输入藏语文本...
输入文本时出错: Message: tab crashed
  (Session info: chrome=143.0.7499.169)

✗ 输入文本失败
========================================
✗ 翻译失败，跳过此行
✓ 已保存到文件: 274/4500 条

[275/4500] 翻译进度: 6.1%
藏语原文: དེ་ལྟར་རྟོགས་པ་བརྟན་ཙ་ན།

开始翻译流程 (尝试 1/2):
========================================
步骤1: 输入藏语文本...
输入文本时出错: Message: tab crashed
  (Session info: chrome=143.0.7499.169)

✗ 输入文本失败

开始翻译流程 (尝试 2/2):
========================================
步骤1: 输入藏语文本...
输入文本时出错: Message: tab crashed
  (Session info: chrome=143.0.7499.169)

✗ 输入文本失败
========================================
✗ 翻译失败，跳过此行
✓ 已保存到文件: 275/4500 条

[276/4500] 翻译进度: 6.1%
藏语原文: ཉིན་མཚན་ཐུན་མཚམས་འགྲོ་འདུག་སོགས།

开始翻译流程 (尝试 1/2):
========================================
步骤1: 输入藏语文本...
输入文本时出错: Message: tab crashed
  (Session info: chrome=143.0.7499.169)

✗ 输入文本失败

开始翻译流程 (尝试 2/2):
========================================
步骤1: 输入藏语文本...
输入文本时出错: Message: tab crashed
  (Session info: chrome=143.0.7499.169)

✗ 输入文本失败
========================================
✗ 翻译失败，跳过此行
✓ 已保存到文件: 276/4500 条

[277/4500] 翻译进度: 6.2%
藏语原文: བློ་མཉམ་པར་བཞག་འདོད་ཀྱི་ཞེན་པ་དང་བྲལ་ཞིང་གཤིས་མདངས...

开始翻译流程 (尝试 1/2):
========================================
步骤1: 输入藏语文本...
输入文本时出错: Message: tab crashed
  (Session info: chrome=143.0.7499.169)

✗ 输入文本失败

开始翻译流程 (尝试 2/2):
========================================
步骤1: 输入藏语文本...
输入文本时出错: Message: tab crashed
  (Session info: chrome=143.0.7499.169)

✗ 输入文本失败
========================================
✗ 翻译失败，跳过此行
✓ 已保存到文件: 277/4500 条

[278/4500] 翻译进度: 6.2%
藏语原文: དོན་འདི་ཡིན་གྱི་སྤང་བཞག་མི་འདུག་པས།

开始翻译流程 (尝试 1/2):
========================================
步骤1: 输入藏语文本...
输入文本时出错: Message: tab crashed
  (Session info: chrome=143.0.7499.169)

✗ 输入文本失败

开始翻译流程 (尝试 2/2):
========================================
步骤1: 输入藏语文本...
输入文本时出错: Message: tab crashed
  (Session info: chrome=143.0.7499.169)

✗ 输入文本失败
========================================
✗ 翻译失败，跳过此行
✓ 已保存到文件: 278/4500 条

[279/4500] 翻译进度: 6.2%
藏语原文: དེའང་རང་སེམས་འདི་ཁ་དོག་དབྱིབས་སོགས་དངོས་པོར་གྲུབ་པ...

开始翻译流程 (尝试 1/2):
========================================
步骤1: 输入藏语文本...
输入文本时出错: Message: tab crashed
  (Session info: chrome=143.0.7499.169)

✗ 输入文本失败

开始翻译流程 (尝试 2/2):
========================================
步骤1: 输入藏语文本...
输入文本时出错: Message: tab crashed
  (Session info: chrome=143.0.7499.169)

✗ 输入文本失败
========================================
✗ 翻译失败，跳过此行
✓ 已保存到文件: 279/4500 条

[280/4500] 翻译进度: 6.2%
藏语原文: ཤིན་ཏུ་ལེགས་པར་འདུག།

开始翻译流程 (尝试 1/2):
========================================
步骤1: 输入藏语文本...
输入文本时出错: Message: tab crashed
  (Session info: chrome=143.0.7499.169)

✗ 输入文本失败

开始翻译流程 (尝试 2/2):
========================================
步骤1: 输入藏语文本...
输入文本时出错: Message: tab crashed
  (Session info: chrome=143.0.7499.169)

✗ 输入文本失败
========================================
✗ 翻译失败，跳过此行
✓ 已保存到文件: 280/4500 条

[281/4500] 翻译进度: 6.2%
藏语原文: ཞེས་གསུངས་པའི་དོན་ནི་རང་སེམས་ཁོ་རང་མ་ཡེངས་ཙམ་ལ་སྒོ...

开始翻译流程 (尝试 1/2):
========================================
步骤1: 输入藏语文本...
输入文本时出错: Message: tab crashed
  (Session info: chrome=143.0.7499.169)

✗ 输入文本失败

开始翻译流程 (尝试 2/2):
========================================
步骤1: 输入藏语文本...
输入文本时出错: Message: tab crashed
  (Session info: chrome=143.0.7499.169)

✗ 输入文本失败
========================================
✗ 翻译失败，跳过此行
✓ 已保存到文件: 281/4500 条

[282/4500] 翻译进度: 6.3%
藏语原文: ད་ལམ་འདི་སྐབས་ཀྱང་རང་བཞིན་གཤིས་ལུགས་ཡོངས་ཤེས་ཀྱི་ཀ...

开始翻译流程 (尝试 1/2):
========================================
步骤1: 输入藏语文本...
输入文本时出错: Message: tab crashed
  (Session info: chrome=143.0.7499.169)

✗ 输入文本失败

开始翻译流程 (尝试 2/2):
========================================
步骤1: 输入藏语文本...
输入文本时出错: Message: tab crashed
  (Session info: chrome=143.0.7499.169)

✗ 输入文本失败
========================================
✗ 翻译失败，跳过此行
✓ 已保存到文件: 282/4500 条

[283/4500] 翻译进度: 6.3%
藏语原文: སྐུ་གསུམ་གྱི་རང་ཞལ་སྟོན་གྱིན་གདའ་སྟེ།

开始翻译流程 (尝试 1/2):
========================================
步骤1: 输入藏语文本...
输入文本时出错: Message: tab crashed
  (Session info: chrome=143.0.7499.169)

✗ 输入文本失败

开始翻译流程 (尝试 2/2):
========================================
步骤1: 输入藏语文本...
输入文本时出错: Message: tab crashed
  (Session info: chrome=143.0.7499.169)

✗ 输入文本失败
========================================
✗ 翻译失败，跳过此行
✓ 已保存到文件: 283/4500 条

[284/4500] 翻译进度: 6.3%
藏语原文: འཁྱིལ་ལེ་འདུག་ཀྱང་ཆུ།

开始翻译流程 (尝试 1/2):
========================================
步骤1: 输入藏语文本...
输入文本时出错: Message: tab crashed
  (Session info: chrome=143.0.7499.169)

✗ 输入文本失败

开始翻译流程 (尝试 2/2):
========================================
步骤1: 输入藏语文本...
输入文本时出错: Message: tab crashed
  (Session info: chrome=143.0.7499.169)

✗ 输入文本失败
========================================
✗ 翻译失败，跳过此行
✓ 已保存到文件: 284/4500 条

[285/4500] 翻译进度: 6.3%
藏语原文: རང་སར་གྲོལ་བ་ཤེས་བཞིན་ཤུགས་འབྱུང་རང་འགྲོས་དེ་ཀ་སྤྱ...

开始翻译流程 (尝试 1/2):
========================================
步骤1: 输入藏语文本...
输入文本时出错: Message: tab crashed
  (Session info: chrome=143.0.7499.169)

✗ 输入文本失败

开始翻译流程 (尝试 2/2):
========================================
步骤1: 输入藏语文本...
输入文本时出错: Message: tab crashed
  (Session info: chrome=143.0.7499.169)

✗ 输入文本失败
========================================
✗ 翻译失败，跳过此行
✓ 已保存到文件: 285/4500 条

[286/4500] 翻译进度: 6.4%
藏语原文: འཁོར་རྟོགས་ལྡན་རྣམས་ཀྱིས་ལྟ་སྒོམ་སྤྱོད་གསུམ་གྱི་ཕུ...

开始翻译流程 (尝试 1/2):
========================================
步骤1: 输入藏语文本...
输入文本时出错: Message: tab crashed
  (Session info: chrome=143.0.7499.169)

✗ 输入文本失败

开始翻译流程 (尝试 2/2):
========================================
步骤1: 输入藏语文本...
输入文本时出错: Message: tab crashed
  (Session info: chrome=143.0.7499.169)

✗ 输入文本失败
========================================
✗ 翻译失败，跳过此行
✓ 已保存到文件: 286/4500 条

[287/4500] 翻译进度: 6.4%
藏语原文: དེའང་སེམས་ཀྱི་ངོ་བོ་སྟོང་པ་ཉིད་དེ་དང་རང་མདངས་སྣ་ཚོ...

开始翻译流程 (尝试 1/2):
========================================
步骤1: 输入藏语文本...
输入文本时出错: Message: tab crashed
  (Session info: chrome=143.0.7499.169)

✗ 输入文本失败

开始翻译流程 (尝试 2/2):
========================================
步骤1: 输入藏语文本...
输入文本时出错: Message: tab crashed
  (Session info: chrome=143.0.7499.169)

✗ 输入文本失败
========================================
✗ 翻译失败，跳过此行
✓ 已保存到文件: 287/4500 条

[288/4500] 翻译进度: 6.4%
藏语原文: དེའང་རང་འདོད་མེད་ཅིང་ཅི་བྱས་ཐབས་ཀྱིས་ཟིན་པའི་ཕྱིར་...

开始翻译流程 (尝试 1/2):
========================================
步骤1: 输入藏语文本...
输入文本时出错: Message: tab crashed
  (Session info: chrome=143.0.7499.169)

✗ 输入文本失败

开始翻译流程 (尝试 2/2):
========================================
步骤1: 输入藏语文本...
输入文本时出错: Message: tab crashed
  (Session info: chrome=143.0.7499.169)

✗ 输入文本失败
========================================
✗ 翻译失败，跳过此行
✓ 已保存到文件: 288/4500 条

[289/4500] 翻译进度: 6.4%
藏语原文: དེས་ན་སྤྱོད་པའི་ཤུགས་འབྱུང་རང་འགྲོས་སུ་ཕུ་ཐག་ཆོད་ག...

开始翻译流程 (尝试 1/2):
========================================
步骤1: 输入藏语文本...
输入文本时出错: Message: tab crashed
  (Session info: chrome=143.0.7499.169)

✗ 输入文本失败

开始翻译流程 (尝试 2/2):
========================================
步骤1: 输入藏语文本...
输入文本时出错: Message: tab crashed
  (Session info: chrome=143.0.7499.169)

✗ 输入文本失败
========================================
✗ 翻译失败，跳过此行
✓ 已保存到文件: 289/4500 条

[290/4500] 翻译进度: 6.4%
藏语原文: རྣམ་རྟོག་དེ་ལྷན་ཅིག་སྐྱེས་པའི་ཡེ་ཤེས་དངོས་སུ་འདུག་...

开始翻译流程 (尝试 1/2):
========================================
步骤1: 输入藏语文本...
输入文本时出错: Message: tab crashed
  (Session info: chrome=143.0.7499.169)

✗ 输入文本失败

开始翻译流程 (尝试 2/2):
========================================
步骤1: 输入藏语文本...
输入文本时出错: Message: tab crashed
  (Session info: chrome=143.0.7499.169)

✗ 输入文本失败
========================================
✗ 翻译失败，跳过此行
✓ 已保存到文件: 290/4500 条

[291/4500] 翻译进度: 6.5%
藏语原文: སྐུ་གསུམ་གྱི་ངོ་བོར་ཁྲོང་ངེར་འདུག་པ་དེ་ཀ་འཁྲུལ་དུ་...

开始翻译流程 (尝试 1/2):
========================================
步骤1: 输入藏语文本...
输入文本时出错: Message: tab crashed
  (Session info: chrome=143.0.7499.169)

✗ 输入文本失败

开始翻译流程 (尝试 2/2):
========================================
步骤1: 输入藏语文本...
输入文本时出错: Message: tab crashed
  (Session info: chrome=143.0.7499.169)

✗ 输入文本失败
========================================
✗ 翻译失败，跳过此行
✓ 已保存到文件: 291/4500 条

[292/4500] 翻译进度: 6.5%
藏语原文: དེའང་རང་སེམས་དུས་གསུམ་གྱི་སྤྲོས་པ་བཅད་དེ།

开始翻译流程 (尝试 1/2):
========================================
步骤1: 输入藏语文本...
输入文本时出错: Message: tab crashed
  (Session info: chrome=143.0.7499.169)

✗ 输入文本失败

开始翻译流程 (尝试 2/2):
========================================
步骤1: 输入藏语文本...
输入文本时出错: Message: tab crashed
  (Session info: chrome=143.0.7499.169)

✗ 输入文本失败
========================================
✗ 翻译失败，跳过此行
✓ 已保存到文件: 292/4500 条

[293/4500] 翻译进度: 6.5%
藏语原文: ཅིར་ཡང་འཆར་བའི་སྣང་བ་དང་གང་དུའང་མ་གྲུབ་པའི་སྟོང་པ་...

开始翻译流程 (尝试 1/2):
========================================
步骤1: 输入藏语文本...
输入文本时出错: Message: tab crashed
  (Session info: chrome=143.0.7499.169)

✗ 输入文本失败

开始翻译流程 (尝试 2/2):
========================================
步骤1: 输入藏语文本...
输入文本时出错: Message: tab crashed
  (Session info: chrome=143.0.7499.169)

✗ 输入文本失败
========================================
✗ 翻译失败，跳过此行
✓ 已保存到文件: 293/4500 条

[294/4500] 翻译进度: 6.5%
藏语原文: དེའང་རང་སེམས་ཀྱི་གཤིས་ལུགས་གདོད་ནས་དག་པར་བློས་བྱས་...

开始翻译流程 (尝试 1/2):
========================================
步骤1: 输入藏语文本...
输入文本时出错: Message: tab crashed
  (Session info: chrome=143.0.7499.169)

✗ 输入文本失败

开始翻译流程 (尝试 2/2):
========================================
步骤1: 输入藏语文本...
输入文本时出错: Message: tab crashed
  (Session info: chrome=143.0.7499.169)

✗ 输入文本失败
========================================
✗ 翻译失败，跳过此行
✓ 已保存到文件: 294/4500 条

[295/4500] 翻译进度: 6.6%
藏语原文: བསྒོམ་སྐྱེས་པ་ལ་དཀའ་བ་མི་འདུག་སྟེ།

开始翻译流程 (尝试 1/2):
========================================
步骤1: 输入藏语文本...
输入文本时出错: Message: tab crashed
  (Session info: chrome=143.0.7499.169)

✗ 输入文本失败

开始翻译流程 (尝试 2/2):
========================================
步骤1: 输入藏语文本...
输入文本时出错: Message: tab crashed
  (Session info: chrome=143.0.7499.169)

✗ 输入文本失败
========================================
✗ 翻译失败，跳过此行
✓ 已保存到文件: 295/4500 条

[296/4500] 翻译进度: 6.6%
藏语原文: མཐར་འདོན་པ་རང་ཞིག་དཀའ་བར་འདུག།

开始翻译流程 (尝试 1/2):
========================================
步骤1: 输入藏语文本...
输入文本时出错: Message: tab crashed
  (Session info: chrome=143.0.7499.169)

✗ 输入文本失败

开始翻译流程 (尝试 2/2):
========================================
步骤1: 输入藏语文本...
输入文本时出错: Message: tab crashed
  (Session info: chrome=143.0.7499.169)

✗ 输入文本失败
========================================
✗ 翻译失败，跳过此行
✓ 已保存到文件: 296/4500 条

[297/4500] 翻译进度: 6.6%
藏语原文: དགེ་སྦྱོར་ངོ་བོ་ལ་གཡོ་བ་མེད་པའི་སྒོ་ནས་ཀུན་ཀྱང་རང་...

开始翻译流程 (尝试 1/2):
========================================
步骤1: 输入藏语文本...
输入文本时出错: Message: tab crashed
  (Session info: chrome=143.0.7499.169)

✗ 输入文本失败

开始翻译流程 (尝试 2/2):
========================================
步骤1: 输入藏语文本...
输入文本时出错: Message: tab crashed
  (Session info: chrome=143.0.7499.169)

✗ 输入文本失败
========================================
✗ 翻译失败，跳过此行
✓ 已保存到文件: 297/4500 条

[298/4500] 翻译进度: 6.6%
藏语原文: དེ་ཙ་ན་ནི་སེམས་ཉིད་ལྷན་ཅིག་སྐྱེས་པའི་ངོ་བོ་མཐོང་བ་...

开始翻译流程 (尝试 1/2):
========================================
步骤1: 输入藏语文本...
输入文本时出错: Message: tab crashed
  (Session info: chrome=143.0.7499.169)

✗ 输入文本失败

开始翻译流程 (尝试 2/2):
========================================
步骤1: 输入藏语文本...
输入文本时出错: Message: tab crashed
  (Session info: chrome=143.0.7499.169)

✗ 输入文本失败
========================================
✗ 翻译失败，跳过此行
✓ 已保存到文件: 298/4500 条

[299/4500] 翻译进度: 6.6%
藏语原文: བདེ་གསལ་མི་རྟོག་པ་གང་རུང་དུ་ལྷན་ནེ་འདུག་གམ།

开始翻译流程 (尝试 1/2):
========================================
步骤1: 输入藏语文本...
输入文本时出错: Message: tab crashed
  (Session info: chrome=143.0.7499.169)

✗ 输入文本失败

开始翻译流程 (尝试 2/2):
========================================
步骤1: 输入藏语文本...
输入文本时出错: Message: tab crashed
  (Session info: chrome=143.0.7499.169)

✗ 输入文本失败
========================================
✗ 翻译失败，跳过此行
✓ 已保存到文件: 299/4500 条

[300/4500] 翻译进度: 6.7%
藏语原文: ཞིམ་པ་སྣ་ཚོགས་ལ་ཆགས་པ་མི་ཞིམ་པ་སྣ་ཚོགས་ལ་སྡང་བ་སོག...

开始翻译流程 (尝试 1/2):
========================================
步骤1: 输入藏语文本...
输入文本时出错: Message: tab crashed
  (Session info: chrome=143.0.7499.169)

✗ 输入文本失败

开始翻译流程 (尝试 2/2):
========================================
步骤1: 输入藏语文本...
输入文本时出错: Message: tab crashed
  (Session info: chrome=143.0.7499.169)

✗ 输入文本失败
========================================
✗ 翻译失败，跳过此行
✓ 已保存到文件: 300/4500 条

[301/4500] 翻译进度: 6.7%
藏语原文: དེ་འདྲ་རྣམ་སྨིན་འཇིགས་པ་ཡིན་འདུག་སྟེ།

开始翻译流程 (尝试 1/2):
========================================
步骤1: 输入藏语文本...
输入文本时出错: Message: tab crashed
  (Session info: chrome=143.0.7499.169)

✗ 输入文本失败

开始翻译流程 (尝试 2/2):
========================================
步骤1: 输入藏语文本...
输入文本时出错: Message: tab crashed
  (Session info: chrome=143.0.7499.169)

✗ 输入文本失败
========================================
✗ 翻译失败，跳过此行
✓ 已保存到文件: 301/4500 条

[302/4500] 翻译进度: 6.7%
藏语原文: ཅེས་གསུངས་འདུག་པ་གོ་བར་མཛོད།

开始翻译流程 (尝试 1/2):
========================================
步骤1: 输入藏语文本...
输入文本时出错: Message: tab crashed
  (Session info: chrome=143.0.7499.169)

✗ 输入文本失败

开始翻译流程 (尝试 2/2):
========================================
步骤1: 输入藏语文本...
输入文本时出错: Message: tab crashed
  (Session info: chrome=143.0.7499.169)

✗ 输入文本失败
========================================
✗ 翻译失败，跳过此行
✓ 已保存到文件: 302/4500 条

[303/4500] 翻译进度: 6.7%
藏语原文: སྣང་ཡང་རང་བཞིན་མེད།

开始翻译流程 (尝试 1/2):
========================================
步骤1: 输入藏语文本...
输入文本时出错: Message: tab crashed
  (Session info: chrome=143.0.7499.169)

✗ 输入文本失败

开始翻译流程 (尝试 2/2):
========================================
步骤1: 输入藏语文本...
输入文本时出错: Message: tab crashed
  (Session info: chrome=143.0.7499.169)

✗ 输入文本失败
========================================
✗ 翻译失败，跳过此行
✓ 已保存到文件: 303/4500 条

[304/4500] 翻译进度: 6.8%
藏语原文: འཛིན་མེད་ལ་གནས་ཀྱི་འདུག་ན་དེ་ཕྱག་རྒྱ་ཆེན་པོ་ཡིན།

开始翻译流程 (尝试 1/2):
========================================
步骤1: 输入藏语文本...
输入文本时出错: Message: tab crashed
  (Session info: chrome=143.0.7499.169)

✗ 输入文本失败

开始翻译流程 (尝试 2/2):
========================================
步骤1: 输入藏语文本...
输入文本时出错: Message: tab crashed
  (Session info: chrome=143.0.7499.169)

✗ 输入文本失败
========================================
✗ 翻译失败，跳过此行
✓ 已保存到文件: 304/4500 条

[305/4500] 翻译进度: 6.8%
藏语原文: རྣམ་རྟོག་ནི་ལྕགས་ཀྱི་སྤར་བུ་དགུའི་ཕུགས་སུ་བཅུག་ཀྱང...

开始翻译流程 (尝试 1/2):
========================================
步骤1: 输入藏语文本...
输入文本时出错: Message: tab crashed
  (Session info: chrome=143.0.7499.169)

✗ 输入文本失败

开始翻译流程 (尝试 2/2):
========================================
步骤1: 输入藏语文本...
输入文本时出错: Message: tab crashed
  (Session info: chrome=143.0.7499.169)

✗ 输入文本失败
========================================
✗ 翻译失败，跳过此行
✓ 已保存到文件: 305/4500 条

[306/4500] 翻译进度: 6.8%
藏语原文: ངེད་རང་དེ་འདྲ་མི་བྱེད་པར་དང་པོ་ནས་སེམས་གནས་འགྱུ་གཉ...

开始翻译流程 (尝试 1/2):
========================================
步骤1: 输入藏语文本...
输入文本时出错: Message: tab crashed
  (Session info: chrome=143.0.7499.169)

✗ 输入文本失败

开始翻译流程 (尝试 2/2):
========================================
步骤1: 输入藏语文本...
输入文本时出错: Message: tab crashed
  (Session info: chrome=143.0.7499.169)

✗ 输入文本失败
========================================
✗ 翻译失败，跳过此行
✓ 已保存到文件: 306/4500 条

[307/4500] 翻译进度: 6.8%
藏语原文: དོན་དམ་པར་ཀུན་ཀྱང་གཉིས་མེད་ཀུན་ཁྱབ་རྣམ་དག་ཏུ་ཡོད་པ...

开始翻译流程 (尝试 1/2):
========================================
步骤1: 输入藏语文本...
输入文本时出错: Message: tab crashed
  (Session info: chrome=143.0.7499.169)

✗ 输入文本失败

开始翻译流程 (尝试 2/2):
========================================
步骤1: 输入藏语文本...
输入文本时出错: Message: tab crashed
  (Session info: chrome=143.0.7499.169)

✗ 输入文本失败
========================================
✗ 翻译失败，跳过此行
✓ 已保存到文件: 307/4500 条

[308/4500] 翻译进度: 6.8%
藏语原文: རྣམ་རྟོག་སྐྱོན་དུ་ལྟ་བའི་དགག་བློ་མེད་པར་ཡིན་ལུགས་ཡ...

开始翻译流程 (尝试 1/2):
========================================
步骤1: 输入藏语文本...
输入文本时出错: Message: tab crashed
  (Session info: chrome=143.0.7499.169)

✗ 输入文本失败

开始翻译流程 (尝试 2/2):
========================================
步骤1: 输入藏语文本...
输入文本时出错: Message: tab crashed
  (Session info: chrome=143.0.7499.169)

✗ 输入文本失败
========================================
✗ 翻译失败，跳过此行
✓ 已保存到文件: 308/4500 条

[309/4500] 翻译进度: 6.9%
藏语原文: དེ་ལ་བདེན་འཛིན་སྤངས་ནས་ངོ་ཤེས་ཙམ་བྱས་ནས་གློད་པས་ས་...

开始翻译流程 (尝试 1/2):
========================================
步骤1: 输入藏语文本...
输入文本时出错: Message: tab crashed
  (Session info: chrome=143.0.7499.169)

✗ 输入文本失败

开始翻译流程 (尝试 2/2):
========================================
步骤1: 输入藏语文本...
输入文本时出错: Message: tab crashed
  (Session info: chrome=143.0.7499.169)

✗ 输入文本失败
========================================
✗ 翻译失败，跳过此行
✓ 已保存到文件: 309/4500 条

[310/4500] 翻译进度: 6.9%
藏语原文: སྐུ་དང་མཛད་པ་ཕྲིན་ལས་ཡེ་ཤེས་ཐམས་ཅད་ཁོ་རང་ལ་རང་ཆས་ས...

开始翻译流程 (尝试 1/2):
========================================
步骤1: 输入藏语文本...
输入文本时出错: Message: tab crashed
  (Session info: chrome=143.0.7499.169)

✗ 输入文本失败

开始翻译流程 (尝试 2/2):
========================================
步骤1: 输入藏语文本...
输入文本时出错: Message: tab crashed
  (Session info: chrome=143.0.7499.169)

✗ 输入文本失败
========================================
✗ 翻译失败，跳过此行
✓ 已保存到文件: 310/4500 条

[311/4500] 翻译进度: 6.9%
藏语原文: རྒྱུ་འབྲས་ལ་ངེས་ཤེས་སྐྱེས་ཙ་ན།

开始翻译流程 (尝试 1/2):
========================================
步骤1: 输入藏语文本...
输入文本时出错: Message: tab crashed
  (Session info: chrome=143.0.7499.169)

✗ 输入文本失败

开始翻译流程 (尝试 2/2):
========================================
步骤1: 输入藏语文本...
输入文本时出错: Message: tab crashed
  (Session info: chrome=143.0.7499.169)

✗ 输入文本失败
========================================
✗ 翻译失败，跳过此行
✓ 已保存到文件: 311/4500 条

[312/4500] 翻译进度: 6.9%
藏语原文: ཐོ་ཅོའི་རྩིང་ཧྲལ་ཡང་རྫུན་པོར་གདའ།

开始翻译流程 (尝试 1/2):
========================================
步骤1: 输入藏语文本...
输入文本时出错: Message: tab crashed
  (Session info: chrome=143.0.7499.169)

✗ 输入文本失败

开始翻译流程 (尝试 2/2):
========================================
步骤1: 输入藏语文本...
输入文本时出错: Message: tab crashed
  (Session info: chrome=143.0.7499.169)

✗ 输入文本失败
========================================
✗ 翻译失败，跳过此行
✓ 已保存到文件: 312/4500 条

[313/4500] 翻译进度: 7.0%
藏语原文: ཀ་བློ་གཏད་ཅིག་འདུག་གམ་མི་འདུག་སོམས།

开始翻译流程 (尝试 1/2):
========================================
步骤1: 输入藏语文本...
输入文本时出错: Message: tab crashed
  (Session info: chrome=143.0.7499.169)

✗ 输入文本失败

开始翻译流程 (尝试 2/2):
========================================
步骤1: 输入藏语文本...
输入文本时出错: Message: tab crashed
  (Session info: chrome=143.0.7499.169)

✗ 输入文本失败
========================================
✗ 翻译失败，跳过此行
✓ 已保存到文件: 313/4500 条

[314/4500] 翻译进度: 7.0%
藏语原文: རང་རང་གཞུང་དང་གྲུབ་པའི་མཐའ་ཡིས་ནི།

开始翻译流程 (尝试 1/2):
========================================
步骤1: 输入藏语文本...
输入文本时出错: Message: tab crashed
  (Session info: chrome=143.0.7499.169)

✗ 输入文本失败

开始翻译流程 (尝试 2/2):
========================================
步骤1: 输入藏语文本...
输入文本时出错: Message: tab crashed
  (Session info: chrome=143.0.7499.169)

✗ 输入文本失败
========================================
✗ 翻译失败，跳过此行
✓ 已保存到文件: 314/4500 条

[315/4500] 翻译进度: 7.0%
藏语原文: དེས་ན་འདི་ཚོར་ཕན་བཏགས་དགོས་འདུག་བསམ་ཞིང་།

开始翻译流程 (尝试 1/2):
========================================
步骤1: 输入藏语文本...
输入文本时出错: Message: tab crashed
  (Session info: chrome=143.0.7499.169)

✗ 输入文本失败

开始翻译流程 (尝试 2/2):
========================================
步骤1: 输入藏语文本...
输入文本时出错: Message: tab crashed
  (Session info: chrome=143.0.7499.169)

✗ 输入文本失败
========================================
✗ 翻译失败，跳过此行
✓ 已保存到文件: 315/4500 条

[316/4500] 翻译进度: 7.0%
藏语原文: དེ་ལྟར་བྱས་ན་དུས་ལ་མ་བབས་པའི་གཞན་དོན་གཞན་ལ་ཕན་ཆུང་...

开始翻译流程 (尝试 1/2):
========================================
步骤1: 输入藏语文本...
输入文本时出错: Message: tab crashed
  (Session info: chrome=143.0.7499.169)

✗ 输入文本失败

开始翻译流程 (尝试 2/2):
========================================
步骤1: 输入藏语文本...
输入文本时出错: Message: tab crashed
  (Session info: chrome=143.0.7499.169)

✗ 输入文本失败
========================================
✗ 翻译失败，跳过此行
✓ 已保存到文件: 316/4500 条

[317/4500] 翻译进度: 7.0%
藏语原文: རང་དུ་འདུག་ཀྱང་ཐག་མ་ཆོད།

开始翻译流程 (尝试 1/2):
========================================
步骤1: 输入藏语文本...
输入文本时出错: Message: tab crashed
  (Session info: chrome=143.0.7499.169)

✗ 输入文本失败

开始翻译流程 (尝试 2/2):
========================================
步骤1: 输入藏语文本...
输入文本时出错: Message: tab crashed
  (Session info: chrome=143.0.7499.169)

✗ 输入文本失败
========================================
✗ 翻译失败，跳过此行
✓ 已保存到文件: 317/4500 条

[318/4500] 翻译进度: 7.1%
藏语原文: དེ་ལ་གོམས་ཙ་ན་ངེས་ཤེས་སྐྱེ་བ་ཡིན།

开始翻译流程 (尝试 1/2):
========================================
步骤1: 输入藏语文本...
输入文本时出错: Message: tab crashed
  (Session info: chrome=143.0.7499.169)

✗ 输入文本失败

开始翻译流程 (尝试 2/2):
========================================
步骤1: 输入藏语文本...
输入文本时出错: Message: tab crashed
  (Session info: chrome=143.0.7499.169)

✗ 输入文本失败
========================================
✗ 翻译失败，跳过此行
✓ 已保存到文件: 318/4500 条

[319/4500] 翻译进度: 7.1%
藏语原文: ཟ་སྒོམ་འཆག་དང་འགྲོ་དང་འདུག་པ་དང་།

开始翻译流程 (尝试 1/2):
========================================
步骤1: 输入藏语文本...
输入文本时出错: Message: tab crashed
  (Session info: chrome=143.0.7499.169)

✗ 输入文本失败

开始翻译流程 (尝试 2/2):
========================================
步骤1: 输入藏语文本...
输入文本时出错: Message: tab crashed
  (Session info: chrome=143.0.7499.169)

✗ 输入文本失败
========================================
✗ 翻译失败，跳过此行
✓ 已保存到文件: 319/4500 条

[320/4500] 翻译进度: 7.1%
藏语原文: འདི་རྣམས་ནི་ལར་ངེད་རང་ལ་གེགས་སེལ་གྱི་རྩ་བ་རང་དུ་འད...

开始翻译流程 (尝试 1/2):
========================================
步骤1: 输入藏语文本...
输入文本时出错: Message: tab crashed
  (Session info: chrome=143.0.7499.169)

✗ 输入文本失败

开始翻译流程 (尝试 2/2):
========================================
步骤1: 输入藏语文本...
输入文本时出错: Message: tab crashed
  (Session info: chrome=143.0.7499.169)

✗ 输入文本失败
========================================
✗ 翻译失败，跳过此行
✓ 已保存到文件: 320/4500 条

[321/4500] 翻译进度: 7.1%
藏语原文: མི་ཚེ་གང་ཕྱིད་ལ་འདུན་པ་གཏད་ནས་སྐྱིད་སྡུག་མེད་པར་སྒ...

开始翻译流程 (尝试 1/2):
========================================
步骤1: 输入藏语文本...
输入文本时出错: Message: tab crashed
  (Session info: chrome=143.0.7499.169)

✗ 输入文本失败

开始翻译流程 (尝试 2/2):
========================================
步骤1: 输入藏语文本...
输入文本时出错: Message: tab crashed
  (Session info: chrome=143.0.7499.169)

✗ 输入文本失败
========================================
✗ 翻译失败，跳过此行
✓ 已保存到文件: 321/4500 条

[322/4500] 翻译进度: 7.2%
藏语原文: ངེད་རང་དེ་འདྲ་རང་ཞིག་བྱུང་ན་མ་བྱུང་ན་དགོས་པར་འདུག།

开始翻译流程 (尝试 1/2):
========================================
步骤1: 输入藏语文本...
输入文本时出错: Message: tab crashed
  (Session info: chrome=143.0.7499.169)

✗ 输入文本失败

开始翻译流程 (尝试 2/2):
========================================
步骤1: 输入藏语文本...
输入文本时出错: Message: tab crashed
  (Session info: chrome=143.0.7499.169)

✗ 输入文本失败
========================================
✗ 翻译失败，跳过此行
✓ 已保存到文件: 322/4500 条

[323/4500] 翻译进度: 7.2%
藏语原文: དེ་ལྟར་བསྒྲུབ་དགོས་རྒྱུ་འདྲ་ཞིག་ནི་ཚེ་འདི་ཕྱིར་བར་...

开始翻译流程 (尝试 1/2):
========================================
步骤1: 输入藏语文本...
输入文本时出错: Message: tab crashed
  (Session info: chrome=143.0.7499.169)

✗ 输入文本失败

开始翻译流程 (尝试 2/2):
========================================
步骤1: 输入藏语文本...
输入文本时出错: Message: tab crashed
  (Session info: chrome=143.0.7499.169)

✗ 输入文本失败
========================================
✗ 翻译失败，跳过此行
✓ 已保存到文件: 323/4500 条

[324/4500] 翻译进度: 7.2%
藏语原文: དེ་ནི་ཀུན་གྱི་ནང་ནས་གལ་ཆེ་བ་ཡིན་པར་འདུག།

开始翻译流程 (尝试 1/2):
========================================
步骤1: 输入藏语文本...
输入文本时出错: Message: tab crashed
  (Session info: chrome=143.0.7499.169)

✗ 输入文本失败

开始翻译流程 (尝试 2/2):
========================================
步骤1: 输入藏语文本...
输入文本时出错: Message: tab crashed
  (Session info: chrome=143.0.7499.169)

✗ 输入文本失败
========================================
✗ 翻译失败，跳过此行
✓ 已保存到文件: 324/4500 条

[325/4500] 翻译进度: 7.2%
藏语原文: དེའང་རང་ལ་གཉེན་ཉེ་བ་ལ་སོགས་པས་སྒེར་དུ་བརྩེ་བ་བྱེད་...

开始翻译流程 (尝试 1/2):
========================================
步骤1: 输入藏语文本...
输入文本时出错: Message: tab crashed
  (Session info: chrome=143.0.7499.169)

✗ 输入文本失败

开始翻译流程 (尝试 2/2):
========================================
步骤1: 输入藏语文本...
输入文本时出错: Message: tab crashed
  (Session info: chrome=143.0.7499.169)

✗ 输入文本失败
========================================
✗ 翻译失败，跳过此行
✓ 已保存到文件: 325/4500 条

[326/4500] 翻译进度: 7.2%
藏语原文: དྲན་འདུན་མེད་ན་སྒོམ་སྟོར་གསུངས་འདུག་པ་དེ་ཚོར་བསམ་ད...

开始翻译流程 (尝试 1/2):
========================================
步骤1: 输入藏语文本...
输入文本时出错: Message: tab crashed
  (Session info: chrome=143.0.7499.169)

✗ 输入文本失败

开始翻译流程 (尝试 2/2):
========================================
步骤1: 输入藏语文本...
输入文本时出错: Message: tab crashed
  (Session info: chrome=143.0.7499.169)

✗ 输入文本失败
========================================
✗ 翻译失败，跳过此行
✓ 已保存到文件: 326/4500 条

[327/4500] 翻译进度: 7.3%
藏语原文: འཕྲལ་རང་ཉམས་གསལ་མི་གསལ་ཙམ་དུ་བསམ་ནས་བྱིང་རྒོད་གར་ཤ...

开始翻译流程 (尝试 1/2):
========================================
步骤1: 输入藏语文本...
输入文本时出错: Message: tab crashed
  (Session info: chrome=143.0.7499.169)

✗ 输入文本失败

开始翻译流程 (尝试 2/2):
========================================
步骤1: 输入藏语文本...
输入文本时出错: Message: tab crashed
  (Session info: chrome=143.0.7499.169)

✗ 输入文本失败
========================================
✗ 翻译失败，跳过此行
✓ 已保存到文件: 327/4500 条

[328/4500] 翻译进度: 7.3%
藏语原文: དེ་ལྟར་རྩེ་གཅིག་དུས་སུའང་དྲན་པ་གལ་ཆེ་བ་ཡིན།

开始翻译流程 (尝试 1/2):
========================================
步骤1: 输入藏语文本...
输入文本时出错: Message: tab crashed
  (Session info: chrome=143.0.7499.169)

✗ 输入文本失败

开始翻译流程 (尝试 2/2):
========================================
步骤1: 输入藏语文本...
输入文本时出错: Message: tab crashed
  (Session info: chrome=143.0.7499.169)

✗ 输入文本失败
========================================
✗ 翻译失败，跳过此行
✓ 已保存到文件: 328/4500 条

[329/4500] 翻译进度: 7.3%
藏语原文: རྩོལ་མེད་ཀྱི་དྲན་པ་བྱུང་ཡང་ད་དུང་རང་ངོ་རྒྱུན་དུ་གས...

开始翻译流程 (尝试 1/2):
========================================
步骤1: 输入藏语文本...
输入文本时出错: Message: tab crashed
  (Session info: chrome=143.0.7499.169)

✗ 输入文本失败

开始翻译流程 (尝试 2/2):
========================================
步骤1: 输入藏语文本...
输入文本时出错: Message: tab crashed
  (Session info: chrome=143.0.7499.169)

✗ 输入文本失败
========================================
✗ 翻译失败，跳过此行
✓ 已保存到文件: 329/4500 条

[330/4500] 翻译进度: 7.3%
藏语原文: ཅེས་གསུངས་འདུག་སྟེ།

开始翻译流程 (尝试 1/2):
========================================
步骤1: 输入藏语文本...
输入文本时出错: Message: tab crashed
  (Session info: chrome=143.0.7499.169)

✗ 输入文本失败

开始翻译流程 (尝试 2/2):
========================================
步骤1: 输入藏语文本...
输入文本时出错: Message: tab crashed
  (Session info: chrome=143.0.7499.169)

✗ 输入文本失败
========================================
✗ 翻译失败，跳过此行
✓ 已保存到文件: 330/4500 条

[331/4500] 翻译进度: 7.4%
藏语原文: ཚེ་རབས་ཀུན་ཏུ་གཞན་དོན་དཔག་མེད་འགྲུབ་པ་ཡིན་པར་འདུག།

开始翻译流程 (尝试 1/2):
========================================
步骤1: 输入藏语文本...
输入文本时出错: Message: tab crashed
  (Session info: chrome=143.0.7499.169)

✗ 输入文本失败

开始翻译流程 (尝试 2/2):
========================================
步骤1: 输入藏语文本...
输入文本时出错: Message: tab crashed
  (Session info: chrome=143.0.7499.169)

✗ 输入文本失败
========================================
✗ 翻译失败，跳过此行
✓ 已保存到文件: 331/4500 条

[332/4500] 翻译进度: 7.4%
藏语原文: ད་འགྲོ་དོན་རན་ཟེར་ཕར་འགྲོ་དགོས་པ་མིན་པར་འདུག།

开始翻译流程 (尝试 1/2):
========================================
步骤1: 输入藏语文本...
输入文本时出错: Message: tab crashed
  (Session info: chrome=143.0.7499.169)

✗ 输入文本失败

开始翻译流程 (尝试 2/2):
========================================
步骤1: 输入藏语文本...
输入文本时出错: Message: tab crashed
  (Session info: chrome=143.0.7499.169)

✗ 输入文本失败
========================================
✗ 翻译失败，跳过此行
✓ 已保存到文件: 332/4500 条

[333/4500] 翻译进度: 7.4%
藏语原文: ཚུར་གདུལ་བྱ་ཐམས་ཅད་རྩོལ་མེད་དུ་འདུས་ཡོང་བ་ཡིན་པར་འ...

开始翻译流程 (尝试 1/2):
========================================
步骤1: 输入藏语文本...
输入文本时出错: Message: tab crashed
  (Session info: chrome=143.0.7499.169)

✗ 输入文本失败

开始翻译流程 (尝试 2/2):
========================================
步骤1: 输入藏语文本...
输入文本时出错: Message: tab crashed
  (Session info: chrome=143.0.7499.169)

✗ 输入文本失败
========================================
✗ 翻译失败，跳过此行
✓ 已保存到文件: 333/4500 条

[334/4500] 翻译进度: 7.4%
藏语原文: དེ་ལྟར་མིན་པའི་འཕྲལ་བློ་ཆུང་ནི་གོལ་ས་ཡིན་པར་འདུག།

开始翻译流程 (尝试 1/2):
========================================
步骤1: 输入藏语文本...
输入文本时出错: Message: tab crashed
  (Session info: chrome=143.0.7499.169)

✗ 输入文本失败

开始翻译流程 (尝试 2/2):
========================================
步骤1: 输入藏语文本...
输入文本时出错: Message: tab crashed
  (Session info: chrome=143.0.7499.169)

✗ 输入文本失败
========================================
✗ 翻译失败，跳过此行
✓ 已保存到文件: 334/4500 条

[335/4500] 翻译进度: 7.4%
藏语原文: རང་དོན་འགྲུབ་ནས་གཞན་དོན་དུས་བབ་རྒྱལ་པོ་རྒྱལ་སར་བཞུ...

开始翻译流程 (尝试 1/2):
========================================
步骤1: 输入藏语文本...
输入文本时出错: Message: tab crashed
  (Session info: chrome=143.0.7499.169)

✗ 输入文本失败

开始翻译流程 (尝试 2/2):
========================================
步骤1: 输入藏语文本...
输入文本时出错: Message: tab crashed
  (Session info: chrome=143.0.7499.169)

✗ 输入文本失败
========================================
✗ 翻译失败，跳过此行
✓ 已保存到文件: 335/4500 条

[336/4500] 翻译进度: 7.5%
藏语原文: དེ་བས་ན་འཁོར་འདས་གཉིས་ཀྱི་བསྒྱུར་སོའང་རང་འདོད་འདིས...

开始翻译流程 (尝试 1/2):
========================================
步骤1: 输入藏语文本...
输入文本时出错: Message: tab crashed
  (Session info: chrome=143.0.7499.169)

✗ 输入文本失败

开始翻译流程 (尝试 2/2):
========================================
步骤1: 输入藏语文本...
输入文本时出错: Message: tab crashed
  (Session info: chrome=143.0.7499.169)

✗ 输入文本失败
========================================
✗ 翻译失败，跳过此行
✓ 已保存到文件: 336/4500 条

[337/4500] 翻译进度: 7.5%
藏语原文: དེ་བས་ཆེར་བསྐྱེད་རྒྱུ་སོགས་འདུག་ནའང་བསྐྱེད།

开始翻译流程 (尝试 1/2):
========================================
步骤1: 输入藏语文本...
输入文本时出错: Message: tab crashed
  (Session info: chrome=143.0.7499.169)

✗ 输入文本失败

开始翻译流程 (尝试 2/2):
========================================
步骤1: 输入藏语文本...
输入文本时出错: Message: tab crashed
  (Session info: chrome=143.0.7499.169)

✗ 输入文本失败
========================================
✗ 翻译失败，跳过此行
✓ 已保存到文件: 337/4500 条

[338/4500] 翻译进度: 7.5%
藏语原文: ཚུར་ཤུགས་ཀྱིས་འདུས་པ་ཞིག་འོང་བ་ཡིན་འདུག་གོ།

开始翻译流程 (尝试 1/2):
========================================
步骤1: 输入藏语文本...
输入文本时出错: Message: tab crashed
  (Session info: chrome=143.0.7499.169)

✗ 输入文本失败

开始翻译流程 (尝试 2/2):
========================================
步骤1: 输入藏语文本...
输入文本时出错: Message: tab crashed
  (Session info: chrome=143.0.7499.169)

✗ 输入文本失败
========================================
✗ 翻译失败，跳过此行
✓ 已保存到文件: 338/4500 条

[339/4500] 翻译进度: 7.5%
藏语原文: དབེན་པའི་རི་ལ་འདུག།

开始翻译流程 (尝试 1/2):
========================================
步骤1: 输入藏语文本...
输入文本时出错: Message: tab crashed
  (Session info: chrome=143.0.7499.169)

✗ 输入文本失败

开始翻译流程 (尝试 2/2):
========================================
步骤1: 输入藏语文本...
输入文本时出错: Message: tab crashed
  (Session info: chrome=143.0.7499.169)

✗ 输入文本失败
========================================
✗ 翻译失败，跳过此行
✓ 已保存到文件: 339/4500 条

[340/4500] 翻译进度: 7.6%
藏语原文: དེའང་རང་ངོ་མ་ཡེངས་ཙམ་དུ་སྐྱོང་བདེ་བ་ཙམ་ཞིག་བྱུང་ཡང...

开始翻译流程 (尝试 1/2):
========================================
步骤1: 输入藏语文本...
输入文本时出错: Message: tab crashed
  (Session info: chrome=143.0.7499.169)

✗ 输入文本失败

开始翻译流程 (尝试 2/2):
========================================
步骤1: 输入藏语文本...
输入文本时出错: Message: tab crashed
  (Session info: chrome=143.0.7499.169)

✗ 输入文本失败
========================================
✗ 翻译失败，跳过此行
✓ 已保存到文件: 340/4500 条

[341/4500] 翻译进度: 7.6%
藏语原文: དོན་ཐོག་ཏུ་རྟག་མི་ཐུབ་ཅིང་རང་བསླུ་བར་འགྱུར་རོ།

开始翻译流程 (尝试 1/2):
========================================
步骤1: 输入藏语文本...
输入文本时出错: Message: tab crashed
  (Session info: chrome=143.0.7499.169)

✗ 输入文本失败

开始翻译流程 (尝试 2/2):
========================================
步骤1: 输入藏语文本...
输入文本时出错: Message: tab crashed
  (Session info: chrome=143.0.7499.169)

✗ 输入文本失败
========================================
✗ 翻译失败，跳过此行
✓ 已保存到文件: 341/4500 条

[342/4500] 翻译进度: 7.6%
藏语原文: ཕྲ་རགས་དེ་གཉིས་ཀྱི་ངོ་བོ་ལ་ཁྱད་པར་ཅི་འདུག་ཡང་ཡང་ལྟ...

开始翻译流程 (尝试 1/2):
========================================
步骤1: 输入藏语文本...
输入文本时出错: Message: tab crashed
  (Session info: chrome=143.0.7499.169)

✗ 输入文本失败

开始翻译流程 (尝试 2/2):
========================================
步骤1: 输入藏语文本...
输入文本时出错: Message: tab crashed
  (Session info: chrome=143.0.7499.169)

✗ 输入文本失败
========================================
✗ 翻译失败，跳过此行
✓ 已保存到文件: 342/4500 条

[343/4500] 翻译进度: 7.6%
藏语原文: དེ་ལ་སྒྲོ་འདོགས་ཆོད་ན་དེ་དག་དང་སེམས་གནས་དུས་ཀྱིས་ང...

开始翻译流程 (尝试 1/2):
========================================
步骤1: 输入藏语文本...
输入文本时出错: Message: tab crashed
  (Session info: chrome=143.0.7499.169)

✗ 输入文本失败

开始翻译流程 (尝试 2/2):
========================================
步骤1: 输入藏语文本...
输入文本时出错: Message: tab crashed
  (Session info: chrome=143.0.7499.169)

✗ 输入文本失败
========================================
✗ 翻译失败，跳过此行
✓ 已保存到文件: 343/4500 条

[344/4500] 翻译进度: 7.6%
藏语原文: དེ་དག་དགག་མི་དགོས་པར་རྣམ་པ་གསལ་བཞིན་དུ་ངོ་བོ་ངོས་བ...

开始翻译流程 (尝试 1/2):
========================================
步骤1: 输入藏语文本...
输入文本时出错: Message: tab crashed
  (Session info: chrome=143.0.7499.169)

✗ 输入文本失败

开始翻译流程 (尝试 2/2):
========================================
步骤1: 输入藏语文本...
输入文本时出错: Message: tab crashed
  (Session info: chrome=143.0.7499.169)

✗ 输入文本失败
========================================
✗ 翻译失败，跳过此行
✓ 已保存到文件: 344/4500 条

[345/4500] 翻译进度: 7.7%
藏语原文: གཉིས་སྣང་འདུག་ན་སྒྲོ་འདོགས་མ་ཆོད་པ་ཡིན་པས་སླར་ཡང་ལ...

开始翻译流程 (尝试 1/2):
========================================
步骤1: 输入藏语文本...
输入文本时出错: Message: tab crashed
  (Session info: chrome=143.0.7499.169)

✗ 输入文本失败

开始翻译流程 (尝试 2/2):
========================================
步骤1: 输入藏语文本...
输入文本时出错: Message: tab crashed
  (Session info: chrome=143.0.7499.169)

✗ 输入文本失败
========================================
✗ 翻译失败，跳过此行
✓ 已保存到文件: 345/4500 条

[346/4500] 翻译进度: 7.7%
藏语原文: དོན་ལ་ངོས་གཟུང་རྒྱུ་དང་མཚོན་གཞི་སྤུ་རྩེ་ཙམ་ཡང་མེད་...

开始翻译流程 (尝试 1/2):
========================================
步骤1: 输入藏语文本...
输入文本时出错: Message: tab crashed
  (Session info: chrome=143.0.7499.169)

✗ 输入文本失败

开始翻译流程 (尝试 2/2):
========================================
步骤1: 输入藏语文本...
输入文本时出错: Message: tab crashed
  (Session info: chrome=143.0.7499.169)

✗ 输入文本失败
========================================
✗ 翻译失败，跳过此行
✓ 已保存到文件: 346/4500 条

[347/4500] 翻译进度: 7.7%
藏语原文: ད་ལྟའི་སེམས་ཇི་ལྟར་འདུག་བལྟས་པས་དུས་གསུམ་གྱི་སེམས་...

开始翻译流程 (尝试 1/2):
========================================
步骤1: 输入藏语文本...
输入文本时出错: Message: tab crashed
  (Session info: chrome=143.0.7499.169)

✗ 输入文本失败

开始翻译流程 (尝试 2/2):
========================================
步骤1: 输入藏语文本...
输入文本时出错: Message: tab crashed
  (Session info: chrome=143.0.7499.169)

✗ 输入文本失败
========================================
✗ 翻译失败，跳过此行
✓ 已保存到文件: 347/4500 条

[348/4500] 翻译进度: 7.7%
藏语原文: རང་བྱུང་རང་གྲོལ།

开始翻译流程 (尝试 1/2):
========================================
步骤1: 输入藏语文本...
输入文本时出错: Message: tab crashed
  (Session info: chrome=143.0.7499.169)

✗ 输入文本失败

开始翻译流程 (尝试 2/2):
========================================
步骤1: 输入藏语文本...
输入文本时出错: Message: tab crashed
  (Session info: chrome=143.0.7499.169)

✗ 输入文本失败
========================================
✗ 翻译失败，跳过此行
✓ 已保存到文件: 348/4500 条

[349/4500] 翻译进度: 7.8%
藏语原文: ཐ་མལ་གྱི་སེམས་གང་འདུག་ཅི་བྱུང་ཅི་ཤར་དེ་ཀ་སྒོམ་གྱི་...

开始翻译流程 (尝试 1/2):
========================================
步骤1: 输入藏语文本...
输入文本时出错: Message: tab crashed
  (Session info: chrome=143.0.7499.169)

✗ 输入文本失败

开始翻译流程 (尝试 2/2):
========================================
步骤1: 输入藏语文本...
输入文本时出错: Message: tab crashed
  (Session info: chrome=143.0.7499.169)

✗ 输入文本失败
========================================
✗ 翻译失败，跳过此行
✓ 已保存到文件: 349/4500 条

[350/4500] 翻译进度: 7.8%
藏语原文: རང་བྱུང་རང་ཞི་ཆུ་ཡི་རྦ་རླབས་འདྲ།

开始翻译流程 (尝试 1/2):
========================================
步骤1: 输入藏语文本...
输入文本时出错: Message: tab crashed
  (Session info: chrome=143.0.7499.169)

✗ 输入文本失败

开始翻译流程 (尝试 2/2):
========================================
步骤1: 输入藏语文本...
输入文本时出错: Message: tab crashed
  (Session info: chrome=143.0.7499.169)

✗ 输入文本失败
========================================
✗ 翻译失败，跳过此行
✓ 已保存到文件: 350/4500 条

[351/4500] 翻译进度: 7.8%
藏语原文: སྒོམ་མེད་ངང་ལ་ཐ་མལ་འདུག་པ་ཡིན།

开始翻译流程 (尝试 1/2):
========================================
步骤1: 输入藏语文本...
输入文本时出错: Message: tab crashed
  (Session info: chrome=143.0.7499.169)

✗ 输入文本失败

开始翻译流程 (尝试 2/2):
========================================
步骤1: 输入藏语文本...
输入文本时出错: Message: tab crashed
  (Session info: chrome=143.0.7499.169)

✗ 输入文本失败
========================================
✗ 翻译失败，跳过此行
✓ 已保存到文件: 351/4500 条

[352/4500] 翻译进度: 7.8%
藏语原文: འོ་ན་དྲན་པས་མ་ཟིན་ཙ་ན་ངོ་བོ་མི་འོང་བའི་རྟོག་པ་རང་ག...

开始翻译流程 (尝试 1/2):
========================================
步骤1: 输入藏语文本...
输入文本时出错: Message: tab crashed
  (Session info: chrome=143.0.7499.169)

✗ 输入文本失败

开始翻译流程 (尝试 2/2):
========================================
步骤1: 输入藏语文本...
输入文本时出错: Message: tab crashed
  (Session info: chrome=143.0.7499.169)

✗ 输入文本失败
========================================
✗ 翻译失败，跳过此行
✓ 已保存到文件: 352/4500 条

[353/4500] 翻译进度: 7.8%
藏语原文: གལ་ཏེ་དྲན་ཡེངས་ལ་ཐོབ་ཤོར་གྱི་ཁུ་འཕྲིག་ཆེན་པོ་འདུག་...

开始翻译流程 (尝试 1/2):
========================================
步骤1: 输入藏语文本...
输入文本时出错: Message: tab crashed
  (Session info: chrome=143.0.7499.169)

✗ 输入文本失败

开始翻译流程 (尝试 2/2):
========================================
步骤1: 输入藏语文本...
输入文本时出错: Message: tab crashed
  (Session info: chrome=143.0.7499.169)

✗ 输入文本失败
========================================
✗ 翻译失败，跳过此行
✓ 已保存到文件: 353/4500 条

[354/4500] 翻译进度: 7.9%
藏语原文: སེམས་ཀྱང་རང་བཞིན་མ་གྲུབ་པ་སྟོང་པ་ཉིད་ཀྱི་ཀློང་དེར་...

开始翻译流程 (尝试 1/2):
========================================
步骤1: 输入藏语文本...
输入文本时出错: Message: tab crashed
  (Session info: chrome=143.0.7499.169)

✗ 输入文本失败

开始翻译流程 (尝试 2/2):
========================================
步骤1: 输入藏语文本...
输入文本时出错: Message: tab crashed
  (Session info: chrome=143.0.7499.169)

✗ 输入文本失败
========================================
✗ 翻译失败，跳过此行
✓ 已保存到文件: 354/4500 条

[355/4500] 翻译进度: 7.9%
藏语原文: སྦ་ལ་ཚག་ཚིགས་འདུག་པ་འདི།

开始翻译流程 (尝试 1/2):
========================================
步骤1: 输入藏语文本...
输入文本时出错: Message: tab crashed
  (Session info: chrome=143.0.7499.169)

✗ 输入文本失败

开始翻译流程 (尝试 2/2):
========================================
步骤1: 输入藏语文本...
输入文本时出错: Message: tab crashed
  (Session info: chrome=143.0.7499.169)

✗ 输入文本失败
========================================
✗ 翻译失败，跳过此行
✓ 已保存到文件: 355/4500 条

[356/4500] 翻译进度: 7.9%
藏语原文: དཔྱད་དགོས་པར་འདུག།

开始翻译流程 (尝试 1/2):
========================================
步骤1: 输入藏语文本...
输入文本时出错: Message: tab crashed
  (Session info: chrome=143.0.7499.169)

✗ 输入文本失败

开始翻译流程 (尝试 2/2):
========================================
步骤1: 输入藏语文本...
输入文本时出错: Message: tab crashed
  (Session info: chrome=143.0.7499.169)

✗ 输入文本失败
========================================
✗ 翻译失败，跳过此行
✓ 已保存到文件: 356/4500 条

[357/4500] 翻译进度: 7.9%
藏语原文: ཡོན་ཏན་ཤར་ཡང་གཞན་ཕན་འགྲུབ་དུས་མེད་པས་བསྟན་པ་ཉམས་དམ...

开始翻译流程 (尝试 1/2):
========================================
步骤1: 输入藏语文本...
输入文本时出错: Message: tab crashed
  (Session info: chrome=143.0.7499.169)

✗ 输入文本失败

开始翻译流程 (尝试 2/2):
========================================
步骤1: 输入藏语文本...
输入文本时出错: Message: tab crashed
  (Session info: chrome=143.0.7499.169)

✗ 输入文本失败
========================================
✗ 翻译失败，跳过此行
✓ 已保存到文件: 357/4500 条

[358/4500] 翻译进度: 8.0%
藏语原文: གང་ཟག་སྦྱངས་པ་ཤིན་ཏུ་ཆེ་བ་ཡིན་འདུག།

开始翻译流程 (尝试 1/2):
========================================
步骤1: 输入藏语文本...
输入文本时出错: Message: tab crashed
  (Session info: chrome=143.0.7499.169)

✗ 输入文本失败

开始翻译流程 (尝试 2/2):
========================================
步骤1: 输入藏语文本...
输入文本时出错: Message: tab crashed
  (Session info: chrome=143.0.7499.169)

✗ 输入文本失败
========================================
✗ 翻译失败，跳过此行
✓ 已保存到文件: 358/4500 条

[359/4500] 翻译进度: 8.0%
藏语原文: དེ་ཡང་རང་ཉིད་ཐོས་བསམ་སྦྱངས་པས་གདམས་ངག་གོ་བས།

开始翻译流程 (尝试 1/2):
========================================
步骤1: 输入藏语文本...
输入文本时出错: Message: tab crashed
  (Session info: chrome=143.0.7499.169)

✗ 输入文本失败

开始翻译流程 (尝试 2/2):
========================================
步骤1: 输入藏语文本...
输入文本时出错: Message: tab crashed
  (Session info: chrome=143.0.7499.169)

✗ 输入文本失败
========================================
✗ 翻译失败，跳过此行
✓ 已保存到文件: 359/4500 条

[360/4500] 翻译进度: 8.0%
藏语原文: སེམས་ཀྱི་གནས་ལུགས་འདི་ལྟ་བུ་འདུག་བསམ་པ་གོ་བ་དང་།

开始翻译流程 (尝试 1/2):
========================================
步骤1: 输入藏语文本...
输入文本时出错: Message: tab crashed
  (Session info: chrome=143.0.7499.169)

✗ 输入文本失败

开始翻译流程 (尝试 2/2):
========================================
步骤1: 输入藏语文本...
输入文本时出错: Message: tab crashed
  (Session info: chrome=143.0.7499.169)

✗ 输入文本失败
========================================
✗ 翻译失败，跳过此行
✓ 已保存到文件: 360/4500 条

[361/4500] 翻译进度: 8.0%
藏语原文: དེ་ཙུག་ཡིན་པར་འདུག་སྙམ་དུ་བློ་ཡུལ་དུ་བྱུང་བ་དེ་རྣམ...

开始翻译流程 (尝试 1/2):
========================================
步骤1: 输入藏语文本...
输入文本时出错: Message: tab crashed
  (Session info: chrome=143.0.7499.169)

✗ 输入文本失败

开始翻译流程 (尝试 2/2):
========================================
步骤1: 输入藏语文本...
输入文本时出错: Message: tab crashed
  (Session info: chrome=143.0.7499.169)

✗ 输入文本失败
========================================
✗ 翻译失败，跳过此行
✓ 已保存到文件: 361/4500 条

[362/4500] 翻译进度: 8.0%
藏语原文: སྡུག་ཐུག་ཙ་ན་མཆུ་ན་བ་ལ་ཐུག།

开始翻译流程 (尝试 1/2):
========================================
步骤1: 输入藏语文本...
输入文本时出错: Message: tab crashed
  (Session info: chrome=143.0.7499.169)

✗ 输入文本失败

开始翻译流程 (尝试 2/2):
========================================
步骤1: 输入藏语文本...
输入文本时出错: Message: tab crashed
  (Session info: chrome=143.0.7499.169)

✗ 输入文本失败
========================================
✗ 翻译失败，跳过此行
✓ 已保存到文件: 362/4500 条

[363/4500] 翻译进度: 8.1%
藏语原文: པོ་ཏི་མཛོ་ཁལ་ལྔ་བརྒྱ་ལ་ལོངས་པ་ཡོད་ཀྱང་འཆི་ཙ་ན་ཤུལ་...

开始翻译流程 (尝试 1/2):
========================================
步骤1: 输入藏语文本...
输入文本时出错: Message: tab crashed
  (Session info: chrome=143.0.7499.169)

✗ 输入文本失败

开始翻译流程 (尝试 2/2):
========================================
步骤1: 输入藏语文本...
输入文本时出错: Message: tab crashed
  (Session info: chrome=143.0.7499.169)

✗ 输入文本失败
========================================
✗ 翻译失败，跳过此行
✓ 已保存到文件: 363/4500 条

[364/4500] 翻译进度: 8.1%
藏语原文: ཁོང་རང་ནི་ཐོས་གྲོལ་ཆེན་པོའི་གསུང་དགོངས་པ་ཅན་ཡིན་ཏེ...

开始翻译流程 (尝试 1/2):
========================================
步骤1: 输入藏语文本...
输入文本时出错: Message: tab crashed
  (Session info: chrome=143.0.7499.169)

✗ 输入文本失败

开始翻译流程 (尝试 2/2):
========================================
步骤1: 输入藏语文本...
输入文本时出错: Message: tab crashed
  (Session info: chrome=143.0.7499.169)

✗ 输入文本失败
========================================
✗ 翻译失败，跳过此行
✓ 已保存到文件: 364/4500 条

[365/4500] 翻译进度: 8.1%
藏语原文: ནན་ལྟར་བསྒོམ་བྱ་སྒོམ་བྱེད་མི་འདུག་སྙམ་པ་ཉམས།

开始翻译流程 (尝试 1/2):
========================================
步骤1: 输入藏语文本...
输入文本时出错: Message: tab crashed
  (Session info: chrome=143.0.7499.169)

✗ 输入文本失败

开始翻译流程 (尝试 2/2):
========================================
步骤1: 输入藏语文本...
输入文本时出错: Message: tab crashed
  (Session info: chrome=143.0.7499.169)

✗ 输入文本失败
========================================
✗ 翻译失败，跳过此行
✓ 已保存到文件: 365/4500 条

[366/4500] 翻译进度: 8.1%
藏语原文: ཞེས་གསུངས་འདུག་ཅིང་།

开始翻译流程 (尝试 1/2):
========================================
步骤1: 输入藏语文本...
输入文本时出错: Message: tab crashed
  (Session info: chrome=143.0.7499.169)

✗ 输入文本失败

开始翻译流程 (尝试 2/2):
========================================
步骤1: 输入藏语文本...
输入文本时出错: Message: tab crashed
  (Session info: chrome=143.0.7499.169)

✗ 输入文本失败
========================================
✗ 翻译失败，跳过此行
✓ 已保存到文件: 366/4500 条

[367/4500] 翻译进度: 8.2%
藏语原文: ང་རང་བློ་དང་འདྲིས་པ་ནི་འདི་འདྲ་ཞིག་བྱུང་སྟེ།

开始翻译流程 (尝试 1/2):
========================================
步骤1: 输入藏语文本...
输入文本时出错: Message: tab crashed
  (Session info: chrome=143.0.7499.169)

✗ 输入文本失败

开始翻译流程 (尝试 2/2):
========================================
步骤1: 输入藏语文本...
输入文本时出错: Message: tab crashed
  (Session info: chrome=143.0.7499.169)

✗ 输入文本失败
========================================
✗ 翻译失败，跳过此行
✓ 已保存到文件: 367/4500 条

[368/4500] 翻译进度: 8.2%
藏语原文: ཞེས་པ་སྔར་གྱི་ཉམས་དང་མྱོང་བའི་དྲི་མ་ཐམས་ཅད་དག་ནས་ལ...

开始翻译流程 (尝试 1/2):
========================================
步骤1: 输入藏语文本...
输入文本时出错: Message: tab crashed
  (Session info: chrome=143.0.7499.169)

✗ 输入文本失败

开始翻译流程 (尝试 2/2):
========================================
步骤1: 输入藏语文本...
输入文本时出错: Message: tab crashed
  (Session info: chrome=143.0.7499.169)

✗ 输入文本失败
========================================
✗ 翻译失败，跳过此行
✓ 已保存到文件: 368/4500 条

[369/4500] 翻译进度: 8.2%
藏语原文: རྩེ་གཅིག་དུས་སུ་ངོ་བོ་རྟོགས།

开始翻译流程 (尝试 1/2):
========================================
步骤1: 输入藏语文本...
输入文本时出错: Message: tab crashed
  (Session info: chrome=143.0.7499.169)

✗ 输入文本失败

开始翻译流程 (尝试 2/2):
========================================
步骤1: 输入藏语文本...
输入文本时出错: Message: tab crashed
  (Session info: chrome=143.0.7499.169)

✗ 输入文本失败
========================================
✗ 翻译失败，跳过此行
✓ 已保存到文件: 369/4500 条

[370/4500] 翻译进度: 8.2%
藏语原文: རོ་གཅིག་དུས་སུ་མཚན་ཉིད་རྟོགས།

开始翻译流程 (尝试 1/2):
========================================
步骤1: 输入藏语文本...
输入文本时出错: Message: tab crashed
  (Session info: chrome=143.0.7499.169)

✗ 输入文本失败

开始翻译流程 (尝试 2/2):
========================================
步骤1: 输入藏语文本...
输入文本时出错: Message: tab crashed
  (Session info: chrome=143.0.7499.169)

✗ 输入文本失败
========================================
✗ 翻译失败，跳过此行
✓ 已保存到文件: 370/4500 条

[371/4500] 翻译进度: 8.2%
藏语原文: དྲན་པས་ཟིན་ཙ་ན་སྐྱེ་མེད་ཀྱི་ངོ་བོ་མཐོང་བའི་སྒོམ་ཇི...

开始翻译流程 (尝试 1/2):
========================================
步骤1: 输入藏语文本...
输入文本时出错: Message: tab crashed
  (Session info: chrome=143.0.7499.169)

✗ 输入文本失败

开始翻译流程 (尝试 2/2):
========================================
步骤1: 输入藏语文本...
输入文本时出错: Message: tab crashed
  (Session info: chrome=143.0.7499.169)

✗ 输入文本失败
========================================
✗ 翻译失败，跳过此行
✓ 已保存到文件: 371/4500 条

[372/4500] 翻译进度: 8.3%
藏语原文: རོ་གཅིག་དུས་སུ་མཉམ་རྗེས་འདྲེས།

开始翻译流程 (尝试 1/2):
========================================
步骤1: 输入藏语文本...
输入文本时出错: Message: tab crashed
  (Session info: chrome=143.0.7499.169)

✗ 输入文本失败

开始翻译流程 (尝试 2/2):
========================================
步骤1: 输入藏语文本...
输入文本时出错: Message: tab crashed
  (Session info: chrome=143.0.7499.169)

✗ 输入文本失败
========================================
✗ 翻译失败，跳过此行
✓ 已保存到文件: 372/4500 条

[373/4500] 翻译进度: 8.3%
藏语原文: རྣལ་འབྱོར་བཞི་རུ་བཏགས་ནས་གདའ།

开始翻译流程 (尝试 1/2):
========================================
步骤1: 输入藏语文本...
输入文本时出错: Message: tab crashed
  (Session info: chrome=143.0.7499.169)

✗ 输入文本失败

开始翻译流程 (尝试 2/2):
========================================
步骤1: 输入藏语文本...
输入文本时出错: Message: tab crashed
  (Session info: chrome=143.0.7499.169)

✗ 输入文本失败
========================================
✗ 翻译失败，跳过此行
✓ 已保存到文件: 373/4500 条

[374/4500] 翻译进度: 8.3%
藏语原文: རོ་གཅིག་དུས་ལས་ཀྱི་སྒྲིབ་པ་དག།

开始翻译流程 (尝试 1/2):
========================================
步骤1: 输入藏语文本...
输入文本时出错: Message: tab crashed
  (Session info: chrome=143.0.7499.169)

✗ 输入文本失败

开始翻译流程 (尝试 2/2):
========================================
步骤1: 输入藏语文本...
输入文本时出错: Message: tab crashed
  (Session info: chrome=143.0.7499.169)

✗ 输入文本失败
========================================
✗ 翻译失败，跳过此行
✓ 已保存到文件: 374/4500 条

[375/4500] 翻译进度: 8.3%
藏语原文: རོ་གཅིག་དུས་སུ་འཇའ་ལུས་ཀྱི་སྐུར་རྟོགས།

开始翻译流程 (尝试 1/2):
========================================
步骤1: 输入藏语文本...
输入文本时出错: Message: tab crashed
  (Session info: chrome=143.0.7499.169)

✗ 输入文本失败

开始翻译流程 (尝试 2/2):
========================================
步骤1: 输入藏语文本...
输入文本时出错: Message: tab crashed
  (Session info: chrome=143.0.7499.169)

✗ 输入文本失败
========================================
✗ 翻译失败，跳过此行
✓ 已保存到文件: 375/4500 条

[376/4500] 翻译进度: 8.4%
藏语原文: རོ་གཅིག་དུས་སུ་རྣམ་རྟོག་བསྒོམ་དུ་ཤར།

开始翻译流程 (尝试 1/2):
========================================
步骤1: 输入藏语文本...
输入文本时出错: Message: tab crashed
  (Session info: chrome=143.0.7499.169)

✗ 输入文本失败

开始翻译流程 (尝试 2/2):
========================================
步骤1: 输入藏语文本...
输入文本时出错: Message: tab crashed
  (Session info: chrome=143.0.7499.169)

✗ 输入文本失败
========================================
✗ 翻译失败，跳过此行
✓ 已保存到文件: 376/4500 条

[377/4500] 翻译进度: 8.4%
藏语原文: གནས་འགྱུ་རོ་མཉམ་དུ་འདྲེས་ཤིང་རང་ངོ་ཤེས་པའི་དྲན་རིག...

开始翻译流程 (尝试 1/2):
========================================
步骤1: 输入藏语文本...
输入文本时出错: Message: tab crashed
  (Session info: chrome=143.0.7499.169)

✗ 输入文本失败

开始翻译流程 (尝试 2/2):
========================================
步骤1: 输入藏语文本...
输入文本时出错: Message: tab crashed
  (Session info: chrome=143.0.7499.169)

✗ 输入文本失败
========================================
✗ 翻译失败，跳过此行
✓ 已保存到文件: 377/4500 条

[378/4500] 翻译进度: 8.4%
藏语原文: རྩེ་གཅིག་དུས་སུ་ངོ་བོ་རྟོགས།

开始翻译流程 (尝试 1/2):
========================================
步骤1: 输入藏语文本...
输入文本时出错: Message: tab crashed
  (Session info: chrome=143.0.7499.169)

✗ 输入文本失败

开始翻译流程 (尝试 2/2):
========================================
步骤1: 输入藏语文本...
输入文本时出错: Message: tab crashed
  (Session info: chrome=143.0.7499.169)

✗ 输入文本失败
========================================
✗ 翻译失败，跳过此行
✓ 已保存到文件: 378/4500 条

[379/4500] 翻译进度: 8.4%
藏语原文: རང་མིན་པའི་དྲན་རྟོག་ཅིག་འདུག་གམ་ལྟོས་དང་།

开始翻译流程 (尝试 1/2):
========================================
步骤1: 输入藏语文本...
输入文本时出错: Message: tab crashed
  (Session info: chrome=143.0.7499.169)

✗ 输入文本失败

开始翻译流程 (尝试 2/2):
========================================
步骤1: 输入藏语文本...
输入文本时出错: Message: tab crashed
  (Session info: chrome=143.0.7499.169)

✗ 输入文本失败
========================================
✗ 翻译失败，跳过此行
✓ 已保存到文件: 379/4500 条

[380/4500] 翻译进度: 8.4%
藏语原文: སེམས་བདེ་གསལ་མི་རྟོག་པའི་ཉམས་ཀྱི་ངང་དུ་ས་ལེ་སིང་ངེ...

开始翻译流程 (尝试 1/2):
========================================
步骤1: 输入藏语文本...
输入文本时出错: Message: tab crashed
  (Session info: chrome=143.0.7499.169)

✗ 输入文本失败

开始翻译流程 (尝试 2/2):
========================================
步骤1: 输入藏语文本...
输入文本时出错: Message: tab crashed
  (Session info: chrome=143.0.7499.169)

✗ 输入文本失败
========================================
✗ 翻译失败，跳过此行
✓ 已保存到文件: 380/4500 条

[381/4500] 翻译进度: 8.5%
藏语原文: བཟང་ངན་ཇི་ལྟར་གྱི་ཉམས་ཤར་ཡང་རང་ངོར་གཉིས་འཛིན་དགག་ས...

开始翻译流程 (尝试 1/2):
========================================
步骤1: 输入藏语文本...
输入文本时出错: Message: tab crashed
  (Session info: chrome=143.0.7499.169)

✗ 输入文本失败

开始翻译流程 (尝试 2/2):
========================================
步骤1: 输入藏语文本...
输入文本时出错: Message: tab crashed
  (Session info: chrome=143.0.7499.169)

✗ 输入文本失败
========================================
✗ 翻译失败，跳过此行
✓ 已保存到文件: 381/4500 条

[382/4500] 翻译进度: 8.5%
藏语原文: དེ་ལ་གོམས་ཙ་ན་རང་ལ་ངེས་ཤེས་སྐྱེ་བ་ཡིན།

开始翻译流程 (尝试 1/2):
========================================
步骤1: 输入藏语文本...
输入文本时出错: Message: tab crashed
  (Session info: chrome=143.0.7499.169)

✗ 输入文本失败

开始翻译流程 (尝试 2/2):
========================================
步骤1: 输入藏语文本...
输入文本时出错: Message: tab crashed
  (Session info: chrome=143.0.7499.169)

✗ 输入文本失败
========================================
✗ 翻译失败，跳过此行
✓ 已保存到文件: 382/4500 条

[383/4500] 翻译进度: 8.5%
藏语原文: སེམས་ཁོ་རང་ཕྱག་རྒྱ་ཆེན་པོའི་ངོ་བོར་ཤེས་པ་ཡོང་བ་ཡིན...

开始翻译流程 (尝试 1/2):
========================================
步骤1: 输入藏语文本...
输入文本时出错: Message: tab crashed
  (Session info: chrome=143.0.7499.169)

✗ 输入文本失败

开始翻译流程 (尝试 2/2):
========================================
步骤1: 输入藏语文本...
输入文本时出错: Message: tab crashed
  (Session info: chrome=143.0.7499.169)

✗ 输入文本失败
========================================
✗ 翻译失败，跳过此行
✓ 已保存到文件: 383/4500 条

[384/4500] 翻译进度: 8.5%
藏语原文: སེམས་ངོ་བོ་རང་གསལ་ལས་གང་ཤར་སྣ་ཚོགས་ཀྱང་རང་བཞིན་ཡོང...

开始翻译流程 (尝试 1/2):
========================================
步骤1: 输入藏语文本...
输入文本时出错: Message: tab crashed
  (Session info: chrome=143.0.7499.169)

✗ 输入文本失败

开始翻译流程 (尝试 2/2):
========================================
步骤1: 输入藏语文本...
输入文本时出错: Message: tab crashed
  (Session info: chrome=143.0.7499.169)

✗ 输入文本失败
========================================
✗ 翻译失败，跳过此行
✓ 已保存到文件: 384/4500 条

[385/4500] 翻译进度: 8.6%
藏语原文: ད་ལྟར་གྱི་ཤེས་པ་ཁོ་རང་ཡུལ་མེད་དུ་རང་ངོ་ཤེས་པའོ།

开始翻译流程 (尝试 1/2):
========================================
步骤1: 输入藏语文本...
输入文本时出错: Message: tab crashed
  (Session info: chrome=143.0.7499.169)

✗ 输入文本失败

开始翻译流程 (尝试 2/2):
========================================
步骤1: 输入藏语文本...
输入文本时出错: Message: tab crashed
  (Session info: chrome=143.0.7499.169)

✗ 输入文本失败
========================================
✗ 翻译失败，跳过此行
✓ 已保存到文件: 385/4500 条

[386/4500] 翻译进度: 8.6%
藏语原文: དེས་ན་གང་ཤར་ཅིར་སྣང་རང་ངོ་ཐམས་ཅད་རང་བཞིན་ཡོངས་ཤེས་...

开始翻译流程 (尝试 1/2):
========================================
步骤1: 输入藏语文本...
输入文本时出错: Message: tab crashed
  (Session info: chrome=143.0.7499.169)

✗ 输入文本失败

开始翻译流程 (尝试 2/2):
========================================
步骤1: 输入藏语文本...
输入文本时出错: Message: tab crashed
  (Session info: chrome=143.0.7499.169)

✗ 输入文本失败
========================================
✗ 翻译失败，跳过此行
✓ 已保存到文件: 386/4500 条

[387/4500] 翻译进度: 8.6%
藏语原文: དེ་ཙ་ན་ངོ་བོ་རྙེད་པ་ཡིན།

开始翻译流程 (尝试 1/2):
========================================
步骤1: 输入藏语文本...
输入文本时出错: Message: tab crashed
  (Session info: chrome=143.0.7499.169)

✗ 输入文本失败

开始翻译流程 (尝试 2/2):
========================================
步骤1: 输入藏语文本...
输入文本时出错: Message: tab crashed
  (Session info: chrome=143.0.7499.169)

✗ 输入文本失败
========================================
✗ 翻译失败，跳过此行
✓ 已保存到文件: 387/4500 条

[388/4500] 翻译进度: 8.6%
藏语原文: སྤྲོས་བྲལ་དུ་ཉམས་རྟོགས་ཀྱང་ཡུལ་ཡུལ་ཅན་གྱི་ཆ་བག་ཙམ་...

开始翻译流程 (尝试 1/2):
========================================
步骤1: 输入藏语文本...
输入文本时出错: Message: tab crashed
  (Session info: chrome=143.0.7499.169)

✗ 输入文本失败

开始翻译流程 (尝试 2/2):
========================================
步骤1: 输入藏语文本...
输入文本时出错: Message: tab crashed
  (Session info: chrome=143.0.7499.169)

✗ 输入文本失败
========================================
✗ 翻译失败，跳过此行
✓ 已保存到文件: 388/4500 条

[389/4500] 翻译进度: 8.6%
藏语原文: རིག་པ་ཐེར་ལ་བཏོན་ཏེ་མཉམ་རྗེས་གསུམ་པོ་རང་རང་སོ་སོར་...

开始翻译流程 (尝试 1/2):
========================================
步骤1: 输入藏语文本...
输入文本时出错: Message: tab crashed
  (Session info: chrome=143.0.7499.169)

✗ 输入文本失败

开始翻译流程 (尝试 2/2):
========================================
步骤1: 输入藏语文本...
输入文本时出错: Message: tab crashed
  (Session info: chrome=143.0.7499.169)

✗ 输入文本失败
========================================
✗ 翻译失败，跳过此行
✓ 已保存到文件: 389/4500 条

[390/4500] 翻译进度: 8.7%
藏语原文: ད་ནས་འཇིག་རྟེན་གྱི་བྱ་བ་ལ་འདི་ཚུག་བྱས་ན་དེ་ཚུག་བྱས...

开始翻译流程 (尝试 1/2):
========================================
步骤1: 输入藏语文本...
输入文本时出错: Message: tab crashed
  (Session info: chrome=143.0.7499.169)

✗ 输入文本失败

开始翻译流程 (尝试 2/2):
========================================
步骤1: 输入藏语文本...
输入文本时出错: Message: tab crashed
  (Session info: chrome=143.0.7499.169)

✗ 输入文本失败
========================================
✗ 翻译失败，跳过此行
✓ 已保存到文件: 390/4500 条

[391/4500] 翻译进度: 8.7%
藏语原文: དགག་སྒྲུབ་ཀྱི་དྲི་མ་ཅུང་ཟད་དང་མ་བྲལ་བ་འདུག་ན་རྩལ་མ...

开始翻译流程 (尝试 1/2):
========================================
步骤1: 输入藏语文本...
输入文本时出错: Message: tab crashed
  (Session info: chrome=143.0.7499.169)

✗ 输入文本失败

开始翻译流程 (尝试 2/2):
========================================
步骤1: 输入藏语文本...
输入文本时出错: Message: tab crashed
  (Session info: chrome=143.0.7499.169)

✗ 输入文本失败
========================================
✗ 翻译失败，跳过此行
✓ 已保存到文件: 391/4500 条

[392/4500] 翻译进度: 8.7%
藏语原文: འགྲོ་དོན་ས་བོན་འདི་རུ་གདའ།

开始翻译流程 (尝试 1/2):
========================================
步骤1: 输入藏语文本...
输入文本时出错: Message: tab crashed
  (Session info: chrome=143.0.7499.169)

✗ 输入文本失败

开始翻译流程 (尝试 2/2):
========================================
步骤1: 输入藏语文本...
输入文本时出错: Message: tab crashed
  (Session info: chrome=143.0.7499.169)

✗ 输入文本失败
========================================
✗ 翻译失败，跳过此行
✓ 已保存到文件: 392/4500 条

[393/4500] 翻译进度: 8.7%
藏语原文: མཚན་རྟགས་ལ་སོགས་པ་བྱུང་ན་དེ་ལ་རློམ་སེམས་དང་དགའ་མི་...

开始翻译流程 (尝试 1/2):
========================================
步骤1: 输入藏语文本...
输入文本时出错: Message: tab crashed
  (Session info: chrome=143.0.7499.169)

✗ 输入文本失败

开始翻译流程 (尝试 2/2):
========================================
步骤1: 输入藏语文本...
输入文本时出错: Message: tab crashed
  (Session info: chrome=143.0.7499.169)

✗ 输入文本失败
========================================
✗ 翻译失败，跳过此行
✓ 已保存到文件: 393/4500 条

[394/4500] 翻译进度: 8.8%
藏语原文: དགའ་མི་དགའ་འདུག་ན།

开始翻译流程 (尝试 1/2):
========================================
步骤1: 输入藏语文本...
输入文本时出错: Message: tab crashed
  (Session info: chrome=143.0.7499.169)

✗ 输入文本失败

开始翻译流程 (尝试 2/2):
========================================
步骤1: 输入藏语文本...
输入文本时出错: Message: tab crashed
  (Session info: chrome=143.0.7499.169)

✗ 输入文本失败
========================================
✗ 翻译失败，跳过此行
✓ 已保存到文件: 394/4500 条

[395/4500] 翻译进度: 8.8%
藏语原文: ལམ་གྱི་རྟོགས་པ་དང་རང་བཞིན་གྱི་གནས་ལུགས་འདྲེས་ནས།

开始翻译流程 (尝试 1/2):
========================================
步骤1: 输入藏语文本...
输入文本时出错: Message: tab crashed
  (Session info: chrome=143.0.7499.169)

✗ 输入文本失败

开始翻译流程 (尝试 2/2):
========================================
步骤1: 输入藏语文本...
输入文本时出错: Message: tab crashed
  (Session info: chrome=143.0.7499.169)

✗ 输入文本失败
========================================
✗ 翻译失败，跳过此行
✓ 已保存到文件: 395/4500 条

[396/4500] 翻译进度: 8.8%
藏语原文: ད་དུང་རྟོགས་པ་དེ་ལ་གོམས་པར་བྱ་རྒྱུའམ་གསལ་དུ་འགྲོ་ར...

开始翻译流程 (尝试 1/2):
========================================
步骤1: 输入藏语文本...
输入文本时出错: Message: tab crashed
  (Session info: chrome=143.0.7499.169)

✗ 输入文本失败

开始翻译流程 (尝试 2/2):
========================================
步骤1: 输入藏语文本...
输入文本时出错: Message: tab crashed
  (Session info: chrome=143.0.7499.169)

✗ 输入文本失败
========================================
✗ 翻译失败，跳过此行
✓ 已保存到文件: 396/4500 条

[397/4500] 翻译进度: 8.8%
藏语原文: ད་དུང་ལུས་སེམས་དང་སྣོད་བཅུད་ལ་མ་དག་པའི་སྣང་བ་དང་འཛ...

开始翻译流程 (尝试 1/2):
========================================
步骤1: 输入藏语文本...
输入文本时出错: Message: tab crashed
  (Session info: chrome=143.0.7499.169)

✗ 输入文本失败

开始翻译流程 (尝试 2/2):
========================================
步骤1: 输入藏语文本...
输入文本时出错: Message: tab crashed
  (Session info: chrome=143.0.7499.169)

✗ 输入文本失败
========================================
✗ 翻译失败，跳过此行
✓ 已保存到文件: 397/4500 条

[398/4500] 翻译进度: 8.8%
藏语原文: རིག་ཐོག་ན་གཉིས་སུ་འདུག་གམ་ལྟོས་དང་།

开始翻译流程 (尝试 1/2):
========================================
步骤1: 输入藏语文本...
输入文本时出错: Message: tab crashed
  (Session info: chrome=143.0.7499.169)

✗ 输入文本失败

开始翻译流程 (尝试 2/2):
========================================
步骤1: 输入藏语文本...
输入文本时出错: Message: tab crashed
  (Session info: chrome=143.0.7499.169)

✗ 输入文本失败
========================================
✗ 翻译失败，跳过此行
✓ 已保存到文件: 398/4500 条

[399/4500] 翻译进度: 8.9%
藏语原文: དེ་ཀ་སྦྱང་དགོས་པར་འདུག་གོ།

开始翻译流程 (尝试 1/2):
========================================
步骤1: 输入藏语文本...
输入文本时出错: Message: tab crashed
  (Session info: chrome=143.0.7499.169)

✗ 输入文本失败

开始翻译流程 (尝试 2/2):
========================================
步骤1: 输入藏语文本...
输入文本时出错: Message: tab crashed
  (Session info: chrome=143.0.7499.169)

✗ 输入文本失败
========================================
✗ 翻译失败，跳过此行
✓ 已保存到文件: 399/4500 条

[400/4500] 翻译进度: 8.9%
藏语原文: རྟོག་པ་ངོས་ཟིན་ཙམ་ཉིད་ནས་རྟོག་པ་ཇི་ལྟར་འདུག་པ་དེ་ཉ...

开始翻译流程 (尝试 1/2):
========================================
步骤1: 输入藏语文本...
输入文本时出错: Message: tab crashed
  (Session info: chrome=143.0.7499.169)

✗ 输入文本失败

开始翻译流程 (尝试 2/2):
========================================
步骤1: 输入藏语文本...
输入文本时出错: Message: tab crashed
  (Session info: chrome=143.0.7499.169)

✗ 输入文本失败
========================================
✗ 翻译失败，跳过此行
✓ 已保存到文件: 400/4500 条

[401/4500] 翻译进度: 8.9%
藏语原文: ཁོ་རང་ཐོག་ཏུ་གློད་ལ་ཞོག།

开始翻译流程 (尝试 1/2):
========================================
步骤1: 输入藏语文本...
输入文本时出错: Message: tab crashed
  (Session info: chrome=143.0.7499.169)

✗ 输入文本失败

开始翻译流程 (尝试 2/2):
========================================
步骤1: 输入藏语文本...
输入文本时出错: Message: tab crashed
  (Session info: chrome=143.0.7499.169)

✗ 输入文本失败
========================================
✗ 翻译失败，跳过此行
✓ 已保存到文件: 401/4500 条

[402/4500] 翻译进度: 8.9%
藏语原文: བག་ཚ་ཟིང་ཟིང་བ་ལྟ་བུ་བྱུང་བའི་ཚེ་བག་ཆགས་ཀྱི་ལྷ་འདྲ...

开始翻译流程 (尝试 1/2):
========================================
步骤1: 输入藏语文本...
输入文本时出错: Message: tab crashed
  (Session info: chrome=143.0.7499.169)

✗ 输入文本失败

开始翻译流程 (尝试 2/2):
========================================
步骤1: 输入藏语文本...
输入文本时出错: Message: tab crashed
  (Session info: chrome=143.0.7499.169)

✗ 输入文本失败
========================================
✗ 翻译失败，跳过此行
✓ 已保存到文件: 402/4500 条

[403/4500] 翻译进度: 9.0%
藏语原文: གསུངས་པ་དེ་དགོས་གལ་དུ་ཆེ་བར་འདུག་གོ།

开始翻译流程 (尝试 1/2):
========================================
步骤1: 输入藏语文本...
输入文本时出错: Message: tab crashed
  (Session info: chrome=143.0.7499.169)

✗ 输入文本失败

开始翻译流程 (尝试 2/2):
========================================
步骤1: 输入藏语文本...
输入文本时出错: Message: tab crashed
  (Session info: chrome=143.0.7499.169)

✗ 输入文本失败
========================================
✗ 翻译失败，跳过此行
✓ 已保存到文件: 403/4500 条

[404/4500] 翻译进度: 9.0%
藏语原文: དེ་ལྟར་ལམ་དུ་ཁྱེར་བས་སྡུག་བསྔལ་གྱི་རང་བཞིན་ཤེས་པས་...

开始翻译流程 (尝试 1/2):
========================================
步骤1: 输入藏语文本...
输入文本时出错: Message: tab crashed
  (Session info: chrome=143.0.7499.169)

✗ 输入文本失败

开始翻译流程 (尝试 2/2):
========================================
步骤1: 输入藏语文本...
输入文本时出错: Message: tab crashed
  (Session info: chrome=143.0.7499.169)

✗ 输入文本失败
========================================
✗ 翻译失败，跳过此行
✓ 已保存到文件: 404/4500 条

[405/4500] 翻译进度: 9.0%
藏语原文: ལེ་ལོ་ཅན་ང་ཡི་སྡིག་སྒྲིབ་མི་འདག་པར་འདུག་གསུངས་ནས་ཐ...

开始翻译流程 (尝试 1/2):
========================================
步骤1: 输入藏语文本...
输入文本时出错: Message: tab crashed
  (Session info: chrome=143.0.7499.169)

✗ 输入文本失败

开始翻译流程 (尝试 2/2):
========================================
步骤1: 输入藏语文本...
输入文本时出错: Message: tab crashed
  (Session info: chrome=143.0.7499.169)

✗ 输入文本失败
========================================
✗ 翻译失败，跳过此行
✓ 已保存到文件: 405/4500 条

[406/4500] 翻译进度: 9.0%
藏语原文: གཞན་ལ་མི་སྲིད་པ་ཞིག་ང་ལ་སྲིད་པར་གདའ།

开始翻译流程 (尝试 1/2):
========================================
步骤1: 输入藏语文本...
输入文本时出错: Message: tab crashed
  (Session info: chrome=143.0.7499.169)

✗ 输入文本失败

开始翻译流程 (尝试 2/2):
========================================
步骤1: 输入藏语文本...
输入文本时出错: Message: tab crashed
  (Session info: chrome=143.0.7499.169)

✗ 输入文本失败
========================================
✗ 翻译失败，跳过此行
✓ 已保存到文件: 406/4500 条

[407/4500] 翻译进度: 9.0%
藏语原文: གཞན་རྣམས་སྐྱིད་ཙ་ན་རྒོད་བྲོ།

开始翻译流程 (尝试 1/2):
========================================
步骤1: 输入藏语文本...
输入文本时出错: Message: tab crashed
  (Session info: chrome=143.0.7499.169)

✗ 输入文本失败

开始翻译流程 (尝试 2/2):
========================================
步骤1: 输入藏语文本...
输入文本时出错: Message: tab crashed
  (Session info: chrome=143.0.7499.169)

✗ 输入文本失败
========================================
✗ 翻译失败，跳过此行
✓ 已保存到文件: 407/4500 条

[408/4500] 翻译进度: 9.1%
藏语原文: ང་ལ་སྐྱིད་ཙ་ན་ངུ་བྲོ།

开始翻译流程 (尝试 1/2):
========================================
步骤1: 输入藏语文本...
输入文本时出错: Message: tab crashed
  (Session info: chrome=143.0.7499.169)

✗ 输入文本失败

开始翻译流程 (尝试 2/2):
========================================
步骤1: 输入藏语文本...
输入文本时出错: Message: tab crashed
  (Session info: chrome=143.0.7499.169)

✗ 输入文本失败
========================================
✗ 翻译失败，跳过此行
✓ 已保存到文件: 408/4500 条

[409/4500] 翻译进度: 9.1%
藏语原文: སྡུག་ན་རྒོད་བྲོ་བར་འདུག་གསུངས་ནས་དགེ་སྦྱོར་གྱི་ཐོག...

开始翻译流程 (尝试 1/2):
========================================
步骤1: 输入藏语文本...
输入文本时出错: Message: tab crashed
  (Session info: chrome=143.0.7499.169)

✗ 输入文本失败

开始翻译流程 (尝试 2/2):
========================================
步骤1: 输入藏语文本...
输入文本时出错: Message: tab crashed
  (Session info: chrome=143.0.7499.169)

✗ 输入文本失败
========================================
✗ 翻译失败，跳过此行
✓ 已保存到文件: 409/4500 条

[410/4500] 翻译进度: 9.1%
藏语原文: མི་ནོར་ཤུལ་ན་ཡོད་པ་གང་ལའང་རང་སེམས་སྐད་ཅིག་ཀྱང་མི་ཆ...

开始翻译流程 (尝试 1/2):
========================================
步骤1: 输入藏语文本...
输入文本时出错: Message: tab crashed
  (Session info: chrome=143.0.7499.169)

✗ 输入文本失败

开始翻译流程 (尝试 2/2):
========================================
步骤1: 输入藏语文本...
输入文本时出错: Message: tab crashed
  (Session info: chrome=143.0.7499.169)

✗ 输入文本失败
========================================
✗ 翻译失败，跳过此行
✓ 已保存到文件: 410/4500 条

[411/4500] 翻译进度: 9.1%
藏语原文: དེ་ཡང་རང་རིག་སེམས་ཉིད་ངོ་བོའི་སྟེང་དུ་རོ་གཅིག་པར་ཤ...

开始翻译流程 (尝试 1/2):
========================================
步骤1: 输入藏语文本...
输入文本时出错: Message: tab crashed
  (Session info: chrome=143.0.7499.169)

✗ 输入文本失败

开始翻译流程 (尝试 2/2):
========================================
步骤1: 输入藏语文本...
输入文本时出错: Message: tab crashed
  (Session info: chrome=143.0.7499.169)

✗ 输入文本失败
========================================
✗ 翻译失败，跳过此行
✓ 已保存到文件: 411/4500 条

[412/4500] 翻译进度: 9.2%
藏语原文: འདི་ནི་རང་རང་ལ་ནམ་ཡོང་ཆ་མེད་པས།

开始翻译流程 (尝试 1/2):
========================================
步骤1: 输入藏语文本...
输入文本时出错: Message: tab crashed
  (Session info: chrome=143.0.7499.169)

✗ 输入文本失败

开始翻译流程 (尝试 2/2):
========================================
步骤1: 输入藏语文本...
输入文本时出错: Message: tab crashed
  (Session info: chrome=143.0.7499.169)

✗ 输入文本失败
========================================
✗ 翻译失败，跳过此行
✓ 已保存到文件: 412/4500 条

[413/4500] 翻译进度: 9.2%
藏语原文: དགྲ་བཅོམ་པ་དང་རང་རྒྱལ་བ་ལ་སོགས་པའི་དོན་གཏན་ལ་འབེབས...

开始翻译流程 (尝试 1/2):
========================================
步骤1: 输入藏语文本...
输入文本时出错: Message: tab crashed
  (Session info: chrome=143.0.7499.169)

✗ 输入文本失败

开始翻译流程 (尝试 2/2):
========================================
步骤1: 输入藏语文本...
输入文本时出错: Message: tab crashed
  (Session info: chrome=143.0.7499.169)

✗ 输入文本失败
========================================
✗ 翻译失败，跳过此行
✓ 已保存到文件: 413/4500 条

[414/4500] 翻译进度: 9.2%
藏语原文: ཕྱོགས་བཅུར་སྤྲུལ་པ་སྐུ་ཡི་ཞིང་ཁམས་བརྒྱ་ཕྲག་དུས་གཅི...

开始翻译流程 (尝试 1/2):
========================================
步骤1: 输入藏语文本...
输入文本时出错: Message: tab crashed
  (Session info: chrome=143.0.7499.169)

✗ 输入文本失败

开始翻译流程 (尝试 2/2):
========================================
步骤1: 输入藏语文本...
输入文本时出错: Message: tab crashed
  (Session info: chrome=143.0.7499.169)

✗ 输入文本失败
========================================
✗ 翻译失败，跳过此行
✓ 已保存到文件: 414/4500 条

[415/4500] 翻译进度: 9.2%
藏语原文: དེ་གཉིས་ནི་གོ་རིམ་བཞིན་རྟེན་བརྟེན་པ་ཡིན་ཞིང་རང་བཞི...

开始翻译流程 (尝试 1/2):
========================================
步骤1: 输入藏语文本...
输入文本时出错: Message: tab crashed
  (Session info: chrome=143.0.7499.169)

✗ 输入文本失败

开始翻译流程 (尝试 2/2):
========================================
步骤1: 输入藏语文本...
输入文本时出错: Message: tab crashed
  (Session info: chrome=143.0.7499.169)

✗ 输入文本失败
========================================
✗ 翻译失败，跳过此行
✓ 已保存到文件: 415/4500 条

[416/4500] 翻译进度: 9.2%
藏语原文: སྒྲིབ་པ་གཉིས་ཀ་སྤང་རུང་དུ་འདུག་པ་མཆོག་ཐེག་ཆེན་གྱི་...

开始翻译流程 (尝试 1/2):
========================================
步骤1: 输入藏语文本...
输入文本时出错: Message: tab crashed
  (Session info: chrome=143.0.7499.169)

✗ 输入文本失败

开始翻译流程 (尝试 2/2):
========================================
步骤1: 输入藏语文本...
输入文本时出错: Message: tab crashed
  (Session info: chrome=143.0.7499.169)

✗ 输入文本失败
========================================
✗ 翻译失败，跳过此行
✓ 已保存到文件: 416/4500 条

[417/4500] 翻译进度: 9.3%
藏语原文: གདུལ་བྱའི་སེམས་ཇི་ལྟར་འདུག་པ་ལྟར་རྟོགས་པ་གཞན་གྱི་ས...

开始翻译流程 (尝试 1/2):
========================================
步骤1: 输入藏语文本...
输入文本时出错: Message: tab crashed
  (Session info: chrome=143.0.7499.169)

✗ 输入文本失败

开始翻译流程 (尝试 2/2):
========================================
步骤1: 输入藏语文本...
输入文本时出错: Message: tab crashed
  (Session info: chrome=143.0.7499.169)

✗ 输入文本失败
========================================
✗ 翻译失败，跳过此行
✓ 已保存到文件: 417/4500 条

[418/4500] 翻译进度: 9.3%
藏语原文: རྒྱུ་དང་རང་བཞིན་དང་ལས་གསུམ་གྱིས་སྟོན་པ་ལས།

开始翻译流程 (尝试 1/2):
========================================
步骤1: 输入藏语文本...
输入文本时出错: Message: tab crashed
  (Session info: chrome=143.0.7499.169)

✗ 输入文本失败

开始翻译流程 (尝试 2/2):
========================================
步骤1: 输入藏语文本...
输入文本时出错: Message: tab crashed
  (Session info: chrome=143.0.7499.169)

✗ 输入文本失败
========================================
✗ 翻译失败，跳过此行
✓ 已保存到文件: 418/4500 条

[419/4500] 翻译进度: 9.3%
藏语原文: མི་ན་བར་སྟན་ཆེས་མཐོ་བར་འདུག་པ་ལ་མ་ཡིན་ནོ།

开始翻译流程 (尝试 1/2):
========================================
步骤1: 输入藏语文本...
输入文本时出错: Message: tab crashed
  (Session info: chrome=143.0.7499.169)

✗ 输入文本失败

开始翻译流程 (尝试 2/2):
========================================
步骤1: 输入藏语文本...
输入文本时出错: Message: tab crashed
  (Session info: chrome=143.0.7499.169)

✗ 输入文本失败
========================================
✗ 翻译失败，跳过此行
✓ 已保存到文件: 419/4500 条

[420/4500] 翻译进度: 9.3%
藏语原文: འོ་ཁྱེད་རང་རྣམས་ལ་སྔོན་གྱི་ལས་དང་འཕྲལ་གྱི་རྐྱེན་ལས...

开始翻译流程 (尝试 1/2):
========================================
步骤1: 输入藏语文本...
输入文本时出错: Message: tab crashed
  (Session info: chrome=143.0.7499.169)

✗ 输入文本失败

开始翻译流程 (尝试 2/2):
========================================
步骤1: 输入藏语文本...
输入文本时出错: Message: tab crashed
  (Session info: chrome=143.0.7499.169)

✗ 输入文本失败
========================================
✗ 翻译失败，跳过此行
✓ 已保存到文件: 420/4500 条

[421/4500] 翻译进度: 9.4%
藏语原文: གནས་འདིར་མ་འདུག་གཞན་དུ་དེངས

开始翻译流程 (尝试 1/2):
========================================
步骤1: 输入藏语文本...
输入文本时出错: Message: tab crashed
  (Session info: chrome=143.0.7499.169)

✗ 输入文本失败

开始翻译流程 (尝试 2/2):
========================================
步骤1: 输入藏语文本...
输入文本时出错: Message: tab crashed
  (Session info: chrome=143.0.7499.169)

✗ 输入文本失败
========================================
✗ 翻译失败，跳过此行
✓ 已保存到文件: 421/4500 条

[422/4500] 翻译进度: 9.4%
藏语原文: ལུས་མེད་ཅིང་འདོད་པ་ལོངས་སྤྱོད་པ་རྣམས་མེད་པར་ཡང་རང་...

开始翻译流程 (尝试 1/2):
========================================
步骤1: 输入藏语文本...
输入文本时出错: Message: tab crashed
  (Session info: chrome=143.0.7499.169)

✗ 输入文本失败

开始翻译流程 (尝试 2/2):
========================================
步骤1: 输入藏语文本...
输入文本时出错: Message: tab crashed
  (Session info: chrome=143.0.7499.169)

✗ 输入文本失败
========================================
✗ 翻译失败，跳过此行
✓ 已保存到文件: 422/4500 条

[423/4500] 翻译进度: 9.4%
藏语原文: ལུས་མི་རྟགས་པར་གྱུར་ན་ཡང་རང་རིག་པའི་ཡེཤེས་མི་རྟག་པ...

开始翻译流程 (尝试 1/2):
========================================
步骤1: 输入藏语文本...
输入文本时出错: Message: tab crashed
  (Session info: chrome=143.0.7499.169)

✗ 输入文本失败

开始翻译流程 (尝试 2/2):
========================================
步骤1: 输入藏语文本...
输入文本时出错: Message: tab crashed
  (Session info: chrome=143.0.7499.169)

✗ 输入文本失败
========================================
✗ 翻译失败，跳过此行
✓ 已保存到文件: 423/4500 条

[424/4500] 翻译进度: 9.4%
藏语原文: ཚ་རང་རང་ཚད་ཀྱིས་སོ་ཞེས་བྱ་བའི་མཐར།

开始翻译流程 (尝试 1/2):
========================================
步骤1: 输入藏语文本...
输入文本时出错: Message: tab crashed
  (Session info: chrome=143.0.7499.169)

✗ 输入文本失败

开始翻译流程 (尝试 2/2):
========================================
步骤1: 输入藏语文本...
输入文本时出错: Message: tab crashed
  (Session info: chrome=143.0.7499.169)

✗ 输入文本失败
========================================
✗ 翻译失败，跳过此行
✓ 已保存到文件: 424/4500 条

[425/4500] 翻译进度: 9.4%
藏语原文: རང་རང་གནས་སུ་གཤེགས་སུ་གསོལ་ཞེས་བའི་མཐར།

开始翻译流程 (尝试 1/2):
========================================
步骤1: 输入藏语文本...
输入文本时出错: Message: tab crashed
  (Session info: chrome=143.0.7499.169)

✗ 输入文本失败

开始翻译流程 (尝试 2/2):
========================================
步骤1: 输入藏语文本...
输入文本时出错: Message: tab crashed
  (Session info: chrome=143.0.7499.169)

✗ 输入文本失败
========================================
✗ 翻译失败，跳过此行
✓ 已保存到文件: 425/4500 条

[426/4500] 翻译进度: 9.5%
藏语原文: འདུག་སྟངས་ཀྱི་མཚན་ཉིད་དང་།

开始翻译流程 (尝试 1/2):
========================================
步骤1: 输入藏语文本...
输入文本时出错: Message: tab crashed
  (Session info: chrome=143.0.7499.169)

✗ 输入文本失败

开始翻译流程 (尝试 2/2):
========================================
步骤1: 输入藏语文本...
输入文本时出错: Message: tab crashed
  (Session info: chrome=143.0.7499.169)

✗ 输入文本失败
========================================
✗ 翻译失败，跳过此行
✓ 已保存到文件: 426/4500 条

[427/4500] 翻译进度: 9.5%
藏语原文: འདི་ནི་ཕྱི་རོལ་ག་དུས་སྦྱོར་བཅུགཞིས་གར་ཡིན་པ་དེ་རྣམ...

开始翻译流程 (尝试 1/2):
========================================
步骤1: 输入藏语文本...
输入文本时出错: Message: tab crashed
  (Session info: chrome=143.0.7499.169)

✗ 输入文本失败

开始翻译流程 (尝试 2/2):
========================================
步骤1: 输入藏语文本...
输入文本时出错: Message: tab crashed
  (Session info: chrome=143.0.7499.169)

✗ 输入文本失败
========================================
✗ 翻译失败，跳过此行
✓ 已保存到文件: 427/4500 条

[428/4500] 翻译进度: 9.5%
藏语原文: རྐང་པ་གཡས་པ་ས་ལ་བཞག་པའི་འདུག་སྟདས་དང་།

开始翻译流程 (尝试 1/2):
========================================
步骤1: 输入藏语文本...
输入文本时出错: Message: tab crashed
  (Session info: chrome=143.0.7499.169)

✗ 输入文本失败

开始翻译流程 (尝试 2/2):
========================================
步骤1: 输入藏语文本...
输入文本时出错: Message: tab crashed
  (Session info: chrome=143.0.7499.169)

✗ 输入文本失败
========================================
✗ 翻译失败，跳过此行
✓ 已保存到文件: 428/4500 条

[429/4500] 翻译进度: 9.5%
藏语原文: དེ་ནས་རང་རང་མཚན་ཉིད་ཀྱིས་མཆོད་དེ།

开始翻译流程 (尝试 1/2):
========================================
步骤1: 输入藏语文本...
输入文本时出错: Message: tab crashed
  (Session info: chrome=143.0.7499.169)

✗ 输入文本失败

开始翻译流程 (尝试 2/2):
========================================
步骤1: 输入藏语文本...
输入文本时出错: Message: tab crashed
  (Session info: chrome=143.0.7499.169)

✗ 输入文本失败
========================================
✗ 翻译失败，跳过此行
✓ 已保存到文件: 429/4500 条

[430/4500] 翻译进度: 9.6%
藏语原文: རིགས་དང་རིགས་མིན་འགྲོ་བ་ལ།

开始翻译流程 (尝试 1/2):
========================================
步骤1: 输入藏语文本...
输入文本时出错: Message: tab crashed
  (Session info: chrome=143.0.7499.169)

✗ 输入文本失败

开始翻译流程 (尝试 2/2):
========================================
步骤1: 输入藏语文本...
输入文本时出错: Message: tab crashed
  (Session info: chrome=143.0.7499.169)

✗ 输入文本失败
========================================
✗ 翻译失败，跳过此行
✓ 已保存到文件: 430/4500 条

[431/4500] 翻译进度: 9.6%
藏语原文: ཨོཾ་བཛྲ་གལྷེ་གནྡྷ་ཨ་རཙ་ནཾ་ཀུ་རུ་ཀུ་རུ་སྭྰཧྰ།

开始翻译流程 (尝试 1/2):
========================================
步骤1: 输入藏语文本...
输入文本时出错: Message: tab crashed
  (Session info: chrome=143.0.7499.169)

✗ 输入文本失败

开始翻译流程 (尝试 2/2):
========================================
步骤1: 输入藏语文本...
输入文本时出错: Message: tab crashed
  (Session info: chrome=143.0.7499.169)

✗ 输入文本失败
========================================
✗ 翻译失败，跳过此行
✓ 已保存到文件: 431/4500 条

[432/4500] 翻译进度: 9.6%
藏语原文: ཨོཾ་བཛྲ་དྷུ་པ་དྷུཔ་ཨ་རཙ་ནཾ་ཀུ་རུཀུ་རུ་སྭྰཧྰ།

开始翻译流程 (尝试 1/2):
========================================
步骤1: 输入藏语文本...
输入文本时出错: Message: tab crashed
  (Session info: chrome=143.0.7499.169)

✗ 输入文本失败

开始翻译流程 (尝试 2/2):
========================================
步骤1: 输入藏语文本...
输入文本时出错: Message: tab crashed
  (Session info: chrome=143.0.7499.169)

✗ 输入文本失败
========================================
✗ 翻译失败，跳过此行
✓ 已保存到文件: 432/4500 条

[433/4500] 翻译进度: 9.6%
藏语原文: རྒྱུ་བཛྲ་པྲ་དཱི་པེ་པྰ་ཊཱི་པ་ཨ་རཙ་ནི་ཀུ་རུ་ཀུ་རུ་སྭ...

开始翻译流程 (尝试 1/2):
========================================
步骤1: 输入藏语文本...
输入文本时出错: Message: tab crashed
  (Session info: chrome=143.0.7499.169)

✗ 输入文本失败

开始翻译流程 (尝试 2/2):
========================================
步骤1: 输入藏语文本...
输入文本时出错: Message: tab crashed
  (Session info: chrome=143.0.7499.169)

✗ 输入文本失败
========================================
✗ 翻译失败，跳过此行
✓ 已保存到文件: 433/4500 条

[434/4500] 翻译进度: 9.6%
藏语原文: ཨཔཛྲ་ཨཀྵ་ཏེ་ཨཀྵ་ཏ་ཕལ་ཨ་རཙ་ནཾ་ཀུ་རུ་ཀུ་རུསྭཱཧཱ།

开始翻译流程 (尝试 1/2):
========================================
步骤1: 输入藏语文本...
输入文本时出错: Message: tab crashed
  (Session info: chrome=143.0.7499.169)

✗ 输入文本失败

开始翻译流程 (尝试 2/2):
========================================
步骤1: 输入藏语文本...
输入文本时出错: Message: tab crashed
  (Session info: chrome=143.0.7499.169)

✗ 输入文本失败
========================================
✗ 翻译失败，跳过此行
✓ 已保存到文件: 434/4500 条

[435/4500] 翻译进度: 9.7%
藏语原文: བསྐེམས་ནས་རང་རང་གནས་སུ་ནི།

开始翻译流程 (尝试 1/2):
========================================
步骤1: 输入藏语文本...
输入文本时出错: Message: tab crashed
  (Session info: chrome=143.0.7499.169)

✗ 输入文本失败

开始翻译流程 (尝试 2/2):
========================================
步骤1: 输入藏语文本...
输入文本时出错: Message: tab crashed
  (Session info: chrome=143.0.7499.169)

✗ 输入文本失败
========================================
✗ 翻译失败，跳过此行
✓ 已保存到文件: 435/4500 条

[436/4500] 翻译进度: 9.7%
藏语原文: འདུག་སྟངས་ཀྱིས་ནི་བཞུགས་པར་བསམ།

开始翻译流程 (尝试 1/2):
========================================
步骤1: 输入藏语文本...
输入文本时出错: Message: tab crashed
  (Session info: chrome=143.0.7499.169)

✗ 输入文本失败

开始翻译流程 (尝试 2/2):
========================================
步骤1: 输入藏语文本...
输入文本时出错: Message: tab crashed
  (Session info: chrome=143.0.7499.169)

✗ 输入文本失败
========================================
✗ 翻译失败，跳过此行
✓ 已保存到文件: 436/4500 条

[437/4500] 翻译进度: 9.7%
藏语原文: འདིར་རྣལ་འབྱོར་པས་ཙོག་ཙོག་པའི་འདུག་སྟངས་ཀྱིས་སྟན་ལ...

开始翻译流程 (尝试 1/2):
========================================
步骤1: 输入藏语文本...
输入文本时出错: Message: tab crashed
  (Session info: chrome=143.0.7499.169)

✗ 输入文本失败

开始翻译流程 (尝试 2/2):
========================================
步骤1: 输入藏语文本...
输入文本时出错: Message: tab crashed
  (Session info: chrome=143.0.7499.169)

✗ 输入文本失败
========================================
✗ 翻译失败，跳过此行
✓ 已保存到文件: 437/4500 条

[438/4500] 翻译进度: 9.7%
藏语原文: ཉིན་མཚན་དུས་སུ་ཆགས་ཅན་གྱིས་ནི་རང་རང་ཁྱམ་ཐབ་སྲུང་བྱ...

开始翻译流程 (尝试 1/2):
========================================
步骤1: 输入藏语文本...
输入文本时出错: Message: tab crashed
  (Session info: chrome=143.0.7499.169)

✗ 输入文本失败

开始翻译流程 (尝试 2/2):
========================================
步骤1: 输入藏语文本...
输入文本时出错: Message: tab crashed
  (Session info: chrome=143.0.7499.169)

✗ 输入文本失败
========================================
✗ 翻译失败，跳过此行
✓ 已保存到文件: 438/4500 条

[439/4500] 翻译进度: 9.8%
藏语原文: དོན་གཅིག་དུ་མའི་སྐད་ནི་སྲོག་ཆགས་རང་རང་དངོས་ཀྱི་སེམ...

开始翻译流程 (尝试 1/2):
========================================
步骤1: 输入藏语文本...
输入文本时出错: Message: tab crashed
  (Session info: chrome=143.0.7499.169)

✗ 输入文本失败

开始翻译流程 (尝试 2/2):
========================================
步骤1: 输入藏语文本...
输入文本时出错: Message: tab crashed
  (Session info: chrome=143.0.7499.169)

✗ 输入文本失败
========================================
✗ 翻译失败，跳过此行
✓ 已保存到文件: 439/4500 条

[440/4500] 翻译进度: 9.8%
藏语原文: རང་རང་སྟན་ལ་འཁོད་དེ་རྣམས།

开始翻译流程 (尝试 1/2):
========================================
步骤1: 输入藏语文本...
输入文本时出错: Message: tab crashed
  (Session info: chrome=143.0.7499.169)

✗ 输入文本失败

开始翻译流程 (尝试 2/2):
========================================
步骤1: 输入藏语文本...
输入文本时出错: Message: tab crashed
  (Session info: chrome=143.0.7499.169)

✗ 输入文本失败
========================================
✗ 翻译失败，跳过此行
✓ 已保存到文件: 440/4500 条

[441/4500] 翻译进度: 9.8%
藏语原文: ལྷའི་རྣ་བ་དང་གཞན་གྱི་སེ་མས་ཤེས་པ་དང་རང་དང་གཞན་གྱི་...

开始翻译流程 (尝试 1/2):
========================================
步骤1: 输入藏语文本...
输入文本时出错: Message: tab crashed
  (Session info: chrome=143.0.7499.169)

✗ 输入文本失败

开始翻译流程 (尝试 2/2):
========================================
步骤1: 输入藏语文本...
输入文本时出错: Message: tab crashed
  (Session info: chrome=143.0.7499.169)

✗ 输入文本失败
========================================
✗ 翻译失败，跳过此行
✓ 已保存到文件: 441/4500 条

[442/4500] 翻译进度: 9.8%
藏语原文: སླར་ཡང་རང་བྱིན་བརླབ་པ་སྟེ།

开始翻译流程 (尝试 1/2):
========================================
步骤1: 输入藏语文本...
输入文本时出错: Message: tab crashed
  (Session info: chrome=143.0.7499.169)

✗ 输入文本失败

开始翻译流程 (尝试 2/2):
========================================
步骤1: 输入藏语文本...
输入文本时出错: Message: tab crashed
  (Session info: chrome=143.0.7499.169)

✗ 输入文本失败
========================================
✗ 翻译失败，跳过此行
✓ 已保存到文件: 442/4500 条

[443/4500] 翻译进度: 9.8%
藏语原文: རང་རང་བསམ་པས་སེམསཅན་གྱི།

开始翻译流程 (尝试 1/2):
========================================
步骤1: 输入藏语文本...
输入文本时出错: Message: tab crashed
  (Session info: chrome=143.0.7499.169)

✗ 输入文本失败

开始翻译流程 (尝试 2/2):
========================================
步骤1: 输入藏语文本...
输入文本时出错: Message: tab crashed
  (Session info: chrome=143.0.7499.169)

✗ 输入文本失败
========================================
✗ 翻译失败，跳过此行
✓ 已保存到文件: 443/4500 条

[444/4500] 翻译进度: 9.9%
藏语原文: གང་ཞིག་དུས་སུ་ངེས་པར་གསུངས་ན།

开始翻译流程 (尝试 1/2):
========================================
步骤1: 输入藏语文本...
输入文本时出错: Message: tab crashed
  (Session info: chrome=143.0.7499.169)

✗ 输入文本失败

开始翻译流程 (尝试 2/2):
========================================
步骤1: 输入藏语文本...
输入文本时出错: Message: tab crashed
  (Session info: chrome=143.0.7499.169)

✗ 输入文本失败
========================================
✗ 翻译失败，跳过此行
✓ 已保存到文件: 444/4500 条

[445/4500] 翻译进度: 9.9%
藏语原文: མན་ངག་ཕྱག་བྲིས་སུ་གནང་བ་ཇི་སྙེད་ཅིག་ཡོད་འདུག་ཀྱང་།

开始翻译流程 (尝试 1/2):
========================================
步骤1: 输入藏语文本...
输入文本时出错: Message: tab crashed
  (Session info: chrome=143.0.7499.169)

✗ 输入文本失败

开始翻译流程 (尝试 2/2):
========================================
步骤1: 输入藏语文本...
输入文本时出错: Message: tab crashed
  (Session info: chrome=143.0.7499.169)

✗ 输入文本失败
========================================
✗ 翻译失败，跳过此行
✓ 已保存到文件: 445/4500 条

[446/4500] 翻译进度: 9.9%
藏语原文: འགྲུབ་ཅིང་རང་མིན་དགའ་བའི་འཛུམ་ཞལ་དང་།

开始翻译流程 (尝试 1/2):
========================================
步骤1: 输入藏语文本...
输入文本时出错: Message: tab crashed
  (Session info: chrome=143.0.7499.169)

✗ 输入文本失败

开始翻译流程 (尝试 2/2):
========================================
步骤1: 输入藏语文本...
输入文本时出错: Message: tab crashed
  (Session info: chrome=143.0.7499.169)

✗ 输入文本失败
========================================
✗ 翻译失败，跳过此行
✓ 已保存到文件: 446/4500 条

[447/4500] 翻译进度: 9.9%
藏语原文: ཀུན་ཏུ་རྨོངས་པར་གྱུར་པའང་གདའ།

开始翻译流程 (尝试 1/2):
========================================
步骤1: 输入藏语文本...
输入文本时出错: Message: tab crashed
  (Session info: chrome=143.0.7499.169)

✗ 输入文本失败

开始翻译流程 (尝试 2/2):
========================================
步骤1: 输入藏语文本...
输入文本时出错: Message: tab crashed
  (Session info: chrome=143.0.7499.169)

✗ 输入文本失败
========================================
✗ 翻译失败，跳过此行
✓ 已保存到文件: 447/4500 条

[448/4500] 翻译进度: 10.0%
藏语原文: མི་འགྲོགས་ལོགས་སུ་འདུག་པས་བསྒྲུབས་ན།

开始翻译流程 (尝试 1/2):
========================================
步骤1: 输入藏语文本...
输入文本时出错: Message: tab crashed
  (Session info: chrome=143.0.7499.169)

✗ 输入文本失败

开始翻译流程 (尝试 2/2):
========================================
步骤1: 输入藏语文本...
输入文本时出错: Message: tab crashed
  (Session info: chrome=143.0.7499.169)

✗ 输入文本失败
========================================
✗ 翻译失败，跳过此行
✓ 已保存到文件: 448/4500 条

[449/4500] 翻译进度: 10.0%
藏语原文: ཡོན་ཏན་ནང་དུ་འདུག་པ་མི་མཐོང་།

开始翻译流程 (尝试 1/2):
========================================
步骤1: 输入藏语文本...
输入文本时出错: Message: tab crashed
  (Session info: chrome=143.0.7499.169)

✗ 输入文本失败

开始翻译流程 (尝试 2/2):
========================================
步骤1: 输入藏语文本...
输入文本时出错: Message: tab crashed
  (Session info: chrome=143.0.7499.169)

✗ 输入文本失败
========================================
✗ 翻译失败，跳过此行
✓ 已保存到文件: 449/4500 条

[450/4500] 翻译进度: 10.0%
藏语原文: ད་ནི་དགེར་འོས་སྣམ་སྣེམ་མི་འདུག།

开始翻译流程 (尝试 1/2):
========================================
步骤1: 输入藏语文本...
输入文本时出错: Message: tab crashed
  (Session info: chrome=143.0.7499.169)

✗ 输入文本失败

开始翻译流程 (尝试 2/2):
========================================
步骤1: 输入藏语文本...
输入文本时出错: Message: tab crashed
  (Session info: chrome=143.0.7499.169)

✗ 输入文本失败
========================================
✗ 翻译失败，跳过此行
✓ 已保存到文件: 450/4500 条

[451/4500] 翻译进度: 10.0%
藏语原文: རྒྱ་ཕུ་གཙང་འདུག་གཞན་རྣམས་གླུ་ལེན།

开始翻译流程 (尝试 1/2):
========================================
步骤1: 输入藏语文本...
输入文本时出错: Message: tab crashed
  (Session info: chrome=143.0.7499.169)

✗ 输入文本失败

开始翻译流程 (尝试 2/2):
========================================
步骤1: 输入藏语文本...
输入文本时出错: Message: tab crashed
  (Session info: chrome=143.0.7499.169)

✗ 输入文本失败
========================================
✗ 翻译失败，跳过此行
✓ 已保存到文件: 451/4500 条

[452/4500] 翻译进度: 10.0%
藏语原文: ཅི་ཕྱིར་མི་བརྐོ་འདི་ན་འདུག་ཅེས།

开始翻译流程 (尝试 1/2):
========================================
步骤1: 输入藏语文本...
输入文本时出错: Message: tab crashed
  (Session info: chrome=143.0.7499.169)

✗ 输入文本失败

开始翻译流程 (尝试 2/2):
========================================
步骤1: 输入藏语文本...
输入文本时出错: Message: tab crashed
  (Session info: chrome=143.0.7499.169)

✗ 输入文本失败
========================================
✗ 翻译失败，跳过此行
✓ 已保存到文件: 452/4500 条

[453/4500] 翻译进度: 10.1%
藏语原文: ཚོར་བ་བཞིན་དུ་འདུག་པ་ཅི་འདྲ།

开始翻译流程 (尝试 1/2):
========================================
步骤1: 输入藏语文本...
输入文本时出错: Message: tab crashed
  (Session info: chrome=143.0.7499.169)

✗ 输入文本失败

开始翻译流程 (尝试 2/2):
========================================
步骤1: 输入藏语文本...
输入文本时出错: Message: tab crashed
  (Session info: chrome=143.0.7499.169)

✗ 输入文本失败
========================================
✗ 翻译失败，跳过此行
✓ 已保存到文件: 453/4500 条

[454/4500] 翻译进度: 10.1%
藏语原文: གནས་སྐབས་ཀུན་ཏུ་བྲེལ་ལེ་འདུག་པས།

开始翻译流程 (尝试 1/2):
========================================
步骤1: 输入藏语文本...
输入文本时出错: Message: tab crashed
  (Session info: chrome=143.0.7499.169)

✗ 输入文本失败

开始翻译流程 (尝试 2/2):
========================================
步骤1: 输入藏语文本...
输入文本时出错: Message: tab crashed
  (Session info: chrome=143.0.7499.169)

✗ 输入文本失败
========================================
✗ 翻译失败，跳过此行
✓ 已保存到文件: 454/4500 条

[455/4500] 翻译进度: 10.1%
藏语原文: དེ་ཡང་རང་ཉིད་ཁོ་ནའི་ལས་ལས།

开始翻译流程 (尝试 1/2):
========================================
步骤1: 输入藏语文本...
输入文本时出错: Message: tab crashed
  (Session info: chrome=143.0.7499.169)

✗ 输入文本失败

开始翻译流程 (尝试 2/2):
========================================
步骤1: 输入藏语文本...
输入文本时出错: Message: tab crashed
  (Session info: chrome=143.0.7499.169)

✗ 输入文本失败
========================================
✗ 翻译失败，跳过此行
✓ 已保存到文件: 455/4500 条

[456/4500] 翻译进度: 10.1%
藏语原文: མཐུན་པའི་ཡུལ་འདུག་བཤེས་གཉེན་རྟག་བསྟེན།

开始翻译流程 (尝试 1/2):
========================================
步骤1: 输入藏语文本...
输入文本时出错: Message: tab crashed
  (Session info: chrome=143.0.7499.169)

✗ 输入文本失败

开始翻译流程 (尝试 2/2):
========================================
步骤1: 输入藏语文本...
输入文本时出错: Message: tab crashed
  (Session info: chrome=143.0.7499.169)

✗ 输入文本失败
========================================
✗ 翻译失败，跳过此行
✓ 已保存到文件: 456/4500 条

[457/4500] 翻译进度: 10.2%
藏语原文: ཟློག་དུས་ཉིད་ན་ལམ་ཡོགས་ཁྱེར་བཞིན།

开始翻译流程 (尝试 1/2):
========================================
步骤1: 输入藏语文本...
输入文本时出错: Message: tab crashed
  (Session info: chrome=143.0.7499.169)

✗ 输入文本失败

开始翻译流程 (尝试 2/2):
========================================
步骤1: 输入藏语文本...
输入文本时出错: Message: tab crashed
  (Session info: chrome=143.0.7499.169)

✗ 输入文本失败
========================================
✗ 翻译失败，跳过此行
✓ 已保存到文件: 457/4500 条

[458/4500] 翻译进度: 10.2%
藏语原文: མི་ཞིག་མངོན་སུམ་འདུག་བཞིན་སེམས་ན།

开始翻译流程 (尝试 1/2):
========================================
步骤1: 输入藏语文本...
输入文本时出错: Message: tab crashed
  (Session info: chrome=143.0.7499.169)

✗ 输入文本失败

开始翻译流程 (尝试 2/2):
========================================
步骤1: 输入藏语文本...
输入文本时出错: Message: tab crashed
  (Session info: chrome=143.0.7499.169)

✗ 输入文本失败
========================================
✗ 翻译失败，跳过此行
✓ 已保存到文件: 458/4500 条

[459/4500] 翻译进度: 10.2%
藏语原文: བར་དུ་ཅི་སྣང་རང་སེམས་ཉིད་བལྟ།

开始翻译流程 (尝试 1/2):
========================================
步骤1: 输入藏语文本...
输入文本时出错: Message: tab crashed
  (Session info: chrome=143.0.7499.169)

✗ 输入文本失败

开始翻译流程 (尝试 2/2):
========================================
步骤1: 输入藏语文本...
输入文本时出错: Message: tab crashed
  (Session info: chrome=143.0.7499.169)

✗ 输入文本失败
========================================
✗ 翻译失败，跳过此行
✓ 已保存到文件: 459/4500 条

[460/4500] 翻译进度: 10.2%
藏语原文: ཉན་ཐོས་རིགས་དང་རང་རྒྱལ་རིགས།

开始翻译流程 (尝试 1/2):
========================================
步骤1: 输入藏语文本...
输入文本时出错: Message: tab crashed
  (Session info: chrome=143.0.7499.169)

✗ 输入文本失败

开始翻译流程 (尝试 2/2):
========================================
步骤1: 输入藏语文本...
输入文本时出错: Message: tab crashed
  (Session info: chrome=143.0.7499.169)

✗ 输入文本失败
========================================
✗ 翻译失败，跳过此行
✓ 已保存到文件: 460/4500 条

[461/4500] 翻译进度: 10.2%
藏语原文: སློབ་དཔོན་གསང་ཞིང་གཅིག་པུར་འདུག་ལ་དགའ།

开始翻译流程 (尝试 1/2):
========================================
步骤1: 输入藏语文本...
输入文本时出错: Message: tab crashed
  (Session info: chrome=143.0.7499.169)

✗ 输入文本失败

开始翻译流程 (尝试 2/2):
========================================
步骤1: 输入藏语文本...
输入文本时出错: Message: tab crashed
  (Session info: chrome=143.0.7499.169)

✗ 输入文本失败
========================================
✗ 翻译失败，跳过此行
✓ 已保存到文件: 461/4500 条

[462/4500] 翻译进度: 10.3%
藏语原文: བདེ་བར་འདུག་པ་རིགས་མ་ཡིན།

开始翻译流程 (尝试 1/2):
========================================
步骤1: 输入藏语文本...
输入文本时出错: Message: tab crashed
  (Session info: chrome=143.0.7499.169)

✗ 输入文本失败

开始翻译流程 (尝试 2/2):
========================================
步骤1: 输入藏语文本...
输入文本时出错: Message: tab crashed
  (Session info: chrome=143.0.7499.169)

✗ 输入文本失败
========================================
✗ 翻译失败，跳过此行
✓ 已保存到文件: 462/4500 条

[463/4500] 翻译进度: 10.3%
藏语原文: རང་ལས་ཀྱི་སྒྲིབ་པ་ཕལ་ཆེར་དག་ཙ་ན།

开始翻译流程 (尝试 1/2):
========================================
步骤1: 输入藏语文本...
输入文本时出错: Message: tab crashed
  (Session info: chrome=143.0.7499.169)

✗ 输入文本失败

开始翻译流程 (尝试 2/2):
========================================
步骤1: 输入藏语文本...
输入文本时出错: Message: tab crashed
  (Session info: chrome=143.0.7499.169)

✗ 输入文本失败
========================================
✗ 翻译失败，跳过此行
✓ 已保存到文件: 463/4500 条

[464/4500] 翻译进度: 10.3%
藏语原文: རང་ས་ཆེན་པོ་ལ་གནས་ཙ་ན།

开始翻译流程 (尝试 1/2):
========================================
步骤1: 输入藏语文本...
输入文本时出错: Message: tab crashed
  (Session info: chrome=143.0.7499.169)

✗ 输入文本失败

开始翻译流程 (尝试 2/2):
========================================
步骤1: 输入藏语文本...
输入文本时出错: Message: tab crashed
  (Session info: chrome=143.0.7499.169)

✗ 输入文本失败
========================================
✗ 翻译失败，跳过此行
✓ 已保存到文件: 464/4500 条

[465/4500] 翻译进度: 10.3%
藏语原文: དེ་ཡང་རང་རྒྱུད་ལ་བརྟགས་པ་དང་།

开始翻译流程 (尝试 1/2):
========================================
步骤1: 输入藏语文本...
输入文本时出错: Message: tab crashed
  (Session info: chrome=143.0.7499.169)

✗ 输入文本失败

开始翻译流程 (尝试 2/2):
========================================
步骤1: 输入藏语文本...
输入文本时出错: Message: tab crashed
  (Session info: chrome=143.0.7499.169)

✗ 输入文本失败
========================================
✗ 翻译失败，跳过此行
✓ 已保存到文件: 465/4500 条

[466/4500] 翻译进度: 10.4%
藏语原文: དེ་བཞིན་ཁ་ཅིག་གོག་ཙ་ན།

开始翻译流程 (尝试 1/2):
========================================
步骤1: 输入藏语文本...
输入文本时出错: Message: tab crashed
  (Session info: chrome=143.0.7499.169)

✗ 输入文本失败

开始翻译流程 (尝试 2/2):
========================================
步骤1: 输入藏语文本...
输入文本时出错: Message: tab crashed
  (Session info: chrome=143.0.7499.169)

✗ 输入文本失败
========================================
✗ 翻译失败，跳过此行
✓ 已保存到文件: 466/4500 条

[467/4500] 翻译进度: 10.4%
藏语原文: གཏམ་གྱི་ཐ་མ་ནི་ཟློ་ཙ་ན།

开始翻译流程 (尝试 1/2):
========================================
步骤1: 输入藏语文本...
输入文本时出错: Message: tab crashed
  (Session info: chrome=143.0.7499.169)

✗ 输入文本失败

开始翻译流程 (尝试 2/2):
========================================
步骤1: 输入藏语文本...
输入文本时出错: Message: tab crashed
  (Session info: chrome=143.0.7499.169)

✗ 输入文本失败
========================================
✗ 翻译失败，跳过此行
✓ 已保存到文件: 467/4500 条

[468/4500] 翻译进度: 10.4%
藏语原文: ད་ནི་རྣམ་པ་ཐམས་ཅད་དུ་ནང་དུ་མི་ལྡོག་པ་མཐོང་ཙ་ན།

开始翻译流程 (尝试 1/2):
========================================
步骤1: 输入藏语文本...
输入文本时出错: Message: tab crashed
  (Session info: chrome=143.0.7499.169)

✗ 输入文本失败

开始翻译流程 (尝试 2/2):
========================================
步骤1: 输入藏语文本...
输入文本时出错: Message: tab crashed
  (Session info: chrome=143.0.7499.169)

✗ 输入文本失败
========================================
✗ 翻译失败，跳过此行
✓ 已保存到文件: 468/4500 条

[469/4500] 翻译进度: 10.4%
藏语原文: ཀེང་རུས་འཐོར་བ་ལ་སོགས་པ་མཐོང་ཙ་ན།

开始翻译流程 (尝试 1/2):
========================================
步骤1: 输入藏语文本...
输入文本时出错: Message: tab crashed
  (Session info: chrome=143.0.7499.169)

✗ 输入文本失败

开始翻译流程 (尝试 2/2):
========================================
步骤1: 输入藏语文本...
输入文本时出错: Message: tab crashed
  (Session info: chrome=143.0.7499.169)

✗ 输入文本失败
========================================
✗ 翻译失败，跳过此行
✓ 已保存到文件: 469/4500 条

[470/4500] 翻译进度: 10.4%
藏语原文: དེ་ན་ཤི་བའི་རོ་ཞིག་འདུག་གོ་ཟེར་བ་ཐོས་ཙ་ན།

开始翻译流程 (尝试 1/2):
========================================
步骤1: 输入藏语文本...
输入文本时出错: Message: tab crashed
  (Session info: chrome=143.0.7499.169)

✗ 输入文本失败

开始翻译流程 (尝试 2/2):
========================================
步骤1: 输入藏语文本...
输入文本时出错: Message: tab crashed
  (Session info: chrome=143.0.7499.169)

✗ 输入文本失败
========================================
✗ 翻译失败，跳过此行
✓ 已保存到文件: 470/4500 条

[471/4500] 翻译进度: 10.5%
藏语原文: སྐྱེས་ཙ་ན་ལྷ་མིའི་ལོངས་སྤྱོད་ཕུན་སུམ་ཚོགས་པ་ཐོབ་སྟ...

开始翻译流程 (尝试 1/2):
========================================
步骤1: 输入藏语文本...
输入文本时出错: Message: tab crashed
  (Session info: chrome=143.0.7499.169)

✗ 输入文本失败

开始翻译流程 (尝试 2/2):
========================================
步骤1: 输入藏语文本...
输入文本时出错: Message: tab crashed
  (Session info: chrome=143.0.7499.169)

✗ 输入文本失败
========================================
✗ 翻译失败，跳过此行
✓ 已保存到文件: 471/4500 条

[472/4500] 翻译进度: 10.5%
藏语原文: སྤུ་ཉག་མ་གཅིག་ལག་མཐིལ་ན་འདུག་ན་མི་བདེ་བ་དང་།

开始翻译流程 (尝试 1/2):
========================================
步骤1: 输入藏语文本...
输入文本时出错: Message: tab crashed
  (Session info: chrome=143.0.7499.169)

✗ 输入文本失败

开始翻译流程 (尝试 2/2):
========================================
步骤1: 输入藏语文本...
输入文本时出错: Message: tab crashed
  (Session info: chrome=143.0.7499.169)

✗ 输入文本失败
========================================
✗ 翻译失败，跳过此行
✓ 已保存到文件: 472/4500 条

[473/4500] 翻译进度: 10.5%
藏语原文: ལག་མཐིལ་སྤུ་ཉག་གཅིག་འདུག་པ།

开始翻译流程 (尝试 1/2):
========================================
步骤1: 输入藏语文本...
输入文本时出错: Message: tab crashed
  (Session info: chrome=143.0.7499.169)

✗ 输入文本失败

开始翻译流程 (尝试 2/2):
========================================
步骤1: 输入藏语文本...
输入文本时出错: Message: tab crashed
  (Session info: chrome=143.0.7499.169)

✗ 输入文本失败
========================================
✗ 翻译失败，跳过此行
✓ 已保存到文件: 473/4500 条

[474/4500] 翻译进度: 10.5%
藏语原文: རབ་ཏུ་དོག་པ་མུན་ནག་འཐིབས་པོར་འདུག་པ་ཡི།

开始翻译流程 (尝试 1/2):
========================================
步骤1: 输入藏语文本...
输入文本时出错: Message: tab crashed
  (Session info: chrome=143.0.7499.169)

✗ 输入文本失败

开始翻译流程 (尝试 2/2):
========================================
步骤1: 输入藏语文本...
输入文本时出错: Message: tab crashed
  (Session info: chrome=143.0.7499.169)

✗ 输入文本失败
========================================
✗ 翻译失败，跳过此行
✓ 已保存到文件: 474/4500 条

[475/4500] 翻译进度: 10.6%
藏语原文: ཁ་དོག་ལེགས་པ་ཅིག་བྱུང་བར་མི་གདའ་སྟེ།

开始翻译流程 (尝试 1/2):
========================================
步骤1: 输入藏语文本...
输入文本时出错: Message: tab crashed
  (Session info: chrome=143.0.7499.169)

✗ 输入文本失败

开始翻译流程 (尝试 2/2):
========================================
步骤1: 输入藏语文本...
输入文本时出错: Message: tab crashed
  (Session info: chrome=143.0.7499.169)

✗ 输入文本失败
========================================
✗ 翻译失败，跳过此行
✓ 已保存到文件: 475/4500 条

[476/4500] 翻译进度: 10.6%
藏语原文: རྒྱགས་ཕྱེ་ཁུར་ནས་འོངས་པར་མི་གདའ།

开始翻译流程 (尝试 1/2):
========================================
步骤1: 输入藏语文本...
输入文本时出错: Message: tab crashed
  (Session info: chrome=143.0.7499.169)

✗ 输入文本失败

开始翻译流程 (尝试 2/2):
========================================
步骤1: 输入藏语文本...
输入文本时出错: Message: tab crashed
  (Session info: chrome=143.0.7499.169)

✗ 输入文本失败
========================================
✗ 翻译失败，跳过此行
✓ 已保存到文件: 476/4500 条

[477/4500] 翻译进度: 10.6%
藏语原文: དེ་ཡང་རང་ལ་མི་མཁོ་བ་བུ་ལ་བྱིན་པ་ལྟ་བུ་མ་ཡིན་ཏེ།

开始翻译流程 (尝试 1/2):
========================================
步骤1: 输入藏语文本...
输入文本时出错: Message: tab crashed
  (Session info: chrome=143.0.7499.169)

✗ 输入文本失败

开始翻译流程 (尝试 2/2):
========================================
步骤1: 输入藏语文本...
输入文本时出错: Message: tab crashed
  (Session info: chrome=143.0.7499.169)

✗ 输入文本失败
========================================
✗ 翻译失败，跳过此行
✓ 已保存到文件: 477/4500 条

[478/4500] 翻译进度: 10.6%
藏语原文: དཀའ་ལས་ཅི་ཡང་ནུས་པའི་ཤེད་པོ་ཆེ་ཞིག་བྱུང་བར་མི་གདའ།

开始翻译流程 (尝试 1/2):
========================================
步骤1: 输入藏语文本...
输入文本时出错: Message: tab crashed
  (Session info: chrome=143.0.7499.169)

✗ 输入文本失败

开始翻译流程 (尝试 2/2):
========================================
步骤1: 输入藏语文本...
输入文本时出错: Message: tab crashed
  (Session info: chrome=143.0.7499.169)

✗ 输入文本失败
========================================
✗ 翻译失败，跳过此行
✓ 已保存到文件: 478/4500 条

[479/4500] 翻译进度: 10.6%
藏语原文: སྒོ་དྲག་པོ་ཞིག་འདིར་ཡོང་བར་མི་གདའ།

开始翻译流程 (尝试 1/2):
========================================
步骤1: 输入藏语文本...
输入文本时出错: Message: tab crashed
  (Session info: chrome=143.0.7499.169)

✗ 输入文本失败

开始翻译流程 (尝试 2/2):
========================================
步骤1: 输入藏语文本...
输入文本时出错: Message: tab crashed
  (Session info: chrome=143.0.7499.169)

✗ 输入文本失败
========================================
✗ 翻译失败，跳过此行
✓ 已保存到文件: 479/4500 条

[480/4500] 翻译进度: 10.7%
藏语原文: རང་ལས་གཞན་གཅེས་པར་འཛིན་ཙ་ན།

开始翻译流程 (尝试 1/2):
========================================
步骤1: 输入藏语文本...
输入文本时出错: Message: tab crashed
  (Session info: chrome=143.0.7499.169)

✗ 输入文本失败

开始翻译流程 (尝试 2/2):
========================================
步骤1: 输入藏语文本...
输入文本时出错: Message: tab crashed
  (Session info: chrome=143.0.7499.169)

✗ 输入文本失败
========================================
✗ 翻译失败，跳过此行
✓ 已保存到文件: 480/4500 条

[481/4500] 翻译进度: 10.7%
藏语原文: བདག་ནི་མལ་ན་འདུག་བཞིན་དུ།

开始翻译流程 (尝试 1/2):
========================================
步骤1: 输入藏语文本...
输入文本时出错: Message: tab crashed
  (Session info: chrome=143.0.7499.169)

✗ 输入文本失败

开始翻译流程 (尝试 2/2):
========================================
步骤1: 输入藏语文本...
输入文本时出错: Message: tab crashed
  (Session info: chrome=143.0.7499.169)

✗ 输入文本失败
========================================
✗ 翻译失败，跳过此行
✓ 已保存到文件: 481/4500 条

[482/4500] 翻译进度: 10.7%
藏语原文: དེ་ལྟར་ཡང་རང་ལ་འབྱོར་བ་ཆེ་བར་ཡོད་ན་དངོས་སུ་ཆུང་བས་...

开始翻译流程 (尝试 1/2):
========================================
步骤1: 输入藏语文本...
输入文本时出错: Message: tab crashed
  (Session info: chrome=143.0.7499.169)

✗ 输入文本失败

开始翻译流程 (尝试 2/2):
========================================
步骤1: 输入藏语文本...
输入文本时出错: Message: tab crashed
  (Session info: chrome=143.0.7499.169)

✗ 输入文本失败
========================================
✗ 翻译失败，跳过此行
✓ 已保存到文件: 482/4500 条

[483/4500] 翻译进度: 10.7%
藏语原文: སྨོན་པ་སོར་ཆུད་པས་འཇུག་པ་ཡང་རང་བཞིན་གྱིས་སོར་ཆུད་ད...

开始翻译流程 (尝试 1/2):
========================================
步骤1: 输入藏语文本...
输入文本时出错: Message: tab crashed
  (Session info: chrome=143.0.7499.169)

✗ 输入文本失败

开始翻译流程 (尝试 2/2):
========================================
步骤1: 输入藏语文本...
输入文本时出错: Message: tab crashed
  (Session info: chrome=143.0.7499.169)

✗ 输入文本失败
========================================
✗ 翻译失败，跳过此行
✓ 已保存到文件: 483/4500 条

[484/4500] 翻译进度: 10.8%
藏语原文: ལེན་པ་པོ་ཁོ་རང་ལ་གནོད་པར་བྱ་བའམ།

开始翻译流程 (尝试 1/2):
========================================
步骤1: 输入藏语文本...
输入文本时出错: Message: tab crashed
  (Session info: chrome=143.0.7499.169)

✗ 输入文本失败

开始翻译流程 (尝试 2/2):
========================================
步骤1: 输入藏语文本...
输入文本时出错: Message: tab crashed
  (Session info: chrome=143.0.7499.169)

✗ 输入文本失败
========================================
✗ 翻译失败，跳过此行
✓ 已保存到文件: 484/4500 条

[485/4500] 翻译进度: 10.8%
藏语原文: རྐང་རྟེན་བཅས་པའི་ཁྲི་ལ་རབ་འདུག་ཅིང་།

开始翻译流程 (尝试 1/2):
========================================
步骤1: 输入藏语文本...
输入文本时出错: Message: tab crashed
  (Session info: chrome=143.0.7499.169)

✗ 输入文本失败

开始翻译流程 (尝试 2/2):
========================================
步骤1: 输入藏语文本...
输入文本时出错: Message: tab crashed
  (Session info: chrome=143.0.7499.169)

✗ 输入文本失败
========================================
✗ 翻译失败，跳过此行
✓ 已保存到文件: 485/4500 条

[486/4500] 翻译进度: 10.8%
藏语原文: མི་འདོད་ཀྱང་རང་ལ་ལོངས་སྤྱོད་ཕུན་སུམ་ཚོགས་པར་འགྱུར།

开始翻译流程 (尝试 1/2):
========================================
步骤1: 输入藏语文本...
输入文本时出错: Message: tab crashed
  (Session info: chrome=143.0.7499.169)

✗ 输入文本失败

开始翻译流程 (尝试 2/2):
========================================
步骤1: 输入藏语文本...
输入文本时出错: Message: tab crashed
  (Session info: chrome=143.0.7499.169)

✗ 输入文本失败
========================================
✗ 翻译失败，跳过此行
✓ 已保存到文件: 486/4500 条

[487/4500] 翻译进度: 10.8%
藏语原文: འདུག་པའི་ཚེ་ཇི་ལྟར་འདུག་ན།

开始翻译流程 (尝试 1/2):
========================================
步骤1: 输入藏语文本...
输入文本时出错: Message: tab crashed
  (Session info: chrome=143.0.7499.169)

✗ 输入文本失败

开始翻译流程 (尝试 2/2):
========================================
步骤1: 输入藏语文本...
输入文本时出错: Message: tab crashed
  (Session info: chrome=143.0.7499.169)

✗ 输入文本失败
========================================
✗ 翻译失败，跳过此行
✓ 已保存到文件: 487/4500 条

[488/4500] 翻译进度: 10.8%
藏语原文: རྐང་པ་བརྐྱངས་ཏེ་མི་འདུག་ཅིང་།

开始翻译流程 (尝试 1/2):
========================================
步骤1: 输入藏语文本...
输入文本时出错: Message: tab crashed
  (Session info: chrome=143.0.7499.169)

✗ 输入文本失败

开始翻译流程 (尝试 2/2):
========================================
步骤1: 输入藏语文本...
输入文本时出错: Message: tab crashed
  (Session info: chrome=143.0.7499.169)

✗ 输入文本失败
========================================
✗ 翻译失败，跳过此行
✓ 已保存到文件: 488/4500 条

[489/4500] 翻译进度: 10.9%
藏语原文: མ་བྱིན་པར་ལེན་པ་ལ་སོགས་པ་བྱེད་ཅིང་འདུག་ན།

开始翻译流程 (尝试 1/2):
========================================
步骤1: 输入藏语文本...
输入文本时出错: Message: tab crashed
  (Session info: chrome=143.0.7499.169)

✗ 输入文本失败

开始翻译流程 (尝试 2/2):
========================================
步骤1: 输入藏语文本...
输入文本时出错: Message: tab crashed
  (Session info: chrome=143.0.7499.169)

✗ 输入文本失败
========================================
✗ 翻译失败，跳过此行
✓ 已保存到文件: 489/4500 条

[490/4500] 翻译进度: 10.9%
藏语原文: ཕྲ་མ་དང་ངན་སྨྲས་ལ་སོགས་པ་སྨྲས་ཞིང་འདུག་ན།

开始翻译流程 (尝试 1/2):
========================================
步骤1: 输入藏语文本...
输入文本时出错: Message: tab crashed
  (Session info: chrome=143.0.7499.169)

✗ 输入文本失败

开始翻译流程 (尝试 2/2):
========================================
步骤1: 输入藏语文本...
输入文本时出错: Message: tab crashed
  (Session info: chrome=143.0.7499.169)

✗ 输入文本失败
========================================
✗ 翻译失败，跳过此行
✓ 已保存到文件: 490/4500 条

[491/4500] 翻译进度: 10.9%
藏语原文: ཕྲག་དོག་ལ་སོགས་པ་སེམས་ཤིང་འདུག་ན།

开始翻译流程 (尝试 1/2):
========================================
步骤1: 输入藏语文本...
输入文本时出错: Message: tab crashed
  (Session info: chrome=143.0.7499.169)

✗ 输入文本失败

开始翻译流程 (尝试 2/2):
========================================
步骤1: 输入藏语文本...
输入文本时出错: Message: tab crashed
  (Session info: chrome=143.0.7499.169)

✗ 输入文本失败
========================================
✗ 翻译失败，跳过此行
✓ 已保存到文件: 491/4500 条

[492/4500] 翻译进度: 10.9%
藏语原文: རྒྱུས་པའི་དྲྭ་བ་བྲང་བྲེང་དུ་འདུག་པ་དང་།

开始翻译流程 (尝试 1/2):
========================================
步骤1: 输入藏语文本...
输入文本时出错: Message: tab crashed
  (Session info: chrome=143.0.7499.169)

✗ 输入文本失败

开始翻译流程 (尝试 2/2):
========================================
步骤1: 输入藏语文本...
输入文本时出错: Message: tab crashed
  (Session info: chrome=143.0.7499.169)

✗ 输入文本失败
========================================
✗ 翻译失败，跳过此行
✓ 已保存到文件: 492/4500 条

[493/4500] 翻译进度: 11.0%
藏语原文: ཡང་ཤེས་རབ་དེ་ཡང་རང་དགར་མི་སྐྱེ་སྟེ།

开始翻译流程 (尝试 1/2):
========================================
步骤1: 输入藏语文本...
输入文本时出错: Message: tab crashed
  (Session info: chrome=143.0.7499.169)

✗ 输入文本失败

开始翻译流程 (尝试 2/2):
========================================
步骤1: 输入藏语文本...
输入文本时出错: Message: tab crashed
  (Session info: chrome=143.0.7499.169)

✗ 输入文本失败
========================================
✗ 翻译失败，跳过此行
✓ 已保存到文件: 493/4500 条

[494/4500] 翻译进度: 11.0%
藏语原文: ལམ་རིམ་དུ་གསུང་ཙ་ན།

开始翻译流程 (尝试 1/2):
========================================
步骤1: 输入藏语文本...
输入文本时出错: Message: tab crashed
  (Session info: chrome=143.0.7499.169)

✗ 输入文本失败

开始翻译流程 (尝试 2/2):
========================================
步骤1: 输入藏语文本...
输入文本时出错: Message: tab crashed
  (Session info: chrome=143.0.7499.169)

✗ 输入文本失败
========================================
✗ 翻译失败，跳过此行
✓ 已保存到文件: 494/4500 条

[495/4500] 翻译进度: 11.0%
藏语原文: གཟུགས་སམ་ཁ་དོག་ཅི་ལྟར་འདུག་པ་ལེགས་པར་བརྟགས་ལ།

开始翻译流程 (尝试 1/2):
========================================
步骤1: 输入藏语文本...
输入文本时出错: Message: tab crashed
  (Session info: chrome=143.0.7499.169)

✗ 输入文本失败

开始翻译流程 (尝试 2/2):
========================================
步骤1: 输入藏语文本...
输入文本时出错: Message: tab crashed
  (Session info: chrome=143.0.7499.169)

✗ 输入文本失败
========================================
✗ 翻译失败，跳过此行
✓ 已保存到文件: 495/4500 条

[496/4500] 翻译进度: 11.0%
藏语原文: མཚན་མ་ཐམས་ཅད་ཡིད་ལ་མི་བྱེད་པར་སྐྱིལ་ཀྲུང་བཅས་སྟེ་འ...

开始翻译流程 (尝试 1/2):
========================================
步骤1: 输入藏语文本...
输入文本时出错: Message: tab crashed
  (Session info: chrome=143.0.7499.169)

✗ 输入文本失败

开始翻译流程 (尝试 2/2):
========================================
步骤1: 输入藏语文本...
输入文本时出错: Message: tab crashed
  (Session info: chrome=143.0.7499.169)

✗ 输入文本失败
========================================
✗ 翻译失败，跳过此行
✓ 已保存到文件: 496/4500 条

[497/4500] 翻译进度: 11.0%
藏语原文: དྲང་པོར་འདུག་ལ་ཡང་དག་ལྟོས།

开始翻译流程 (尝试 1/2):
========================================
步骤1: 输入藏语文本...
输入文本时出错: Message: tab crashed
  (Session info: chrome=143.0.7499.169)

✗ 输入文本失败

开始翻译流程 (尝试 2/2):
========================================
步骤1: 输入藏语文本...
输入文本时出错: Message: tab crashed
  (Session info: chrome=143.0.7499.169)

✗ 输入文本失败
========================================
✗ 翻译失败，跳过此行
✓ 已保存到文件: 497/4500 条

[498/4500] 翻译进度: 11.1%
藏语原文: སྐྱེ་བའི་ཁྱད་པར་གསུངས་པ་འདི་དག་ཀྱང་རང་བཞིན་ལ་བསམས་...

开始翻译流程 (尝试 1/2):
========================================
步骤1: 输入藏语文本...
输入文本时出错: Message: tab crashed
  (Session info: chrome=143.0.7499.169)

✗ 输入文本失败

开始翻译流程 (尝试 2/2):
========================================
步骤1: 输入藏语文本...
输入文本时出错: Message: tab crashed
  (Session info: chrome=143.0.7499.169)

✗ 输入文本失败
========================================
✗ 翻译失败，跳过此行
✓ 已保存到文件: 498/4500 条

[499/4500] 翻译进度: 11.1%
藏语原文: དེ་ལྟར་མི་འདུག་པས་གདུལ་བྱའི་སྣང་བ་གཅིག་པུ་ཡང་མ་ཡིན...

开始翻译流程 (尝试 1/2):
========================================
步骤1: 输入藏语文本...
输入文本时出错: Message: tab crashed
  (Session info: chrome=143.0.7499.169)

✗ 输入文本失败

开始翻译流程 (尝试 2/2):
========================================
步骤1: 输入藏语文本...
输入文本时出错: Message: tab crashed
  (Session info: chrome=143.0.7499.169)

✗ 输入文本失败
========================================
✗ 翻译失败，跳过此行
✓ 已保存到文件: 499/4500 条

[500/4500] 翻译进度: 11.1%
藏语原文: དེ་ལྟར་ཡང་མི་འདུག་པས།

开始翻译流程 (尝试 1/2):
========================================
步骤1: 输入藏语文本...
输入文本时出错: Message: tab crashed
  (Session info: chrome=143.0.7499.169)

✗ 输入文本失败

开始翻译流程 (尝试 2/2):
========================================
步骤1: 输入藏语文本...
输入文本时出错: Message: tab crashed
  (Session info: chrome=143.0.7499.169)

✗ 输入文本失败
========================================
✗ 翻译失败，跳过此行
✓ 已保存到文件: 500/4500 条

[501/4500] 翻译进度: 11.1%
藏语原文: ཙ་ན་ཀ་ལས།

开始翻译流程 (尝试 1/2):
========================================
步骤1: 输入藏语文本...
输入文本时出错: Message: tab crashed
  (Session info: chrome=143.0.7499.169)

✗ 输入文本失败

开始翻译流程 (尝试 2/2):
========================================
步骤1: 输入藏语文本...
输入文本时出错: Message: tab crashed
  (Session info: chrome=143.0.7499.169)

✗ 输入文本失败
========================================
✗ 翻译失败，跳过此行
✓ 已保存到文件: 501/4500 条

[502/4500] 翻译进度: 11.2%
藏语原文: གསོན་རིང་ལ་འཐབས་ནས་ཤི་ནས་མྱ་ངན་བྱས་ཀྱང་རང་སྡུག་པ་མ...

开始翻译流程 (尝试 1/2):
========================================
步骤1: 输入藏语文本...
输入文本时出错: Message: tab crashed
  (Session info: chrome=143.0.7499.169)

✗ 输入文本失败

开始翻译流程 (尝试 2/2):
========================================
步骤1: 输入藏语文本...
输入文本时出错: Message: tab crashed
  (Session info: chrome=143.0.7499.169)

✗ 输入文本失败
========================================
✗ 翻译失败，跳过此行
✓ 已保存到文件: 502/4500 条

[503/4500] 翻译进度: 11.2%
藏语原文: འགྲོ་འཆག་ཉལ་དང་འདུག་པར་ཤེས་བཞིན་རབ་ཏུ་ལྡན།

开始翻译流程 (尝试 1/2):
========================================
步骤1: 输入藏语文本...
输入文本时出错: Message: tab crashed
  (Session info: chrome=143.0.7499.169)

✗ 输入文本失败

开始翻译流程 (尝试 2/2):
========================================
步骤1: 输入藏语文本...
输入文本时出错: Message: tab crashed
  (Session info: chrome=143.0.7499.169)

✗ 输入文本失败
========================================
✗ 翻译失败，跳过此行
✓ 已保存到文件: 503/4500 条

[504/4500] 翻译进度: 11.2%
藏语原文: ཙ་ན་ཀ་ལས།

开始翻译流程 (尝试 1/2):
========================================
步骤1: 输入藏语文本...
输入文本时出错: Message: tab crashed
  (Session info: chrome=143.0.7499.169)

✗ 输入文本失败

开始翻译流程 (尝试 2/2):
========================================
步骤1: 输入藏语文本...
输入文本时出错: Message: tab crashed
  (Session info: chrome=143.0.7499.169)

✗ 输入文本失败
========================================
✗ 翻译失败，跳过此行
✓ 已保存到文件: 504/4500 条

[505/4500] 翻译进度: 11.2%
藏语原文: སྤྱོད་ཀྱང་ཉན་ཐོས་ས་དང་རང་རྒྱལ་སེམས་བསྐྱེད་ན།

开始翻译流程 (尝试 1/2):
========================================
步骤1: 输入藏语文本...
输入文本时出错: Message: tab crashed
  (Session info: chrome=143.0.7499.169)

✗ 输入文本失败

开始翻译流程 (尝试 2/2):
========================================
步骤1: 输入藏语文本...
输入文本时出错: Message: tab crashed
  (Session info: chrome=143.0.7499.169)

✗ 输入文本失败
========================================
✗ 翻译失败，跳过此行
✓ 已保存到文件: 505/4500 条

[506/4500] 翻译进度: 11.2%
藏语原文: ཕྱག་རྒྱ་ཆེན་པོ་པ་ཁོ་རང་ལ་ཡང་འདི་མི་འཐད་དེ།

开始翻译流程 (尝试 1/2):
========================================
步骤1: 输入藏语文本...
输入文本时出错: Message: tab crashed
  (Session info: chrome=143.0.7499.169)

✗ 输入文本失败

开始翻译流程 (尝试 2/2):
========================================
步骤1: 输入藏语文本...
输入文本时出错: Message: tab crashed
  (Session info: chrome=143.0.7499.169)

✗ 输入文本失败
========================================
✗ 翻译失败，跳过此行
✓ 已保存到文件: 506/4500 条

[507/4500] 翻译进度: 11.3%
藏语原文: ཉན་ཐོས་དང་རང་རྒྱལ་རྒྱ་ཆེ།

开始翻译流程 (尝试 1/2):
========================================
步骤1: 输入藏语文本...
输入文本时出错: Message: tab crashed
  (Session info: chrome=143.0.7499.169)

✗ 输入文本失败

开始翻译流程 (尝试 2/2):
========================================
步骤1: 输入藏语文本...
输入文本时出错: Message: tab crashed
  (Session info: chrome=143.0.7499.169)

✗ 输入文本失败
========================================
✗ 翻译失败，跳过此行
✓ 已保存到文件: 507/4500 条

[508/4500] 翻译进度: 11.3%
藏语原文: ཉན་ཐོས་དང་རང་རྒྱལ།

开始翻译流程 (尝试 1/2):
========================================
步骤1: 输入藏语文本...
输入文本时出错: Message: tab crashed
  (Session info: chrome=143.0.7499.169)

✗ 输入文本失败

开始翻译流程 (尝试 2/2):
========================================
步骤1: 输入藏语文本...
输入文本时出错: Message: tab crashed
  (Session info: chrome=143.0.7499.169)

✗ 输入文本失败
========================================
✗ 翻译失败，跳过此行
✓ 已保存到文件: 508/4500 条

[509/4500] 翻译进度: 11.3%
藏语原文: ཨ་ཙིནྟ་སྟ་བཾ་༢།

开始翻译流程 (尝试 1/2):
========================================
步骤1: 输入藏语文本...
输入文本时出错: Message: tab crashed
  (Session info: chrome=143.0.7499.169)

✗ 输入文本失败

开始翻译流程 (尝试 2/2):
========================================
步骤1: 输入藏语文本...
输入文本时出错: Message: tab crashed
  (Session info: chrome=143.0.7499.169)

✗ 输入文本失败
========================================
✗ 翻译失败，跳过此行
✓ 已保存到文件: 509/4500 条

[510/4500] 翻译进度: 11.3%
藏语原文: ཡང་དག་ལོག་པའང་རང་ལས་ཅི།

开始翻译流程 (尝试 1/2):
========================================
步骤1: 输入藏语文本...
输入文本时出错: Message: tab crashed
  (Session info: chrome=143.0.7499.169)

✗ 输入文本失败

开始翻译流程 (尝试 2/2):
========================================
步骤1: 输入藏语文本...
输入文本时出错: Message: tab crashed
  (Session info: chrome=143.0.7499.169)

✗ 输入文本失败
========================================
✗ 翻译失败，跳过此行
✓ 已保存到文件: 510/4500 条

[511/4500] 翻译进度: 11.4%
藏语原文: དངོས་གང་རང་ལས་མ་མཆིས་ན།

开始翻译流程 (尝试 1/2):
========================================
步骤1: 输入藏语文本...
输入文本时出错: Message: tab crashed
  (Session info: chrome=143.0.7499.169)

✗ 输入文本失败

开始翻译流程 (尝试 2/2):
========================================
步骤1: 输入藏语文本...
输入文本时出错: Message: tab crashed
  (Session info: chrome=143.0.7499.169)

✗ 输入文本失败
========================================
✗ 翻译失败，跳过此行
✓ 已保存到文件: 511/4500 条

[512/4500] 翻译进度: 11.4%
藏语原文: ངོ་བོ་ཉིད་དང་རང་བཞིན་དང་།

开始翻译流程 (尝试 1/2):
========================================
步骤1: 输入藏语文本...
输入文本时出错: Message: tab crashed
  (Session info: chrome=143.0.7499.169)

✗ 输入文本失败

开始翻译流程 (尝试 2/2):
========================================
步骤1: 输入藏语文本...
输入文本时出错: Message: tab crashed
  (Session info: chrome=143.0.7499.169)

✗ 输入文本失败
========================================
✗ 翻译失败，跳过此行
✓ 已保存到文件: 512/4500 条

[513/4500] 翻译进度: 11.4%
藏语原文: དུས་དེ་ནས་ཉིན་མཚན་གཉིས་མུན་པདཀར་ནག་ལ་ཁྱད་པར་མི་འདུ...

开始翻译流程 (尝试 1/2):
========================================
步骤1: 输入藏语文本...
输入文本时出错: Message: tab crashed
  (Session info: chrome=143.0.7499.169)

✗ 输入文本失败

开始翻译流程 (尝试 2/2):
========================================
步骤1: 输入藏语文本...
输入文本时出错: Message: tab crashed
  (Session info: chrome=143.0.7499.169)

✗ 输入文本失败
========================================
✗ 翻译失败，跳过此行
✓ 已保存到文件: 513/4500 条

[514/4500] 翻译进度: 11.4%
藏语原文: དེ་ནས་འགྲོ་འདུག་ལ་སོགས་དང་།

开始翻译流程 (尝试 1/2):
========================================
步骤1: 输入藏语文本...
输入文本时出错: Message: tab crashed
  (Session info: chrome=143.0.7499.169)

✗ 输入文本失败

开始翻译流程 (尝试 2/2):
========================================
步骤1: 输入藏语文本...
输入文本时出错: Message: tab crashed
  (Session info: chrome=143.0.7499.169)

✗ 输入文本失败
========================================
✗ 翻译失败，跳过此行
✓ 已保存到文件: 514/4500 条

[515/4500] 翻译进度: 11.4%
藏语原文: ཁྱད་པར་དུ་འདུག་གོ།

开始翻译流程 (尝试 1/2):
========================================
步骤1: 输入藏语文本...
输入文本时出错: Message: tab crashed
  (Session info: chrome=143.0.7499.169)

✗ 输入文本失败

开始翻译流程 (尝试 2/2):
========================================
步骤1: 输入藏语文本...
输入文本时出错: Message: tab crashed
  (Session info: chrome=143.0.7499.169)

✗ 输入文本失败
========================================
✗ 翻译失败，跳过此行
✓ 已保存到文件: 515/4500 条

[516/4500] 翻译进度: 11.5%
藏语原文: ཞེས་མང་དུ་གསུངས་འདུག་པ་ལ།

开始翻译流程 (尝试 1/2):
========================================
步骤1: 输入藏语文本...
输入文本时出错: Message: tab crashed
  (Session info: chrome=143.0.7499.169)

✗ 输入文本失败

开始翻译流程 (尝试 2/2):
========================================
步骤1: 输入藏语文本...
输入文本时出错: Message: tab crashed
  (Session info: chrome=143.0.7499.169)

✗ 输入文本失败
========================================
✗ 翻译失败，跳过此行
✓ 已保存到文件: 516/4500 条

[517/4500] 翻译进度: 11.5%
藏语原文: རྗེ་བཙུན་གྱི་ཞལ་ནས་འོན་ཀྱང་ཐོབཟངས་བརྒྱ་དང་བཅུ་ཙམ་ལ...

开始翻译流程 (尝试 1/2):
========================================
步骤1: 输入藏语文本...
输入文本时出错: Message: tab crashed
  (Session info: chrome=143.0.7499.169)

✗ 输入文本失败

开始翻译流程 (尝试 2/2):
========================================
步骤1: 输入藏语文本...
输入文本时出错: Message: tab crashed
  (Session info: chrome=143.0.7499.169)

✗ 输入文本失败
========================================
✗ 翻译失败，跳过此行
✓ 已保存到文件: 517/4500 条

[518/4500] 翻译进度: 11.5%
藏语原文: དེ་ཡང་དབུས་གཙང་ཕྱོགས་སུ་ཚང་བར་འདུག།

开始翻译流程 (尝试 1/2):
========================================
步骤1: 输入藏语文本...
输入文本时出错: Message: tab crashed
  (Session info: chrome=143.0.7499.169)

✗ 输入文本失败

开始翻译流程 (尝试 2/2):
========================================
步骤1: 输入藏语文本...
输入文本时出错: Message: tab crashed
  (Session info: chrome=143.0.7499.169)

✗ 输入文本失败
========================================
✗ 翻译失败，跳过此行
✓ 已保存到文件: 518/4500 条

[519/4500] 翻译进度: 11.5%
藏语原文: ང་རང་ནང་སོར་ཞོག་གསུང་།

开始翻译流程 (尝试 1/2):
========================================
步骤1: 输入藏语文本...
输入文本时出错: Message: tab crashed
  (Session info: chrome=143.0.7499.169)

✗ 输入文本失败

开始翻译流程 (尝试 2/2):
========================================
步骤1: 输入藏语文本...
输入文本时出错: Message: tab crashed
  (Session info: chrome=143.0.7499.169)

✗ 输入文本失败
========================================
✗ 翻译失败，跳过此行
✓ 已保存到文件: 519/4500 条

[520/4500] 翻译进度: 11.6%
藏语原文: ཅེས་དམ་བཅའབར་འདུག།

开始翻译流程 (尝试 1/2):
========================================
步骤1: 输入藏语文本...
输入文本时出错: Message: tab crashed
  (Session info: chrome=143.0.7499.169)

✗ 输入文本失败

开始翻译流程 (尝试 2/2):
========================================
步骤1: 输入藏语文本...
输入文本时出错: Message: tab crashed
  (Session info: chrome=143.0.7499.169)

✗ 输入文本失败
========================================
✗ 翻译失败，跳过此行
✓ 已保存到文件: 520/4500 条

[521/4500] 翻译进度: 11.6%
藏语原文: རྗེས་ལ་སྣང་བ་ཐམས་ཅད་ལ་བལྟས་ཙ་ན་དུ་བ་ལྟ་བུ་ལ་སོགས་པ...

开始翻译流程 (尝试 1/2):
========================================
步骤1: 输入藏语文本...
输入文本时出错: Message: tab crashed
  (Session info: chrome=143.0.7499.169)

✗ 输入文本失败

开始翻译流程 (尝试 2/2):
========================================
步骤1: 输入藏语文本...
输入文本时出错: Message: tab crashed
  (Session info: chrome=143.0.7499.169)

✗ 输入文本失败
========================================
✗ 翻译失败，跳过此行
✓ 已保存到文件: 521/4500 条

[522/4500] 翻译进度: 11.6%
藏语原文: དེ་དག་བྱུང་ནས་འཆི་བར་འདུག་ན།

开始翻译流程 (尝试 1/2):
========================================
步骤1: 输入藏语文本...
输入文本时出错: Message: tab crashed
  (Session info: chrome=143.0.7499.169)

✗ 输入文本失败

开始翻译流程 (尝试 2/2):
========================================
步骤1: 输入藏语文本...
输入文本时出错: Message: tab crashed
  (Session info: chrome=143.0.7499.169)

✗ 输入文本失败
========================================
✗ 翻译失败，跳过此行
✓ 已保存到文件: 522/4500 条

[523/4500] 翻译进度: 11.6%
藏语原文: དེ་ཡང་རང་གང་འདོད་པའི་སྒོ་སྟོང་པར་བཞག་ཅིང་།

开始翻译流程 (尝试 1/2):
========================================
步骤1: 输入藏语文本...
输入文本时出错: Message: tab crashed
  (Session info: chrome=143.0.7499.169)

✗ 输入文本失败

开始翻译流程 (尝试 2/2):
========================================
步骤1: 输入藏语文本...
输入文本时出错: Message: tab crashed
  (Session info: chrome=143.0.7499.169)

✗ 输入文本失败
========================================
✗ 翻译失败，跳过此行
✓ 已保存到文件: 523/4500 条

[524/4500] 翻译进度: 11.6%
藏语原文: སྣང་ཡང་རང་བཞིན་མེད་པར་འགྱུར་ཏེ།

开始翻译流程 (尝试 1/2):
========================================
步骤1: 输入藏语文本...
输入文本时出错: Message: tab crashed
  (Session info: chrome=143.0.7499.169)

✗ 输入文本失败

开始翻译流程 (尝试 2/2):
========================================
步骤1: 输入藏语文本...
输入文本时出错: Message: tab crashed
  (Session info: chrome=143.0.7499.169)

✗ 输入文本失败
========================================
✗ 翻译失败，跳过此行
✓ 已保存到文件: 524/4500 条

[525/4500] 翻译进度: 11.7%
藏语原文: སྟན་བདེ་བ་ལ་བསམ་གཏན་གྱི་རོལ་པས་འདུག་སྟེ།

开始翻译流程 (尝试 1/2):
========================================
步骤1: 输入藏语文本...
输入文本时出错: Message: tab crashed
  (Session info: chrome=143.0.7499.169)

✗ 输入文本失败

开始翻译流程 (尝试 2/2):
========================================
步骤1: 输入藏语文本...
输入文本时出错: Message: tab crashed
  (Session info: chrome=143.0.7499.169)

✗ 输入文本失败
========================================
✗ 翻译失败，跳过此行
✓ 已保存到文件: 525/4500 条

[526/4500] 翻译进度: 11.7%
藏语原文: རིམ་པ་གཉིས་ཀྱི་རྟོག་པ་ཁྱད་པར་ཅན་དུས་མྱུར་བ་ཉིད་དུ་...

开始翻译流程 (尝试 1/2):
========================================
步骤1: 输入藏语文本...
输入文本时出错: Message: tab crashed
  (Session info: chrome=143.0.7499.169)

✗ 输入文本失败

开始翻译流程 (尝试 2/2):
========================================
步骤1: 输入藏语文本...
输入文本时出错: Message: tab crashed
  (Session info: chrome=143.0.7499.169)

✗ 输入文本失败
========================================
✗ 翻译失败，跳过此行
✓ 已保存到文件: 526/4500 条

[527/4500] 翻译进度: 11.7%
藏语原文: གྲུབ་པ་ཐོབ་པར་ཚེགས་མེད་པ་ཡིན་པ་གདའ།

开始翻译流程 (尝试 1/2):
========================================
步骤1: 输入藏语文本...
输入文本时出错: Message: tab crashed
  (Session info: chrome=143.0.7499.169)

✗ 输入文本失败

开始翻译流程 (尝试 2/2):
========================================
步骤1: 输入藏语文本...
输入文本时出错: Message: tab crashed
  (Session info: chrome=143.0.7499.169)

✗ 输入文本失败
========================================
✗ 翻译失败，跳过此行
✓ 已保存到文件: 527/4500 条

[528/4500] 翻译进度: 11.7%
藏语原文: ཁོ་བོའི་ཕྱག་རྒྱ་ཆེན་པོ་དེ་ལ་ཁྱད་ཅི་འདུག་གསུངས་པ་ལ།

开始翻译流程 (尝试 1/2):
========================================
步骤1: 输入藏语文本...
输入文本时出错: Message: tab crashed
  (Session info: chrome=143.0.7499.169)

✗ 输入文本失败

开始翻译流程 (尝试 2/2):
========================================
步骤1: 输入藏语文本...
输入文本时出错: Message: tab crashed
  (Session info: chrome=143.0.7499.169)

✗ 输入文本失败
========================================
✗ 翻译失败，跳过此行
✓ 已保存到文件: 528/4500 条

[529/4500] 翻译进度: 11.8%
藏语原文: དེ་ལ་ཁྱད་མི་འདུག་ཞུས་པས།

开始翻译流程 (尝试 1/2):
========================================
步骤1: 输入藏语文本...
输入文本时出错: Message: tab crashed
  (Session info: chrome=143.0.7499.169)

✗ 输入文本失败

开始翻译流程 (尝试 2/2):
========================================
步骤1: 输入藏语文本...
输入文本时出错: Message: tab crashed
  (Session info: chrome=143.0.7499.169)

✗ 输入文本失败
========================================
✗ 翻译失败，跳过此行
✓ 已保存到文件: 529/4500 条

[530/4500] 翻译进度: 11.8%
藏语原文: ཁྱད་པར་ཇི་ལྟར་མི་འདུག་གསུང་།

开始翻译流程 (尝试 1/2):
========================================
步骤1: 输入藏语文本...
输入文本时出错: Message: tab crashed
  (Session info: chrome=143.0.7499.169)

✗ 输入文本失败

开始翻译流程 (尝试 2/2):
========================================
步骤1: 输入藏语文本...
输入文本时出错: Message: tab crashed
  (Session info: chrome=143.0.7499.169)

✗ 输入文本失败
========================================
✗ 翻译失败，跳过此行
✓ 已保存到文件: 530/4500 条

[531/4500] 翻译进度: 11.8%
藏语原文: གློད་ནས་འཇོག་པར་འདུག་ཞུས་པས།

开始翻译流程 (尝试 1/2):
========================================
步骤1: 输入藏语文本...
输入文本时出错: Message: tab crashed
  (Session info: chrome=143.0.7499.169)

✗ 输入文本失败

开始翻译流程 (尝试 2/2):
========================================
步骤1: 输入藏语文本...
输入文本时出错: Message: tab crashed
  (Session info: chrome=143.0.7499.169)

✗ 输入文本失败
========================================
✗ 翻译失败，跳过此行
✓ 已保存到文件: 531/4500 条

[532/4500] 翻译进度: 11.8%
藏语原文: སྒྲིམ་གློད་གཉིས་ཀྱི་བར་ན་ཅིག་ཡོད་པར་གདའ།

开始翻译流程 (尝试 1/2):
========================================
步骤1: 输入藏语文本...
输入文本时出错: Message: tab crashed
  (Session info: chrome=143.0.7499.169)

✗ 输入文本失败

开始翻译流程 (尝试 2/2):
========================================
步骤1: 输入藏语文本...
输入文本时出错: Message: tab crashed
  (Session info: chrome=143.0.7499.169)

✗ 输入文本失败
========================================
✗ 翻译失败，跳过此行
✓ 已保存到文件: 532/4500 条

[533/4500] 翻译进度: 11.8%
藏语原文: ཁོང་རང་ལ་ཐུགས་མ་རངས་པའི་བཀའ་སྩལ་མང་པོ་ཞིག་མཛད་པའི་...

开始翻译流程 (尝试 1/2):
========================================
步骤1: 输入藏语文本...
输入文本时出错: Message: tab crashed
  (Session info: chrome=143.0.7499.169)

✗ 输入文本失败

开始翻译流程 (尝试 2/2):
========================================
步骤1: 输入藏语文本...
输入文本时出错: Message: tab crashed
  (Session info: chrome=143.0.7499.169)

✗ 输入文本失败
========================================
✗ 翻译失败，跳过此行
✓ 已保存到文件: 533/4500 条

[534/4500] 翻译进度: 11.9%
藏语原文: དེ་ཁོ་ཤིན་ཏུ་བདེན་གསུང་ནས་མཉེས་མཉེས་མཛད་པར་གདའ།

开始翻译流程 (尝试 1/2):
========================================
步骤1: 输入藏语文本...
输入文本时出错: Message: tab crashed
  (Session info: chrome=143.0.7499.169)

✗ 输入文本失败

开始翻译流程 (尝试 2/2):
========================================
步骤1: 输入藏语文本...
输入文本时出错: Message: tab crashed
  (Session info: chrome=143.0.7499.169)

✗ 输入文本失败
========================================
✗ 翻译失败，跳过此行
✓ 已保存到文件: 534/4500 条

[535/4500] 翻译进度: 11.9%
藏语原文: བྱམས་པ་དང་མཐུན་པར་འོང་བར་འདུག་སྟེ།

开始翻译流程 (尝试 1/2):
========================================
步骤1: 输入藏语文本...
输入文本时出错: Message: tab crashed
  (Session info: chrome=143.0.7499.169)

✗ 输入文本失败

开始翻译流程 (尝试 2/2):
========================================
步骤1: 输入藏语文本...
输入文本时出错: Message: tab crashed
  (Session info: chrome=143.0.7499.169)

✗ 输入文本失败
========================================
✗ 翻译失败，跳过此行
✓ 已保存到文件: 535/4500 条

[536/4500] 翻译进度: 11.9%
藏语原文: དེའི་གོང་ན་ཡང་དག་རྒྱལ་བ་ཅན་འདུག་པའི་གྲོང་དུ་འོངས་འ...

开始翻译流程 (尝试 1/2):
========================================
步骤1: 输入藏语文本...
输入文本时出错: Message: tab crashed
  (Session info: chrome=143.0.7499.169)

✗ 输入文本失败

开始翻译流程 (尝试 2/2):
========================================
步骤1: 输入藏语文本...
输入文本时出错: Message: tab crashed
  (Session info: chrome=143.0.7499.169)

✗ 输入文本失败
========================================
✗ 翻译失败，跳过此行
✓ 已保存到文件: 536/4500 条

[537/4500] 翻译进度: 11.9%
藏语原文: ཉན་ཐོས་ཆེན་པོ་རྣམས་དགེ་མི་དགེ་གང་དུ་ཡང་འདུ་མི་བྱེད...

开始翻译流程 (尝试 1/2):
========================================
步骤1: 输入藏语文本...
输入文本时出错: Message: tab crashed
  (Session info: chrome=143.0.7499.169)

✗ 输入文本失败

开始翻译流程 (尝试 2/2):
========================================
步骤1: 输入藏语文本...
输入文本时出错: Message: tab crashed
  (Session info: chrome=143.0.7499.169)

✗ 输入文本失败
========================================
✗ 翻译失败，跳过此行
✓ 已保存到文件: 537/4500 条

[538/4500] 翻译进度: 12.0%
藏语原文: ཏིང་ངེ་འཛིན་གྱིས་བསད་པར་ནུས་པར་འདུག་པ་དེ་ཙམ་ན།

开始翻译流程 (尝试 1/2):
========================================
步骤1: 输入藏语文本...
输入文本时出错: Message: tab crashed
  (Session info: chrome=143.0.7499.169)

✗ 输入文本失败

开始翻译流程 (尝试 2/2):
========================================
步骤1: 输入藏语文本...
输入文本时出错: Message: tab crashed
  (Session info: chrome=143.0.7499.169)

✗ 输入文本失败
========================================
✗ 翻译失败，跳过此行
✓ 已保存到文件: 538/4500 条

[539/4500] 翻译进度: 12.0%
藏语原文: འོ་ན་ཁྱེད་རང་དཔུང་དགུ་ཆེ་དང་ཟས་ནོར་ཐམས་ཅད་ལེན་པར་འ...

开始翻译流程 (尝试 1/2):
========================================
步骤1: 输入藏语文本...
输入文本时出错: Message: tab crashed
  (Session info: chrome=143.0.7499.169)

✗ 输入文本失败

开始翻译流程 (尝试 2/2):
========================================
步骤1: 输入藏语文本...
输入文本时出错: Message: tab crashed
  (Session info: chrome=143.0.7499.169)

✗ 输入文本失败
========================================
✗ 翻译失败，跳过此行
✓ 已保存到文件: 539/4500 条

[540/4500] 翻译进度: 12.0%
藏语原文: དགེ་སློང་ཀྱང་སྦྲུལ་དུ་སྐྱེས་པ་དང་མནར་མེད་དུ་སྐྱེས་...

开始翻译流程 (尝试 1/2):
========================================
步骤1: 输入藏语文本...
输入文本时出错: Message: tab crashed
  (Session info: chrome=143.0.7499.169)

✗ 输入文本失败

开始翻译流程 (尝试 2/2):
========================================
步骤1: 输入藏语文本...
输入文本时出错: Message: tab crashed
  (Session info: chrome=143.0.7499.169)

✗ 输入文本失败
========================================
✗ 翻译失败，跳过此行
✓ 已保存到文件: 540/4500 条

[541/4500] 翻译进度: 12.0%
藏语原文: ཞེས་གསུངས་ནས་འདུག་པའི་དོན་ཡང་དེ་ཡིན་སྙམ།

开始翻译流程 (尝试 1/2):
========================================
步骤1: 输入藏语文本...
输入文本时出错: Message: tab crashed
  (Session info: chrome=143.0.7499.169)

✗ 输入文本失败

开始翻译流程 (尝试 2/2):
========================================
步骤1: 输入藏语文本...
输入文本时出错: Message: tab crashed
  (Session info: chrome=143.0.7499.169)

✗ 输入文本失败
========================================
✗ 翻译失败，跳过此行
✓ 已保存到文件: 541/4500 条

[542/4500] 翻译进度: 12.0%
藏语原文: ཞེས་གསུངས་ནས་གདའ་སྙམ།

开始翻译流程 (尝试 1/2):
========================================
步骤1: 输入藏语文本...
输入文本时出错: Message: tab crashed
  (Session info: chrome=143.0.7499.169)

✗ 输入文本失败

开始翻译流程 (尝试 2/2):
========================================
步骤1: 输入藏语文本...
输入文本时出错: Message: tab crashed
  (Session info: chrome=143.0.7499.169)

✗ 输入文本失败
========================================
✗ 翻译失败，跳过此行
✓ 已保存到文件: 542/4500 条

[543/4500] 翻译进度: 12.1%
藏语原文: ཅེས་དམ་བཅས་ནས་གདའ་གསུངས།

开始翻译流程 (尝试 1/2):
========================================
步骤1: 输入藏语文本...
输入文本时出错: Message: tab crashed
  (Session info: chrome=143.0.7499.169)

✗ 输入文本失败

开始翻译流程 (尝试 2/2):
========================================
步骤1: 输入藏语文本...
输入文本时出错: Message: tab crashed
  (Session info: chrome=143.0.7499.169)

✗ 输入文本失败
========================================
✗ 翻译失败，跳过此行
✓ 已保存到文件: 543/4500 条

[544/4500] 翻译进度: 12.1%
藏语原文: དེ་མིན་པར་འདུག་པས་འདིར་ཡང་བདེ་སྐྱིད་ཀྱི་དཔལ་ཕུན་སུ...

开始翻译流程 (尝试 1/2):
========================================
步骤1: 输入藏语文本...
输入文本时出错: Message: tab crashed
  (Session info: chrome=143.0.7499.169)

✗ 输入文本失败

开始翻译流程 (尝试 2/2):
========================================
步骤1: 输入藏语文本...
输入文本时出错: Message: tab crashed
  (Session info: chrome=143.0.7499.169)

✗ 输入文本失败
========================================
✗ 翻译失败，跳过此行
✓ 已保存到文件: 544/4500 条

[545/4500] 翻译进度: 12.1%
藏语原文: དེ་གསུམ་གང་འཐད་དྲིས་པ་ལ་འདི་འཐད་མཐུན་པ་མི་གདའ་སྟེ།

开始翻译流程 (尝试 1/2):
========================================
步骤1: 输入藏语文本...
输入文本时出错: Message: tab crashed
  (Session info: chrome=143.0.7499.169)

✗ 输入文本失败

开始翻译流程 (尝试 2/2):
========================================
步骤1: 输入藏语文本...
输入文本时出错: Message: tab crashed
  (Session info: chrome=143.0.7499.169)

✗ 输入文本失败
========================================
✗ 翻译失败，跳过此行
✓ 已保存到文件: 545/4500 条

[546/4500] 翻译进度: 12.1%
藏语原文: རང་གཞན་ཐམས་ཅད་ལ་ཕན་པར་འདུག་པ་གསུངས།

开始翻译流程 (尝试 1/2):
========================================
步骤1: 输入藏语文本...
输入文本时出错: Message: tab crashed
  (Session info: chrome=143.0.7499.169)

✗ 输入文本失败

开始翻译流程 (尝试 2/2):
========================================
步骤1: 输入藏语文本...
输入文本时出错: Message: tab crashed
  (Session info: chrome=143.0.7499.169)

✗ 输入文本失败
========================================
✗ 翻译失败，跳过此行
✓ 已保存到文件: 546/4500 条

[547/4500] 翻译进度: 12.2%
藏语原文: ཡང་དེ་རྣམས་ཞུ་ཐུགས་བག་ཙམ་ཞུས་པས་བསྒོམས་དང་རྩགས་མཆུ...

开始翻译流程 (尝试 1/2):
========================================
步骤1: 输入藏语文本...
输入文本时出错: Message: tab crashed
  (Session info: chrome=143.0.7499.169)

✗ 输入文本失败

开始翻译流程 (尝试 2/2):
========================================
步骤1: 输入藏语文本...
输入文本时出错: Message: tab crashed
  (Session info: chrome=143.0.7499.169)

✗ 输入文本失败
========================================
✗ 翻译失败，跳过此行
✓ 已保存到文件: 547/4500 条

[548/4500] 翻译进度: 12.2%
藏语原文: མེད་ན་སྐུར་པ་བཏབ་པ་ཡིན་ཞེས་དེ་ལ་ཡེ་ཤེས་མཛད་པར་མི་འ...

开始翻译流程 (尝试 1/2):
========================================
步骤1: 输入藏语文本...
输入文本时出错: Message: tab crashed
  (Session info: chrome=143.0.7499.169)

✗ 输入文本失败

开始翻译流程 (尝试 2/2):
========================================
步骤1: 输入藏语文本...
输入文本时出错: Message: tab crashed
  (Session info: chrome=143.0.7499.169)

✗ 输入文本失败
========================================
✗ 翻译失败，跳过此行
✓ 已保存到文件: 548/4500 条

[549/4500] 翻译进度: 12.2%
藏语原文: གསུངས་ཏེ་ལྷན་ཅིག་སྐྱེས་པའི་ལྷ་འདྲེ་དེ་གཉིས་དང་ཤེས་...

开始翻译流程 (尝试 1/2):
========================================
步骤1: 输入藏语文本...
输入文本时出错: Message: tab crashed
  (Session info: chrome=143.0.7499.169)

✗ 输入文本失败

开始翻译流程 (尝试 2/2):
========================================
步骤1: 输入藏语文本...
输入文本时出错: Message: tab crashed
  (Session info: chrome=143.0.7499.169)

✗ 输入文本失败
========================================
✗ 翻译失败，跳过此行
✓ 已保存到文件: 549/4500 条

[550/4500] 翻译进度: 12.2%
藏语原文: དེའི་ཚན་ཐང་ལྷ་ཡར་ལྷ་འོད་དེ་གུང་རྒྱལ་སྙགས་ལ་སྦྱར་མ་...

开始翻译流程 (尝试 1/2):
========================================
步骤1: 输入藏语文本...
输入文本时出错: Message: tab crashed
  (Session info: chrome=143.0.7499.169)

✗ 输入文本失败

开始翻译流程 (尝试 2/2):
========================================
步骤1: 输入藏语文本...
输入文本时出错: Message: tab crashed
  (Session info: chrome=143.0.7499.169)

✗ 输入文本失败
========================================
✗ 翻译失败，跳过此行
✓ 已保存到文件: 550/4500 条

[551/4500] 翻译进度: 12.2%
藏语原文: ངག་དང་ལུས་ཀྱིས་བསྐོར་བ་བྱས་པས་ཉི་མ་ཕྱེད་ཡོལ་ན་བེམ་...

开始翻译流程 (尝试 1/2):
========================================
步骤1: 输入藏语文本...
输入文本时出错: Message: tab crashed
  (Session info: chrome=143.0.7499.169)

✗ 输入文本失败

开始翻译流程 (尝试 2/2):
========================================
步骤1: 输入藏语文本...
输入文本时出错: Message: tab crashed
  (Session info: chrome=143.0.7499.169)

✗ 输入文本失败
========================================
✗ 翻译失败，跳过此行
✓ 已保存到文件: 551/4500 条

[552/4500] 翻译进度: 12.3%
藏语原文: ནང་དུ་ཏིང་ངེ་འཛིན་སེམས་ཀྱི་བར་ཆད་བྱེད་པར་གདའ།

开始翻译流程 (尝试 1/2):
========================================
步骤1: 输入藏语文本...
输入文本时出错: Message: tab crashed
  (Session info: chrome=143.0.7499.169)

✗ 输入文本失败

开始翻译流程 (尝试 2/2):
========================================
步骤1: 输入藏语文本...
输入文本时出错: Message: tab crashed
  (Session info: chrome=143.0.7499.169)

✗ 输入文本失败
========================================
✗ 翻译失败，跳过此行
✓ 已保存到文件: 552/4500 条

[553/4500] 翻译进度: 12.3%
藏语原文: དེ་ནས་བསྔོ་བ་བྱ་གསུངས་པར་གདའོ།

开始翻译流程 (尝试 1/2):
========================================
步骤1: 输入藏语文本...
输入文本时出错: Message: tab crashed
  (Session info: chrome=143.0.7499.169)

✗ 输入文本失败

开始翻译流程 (尝试 2/2):
========================================
步骤1: 输入藏语文本...
输入文本时出错: Message: tab crashed
  (Session info: chrome=143.0.7499.169)

✗ 输入文本失败
========================================
✗ 翻译失败，跳过此行
✓ 已保存到文件: 553/4500 条

[554/4500] 翻译进度: 12.3%
藏语原文: ད་བྱེད་པ་ཐོབ་པར་བྱ་བའི་ཆེད་གཉིས་སུ་འདུག་གསུངས།

开始翻译流程 (尝试 1/2):
========================================
步骤1: 输入藏语文本...
输入文本时出错: Message: tab crashed
  (Session info: chrome=143.0.7499.169)

✗ 输入文本失败

开始翻译流程 (尝试 2/2):
========================================
步骤1: 输入藏语文本...
输入文本时出错: Message: tab crashed
  (Session info: chrome=143.0.7499.169)

✗ 输入文本失败
========================================
✗ 翻译失败，跳过此行
✓ 已保存到文件: 554/4500 条

[555/4500] 翻译进度: 12.3%
藏语原文: གདན་བཞི་ན་འཇམ་དཔལ་གྱིས་ཁམས་གསུམ་བསམ་པའི་དཀྱིལ་འཁོར...

开始翻译流程 (尝试 1/2):
========================================
步骤1: 输入藏语文本...
输入文本时出错: Message: tab crashed
  (Session info: chrome=143.0.7499.169)

✗ 输入文本失败

开始翻译流程 (尝试 2/2):
========================================
步骤1: 输入藏语文本...
输入文本时出错: Message: tab crashed
  (Session info: chrome=143.0.7499.169)

✗ 输入文本失败
========================================
✗ 翻译失败，跳过此行
✓ 已保存到文件: 555/4500 条

[556/4500] 翻译进度: 12.4%
藏语原文: སྟོང་གསུམ་ཡུང་འབྲུར་ཆུད་པ་དེ་བཞིན་གཤེགས་པ་ལ་མ་བཀག་...

开始翻译流程 (尝试 1/2):
========================================
步骤1: 输入藏语文本...
输入文本时出错: Message: tab crashed
  (Session info: chrome=143.0.7499.169)

✗ 输入文本失败

开始翻译流程 (尝试 2/2):
========================================
步骤1: 输入藏语文本...
输入文本时出错: Message: tab crashed
  (Session info: chrome=143.0.7499.169)

✗ 输入文本失败
========================================
✗ 翻译失败，跳过此行
✓ 已保存到文件: 556/4500 条

[557/4500] 翻译进度: 12.4%
藏语原文: ཕྱག་རྒྱ་ཆེན་པོའི་བདེ་དྲོད་ཀྱང་རང་འབར་བའི་དུས་ཡིན་ག...

开始翻译流程 (尝试 1/2):
========================================
步骤1: 输入藏语文本...
输入文本时出错: Message: tab crashed
  (Session info: chrome=143.0.7499.169)

✗ 输入文本失败

开始翻译流程 (尝试 2/2):
========================================
步骤1: 输入藏语文本...
输入文本时出错: Message: tab crashed
  (Session info: chrome=143.0.7499.169)

✗ 输入文本失败
========================================
✗ 翻译失败，跳过此行
✓ 已保存到文件: 557/4500 条

[558/4500] 翻译进度: 12.4%
藏语原文: དེ་ནས་སྤྲང་པོ་ཡ་རབས་སུ་འགྲོ་བར་གདའ།

开始翻译流程 (尝试 1/2):
========================================
步骤1: 输入藏语文本...
输入文本时出错: Message: tab crashed
  (Session info: chrome=143.0.7499.169)

✗ 输入文本失败

开始翻译流程 (尝试 2/2):
========================================
步骤1: 输入藏语文本...
输入文本时出错: Message: tab crashed
  (Session info: chrome=143.0.7499.169)

✗ 输入文本失败
========================================
✗ 翻译失败，跳过此行
✓ 已保存到文件: 558/4500 条

[559/4500] 翻译进度: 12.4%
藏语原文: རིགས་བཟང་པོ་ཤཱཀྱའི་རིགས་སུ་འགྲོ་བར་གདའ་བ།

开始翻译流程 (尝试 1/2):
========================================
步骤1: 输入藏语文本...
输入文本时出错: Message: tab crashed
  (Session info: chrome=143.0.7499.169)

✗ 输入文本失败

开始翻译流程 (尝试 2/2):
========================================
步骤1: 输入藏语文本...
输入文本时出错: Message: tab crashed
  (Session info: chrome=143.0.7499.169)

✗ 输入文本失败
========================================
✗ 翻译失败，跳过此行
✓ 已保存到文件: 559/4500 条

[560/4500] 翻译进度: 12.4%
藏语原文: སྐྱེས་ཟིན་པའི་སྡུག་བསྔལ་ཡང་བསྔོ་བས་སེལ་བར་བྱེད་གསུ...

开始翻译流程 (尝试 1/2):
========================================
步骤1: 输入藏语文本...
输入文本时出错: Message: tab crashed
  (Session info: chrome=143.0.7499.169)

✗ 输入文本失败

开始翻译流程 (尝试 2/2):
========================================
步骤1: 输入藏语文本...
输入文本时出错: Message: tab crashed
  (Session info: chrome=143.0.7499.169)

✗ 输入文本失败
========================================
✗ 翻译失败，跳过此行
✓ 已保存到文件: 560/4500 条

[561/4500] 翻译进度: 12.5%
藏语原文: དེ་ཙམ་ཉི་མ་གཅིག་དང་སུམ་ཆ་གཅིག་ཧཱུྃ་ལ་དགོས་པར་འདུག་...

开始翻译流程 (尝试 1/2):
========================================
步骤1: 输入藏语文本...
输入文本时出错: Message: tab crashed
  (Session info: chrome=143.0.7499.169)

✗ 输入文本失败

开始翻译流程 (尝试 2/2):
========================================
步骤1: 输入藏语文本...
输入文本时出错: Message: tab crashed
  (Session info: chrome=143.0.7499.169)

✗ 输入文本失败
========================================
✗ 翻译失败，跳过此行
✓ 已保存到文件: 561/4500 条

[562/4500] 翻译进度: 12.5%
藏语原文: རྒྱ་གར་རྒྱ་ནག་ཐམས་ཅད་ཀྱི་བསྙེན་བཀུར་རང་ལ་འོང་བར་གད...

开始翻译流程 (尝试 1/2):
========================================
步骤1: 输入藏语文本...
输入文本时出错: Message: tab crashed
  (Session info: chrome=143.0.7499.169)

✗ 输入文本失败

开始翻译流程 (尝试 2/2):
========================================
步骤1: 输入藏语文本...
输入文本时出错: Message: tab crashed
  (Session info: chrome=143.0.7499.169)

✗ 输入文本失败
========================================
✗ 翻译失败，跳过此行
✓ 已保存到文件: 562/4500 条

[563/4500] 翻译进度: 12.5%
藏语原文: ཡི་གེ་བརྒྱ་པ་མ་བཏབ་པ་ཚོ་ཕྱག་རྒྱ་ཆེན་པོ་བཏབ་ཀྱང་གཞུ...

开始翻译流程 (尝试 1/2):
========================================
步骤1: 输入藏语文本...
输入文本时出错: Message: tab crashed
  (Session info: chrome=143.0.7499.169)

✗ 输入文本失败

开始翻译流程 (尝试 2/2):
========================================
步骤1: 输入藏语文本...
输入文本时出错: Message: tab crashed
  (Session info: chrome=143.0.7499.169)

✗ 输入文本失败
========================================
✗ 翻译失败，跳过此行
✓ 已保存到文件: 563/4500 条

[564/4500] 翻译进度: 12.5%
藏语原文: ལ་ལས་ཟླ་བ་གསུམ་གསུམ་ཙམ་དུ་བསྡད་ནས་དགེ་སྦྱོར་འཇུག་འ...

开始翻译流程 (尝试 1/2):
========================================
步骤1: 输入藏语文本...
输入文本时出错: Message: tab crashed
  (Session info: chrome=143.0.7499.169)

✗ 输入文本失败

开始翻译流程 (尝试 2/2):
========================================
步骤1: 输入藏语文本...
输入文本时出错: Message: tab crashed
  (Session info: chrome=143.0.7499.169)

✗ 输入文本失败
========================================
✗ 翻译失败，跳过此行
✓ 已保存到文件: 564/4500 条

[565/4500] 翻译进度: 12.6%
藏语原文: ཡི་དམ་གྱི་ལྷ་དེ་གསལ་རབ་འདུག་ཟེར་ནས་བྱུང་སྟེ།

开始翻译流程 (尝试 1/2):
========================================
步骤1: 输入藏语文本...
输入文本时出错: Message: tab crashed
  (Session info: chrome=143.0.7499.169)

✗ 输入文本失败

开始翻译流程 (尝试 2/2):
========================================
步骤1: 输入藏语文本...
输入文本时出错: Message: tab crashed
  (Session info: chrome=143.0.7499.169)

✗ 输入文本失败
========================================
✗ 翻译失败，跳过此行
✓ 已保存到文件: 565/4500 条

[566/4500] 翻译进度: 12.6%
藏语原文: དགེ་སློང་བྱ་བ་ཁྱིམ་པ་ཡིན་ཀྱང་རྒྱུན་དུ་བཞུགས་པའི་འབ...

开始翻译流程 (尝试 1/2):
========================================
步骤1: 输入藏语文本...
输入文本时出错: Message: tab crashed
  (Session info: chrome=143.0.7499.169)

✗ 输入文本失败

开始翻译流程 (尝试 2/2):
========================================
步骤1: 输入藏语文本...
输入文本时出错: Message: tab crashed
  (Session info: chrome=143.0.7499.169)

✗ 输入文本失败
========================================
✗ 翻译失败，跳过此行
✓ 已保存到文件: 566/4500 条

[567/4500] 翻译进度: 12.6%
藏语原文: བསམ་གཏན་གྱི་ཡན་ལག་ལྔ་ལ་རྐང་པ་གཡས་པས་གཡོན་པ་ལ་འཁྱུད...

开始翻译流程 (尝试 1/2):
========================================
步骤1: 输入藏语文本...
输入文本时出错: Message: tab crashed
  (Session info: chrome=143.0.7499.169)

✗ 输入文本失败

开始翻译流程 (尝试 2/2):
========================================
步骤1: 输入藏语文本...
输入文本时出错: Message: tab crashed
  (Session info: chrome=143.0.7499.169)

✗ 输入文本失败
========================================
✗ 翻译失败，跳过此行
✓ 已保存到文件: 567/4500 条

[568/4500] 翻译进度: 12.6%
藏语原文: ང་ལ་དགེ་སྦྱོར་ཞིག་འདུག་པ་ལ་འདི་འདྲ་མི་འདུག་སྙམ་ན།

开始翻译流程 (尝试 1/2):
========================================
步骤1: 输入藏语文本...
输入文本时出错: Message: tab crashed
  (Session info: chrome=143.0.7499.169)

✗ 输入文本失败

开始翻译流程 (尝试 2/2):
========================================
步骤1: 输入藏语文本...
输入文本时出错: Message: tab crashed
  (Session info: chrome=143.0.7499.169)

✗ 输入文本失败
========================================
✗ 翻译失败，跳过此行
✓ 已保存到文件: 568/4500 条

[569/4500] 翻译进度: 12.6%
藏语原文: ཡང་ངུ་ཞིང་བོས་པས་ཕྱི་སྒོ་ན་འདུག་པ་ཅི་ཡིན་ཞེས་ང་ལ་འ...

开始翻译流程 (尝试 1/2):
========================================
步骤1: 输入藏语文本...
输入文本时出错: Message: tab crashed
  (Session info: chrome=143.0.7499.169)

✗ 输入文本失败

开始翻译流程 (尝试 2/2):
========================================
步骤1: 输入藏语文本...
输入文本时出错: Message: tab crashed
  (Session info: chrome=143.0.7499.169)

✗ 输入文本失败
========================================
✗ 翻译失败，跳过此行
✓ 已保存到文件: 569/4500 条

[570/4500] 翻译进度: 12.7%
藏语原文: ཁོང་རང་དོན་གཉེར་ལ་ཞག་བདུན་ལུས་པ་ལོག་ཙམ་ན་ཞོ་མ་འཐུང...

开始翻译流程 (尝试 1/2):
========================================
步骤1: 输入藏语文本...
输入文本时出错: Message: tab crashed
  (Session info: chrome=143.0.7499.169)

✗ 输入文本失败

开始翻译流程 (尝试 2/2):
========================================
步骤1: 输入藏语文本...
输入文本时出错: Message: tab crashed
  (Session info: chrome=143.0.7499.169)

✗ 输入文本失败
========================================
✗ 翻译失败，跳过此行
✓ 已保存到文件: 570/4500 条

[571/4500] 翻译进度: 12.7%
藏语原文: དེས་ན་གང་དུ་ཡང་མི་རྟོག་པ་ཞིག་ཡོད་པར་འདུག་སྟེ།

开始翻译流程 (尝试 1/2):
========================================
步骤1: 输入藏语文本...
输入文本时出错: Message: tab crashed
  (Session info: chrome=143.0.7499.169)

✗ 输入文本失败

开始翻译流程 (尝试 2/2):
========================================
步骤1: 输入藏语文本...
输入文本时出错: Message: tab crashed
  (Session info: chrome=143.0.7499.169)

✗ 输入文本失败
========================================
✗ 翻译失败，跳过此行
✓ 已保存到文件: 571/4500 条

[572/4500] 翻译进度: 12.7%
藏语原文: ཞི་གནས་ཀྱི་གསུམ་པོ་ཐོས་བསམ་པ་ལ་དང་པོ་ཁོ་བྲིད་པའི་ཆ...

开始翻译流程 (尝试 1/2):
========================================
步骤1: 输入藏语文本...
输入文本时出错: Message: tab crashed
  (Session info: chrome=143.0.7499.169)

✗ 输入文本失败

开始翻译流程 (尝试 2/2):
========================================
步骤1: 输入藏语文本...
输入文本时出错: Message: tab crashed
  (Session info: chrome=143.0.7499.169)

✗ 输入文本失败
========================================
✗ 翻译失败，跳过此行
✓ 已保存到文件: 572/4500 条

[573/4500] 翻译进度: 12.7%
藏语原文: ཞག་གསུམ་ན་གཉུག་མ་ངོ་སྤྲོད་པར་འདུག་གསུངས།

开始翻译流程 (尝试 1/2):
========================================
步骤1: 输入藏语文本...
输入文本时出错: Message: tab crashed
  (Session info: chrome=143.0.7499.169)

✗ 输入文本失败

开始翻译流程 (尝试 2/2):
========================================
步骤1: 输入藏语文本...
输入文本时出错: Message: tab crashed
  (Session info: chrome=143.0.7499.169)

✗ 输入文本失败
========================================
✗ 翻译失败，跳过此行
✓ 已保存到文件: 573/4500 条

[574/4500] 翻译进度: 12.8%
藏语原文: ཐབས་ཀྱི་རྫས་ཀྱང་དེར་བཞུ་དགོས་པར་འདུག་པ་གསུངས།

开始翻译流程 (尝试 1/2):
========================================
步骤1: 输入藏语文本...
输入文本时出错: Message: tab crashed
  (Session info: chrome=143.0.7499.169)

✗ 输入文本失败

开始翻译流程 (尝试 2/2):
========================================
步骤1: 输入藏语文本...
输入文本时出错: Message: tab crashed
  (Session info: chrome=143.0.7499.169)

✗ 输入文本失败
========================================
✗ 翻译失败，跳过此行
✓ 已保存到文件: 574/4500 条

[575/4500] 翻译进度: 12.8%
藏语原文: ནོར་ཕྲུ་བ་རྫ་སྣོད་དེ་ལས་མི་འདུག་པ་ལ་དེ་རྣམས་ཀྱིས་ཁ...

开始翻译流程 (尝试 1/2):
========================================
步骤1: 输入藏语文本...
输入文本时出错: Message: tab crashed
  (Session info: chrome=143.0.7499.169)

✗ 输入文本失败

开始翻译流程 (尝试 2/2):
========================================
步骤1: 输入藏语文本...
输入文本时出错: Message: tab crashed
  (Session info: chrome=143.0.7499.169)

✗ 输入文本失败
========================================
✗ 翻译失败，跳过此行
✓ 已保存到文件: 575/4500 条

[576/4500] 翻译进度: 12.8%
藏语原文: དེ་གཉིས་མ་སྦྱངས་པར་སངས་མི་རྒྱ་བར་འདུག་པ་གསུངས།

开始翻译流程 (尝试 1/2):
========================================
步骤1: 输入藏语文本...
输入文本时出错: Message: tab crashed
  (Session info: chrome=143.0.7499.169)

✗ 输入文本失败

开始翻译流程 (尝试 2/2):
========================================
步骤1: 输入藏语文本...
输入文本时出错: Message: tab crashed
  (Session info: chrome=143.0.7499.169)

✗ 输入文本失败
========================================
✗ 翻译失败，跳过此行
✓ 已保存到文件: 576/4500 条

[577/4500] 翻译进度: 12.8%
藏语原文: རབ་ཏུ་བྱུང་བ་དེ་དང་པོ་རྒྱ་གར་ན་ཡོད་པར་འདུག་སྟེ་བོད...

开始翻译流程 (尝试 1/2):
========================================
步骤1: 输入藏语文本...
输入文本时出错: Message: tab crashed
  (Session info: chrome=143.0.7499.169)

✗ 输入文本失败

开始翻译流程 (尝试 2/2):
========================================
步骤1: 输入藏语文本...
输入文本时出错: Message: tab crashed
  (Session info: chrome=143.0.7499.169)

✗ 输入文本失败
========================================
✗ 翻译失败，跳过此行
✓ 已保存到文件: 577/4500 条

[578/4500] 翻译进度: 12.8%
藏语原文: དེ་ཡོང་ན་ཁྱེད་རང་ལ་ཡང་འོང་།

开始翻译流程 (尝试 1/2):
========================================
步骤1: 输入藏语文本...
输入文本时出错: Message: tab crashed
  (Session info: chrome=143.0.7499.169)

✗ 输入文本失败

开始翻译流程 (尝试 2/2):
========================================
步骤1: 输入藏语文本...
输入文本时出错: Message: tab crashed
  (Session info: chrome=143.0.7499.169)

✗ 输入文本失败
========================================
✗ 翻译失败，跳过此行
✓ 已保存到文件: 578/4500 条

[579/4500] 翻译进度: 12.9%
藏语原文: དེ་མིན་ཟན་ལྷག་གཅིག་དང་ཁྱད་མི་འདུག་ཁྱེད་རྣམས་ལ་གསུང...

开始翻译流程 (尝试 1/2):
========================================
步骤1: 输入藏语文本...
输入文本时出错: Message: tab crashed
  (Session info: chrome=143.0.7499.169)

✗ 输入文本失败

开始翻译流程 (尝试 2/2):
========================================
步骤1: 输入藏语文本...
输入文本时出错: Message: tab crashed
  (Session info: chrome=143.0.7499.169)

✗ 输入文本失败
========================================
✗ 翻译失败，跳过此行
✓ 已保存到文件: 579/4500 条

[580/4500] 翻译进度: 12.9%
藏语原文: ང་ཞེ་སྡང་ཆེན་པོ་སྐྱེས་ནས་ས་དེར་ཤི་འཕོས་ན་ཀླུའམ་གནོ...

开始翻译流程 (尝试 1/2):
========================================
步骤1: 输入藏语文本...
输入文本时出错: Message: tab crashed
  (Session info: chrome=143.0.7499.169)

✗ 输入文本失败

开始翻译流程 (尝试 2/2):
========================================
步骤1: 输入藏语文本...
输入文本时出错: Message: tab crashed
  (Session info: chrome=143.0.7499.169)

✗ 输入文本失败
========================================
✗ 翻译失败，跳过此行
✓ 已保存到文件: 580/4500 条

[581/4500] 翻译进度: 12.9%
藏语原文: དྲོ་འདིར་བྱ་ཡིས་ཞེས་ཁོང་རང་རིམ་པས་ཟོས་ནས་ཉི་མ་གསུམ...

开始翻译流程 (尝试 1/2):
========================================
步骤1: 输入藏语文本...
输入文本时出错: Message: tab crashed
  (Session info: chrome=143.0.7499.169)

✗ 输入文本失败

开始翻译流程 (尝试 2/2):
========================================
步骤1: 输入藏语文本...
输入文本时出错: Message: tab crashed
  (Session info: chrome=143.0.7499.169)

✗ 输入文本失败
========================================
✗ 翻译失败，跳过此行
✓ 已保存到文件: 581/4500 条

[582/4500] 翻译进度: 12.9%
藏语原文: དེ་ལ་སྟོན་འབྱུང་རུག་པ་མ་ཞུ་བ་ལ་དམིགས་པ་བྱས་རྗེས་མ་...

开始翻译流程 (尝试 1/2):
========================================
步骤1: 输入藏语文本...
输入文本时出错: Message: tab crashed
  (Session info: chrome=143.0.7499.169)

✗ 输入文本失败

开始翻译流程 (尝试 2/2):
========================================
步骤1: 输入藏语文本...
输入文本时出错: Message: tab crashed
  (Session info: chrome=143.0.7499.169)

✗ 输入文本失败
========================================
✗ 翻译失败，跳过此行
✓ 已保存到文件: 582/4500 条

[583/4500] 翻译进度: 13.0%
藏语原文: དེས་ན་ཁྱེད་ལ་ཁེ་གྲགས་ཞིག་སློབ་པ་ཡིན་པས་ནང་པའི་ལྟ་བ...

开始翻译流程 (尝试 1/2):
========================================
步骤1: 输入藏语文本...
输入文本时出错: Message: tab crashed
  (Session info: chrome=143.0.7499.169)

✗ 输入文本失败

开始翻译流程 (尝试 2/2):
========================================
步骤1: 输入藏语文本...
输入文本时出错: Message: tab crashed
  (Session info: chrome=143.0.7499.169)

✗ 输入文本失败
========================================
✗ 翻译失败，跳过此行
✓ 已保存到文件: 583/4500 条

[584/4500] 翻译进度: 13.0%
藏语原文: ཁོ་སྲིད་དུ་བཅད་ནས་འཁྲུག་པ་བྱེད་ཙམ་ན་དགོས་པ་ཡིན་པར་...

开始翻译流程 (尝试 1/2):
========================================
步骤1: 输入藏语文本...
输入文本时出错: Message: tab crashed
  (Session info: chrome=143.0.7499.169)

✗ 输入文本失败

开始翻译流程 (尝试 2/2):
========================================
步骤1: 输入藏语文本...
输入文本时出错: Message: tab crashed
  (Session info: chrome=143.0.7499.169)

✗ 输入文本失败
========================================
✗ 翻译失败，跳过此行
✓ 已保存到文件: 584/4500 条

[585/4500] 翻译进度: 13.0%
藏语原文: དེ་འོག་བུ་འབུལ་བར་འདུག་འདི་དཀའ་བ་ཡིན་ཏེ།

开始翻译流程 (尝试 1/2):
========================================
步骤1: 输入藏语文本...
输入文本时出错: Message: tab crashed
  (Session info: chrome=143.0.7499.169)

✗ 输入文本失败

开始翻译流程 (尝试 2/2):
========================================
步骤1: 输入藏语文本...
输入文本时出错: Message: tab crashed
  (Session info: chrome=143.0.7499.169)

✗ 输入文本失败
========================================
✗ 翻译失败，跳过此行
✓ 已保存到文件: 585/4500 条

[586/4500] 翻译进度: 13.0%
藏语原文: གསེར་ཐུབ་འོད་སྲུངས་མར་མེ་མཛད་གསུམ་གྱི་རིང་ལ་དབུལ་བ...

开始翻译流程 (尝试 1/2):
========================================
步骤1: 输入藏语文本...
输入文本时出错: Message: tab crashed
  (Session info: chrome=143.0.7499.169)

✗ 输入文本失败

开始翻译流程 (尝试 2/2):
========================================
步骤1: 输入藏语文本...
输入文本时出错: Message: tab crashed
  (Session info: chrome=143.0.7499.169)

✗ 输入文本失败
========================================
✗ 翻译失败，跳过此行
✓ 已保存到文件: 586/4500 条

[587/4500] 翻译进度: 13.0%
藏语原文: ས་དང་རྡོ་ལ་ཡང་རྟེན་བཟང་པོ་གཏུབ་པར་འདུག་ན་སྐུ་གསུམ་...

开始翻译流程 (尝试 1/2):
========================================
步骤1: 输入藏语文本...
输入文本时出错: Message: tab crashed
  (Session info: chrome=143.0.7499.169)

✗ 输入文本失败

开始翻译流程 (尝试 2/2):
========================================
步骤1: 输入藏语文本...
输入文本时出错: Message: tab crashed
  (Session info: chrome=143.0.7499.169)

✗ 输入文本失败
========================================
✗ 翻译失败，跳过此行
✓ 已保存到文件: 587/4500 条

[588/4500] 翻译进度: 13.1%
藏语原文: དེ་ནས་ཁྱི་ལུད་ཁུང་དུ་པར་སུ་གནོན་པར་འདུག་གསུང་།

开始翻译流程 (尝试 1/2):
========================================
步骤1: 输入藏语文本...
输入文本时出错: Message: tab crashed
  (Session info: chrome=143.0.7499.169)

✗ 输入文本失败

开始翻译流程 (尝试 2/2):
========================================
步骤1: 输入藏语文本...
输入文本时出错: Message: tab crashed
  (Session info: chrome=143.0.7499.169)

✗ 输入文本失败
========================================
✗ 翻译失败，跳过此行
✓ 已保存到文件: 588/4500 条

[589/4500] 翻译进度: 13.1%
藏语原文: སྔར་གྱི་དེ་དང་འབྲེལ་བ་མི་འདུག་པས་སྐུ་འབག་གསུམ་ཡི་ག...

开始翻译流程 (尝试 1/2):
========================================
步骤1: 输入藏语文本...
输入文本时出错: Message: tab crashed
  (Session info: chrome=143.0.7499.169)

✗ 输入文本失败

开始翻译流程 (尝试 2/2):
========================================
步骤1: 输入藏语文本...
输入文本时出错: Message: tab crashed
  (Session info: chrome=143.0.7499.169)

✗ 输入文本失败
========================================
✗ 翻译失败，跳过此行
✓ 已保存到文件: 589/4500 条

[590/4500] 翻译进度: 13.1%
藏语原文: ཨ་བ་ཏཱི་བ་ཆེན་པོ་བྱ་བས་གླེགས་ཤིང་གཉིས་ཀྱི་བར་དུ་ཡི...

开始翻译流程 (尝试 1/2):
========================================
步骤1: 输入藏语文本...
输入文本时出错: Message: tab crashed
  (Session info: chrome=143.0.7499.169)

✗ 输入文本失败

开始翻译流程 (尝试 2/2):
========================================
步骤1: 输入藏语文本...
输入文本时出错: Message: tab crashed
  (Session info: chrome=143.0.7499.169)

✗ 输入文本失败
========================================
✗ 翻译失败，跳过此行
✓ 已保存到文件: 590/4500 条

[591/4500] 翻译进度: 13.1%
藏语原文: གྲངས་མེད་པ་གསུམ་ན་སངས་རྒྱ་བའི་ལུང་རང་གང་ན་ཡོད།

开始翻译流程 (尝试 1/2):
========================================
步骤1: 输入藏语文本...
输入文本时出错: Message: tab crashed
  (Session info: chrome=143.0.7499.169)

✗ 输入文本失败

开始翻译流程 (尝试 2/2):
========================================
步骤1: 输入藏语文本...
输入文本时出错: Message: tab crashed
  (Session info: chrome=143.0.7499.169)

✗ 输入文本失败
========================================
✗ 翻译失败，跳过此行
✓ 已保存到文件: 591/4500 条

[592/4500] 翻译进度: 13.2%
藏语原文: ཕ་ལ་གསེར་འབུམ་འབུལ་བ་གྲོས་འདྲི་བ་ལ་ཁྱེད་རང་དད་ན་ཕུ...

开始翻译流程 (尝试 1/2):
========================================
步骤1: 输入藏语文本...
输入文本时出错: Message: tab crashed
  (Session info: chrome=143.0.7499.169)

✗ 输入文本失败

开始翻译流程 (尝试 2/2):
========================================
步骤1: 输入藏语文本...
输入文本时出错: Message: tab crashed
  (Session info: chrome=143.0.7499.169)

✗ 输入文本失败
========================================
✗ 翻译失败，跳过此行
✓ 已保存到文件: 592/4500 条

[593/4500] 翻译进度: 13.2%
藏语原文: དེ་རྣམས་ཐམས་ཅད་ཀྱི་བསམ་སྦྱོར་རྒྱུན་མི་འཆད་པའི་མན་ང...

开始翻译流程 (尝试 1/2):
========================================
步骤1: 输入藏语文本...
输入文本时出错: Message: tab crashed
  (Session info: chrome=143.0.7499.169)

✗ 输入文本失败

开始翻译流程 (尝试 2/2):
========================================
步骤1: 输入藏语文本...
输入文本时出错: Message: tab crashed
  (Session info: chrome=143.0.7499.169)

✗ 输入文本失败
========================================
✗ 翻译失败，跳过此行
✓ 已保存到文件: 593/4500 条

[594/4500] 翻译进度: 13.2%
藏语原文: དེ་ཡང་རྣམ་གསུམ་རིགས་དབྱེའམ་ཞེས་གང་རུང་དུ་མིང་འདོགས...

开始翻译流程 (尝试 1/2):
========================================
步骤1: 输入藏语文本...
输入文本时出错: Message: tab crashed
  (Session info: chrome=143.0.7499.169)

✗ 输入文本失败

开始翻译流程 (尝试 2/2):
========================================
步骤1: 输入藏语文本...
输入文本时出错: Message: tab crashed
  (Session info: chrome=143.0.7499.169)

✗ 输入文本失败
========================================
✗ 翻译失败，跳过此行
✓ 已保存到文件: 594/4500 条

[595/4500] 翻译进度: 13.2%
藏语原文: འོ་ན་གང་ཕན་སྙམ་ན་ང་རང་ལ་ཉམས་སུ་མྱོང་བ་ཞིག་ཡོད་དེ།

开始翻译流程 (尝试 1/2):
========================================
步骤1: 输入藏语文本...
输入文本时出错: Message: tab crashed
  (Session info: chrome=143.0.7499.169)

✗ 输入文本失败

开始翻译流程 (尝试 2/2):
========================================
步骤1: 输入藏语文本...
输入文本时出错: Message: tab crashed
  (Session info: chrome=143.0.7499.169)

✗ 输入文本失败
========================================
✗ 翻译失败，跳过此行
✓ 已保存到文件: 595/4500 条

[596/4500] 翻译进度: 13.2%
藏语原文: དེས་ན་ཐོས་བསམ་གྱིས་འགྱོད་ནས་སྒོམ་གཅིག་པུ་དགོས་པ་སྐ...

开始翻译流程 (尝试 1/2):
========================================
步骤1: 输入藏语文本...
输入文本时出错: Message: tab crashed
  (Session info: chrome=143.0.7499.169)

✗ 输入文本失败

开始翻译流程 (尝试 2/2):
========================================
步骤1: 输入藏语文本...
输入文本时出错: Message: tab crashed
  (Session info: chrome=143.0.7499.169)

✗ 输入文本失败
========================================
✗ 翻译失败，跳过此行
✓ 已保存到文件: 596/4500 条

[597/4500] 翻译进度: 13.3%
藏语原文: སྐྱེ་བ་བདུན་གྱིས་སངས་རྒྱ་བ་དེ་བཞིན་གཤེགས་པ་མེ་རོ་ག...

开始翻译流程 (尝试 1/2):
========================================
步骤1: 输入藏语文本...
输入文本时出错: Message: tab crashed
  (Session info: chrome=143.0.7499.169)

✗ 输入文本失败

开始翻译流程 (尝试 2/2):
========================================
步骤1: 输入藏语文本...
输入文本时出错: Message: tab crashed
  (Session info: chrome=143.0.7499.169)

✗ 输入文本失败
========================================
✗ 翻译失败，跳过此行
✓ 已保存到文件: 597/4500 条

[598/4500] 翻译进度: 13.3%
藏语原文: གསུང་བ་ཡང་རང་དངོས་པོ་ཡིན་ལ།

开始翻译流程 (尝试 1/2):
========================================
步骤1: 输入藏语文本...
输入文本时出错: Message: tab crashed
  (Session info: chrome=143.0.7499.169)

✗ 输入文本失败

开始翻译流程 (尝试 2/2):
========================================
步骤1: 输入藏语文本...
输入文本时出错: Message: tab crashed
  (Session info: chrome=143.0.7499.169)

✗ 输入文本失败
========================================
✗ 翻译失败，跳过此行
✓ 已保存到文件: 598/4500 条

[599/4500] 翻译进度: 13.3%
藏语原文: དང་པོར་སེམས་བསྐྱེད་མཛད་པར་གདའ།

开始翻译流程 (尝试 1/2):
========================================
步骤1: 输入藏语文本...
输入文本时出错: Message: tab crashed
  (Session info: chrome=143.0.7499.169)

✗ 输入文本失败

开始翻译流程 (尝试 2/2):
========================================
步骤1: 输入藏语文本...
输入文本时出错: Message: tab crashed
  (Session info: chrome=143.0.7499.169)

✗ 输入文本失败
========================================
✗ 翻译失败，跳过此行
✓ 已保存到文件: 599/4500 条

[600/4500] 翻译进度: 13.3%
藏语原文: དེ་ལ་ཉེ་བ་ཡིན་ཏེ་ཁོང་རང་ལྷན་སྐྱེས་ཡིན།

开始翻译流程 (尝试 1/2):
========================================
步骤1: 输入藏语文本...
输入文本时出错: Message: tab crashed
  (Session info: chrome=143.0.7499.169)

✗ 输入文本失败

开始翻译流程 (尝试 2/2):
========================================
步骤1: 输入藏语文本...
输入文本时出错: Message: tab crashed
  (Session info: chrome=143.0.7499.169)

✗ 输入文本失败
========================================
✗ 翻译失败，跳过此行
✓ 已保存到文件: 600/4500 条

[601/4500] 翻译进度: 13.4%
藏语原文: དེ་ལ་དངོས་མིན་དངོས་མེད་ཞེས་པའི་མཆོད་བརྗོད་འདི་ཆམ་བ...

开始翻译流程 (尝试 1/2):
========================================
步骤1: 输入藏语文本...
输入文本时出错: Message: tab crashed
  (Session info: chrome=143.0.7499.169)

✗ 输入文本失败

开始翻译流程 (尝试 2/2):
========================================
步骤1: 输入藏语文本...
输入文本时出错: Message: tab crashed
  (Session info: chrome=143.0.7499.169)

✗ 输入文本失败
========================================
✗ 翻译失败，跳过此行
✓ 已保存到文件: 601/4500 条

[602/4500] 翻译进度: 13.4%
藏语原文: ང་དབུས་སུ་མི་ཐར་བར་འདུག་སྙམ་པ་ལ་ནམ་མཁའ་ལ་ཁྲོ་རྒྱལ་...

开始翻译流程 (尝试 1/2):
========================================
步骤1: 输入藏语文本...
输入文本时出错: Message: tab crashed
  (Session info: chrome=143.0.7499.169)

✗ 输入文本失败

开始翻译流程 (尝试 2/2):
========================================
步骤1: 输入藏语文本...
输入文本时出错: Message: tab crashed
  (Session info: chrome=143.0.7499.169)

✗ 输入文本失败
========================================
✗ 翻译失败，跳过此行
✓ 已保存到文件: 602/4500 条

[603/4500] 翻译进度: 13.4%
藏语原文: ངག་ཏུ་སྔགས་བཟླས་ཤིང་ཡིད་ཀྱིས་བསྔོ་བ་བྱེད་དགོས་པར་འ...

开始翻译流程 (尝试 1/2):
========================================
步骤1: 输入藏语文本...
输入文本时出错: Message: tab crashed
  (Session info: chrome=143.0.7499.169)

✗ 输入文本失败

开始翻译流程 (尝试 2/2):
========================================
步骤1: 输入藏语文本...
输入文本时出错: Message: tab crashed
  (Session info: chrome=143.0.7499.169)

✗ 输入文本失败
========================================
✗ 翻译失败，跳过此行
✓ 已保存到文件: 603/4500 条

[604/4500] 翻译进度: 13.4%
藏语原文: སྣེ་ཟུར་པའི་ཞལ་ནས་དམིགས་པ་གསལ་བ་ཁོ་ན་གལ་ཆེ་སྟེ་དེ་...

开始翻译流程 (尝试 1/2):
========================================
步骤1: 输入藏语文本...
输入文本时出错: Message: tab crashed
  (Session info: chrome=143.0.7499.169)

✗ 输入文本失败

开始翻译流程 (尝试 2/2):
========================================
步骤1: 输入藏语文本...
输入文本时出错: Message: tab crashed
  (Session info: chrome=143.0.7499.169)

✗ 输入文本失败
========================================
✗ 翻译失败，跳过此行
✓ 已保存到文件: 604/4500 条

[605/4500] 翻译进度: 13.4%
藏语原文: མི་དགའ་བའི་དུས་སྒོམ་མེད་པ་ཡང་འདུག་གོ་གསུང་།

开始翻译流程 (尝试 1/2):
========================================
步骤1: 输入藏语文本...
输入文本时出错: Message: tab crashed
  (Session info: chrome=143.0.7499.169)

✗ 输入文本失败

开始翻译流程 (尝试 2/2):
========================================
步骤1: 输入藏语文本...
输入文本时出错: Message: tab crashed
  (Session info: chrome=143.0.7499.169)

✗ 输入文本失败
========================================
✗ 翻译失败，跳过此行
✓ 已保存到文件: 605/4500 条

[606/4500] 翻译进度: 13.5%
藏语原文: འཇིག་པ་དུས་མཉམ་དུ་མཛད་པར་འདུག་གསུང་།

开始翻译流程 (尝试 1/2):
========================================
步骤1: 输入藏语文本...
输入文本时出错: Message: tab crashed
  (Session info: chrome=143.0.7499.169)

✗ 输入文本失败

开始翻译流程 (尝试 2/2):
========================================
步骤1: 输入藏语文本...
输入文本时出错: Message: tab crashed
  (Session info: chrome=143.0.7499.169)

✗ 输入文本失败
========================================
✗ 翻译失败，跳过此行
✓ 已保存到文件: 606/4500 条

[607/4500] 翻译进度: 13.5%
藏语原文: ཁྱབ་བདག་གཟུགས་ཅན་མ་ཡིན་འགྲོ་འོང་མེད།

开始翻译流程 (尝试 1/2):
========================================
步骤1: 输入藏语文本...
输入文本时出错: Message: tab crashed
  (Session info: chrome=143.0.7499.169)

✗ 输入文本失败

开始翻译流程 (尝试 2/2):
========================================
步骤1: 输入藏语文本...
输入文本时出错: Message: tab crashed
  (Session info: chrome=143.0.7499.169)

✗ 输入文本失败
========================================
✗ 翻译失败，跳过此行
✓ 已保存到文件: 607/4500 条

[608/4500] 翻译进度: 13.5%
藏语原文: འདི་ལ་མཁས་པ་རྒྱུས་ཡོད་པ་ཞིག་དགོས་ཚུལ་དུ་འདུག་ད་ལྟ་...

开始翻译流程 (尝试 1/2):
========================================
步骤1: 输入藏语文本...
输入文本时出错: Message: tab crashed
  (Session info: chrome=143.0.7499.169)

✗ 输入文本失败

开始翻译流程 (尝试 2/2):
========================================
步骤1: 输入藏语文本...
输入文本时出错: Message: tab crashed
  (Session info: chrome=143.0.7499.169)

✗ 输入文本失败
========================================
✗ 翻译失败，跳过此行
✓ 已保存到文件: 608/4500 条

[609/4500] 翻译进度: 13.5%
藏语原文: རབ་འབྲུག་ལྟ་བུ་སྒྲ་ཆེ་ལ་མཐོང་བ་མེད་པ་དེ་ཡིན་པར་འདུ...

开始翻译流程 (尝试 1/2):
========================================
步骤1: 输入藏语文本...
输入文本时出错: Message: tab crashed
  (Session info: chrome=143.0.7499.169)

✗ 输入文本失败

开始翻译流程 (尝试 2/2):
========================================
步骤1: 输入藏语文本...
输入文本时出错: Message: tab crashed
  (Session info: chrome=143.0.7499.169)

✗ 输入文本失败
========================================
✗ 翻译失败，跳过此行
✓ 已保存到文件: 609/4500 条

[610/4500] 翻译进度: 13.6%
藏语原文: ཀླུ་ཆུང་ཐམས་ཅད་བྲེད་ནས་འགྲོ་བར་གདའ་སྟེ།

开始翻译流程 (尝试 1/2):
========================================
步骤1: 输入藏语文本...
输入文本时出错: Message: tab crashed
  (Session info: chrome=143.0.7499.169)

✗ 输入文本失败

开始翻译流程 (尝试 2/2):
========================================
步骤1: 输入藏语文本...
输入文本时出错: Message: tab crashed
  (Session info: chrome=143.0.7499.169)

✗ 输入文本失败
========================================
✗ 翻译失败，跳过此行
✓ 已保存到文件: 610/4500 条

[611/4500] 翻译进度: 13.6%
藏语原文: སྐྱེས་བུ་བླུན་པ་དེ་ལྟ་བུས་ཀྱང་མི་འོང་བའི་ཚུལ་དུ་འད...

开始翻译流程 (尝试 1/2):
========================================
步骤1: 输入藏语文本...
输入文本时出错: Message: tab crashed
  (Session info: chrome=143.0.7499.169)

✗ 输入文本失败

开始翻译流程 (尝试 2/2):
========================================
步骤1: 输入藏语文本...
输入文本时出错: Message: tab crashed
  (Session info: chrome=143.0.7499.169)

✗ 输入文本失败
========================================
✗ 翻译失败，跳过此行
✓ 已保存到文件: 611/4500 条

[612/4500] 翻译进度: 13.6%
藏语原文: འཛིན་པ་འདི་ཁོ་ན་ངོ་ཤེས་བཟུང་སྒྲོག་རང་བརྡལ་ལ་འགྲོ་ས...

开始翻译流程 (尝试 1/2):
========================================
步骤1: 输入藏语文本...
输入文本时出错: Message: tab crashed
  (Session info: chrome=143.0.7499.169)

✗ 输入文本失败

开始翻译流程 (尝试 2/2):
========================================
步骤1: 输入藏语文本...
输入文本时出错: Message: tab crashed
  (Session info: chrome=143.0.7499.169)

✗ 输入文本失败
========================================
✗ 翻译失败，跳过此行
✓ 已保存到文件: 612/4500 条

[613/4500] 翻译进度: 13.6%
藏语原文: རྒྱ་གར་གྱི་གྲུབ་ཐོབ་ཀུན་ཀྱང་བི་པ་ཁོང་རང་ལ་ནང་ལམ་འབ...

开始翻译流程 (尝试 1/2):
========================================
步骤1: 输入藏语文本...
输入文本时出错: Message: tab crashed
  (Session info: chrome=143.0.7499.169)

✗ 输入文本失败

开始翻译流程 (尝试 2/2):
========================================
步骤1: 输入藏语文本...
输入文本时出错: Message: tab crashed
  (Session info: chrome=143.0.7499.169)

✗ 输入文本失败
========================================
✗ 翻译失败，跳过此行
✓ 已保存到文件: 613/4500 条

[614/4500] 翻译进度: 13.6%
藏语原文: འདུག་ན་དང་འགྲེང་ན་ཡང་བལྟ་བར་འགྲོ་ན་སྙམ་དུ་སེམས།

开始翻译流程 (尝试 1/2):
========================================
步骤1: 输入藏语文本...
输入文本时出错: Message: tab crashed
  (Session info: chrome=143.0.7499.169)

✗ 输入文本失败

开始翻译流程 (尝试 2/2):
========================================
步骤1: 输入藏语文本...
输入文本时出错: Message: tab crashed
  (Session info: chrome=143.0.7499.169)

✗ 输入文本失败
========================================
✗ 翻译失败，跳过此行
✓ 已保存到文件: 614/4500 条

[615/4500] 翻译进度: 13.7%
藏语原文: གཞན་གྱིས་ཀྱང་ཟ་མི་བྲ་འཐུང་མི་བྲ་བར་ང་ལ་སྟེར་བར་གདའ...

开始翻译流程 (尝试 1/2):
========================================
步骤1: 输入藏语文本...
输入文本时出错: Message: tab crashed
  (Session info: chrome=143.0.7499.169)

✗ 输入文本失败

开始翻译流程 (尝试 2/2):
========================================
步骤1: 输入藏语文本...
输入文本时出错: Message: tab crashed
  (Session info: chrome=143.0.7499.169)

✗ 输入文本失败
========================================
✗ 翻译失败，跳过此行
✓ 已保存到文件: 615/4500 条

[616/4500] 翻译进度: 13.7%
藏语原文: དེ་ལྟར་ཡིན་ནམ་སྙམ་ན་གཞན་ཟངས་རིའི་བྱ་ཝང་ཀུན་མི་མགོ་...

开始翻译流程 (尝试 1/2):
========================================
步骤1: 输入藏语文本...
输入文本时出错: Message: tab crashed
  (Session info: chrome=143.0.7499.169)

✗ 输入文本失败

开始翻译流程 (尝试 2/2):
========================================
步骤1: 输入藏语文本...
输入文本时出错: Message: tab crashed
  (Session info: chrome=143.0.7499.169)

✗ 输入文本失败
========================================
✗ 翻译失败，跳过此行
✓ 已保存到文件: 616/4500 条

[617/4500] 翻译进度: 13.7%
藏语原文: མཁས་པ་པཎྜི་ཏའི་ལུགས་དང་རྣལ་འབྱོར་པ་ཀུ་སཱ་ལིའི་ལུགས...

开始翻译流程 (尝试 1/2):
========================================
步骤1: 输入藏语文本...
输入文本时出错: Message: tab crashed
  (Session info: chrome=143.0.7499.169)

✗ 输入文本失败

开始翻译流程 (尝试 2/2):
========================================
步骤1: 输入藏语文本...
输入文本时出错: Message: tab crashed
  (Session info: chrome=143.0.7499.169)

✗ 输入文本失败
========================================
✗ 翻译失败，跳过此行
✓ 已保存到文件: 617/4500 条

[618/4500] 翻译进度: 13.7%
藏语原文: དེ་ནས་བསྒོམས་པས་དོན་འགྲུབ་པ་ཞིག་ཡིན་པར་འདུག་སྟེ།

开始翻译流程 (尝试 1/2):
========================================
步骤1: 输入藏语文本...
输入文本时出错: Message: tab crashed
  (Session info: chrome=143.0.7499.169)

✗ 输入文本失败

开始翻译流程 (尝试 2/2):
========================================
步骤1: 输入藏语文本...
输入文本时出错: Message: tab crashed
  (Session info: chrome=143.0.7499.169)

✗ 输入文本失败
========================================
✗ 翻译失败，跳过此行
✓ 已保存到文件: 618/4500 条

[619/4500] 翻译进度: 13.8%
藏语原文: ལུས་ངག་ཡིད་གསུམ་བསྒྲིམས་པས་དེས་ནི་མགྱོགས་པར་ཡང་འདུ...

开始翻译流程 (尝试 1/2):
========================================
步骤1: 输入藏语文本...
输入文本时出错: Message: tab crashed
  (Session info: chrome=143.0.7499.169)

✗ 输入文本失败

开始翻译流程 (尝试 2/2):
========================================
步骤1: 输入藏语文本...
输入文本时出错: Message: tab crashed
  (Session info: chrome=143.0.7499.169)

✗ 输入文本失败
========================================
✗ 翻译失败，跳过此行
✓ 已保存到文件: 619/4500 条

[620/4500] 翻译进度: 13.8%
藏语原文: མཚན་མ་ཡོད་མེད་ལ་སོགས་པ་མཐའ་བརྒྱད་ཀ་རྒྱང་འཕེན་པར་བྱ...

开始翻译流程 (尝试 1/2):
========================================
步骤1: 输入藏语文本...
输入文本时出错: Message: tab crashed
  (Session info: chrome=143.0.7499.169)

✗ 输入文本失败

开始翻译流程 (尝试 2/2):
========================================
步骤1: 输入藏语文本...
输入文本时出错: Message: tab crashed
  (Session info: chrome=143.0.7499.169)

✗ 输入文本失败
========================================
✗ 翻译失败，跳过此行
✓ 已保存到文件: 620/4500 条

[621/4500] 翻译进度: 13.8%
藏语原文: དེ་མ་ཡིན་པར་གདའ་བས་བྱ་བྱེད་ཐམས་ཅད་དང་བྲལ་བའི་ངང་ནས...

开始翻译流程 (尝试 1/2):
========================================
步骤1: 输入藏语文本...
输入文本时出错: Message: tab crashed
  (Session info: chrome=143.0.7499.169)

✗ 输入文本失败

开始翻译流程 (尝试 2/2):
========================================
步骤1: 输入藏语文本...
输入文本时出错: Message: tab crashed
  (Session info: chrome=143.0.7499.169)

✗ 输入文本失败
========================================
✗ 翻译失败，跳过此行
✓ 已保存到文件: 621/4500 条

[622/4500] 翻译进度: 13.8%
藏语原文: ལུང་པ་ཁྲག་སྐྱོར་འགྲོ་བར་གདའ་བ་དེ་ལྕགས་སྲེགས་ཀྱི་ས་...

开始翻译流程 (尝试 1/2):
========================================
步骤1: 输入藏语文本...
输入文本时出错: Message: tab crashed
  (Session info: chrome=143.0.7499.169)

✗ 输入文本失败

开始翻译流程 (尝试 2/2):
========================================
步骤1: 输入藏语文本...
输入文本时出错: Message: tab crashed
  (Session info: chrome=143.0.7499.169)

✗ 输入文本失败
========================================
✗ 翻译失败，跳过此行
✓ 已保存到文件: 622/4500 条

[623/4500] 翻译进度: 13.8%
藏语原文: བཀའ་གདམས་པ་ཀུན་ལ་ཡང་ཇོ་བོ་བྱམས་པ་ནས་རྟོགས་པ་འདི་ནས...

开始翻译流程 (尝试 1/2):
========================================
步骤1: 输入藏语文本...
输入文本时出错: Message: tab crashed
  (Session info: chrome=143.0.7499.169)

✗ 输入文本失败

开始翻译流程 (尝试 2/2):
========================================
步骤1: 输入藏语文本...
输入文本时出错: Message: tab crashed
  (Session info: chrome=143.0.7499.169)

✗ 输入文本失败
========================================
✗ 翻译失败，跳过此行
✓ 已保存到文件: 623/4500 条

[624/4500] 翻译进度: 13.9%
藏语原文: ཞེས་པས་ལྟ་བསྒོམ་ོད་པ་གཅིག་ཏུ་བཞེད་པར་འདུག་རྗེ་སྒམ་...

开始翻译流程 (尝试 1/2):
========================================
步骤1: 输入藏语文本...
输入文本时出错: Message: tab crashed
  (Session info: chrome=143.0.7499.169)

✗ 输入文本失败

开始翻译流程 (尝试 2/2):
========================================
步骤1: 输入藏语文本...
输入文本时出错: Message: tab crashed
  (Session info: chrome=143.0.7499.169)

✗ 输入文本失败
========================================
✗ 翻译失败，跳过此行
✓ 已保存到文件: 624/4500 条

[625/4500] 翻译进度: 13.9%
藏语原文: དེ་ཙ་ན་མལ་ནས་ལངས་ནས་ཐག་རིང་པོའམ་ལུས་ངལ་ཙམ་དུ་བཏང་ས...

开始翻译流程 (尝试 1/2):
========================================
步骤1: 输入藏语文本...
输入文本时出错: Message: tab crashed
  (Session info: chrome=143.0.7499.169)

✗ 输入文本失败

开始翻译流程 (尝试 2/2):
========================================
步骤1: 输入藏语文本...
输入文本时出错: Message: tab crashed
  (Session info: chrome=143.0.7499.169)

✗ 输入文本失败
========================================
✗ 翻译失败，跳过此行
✓ 已保存到文件: 625/4500 条

[626/4500] 翻译进度: 13.9%
藏语原文: ཀུན་ཀྱང་ཕྱི་ཚུལ་དུ་ཁས་དེ་ལས་མི་ལེན་པར་འདུག་གསུང་།

开始翻译流程 (尝试 1/2):
========================================
步骤1: 输入藏语文本...
输入文本时出错: Message: tab crashed
  (Session info: chrome=143.0.7499.169)

✗ 输入文本失败

开始翻译流程 (尝试 2/2):
========================================
步骤1: 输入藏语文本...
输入文本时出错: Message: tab crashed
  (Session info: chrome=143.0.7499.169)

✗ 输入文本失败
========================================
✗ 翻译失败，跳过此行
✓ 已保存到文件: 626/4500 条

[627/4500] 翻译进度: 13.9%
藏语原文: ཕྱིས་གོ་ནས་འདུག་གསུང་།

开始翻译流程 (尝试 1/2):
========================================
步骤1: 输入藏语文本...
输入文本时出错: Message: tab crashed
  (Session info: chrome=143.0.7499.169)

✗ 输入文本失败

开始翻译流程 (尝试 2/2):
========================================
步骤1: 输入藏语文本...
输入文本时出错: Message: tab crashed
  (Session info: chrome=143.0.7499.169)

✗ 输入文本失败
========================================
✗ 翻译失败，跳过此行
✓ 已保存到文件: 627/4500 条

[628/4500] 翻译进度: 14.0%
藏语原文: དེ་གསུམ་ཅིས་ཀྱང་ཡོད་ཟེར་ན་འཁོར་ལོས་བསྒྱུར་བའི་རྒྱལ...

开始翻译流程 (尝试 1/2):
========================================
步骤1: 输入藏语文本...
输入文本时出错: Message: tab crashed
  (Session info: chrome=143.0.7499.169)

✗ 输入文本失败

开始翻译流程 (尝试 2/2):
========================================
步骤1: 输入藏语文本...
输入文本时出错: Message: tab crashed
  (Session info: chrome=143.0.7499.169)

✗ 输入文本失败
========================================
✗ 翻译失败，跳过此行
✓ 已保存到文件: 628/4500 条

[629/4500] 翻译进度: 14.0%
藏语原文: འདི་ཡང་བག་ཆགས་ཐམས་ཅད་ཀྱིས་གསོས་བཏབ་ནས་ངས་འདི་བྱ་ཞེ...

开始翻译流程 (尝试 1/2):
========================================
步骤1: 输入藏语文本...
输入文本时出错: Message: tab crashed
  (Session info: chrome=143.0.7499.169)

✗ 输入文本失败

开始翻译流程 (尝试 2/2):
========================================
步骤1: 输入藏语文本...
输入文本时出错: Message: tab crashed
  (Session info: chrome=143.0.7499.169)

✗ 输入文本失败
========================================
✗ 翻译失败，跳过此行
✓ 已保存到文件: 629/4500 条

[630/4500] 翻译进度: 14.0%
藏语原文: དགེ་སློང་ཉིན་ཕྱེད་རྣལ་འབྱོར་པ་མཚན་ཕྱེད་ན་སློང་བར་འ...

开始翻译流程 (尝试 1/2):
========================================
步骤1: 输入藏语文本...
输入文本时出错: Message: tab crashed
  (Session info: chrome=143.0.7499.169)

✗ 输入文本失败

开始翻译流程 (尝试 2/2):
========================================
步骤1: 输入藏语文本...
输入文本时出错: Message: tab crashed
  (Session info: chrome=143.0.7499.169)

✗ 输入文本失败
========================================
✗ 翻译失败，跳过此行
✓ 已保存到文件: 630/4500 条

[631/4500] 翻译进度: 14.0%
藏语原文: སྐུ་དེ་མི་བསམ་མི་རྟོག་མི་དཔྱོད་པར་མི་སྨྲ་བར་འདུག་པ...

开始翻译流程 (尝试 1/2):
========================================
步骤1: 输入藏语文本...
输入文本时出错: Message: tab crashed
  (Session info: chrome=143.0.7499.169)

✗ 输入文本失败

开始翻译流程 (尝试 2/2):
========================================
步骤1: 输入藏语文本...
输入文本时出错: Message: tab crashed
  (Session info: chrome=143.0.7499.169)

✗ 输入文本失败
========================================
✗ 翻译失败，跳过此行
✓ 已保存到文件: 631/4500 条

[632/4500] 翻译进度: 14.0%
藏语原文: རང་ལ་བལྟས་པས་ཀྱང་གཤིས་དེ་ལྟར་འདུག་པས།

开始翻译流程 (尝试 1/2):
========================================
步骤1: 输入藏语文本...
输入文本时出错: Message: tab crashed
  (Session info: chrome=143.0.7499.169)

✗ 输入文本失败

开始翻译流程 (尝试 2/2):
========================================
步骤1: 输入藏语文本...
输入文本时出错: Message: tab crashed
  (Session info: chrome=143.0.7499.169)

✗ 输入文本失败
========================================
✗ 翻译失败，跳过此行
✓ 已保存到文件: 632/4500 条

[633/4500] 翻译进度: 14.1%
藏语原文: ད་ལྟ་དེ་ལྟར་མི་འདུག་ཟེར་ཏེ་དེ་དུས་ན་ཚོང་གཅིག་པུའི་...

开始翻译流程 (尝试 1/2):
========================================
步骤1: 输入藏语文本...
输入文本时出错: Message: tab crashed
  (Session info: chrome=143.0.7499.169)

✗ 输入文本失败

开始翻译流程 (尝试 2/2):
========================================
步骤1: 输入藏语文本...
输入文本时出错: Message: tab crashed
  (Session info: chrome=143.0.7499.169)

✗ 输入文本失败
========================================
✗ 翻译失败，跳过此行
✓ 已保存到文件: 633/4500 条

[634/4500] 翻译进度: 14.1%
藏语原文: ད་ལྟ་ཡང་དེ་ཟབ་པར་འདུག་པས་མའི་ཚིག་གསུམ་པོ་དེ་ལ།

开始翻译流程 (尝试 1/2):
========================================
步骤1: 输入藏语文本...
输入文本时出错: Message: tab crashed
  (Session info: chrome=143.0.7499.169)

✗ 输入文本失败

开始翻译流程 (尝试 2/2):
========================================
步骤1: 输入藏语文本...
输入文本时出错: Message: tab crashed
  (Session info: chrome=143.0.7499.169)

✗ 输入文本失败
========================================
✗ 翻译失败，跳过此行
✓ 已保存到文件: 634/4500 条

[635/4500] 翻译进度: 14.1%
藏语原文: དེ་ཡང་སྐྱིད་སྡུག་མེད་པའི་སེམས་གཅིག་པུ་དེ་གང་ཡིན་ན་...

开始翻译流程 (尝试 1/2):
========================================
步骤1: 输入藏语文本...
输入文本时出错: Message: tab crashed
  (Session info: chrome=143.0.7499.169)

✗ 输入文本失败

开始翻译流程 (尝试 2/2):
========================================
步骤1: 输入藏语文本...
输入文本时出错: Message: tab crashed
  (Session info: chrome=143.0.7499.169)

✗ 输入文本失败
========================================
✗ 翻译失败，跳过此行
✓ 已保存到文件: 635/4500 条

[636/4500] 翻译进度: 14.1%
藏语原文: ཆ་མེད་པ་འདི་རྒྱུས་ཅན་ཞིག་ལ་ཡོད་པ་ལས་འདི་ལ་མངོན་ཤེས...

开始翻译流程 (尝试 1/2):
========================================
步骤1: 输入藏语文本...
输入文本时出错: Message: tab crashed
  (Session info: chrome=143.0.7499.169)

✗ 输入文本失败

开始翻译流程 (尝试 2/2):
========================================
步骤1: 输入藏语文本...
输入文本时出错: Message: tab crashed
  (Session info: chrome=143.0.7499.169)

✗ 输入文本失败
========================================
✗ 翻译失败，跳过此行
✓ 已保存到文件: 636/4500 条

[637/4500] 翻译进度: 14.2%
藏语原文: འདོད་ཆགས་མ་སྐྱེས་པ་དེ་ལ་སྐྱེ་བ་མེད་གསུང་ནས་འདུག་སྟ...

开始翻译流程 (尝试 1/2):
========================================
步骤1: 输入藏语文本...
输入文本时出错: Message: tab crashed
  (Session info: chrome=143.0.7499.169)

✗ 输入文本失败

开始翻译流程 (尝试 2/2):
========================================
步骤1: 输入藏语文本...
输入文本时出错: Message: tab crashed
  (Session info: chrome=143.0.7499.169)

✗ 输入文本失败
========================================
✗ 翻译失败，跳过此行
✓ 已保存到文件: 637/4500 条

[638/4500] 翻译进度: 14.2%
藏语原文: ངས་ནི་དང་པོ་རང་ནས་སྔོན་འགྲོ་དངོས་གཞི་རྗེས་མ་རྙེད་ད...

开始翻译流程 (尝试 1/2):
========================================
步骤1: 输入藏语文本...
输入文本时出错: Message: tab crashed
  (Session info: chrome=143.0.7499.169)

✗ 输入文本失败

开始翻译流程 (尝试 2/2):
========================================
步骤1: 输入藏语文本...
输入文本时出错: Message: tab crashed
  (Session info: chrome=143.0.7499.169)

✗ 输入文本失败
========================================
✗ 翻译失败，跳过此行
✓ 已保存到文件: 638/4500 条

[639/4500] 翻译进度: 14.2%
藏语原文: བཀུར་སྟི་ཡང་མཉམ་པོར་ཚོགས་པ་ལ་གྲལ་རྩོད་ཡིན་ཏེ་ཐམས་ཅ...

开始翻译流程 (尝试 1/2):
========================================
步骤1: 输入藏语文本...
输入文本时出错: Message: tab crashed
  (Session info: chrome=143.0.7499.169)

✗ 输入文本失败

开始翻译流程 (尝试 2/2):
========================================
步骤1: 输入藏语文本...
输入文本时出错: Message: tab crashed
  (Session info: chrome=143.0.7499.169)

✗ 输入文本失败
========================================
✗ 翻译失败，跳过此行
✓ 已保存到文件: 639/4500 条

[640/4500] 翻译进度: 14.2%
藏语原文: ཡང་རང་ལ་དེ་མ་བསླངས་ན་ཆ་རྐྱེན་མེད་པ་དང་དེས་ཕན་པ་ཆེན...

开始翻译流程 (尝试 1/2):
========================================
步骤1: 输入藏语文本...
输入文本时出错: Message: tab crashed
  (Session info: chrome=143.0.7499.169)

✗ 输入文本失败

开始翻译流程 (尝试 2/2):
========================================
步骤1: 输入藏语文本...
输入文本时出错: Message: tab crashed
  (Session info: chrome=143.0.7499.169)

✗ 输入文本失败
========================================
✗ 翻译失败，跳过此行
✓ 已保存到文件: 640/4500 条

[641/4500] 翻译进度: 14.2%
藏语原文: བཟོད་པ་འདིས་ནི་ཇོ་བོ་ཐུགས་རྗེ་ཆེན་པོར་གྱུར་མཚན་ཐོས...

开始翻译流程 (尝试 1/2):
========================================
步骤1: 输入藏语文本...
输入文本时出错: Message: tab crashed
  (Session info: chrome=143.0.7499.169)

✗ 输入文本失败

开始翻译流程 (尝试 2/2):
========================================
步骤1: 输入藏语文本...
输入文本时出错: Message: tab crashed
  (Session info: chrome=143.0.7499.169)

✗ 输入文本失败
========================================
✗ 翻译失败，跳过此行
✓ 已保存到文件: 641/4500 条

[642/4500] 翻译进度: 14.3%
藏语原文: ཡང་སྤྲ་སྒོམ་བྱ་བས་མགྲོན་པོའི་ཁ་བཀག་འདུག་པའི་ཇ་མ་འཐ...

开始翻译流程 (尝试 1/2):
========================================
步骤1: 输入藏语文本...
输入文本时出错: Message: tab crashed
  (Session info: chrome=143.0.7499.169)

✗ 输入文本失败

开始翻译流程 (尝试 2/2):
========================================
步骤1: 输入藏语文本...
输入文本时出错: Message: tab crashed
  (Session info: chrome=143.0.7499.169)

✗ 输入文本失败
========================================
✗ 翻译失败，跳过此行
✓ 已保存到文件: 642/4500 条

[643/4500] 翻译进度: 14.3%
藏语原文: དེ་ལྟར་དགྲ་ལ་གདན་འདིངས་པ་དང་བསྙེན་བཀུར་བངས་ནུས་པར་...

开始翻译流程 (尝试 1/2):
========================================
步骤1: 输入藏语文本...
输入文本时出错: Message: tab crashed
  (Session info: chrome=143.0.7499.169)

✗ 输入文本失败

开始翻译流程 (尝试 2/2):
========================================
步骤1: 输入藏语文本...
输入文本时出错: Message: tab crashed
  (Session info: chrome=143.0.7499.169)

✗ 输入文本失败
========================================
✗ 翻译失败，跳过此行
✓ 已保存到文件: 643/4500 条

[644/4500] 翻译进度: 14.3%
藏语原文: ང་ལ་འདི་དཀའ་བར་བྱུང་ན་ཉེ་གནས་ཀུན་གྱི་གདན་དང་ཁྲུས་ཆ...

开始翻译流程 (尝试 1/2):
========================================
步骤1: 输入藏语文本...
输入文本时出错: Message: tab crashed
  (Session info: chrome=143.0.7499.169)

✗ 输入文本失败

开始翻译流程 (尝试 2/2):
========================================
步骤1: 输入藏语文本...
输入文本时出错: Message: tab crashed
  (Session info: chrome=143.0.7499.169)

✗ 输入文本失败
========================================
✗ 翻译失败，跳过此行
✓ 已保存到文件: 644/4500 条

[645/4500] 翻译进度: 14.3%
藏语原文: དེས་ན་ཅི་བྱས་འདུག་པས་དཀའ་བར་བྱུང་གསུང་།

开始翻译流程 (尝试 1/2):
========================================
步骤1: 输入藏语文本...
输入文本时出错: Message: tab crashed
  (Session info: chrome=143.0.7499.169)

✗ 输入文本失败

开始翻译流程 (尝试 2/2):
========================================
步骤1: 输入藏语文本...
输入文本时出错: Message: tab crashed
  (Session info: chrome=143.0.7499.169)

✗ 输入文本失败
========================================
✗ 翻译失败，跳过此行
✓ 已保存到文件: 645/4500 条

[646/4500] 翻译进度: 14.4%
藏语原文: དེ་ལ་སྔོན་བསྐལ་པ་དང་པོ་འཇིག་རྟེན་གྱི་ཁམས་ཆགས་པའི་ད...

开始翻译流程 (尝试 1/2):
========================================
步骤1: 输入藏语文本...
输入文本时出错: Message: tab crashed
  (Session info: chrome=143.0.7499.169)

✗ 输入文本失败

开始翻译流程 (尝试 2/2):
========================================
步骤1: 输入藏语文本...
输入文本时出错: Message: tab crashed
  (Session info: chrome=143.0.7499.169)

✗ 输入文本失败
========================================
✗ 翻译失败，跳过此行
✓ 已保存到文件: 646/4500 条

[647/4500] 翻译进度: 14.4%
藏语原文: ར་རང་ལ་ཤུགས་ཀྱི་འགྲོ་ལུགས་ཤིག་འདུག་སྟེ་མ་ཤེས་གསུང་...

开始翻译流程 (尝试 1/2):
========================================
步骤1: 输入藏语文本...
输入文本时出错: Message: tab crashed
  (Session info: chrome=143.0.7499.169)

✗ 输入文本失败

开始翻译流程 (尝试 2/2):
========================================
步骤1: 输入藏语文本...
输入文本时出错: Message: tab crashed
  (Session info: chrome=143.0.7499.169)

✗ 输入文本失败
========================================
✗ 翻译失败，跳过此行
✓ 已保存到文件: 647/4500 条

[648/4500] 翻译进度: 14.4%
藏语原文: ཞུ་བའི་བབས་ལ་མི་མཁས་པས་འཁྲུགས་པ་འོང་བའི་དུས་མི་ཤེས...

开始翻译流程 (尝试 1/2):
========================================
步骤1: 输入藏语文本...
输入文本时出错: Message: tab crashed
  (Session info: chrome=143.0.7499.169)

✗ 输入文本失败

开始翻译流程 (尝试 2/2):
========================================
步骤1: 输入藏语文本...
输入文本时出错: Message: tab crashed
  (Session info: chrome=143.0.7499.169)

✗ 输入文本失败
========================================
✗ 翻译失败，跳过此行
✓ 已保存到文件: 648/4500 条

[649/4500] 翻译进度: 14.4%
藏语原文: ཅི་བྱས་ཀྱང་མི་མཛད་པ་ཞིིག་ཏུ་འགྲོ་བར་གདའ་བ་གསུང་།

开始翻译流程 (尝试 1/2):
========================================
步骤1: 输入藏语文本...
输入文本时出错: Message: tab crashed
  (Session info: chrome=143.0.7499.169)

✗ 输入文本失败

开始翻译流程 (尝试 2/2):
========================================
步骤1: 输入藏语文本...
输入文本时出错: Message: tab crashed
  (Session info: chrome=143.0.7499.169)

✗ 输入文本失败
========================================
✗ 翻译失败，跳过此行
✓ 已保存到文件: 649/4500 条

[650/4500] 翻译进度: 14.4%
藏语原文: ལྷག་མ་ཁོང་རང་ཟ་བ་ཞིག་ཡོད་པ་ལ།

开始翻译流程 (尝试 1/2):
========================================
步骤1: 输入藏语文本...
输入文本时出错: Message: tab crashed
  (Session info: chrome=143.0.7499.169)

✗ 输入文本失败

开始翻译流程 (尝试 2/2):
========================================
步骤1: 输入藏语文本...
输入文本时出错: Message: tab crashed
  (Session info: chrome=143.0.7499.169)

✗ 输入文本失败
========================================
✗ 翻译失败，跳过此行
✓ 已保存到文件: 650/4500 条

[651/4500] 翻译进度: 14.5%
藏语原文: མི་སྤོང་ན་ཡང་རང་བཞིན་གྱིས་མེད་པ་དང་མེད་པའི་ཁྱད་པར་...

开始翻译流程 (尝试 1/2):
========================================
步骤1: 输入藏语文本...
输入文本时出错: Message: tab crashed
  (Session info: chrome=143.0.7499.169)

✗ 输入文本失败

开始翻译流程 (尝试 2/2):
========================================
步骤1: 输入藏语文本...
输入文本时出错: Message: tab crashed
  (Session info: chrome=143.0.7499.169)

✗ 输入文本失败
========================================
✗ 翻译失败，跳过此行
✓ 已保存到文件: 651/4500 条

[652/4500] 翻译进度: 14.5%
藏语原文: ཞེས་ས་སྨྱུག་རང་བཞིན་འདྲེས་ནས་ཡོད་ན་ས་བོན་གྱི་རང་བཞ...

开始翻译流程 (尝试 1/2):
========================================
步骤1: 输入藏语文本...
输入文本时出错: Message: tab crashed
  (Session info: chrome=143.0.7499.169)

✗ 输入文本失败

开始翻译流程 (尝试 2/2):
========================================
步骤1: 输入藏语文本...
输入文本时出错: Message: tab crashed
  (Session info: chrome=143.0.7499.169)

✗ 输入文本失败
========================================
✗ 翻译失败，跳过此行
✓ 已保存到文件: 652/4500 条

[653/4500] 翻译进度: 14.5%
藏语原文: དེའང་རང་བཞིན་གྱིས་ཡོད་ན་རྒྱུ་ལ་ཅི་ལྟོས།

开始翻译流程 (尝试 1/2):
========================================
步骤1: 输入藏语文本...
输入文本时出错: Message: tab crashed
  (Session info: chrome=143.0.7499.169)

✗ 输入文本失败

开始翻译流程 (尝试 2/2):
========================================
步骤1: 输入藏语文本...
输入文本时出错: Message: tab crashed
  (Session info: chrome=143.0.7499.169)

✗ 输入文本失败
========================================
✗ 翻译失败，跳过此行
✓ 已保存到文件: 653/4500 条

[654/4500] 翻译进度: 14.5%
藏语原文: བདེན་པ་དང་རང་མཚན་གྱིས་མེད་ཀྱང་ཡོད་པ་ལྟར་བཅོས་པའི་བ...

开始翻译流程 (尝试 1/2):
========================================
步骤1: 输入藏语文本...
输入文本时出错: Message: tab crashed
  (Session info: chrome=143.0.7499.169)

✗ 输入文本失败

开始翻译流程 (尝试 2/2):
========================================
步骤1: 输入藏语文本...
输入文本时出错: Message: tab crashed
  (Session info: chrome=143.0.7499.169)

✗ 输入文本失败
========================================
✗ 翻译失败，跳过此行
✓ 已保存到文件: 654/4500 条

[655/4500] 翻译进度: 14.6%
藏语原文: རིགས་པ་གཞན་གྱིས་ཀྱང་རང་རིག་མི་འཐད་པར་བསྟན་པ།

开始翻译流程 (尝试 1/2):
========================================
步骤1: 输入藏语文本...
输入文本时出错: Message: tab crashed
  (Session info: chrome=143.0.7499.169)

✗ 输入文本失败

开始翻译流程 (尝试 2/2):
========================================
步骤1: 输入藏语文本...
输入文本时出错: Message: tab crashed
  (Session info: chrome=143.0.7499.169)

✗ 输入文本失败
========================================
✗ 翻译失败，跳过此行
✓ 已保存到文件: 655/4500 条

[656/4500] 翻译进度: 14.6%
藏语原文: ད་ལྟ་གཙུག་ཕུད་བྲེག་གོ་ཞེས་དྲིས་ན་བསྒུར་འདུག་ཀྱང་ཁ་...

开始翻译流程 (尝试 1/2):
========================================
步骤1: 输入藏语文本...
输入文本时出错: Message: tab crashed
  (Session info: chrome=143.0.7499.169)

✗ 输入文本失败

开始翻译流程 (尝试 2/2):
========================================
步骤1: 输入藏语文本...
输入文本时出错: Message: tab crashed
  (Session info: chrome=143.0.7499.169)

✗ 输入文本失败
========================================
✗ 翻译失败，跳过此行
✓ 已保存到文件: 656/4500 条

[657/4500] 翻译进度: 14.6%
藏语原文: དུས་ཚིགས་ལྔ་སོགས་རང་རང་ལ་ཡང་དགོས་པ་ཡོད།

开始翻译流程 (尝试 1/2):
========================================
步骤1: 输入藏语文本...
输入文本时出错: Message: tab crashed
  (Session info: chrome=143.0.7499.169)

✗ 输入文本失败

开始翻译流程 (尝试 2/2):
========================================
步骤1: 输入藏语文本...
输入文本时出错: Message: tab crashed
  (Session info: chrome=143.0.7499.169)

✗ 输入文本失败
========================================
✗ 翻译失败，跳过此行
✓ 已保存到文件: 657/4500 条

[658/4500] 翻译进度: 14.6%
藏语原文: མདུན་དུ་འདུག་སྟེ་མེ་མི་འདེའོ།

开始翻译流程 (尝试 1/2):
========================================
步骤1: 输入藏语文本...
输入文本时出错: Message: tab crashed
  (Session info: chrome=143.0.7499.169)

✗ 输入文本失败

开始翻译流程 (尝试 2/2):
========================================
步骤1: 输入藏语文本...
输入文本时出错: Message: tab crashed
  (Session info: chrome=143.0.7499.169)

✗ 输入文本失败
========================================
✗ 翻译失败，跳过此行
✓ 已保存到文件: 658/4500 条

[659/4500] 翻译进度: 14.6%
藏语原文: ལག་པ་དང་ཁའི་ཆུ་མི་བླུགས་སོ་ཞེས་པ་དགའདི་ཀའི་པར་ད་ལྟ...

开始翻译流程 (尝试 1/2):
========================================
步骤1: 输入藏语文本...
输入文本时出错: Message: tab crashed
  (Session info: chrome=143.0.7499.169)

✗ 输入文本失败

开始翻译流程 (尝试 2/2):
========================================
步骤1: 输入藏语文本...
输入文本时出错: Message: tab crashed
  (Session info: chrome=143.0.7499.169)

✗ 输入文本失败
========================================
✗ 翻译失败，跳过此行
✓ 已保存到文件: 659/4500 条

[660/4500] 翻译进度: 14.7%
藏语原文: ད་ལྟའི་ལྷུང་བཟེད་ཀྱི་སྣོད་འདི་རྒྱུད་པའི་ཕྱག་ལེན་ཡི...

开始翻译流程 (尝试 1/2):
========================================
步骤1: 输入藏语文本...
输入文本时出错: Message: tab crashed
  (Session info: chrome=143.0.7499.169)

✗ 输入文本失败

开始翻译流程 (尝试 2/2):
========================================
步骤1: 输入藏语文本...
输入文本时出错: Message: tab crashed
  (Session info: chrome=143.0.7499.169)

✗ 输入文本失败
========================================
✗ 翻译失败，跳过此行
✓ 已保存到文件: 660/4500 条

[661/4500] 翻译进度: 14.7%
藏语原文: གནས་དེ་ལ་བཞར་བ་སྟེ་ཐག་ཉེ་བར་འདུག་པའོ།

开始翻译流程 (尝试 1/2):
========================================
步骤1: 输入藏语文本...
输入文本时出错: Message: tab crashed
  (Session info: chrome=143.0.7499.169)

✗ 输入文本失败

开始翻译流程 (尝试 2/2):
========================================
步骤1: 输入藏语文本...
输入文本时出错: Message: tab crashed
  (Session info: chrome=143.0.7499.169)

✗ 输入文本失败
========================================
✗ 翻译失败，跳过此行
✓ 已保存到文件: 661/4500 条

[662/4500] 翻译进度: 14.7%
藏语原文: སྨོས་འདྲིན་ནི་ལྷན་ཅིག་འདུག་པ་དང་ལམ་གཅིག་ཏུ་འགྲོགས་...

开始翻译流程 (尝试 1/2):
========================================
步骤1: 输入藏语文本...
输入文本时出错: Message: tab crashed
  (Session info: chrome=143.0.7499.169)

✗ 输入文本失败

开始翻译流程 (尝试 2/2):
========================================
步骤1: 输入藏语文本...
输入文本时出错: Message: tab crashed
  (Session info: chrome=143.0.7499.169)

✗ 输入文本失败
========================================
✗ 翻译失败，跳过此行
✓ 已保存到文件: 662/4500 条

[663/4500] 翻译进度: 14.7%
藏语原文: འདུག་པ་དང་ཕྱི་རོལ་ཏུ་ཡང་སོ་སོར་བརྟག་པར་བྱའོ།

开始翻译流程 (尝试 1/2):
========================================
步骤1: 输入藏语文本...
输入文本时出错: Message: tab crashed
  (Session info: chrome=143.0.7499.169)

✗ 输入文本失败

开始翻译流程 (尝试 2/2):
========================================
步骤1: 输入藏语文本...
输入文本时出错: Message: tab crashed
  (Session info: chrome=143.0.7499.169)

✗ 输入文本失败
========================================
✗ 翻译失败，跳过此行
✓ 已保存到文件: 663/4500 条

[664/4500] 翻译进度: 14.8%
藏语原文: ཞེས་གནས་བརྟན་གྱིས་དགེ་སློང་རྣམས་ཁྱིམ་དུ་འདུག་པ་དང་...

开始翻译流程 (尝试 1/2):
========================================
步骤1: 输入藏语文本...
输入文本时出错: Message: tab crashed
  (Session info: chrome=143.0.7499.169)

✗ 输入文本失败

开始翻译流程 (尝试 2/2):
========================================
步骤1: 输入藏语文本...
输入文本时出错: Message: tab crashed
  (Session info: chrome=143.0.7499.169)

✗ 输入文本失败
========================================
✗ 翻译失败，跳过此行
✓ 已保存到文件: 664/4500 条

[665/4500] 翻译进度: 14.8%
藏语原文: དེང་སང་དུས་སྙིགས་པས་ལྷ་སའི་ཇོ་བོ་ལ་ཕུལ་ཟེར་མཁན་འདུ...

开始翻译流程 (尝试 1/2):
========================================
步骤1: 输入藏语文本...
输入文本时出错: Message: tab crashed
  (Session info: chrome=143.0.7499.169)

✗ 输入文本失败

开始翻译流程 (尝试 2/2):
========================================
步骤1: 输入藏语文本...
输入文本时出错: Message: tab crashed
  (Session info: chrome=143.0.7499.169)

✗ 输入文本失败
========================================
✗ 翻译失败，跳过此行
✓ 已保存到文件: 665/4500 条

[666/4500] 翻译进度: 14.8%
藏语原文: གཎ་གཡོགགཏུར་བུ་ཁྱེར་ཤོག་བྱས་པས་མཚོན་ཆ་མང་པོ་འདུག་ས...

开始翻译流程 (尝试 1/2):
========================================
步骤1: 输入藏语文本...
输入文本时出错: Message: tab crashed
  (Session info: chrome=143.0.7499.169)

✗ 输入文本失败

开始翻译流程 (尝试 2/2):
========================================
步骤1: 输入藏语文本...
输入文本时出错: Message: tab crashed
  (Session info: chrome=143.0.7499.169)

✗ 输入文本失败
========================================
✗ 翻译失败，跳过此行
✓ 已保存到文件: 666/4500 条

[667/4500] 翻译进度: 14.8%
藏语原文: འདུག་སྟེའོ།

开始翻译流程 (尝试 1/2):
========================================
步骤1: 输入藏语文本...
输入文本时出错: Message: tab crashed
  (Session info: chrome=143.0.7499.169)

✗ 输入文本失败

开始翻译流程 (尝试 2/2):
========================================
步骤1: 输入藏语文本...
输入文本时出错: Message: tab crashed
  (Session info: chrome=143.0.7499.169)

✗ 输入文本失败
========================================
✗ 翻译失败，跳过此行
✓ 已保存到文件: 667/4500 条

[668/4500] 翻译进度: 14.8%
藏语原文: ཕྱིས་གནོན་ནི་དགེ་སློང་གཞན་གནས་པའི་གནས་སུ་དེ་མི་དགའ...

开始翻译流程 (尝试 1/2):
========================================
步骤1: 输入藏语文本...
输入文本时出错: Message: tab crashed
  (Session info: chrome=143.0.7499.169)

✗ 输入文本失败

开始翻译流程 (尝试 2/2):
========================================
步骤1: 输入藏语文本...
输入文本时出错: Message: tab crashed
  (Session info: chrome=143.0.7499.169)

✗ 输入文本失败
========================================
✗ 翻译失败，跳过此行
✓ 已保存到文件: 668/4500 条

[669/4500] 翻译进度: 14.9%
藏语原文: ཡང་ཡང་ཟ་དང་འདུག་གནས་གཅིག།

开始翻译流程 (尝试 1/2):
========================================
步骤1: 输入藏语文本...
输入文本时出错: Message: tab crashed
  (Session info: chrome=143.0.7499.169)

✗ 输入文本失败

开始翻译流程 (尝试 2/2):
========================================
步骤1: 输入藏语文本...
输入文本时出错: Message: tab crashed
  (Session info: chrome=143.0.7499.169)

✗ 输入文本失败
========================================
✗ 翻译失败，跳过此行
✓ 已保存到文件: 669/4500 条

[670/4500] 翻译进度: 14.9%
藏语原文: སྲོག་ཆགས་བཅས་དང་ཉལ་སར་འདུག།

开始翻译流程 (尝试 1/2):
========================================
步骤1: 输入藏语文本...
输入文本时出错: Message: tab crashed
  (Session info: chrome=143.0.7499.169)

✗ 输入文本失败

开始翻译流程 (尝试 2/2):
========================================
步骤1: 输入藏语文本...
输入文本时出错: Message: tab crashed
  (Session info: chrome=143.0.7499.169)

✗ 输入文本失败
========================================
✗ 翻译失败，跳过此行
✓ 已保存到文件: 670/4500 条

[671/4500] 翻译进度: 14.9%
藏语原文: སེ་གོལ་གྱི་སྒྲ་ཕྱུང་སྟེ་བཞིན་བཟང་མིག་ལམ་ན་མ་འདུག་ཅ...

开始翻译流程 (尝试 1/2):
========================================
步骤1: 输入藏语文本...
输入文本时出错: Message: tab crashed
  (Session info: chrome=143.0.7499.169)

✗ 输入文本失败

开始翻译流程 (尝试 2/2):
========================================
步骤1: 输入藏语文本...
输入文本时出错: Message: tab crashed
  (Session info: chrome=143.0.7499.169)

✗ 输入文本失败
========================================
✗ 翻译失败，跳过此行
✓ 已保存到文件: 671/4500 条

[672/4500] 翻译进度: 14.9%
藏语原文: མ་འདུག་ཅིག་བྱས་པས་ཨེ་ཉན་ན་གསུངས།

开始翻译流程 (尝试 1/2):
========================================
步骤1: 输入藏语文本...
输入文本时出错: Message: tab crashed
  (Session info: chrome=143.0.7499.169)

✗ 输入文本失败

开始翻译流程 (尝试 2/2):
========================================
步骤1: 输入藏语文本...
输入文本时出错: Message: tab crashed
  (Session info: chrome=143.0.7499.169)

✗ 输入文本失败
========================================
✗ 翻译失败，跳过此行
✓ 已保存到文件: 672/4500 条

[673/4500] 翻译进度: 15.0%
藏语原文: གོང་དུ་བྱུ་རུའང་རིན་པོའི་གྲངས་སུ་འདུག་གསུངས།

开始翻译流程 (尝试 1/2):
========================================
步骤1: 输入藏语文本...
输入文本时出错: Message: tab crashed
  (Session info: chrome=143.0.7499.169)

✗ 输入文本失败

开始翻译流程 (尝试 2/2):
========================================
步骤1: 输入藏语文本...
输入文本时出错: Message: tab crashed
  (Session info: chrome=143.0.7499.169)

✗ 输入文本失败
========================================
✗ 翻译失败，跳过此行
✓ 已保存到文件: 673/4500 条

[674/4500] 翻译进度: 15.0%
藏语原文: སྐ་རགས་ཀྱི་བར་ནས་འབྲུའི་ཕུར་མ་ལྟ་བུར་འདུག་པ།

开始翻译流程 (尝试 1/2):
========================================
步骤1: 输入藏语文本...
输入文本时出错: Message: tab crashed
  (Session info: chrome=143.0.7499.169)

✗ 输入文本失败

开始翻译流程 (尝试 2/2):
========================================
步骤1: 输入藏语文本...
输入文本时出错: Message: tab crashed
  (Session info: chrome=143.0.7499.169)

✗ 输入文本失败
========================================
✗ 翻译失败，跳过此行
✓ 已保存到文件: 674/4500 条

[675/4500] 翻译进度: 15.0%
藏语原文: མ་བསྒོ་བར་སྟན་ལ་འདུག་པར་གླེང་གཞི་བུ་ཆུང་བསད་པ་གསུང...

开始翻译流程 (尝试 1/2):
========================================
步骤1: 输入藏语文本...
输入文本时出错: Message: tab crashed
  (Session info: chrome=143.0.7499.169)

✗ 输入文本失败

开始翻译流程 (尝试 2/2):
========================================
步骤1: 输入藏语文本...
输入文本时出错: Message: tab crashed
  (Session info: chrome=143.0.7499.169)

✗ 输入文本失败
========================================
✗ 翻译失败，跳过此行
✓ 已保存到文件: 675/4500 条

[676/4500] 翻译进度: 15.0%
藏语原文: ལག་པ་འགྲམ་པར་བསྟེན་ཏེ་སྟན་ལ་མི་འདུག་པ་དང་།

开始翻译流程 (尝试 1/2):
========================================
步骤1: 输入藏语文本...
输入文本时出错: Message: tab crashed
  (Session info: chrome=143.0.7499.169)

✗ 输入文本失败

开始翻译流程 (尝试 2/2):
========================================
步骤1: 输入藏语文本...
输入文本时出错: Message: tab crashed
  (Session info: chrome=143.0.7499.169)

✗ 输入文本失败
========================================
✗ 翻译失败，跳过此行
✓ 已保存到文件: 676/4500 条

[677/4500] 翻译进度: 15.0%
藏语原文: སྤོང་ཁང་རང་རང་གཅིག་པུའམ།

开始翻译流程 (尝试 1/2):
========================================
步骤1: 输入藏语文本...
输入文本时出错: Message: tab crashed
  (Session info: chrome=143.0.7499.169)

✗ 输入文本失败

开始翻译流程 (尝试 2/2):
========================================
步骤1: 输入藏语文本...
输入文本时出错: Message: tab crashed
  (Session info: chrome=143.0.7499.169)

✗ 输入文本失败
========================================
✗ 翻译失败，跳过此行
✓ 已保存到文件: 677/4500 条

[678/4500] 翻译进度: 15.1%
藏语原文: ཤིང་ཀཱན་ཙ་ན་ག་བུར་གྱི་ཤིང་།

开始翻译流程 (尝试 1/2):
========================================
步骤1: 输入藏语文本...
输入文本时出错: Message: tab crashed
  (Session info: chrome=143.0.7499.169)

✗ 输入文本失败

开始翻译流程 (尝试 2/2):
========================================
步骤1: 输入藏语文本...
输入文本时出错: Message: tab crashed
  (Session info: chrome=143.0.7499.169)

✗ 输入文本失败
========================================
✗ 翻译失败，跳过此行
✓ 已保存到文件: 678/4500 条

[679/4500] 翻译进度: 15.1%
藏语原文: ཟས་དགེ་སློང་རང་དམུ་དགེ་ཐུབ་བསྟན་རྒྱ་མཚོ་སོགས་ཀྱི་ག...

开始翻译流程 (尝试 1/2):
========================================
步骤1: 输入藏语文本...
输入文本时出错: Message: tab crashed
  (Session info: chrome=143.0.7499.169)

✗ 输入文本失败

开始翻译流程 (尝试 2/2):
========================================
步骤1: 输入藏语文本...
输入文本时出错: Message: tab crashed
  (Session info: chrome=143.0.7499.169)

✗ 输入文本失败
========================================
✗ 翻译失败，跳过此行
✓ 已保存到文件: 679/4500 条

[680/4500] 翻译进度: 15.1%
藏语原文: ནང་དུ་ཀླད་པ་ལྟ་བུའི་ཟ་རྒྱུ་འཇམ་པོ་ཞིག་ཀྱང་འདུག་གསུ...

开始翻译流程 (尝试 1/2):
========================================
步骤1: 输入藏语文本...
输入文本时出错: Message: tab crashed
  (Session info: chrome=143.0.7499.169)

✗ 输入文本失败

开始翻译流程 (尝试 2/2):
========================================
步骤1: 输入藏语文本...
输入文本时出错: Message: tab crashed
  (Session info: chrome=143.0.7499.169)

✗ 输入文本失败
========================================
✗ 翻译失败，跳过此行
✓ 已保存到文件: 680/4500 条

[681/4500] 翻译进度: 15.1%
藏语原文: ག་མཐའ་སྐྱོར་མ་དང་བང་ལེན་མ་སོགས་ཀྱི་བརྩི་ཚུལ་གང་ཡིན...

开始翻译流程 (尝试 1/2):
========================================
步骤1: 输入藏语文本...
输入文本时出错: Message: tab crashed
  (Session info: chrome=143.0.7499.169)

✗ 输入文本失败

开始翻译流程 (尝试 2/2):
========================================
步骤1: 输入藏语文本...
输入文本时出错: Message: tab crashed
  (Session info: chrome=143.0.7499.169)

✗ 输入文本失败
========================================
✗ 翻译失败，跳过此行
✓ 已保存到文件: 681/4500 条

[682/4500] 翻译进度: 15.2%
藏语原文: དེས་ན་རང་ལུགས་ལ་སྦྱོར་བའི་མཉམ་ཉིད་ལ་སྦྱོར་བ་རང་རང་...

开始翻译流程 (尝试 1/2):
========================================
步骤1: 输入藏语文本...
输入文本时出错: Message: tab crashed
  (Session info: chrome=143.0.7499.169)

✗ 输入文本失败

开始翻译流程 (尝试 2/2):
========================================
步骤1: 输入藏语文本...
输入文本时出错: Message: tab crashed
  (Session info: chrome=143.0.7499.169)

✗ 输入文本失败
========================================
✗ 翻译失败，跳过此行
✓ 已保存到文件: 682/4500 条

[683/4500] 翻译进度: 15.2%
藏语原文: དེ་ལ་ལས་དེ་ཐོག་མར་གསོག་དུས་ཀྱི་ཐོག་མའི་མ་རིག་པ་འཇོ...

开始翻译流程 (尝试 1/2):
========================================
步骤1: 输入藏语文本...
输入文本时出错: Message: tab crashed
  (Session info: chrome=143.0.7499.169)

✗ 输入文本失败

开始翻译流程 (尝试 2/2):
========================================
步骤1: 输入藏语文本...
输入文本时出错: Message: tab crashed
  (Session info: chrome=143.0.7499.169)

✗ 输入文本失败
========================================
✗ 翻译失败，跳过此行
✓ 已保存到文件: 683/4500 条

[684/4500] 翻译进度: 15.2%
藏语原文: ཧལྷས་སྦྱིན་གྱི་རྒྱུད་ཀྱི་མཆོད་སྦྱིན་གྱི་ང་རང་རྐྱ་ཐ...

开始翻译流程 (尝试 1/2):
========================================
步骤1: 输入藏语文本...
输入文本时出错: Message: tab crashed
  (Session info: chrome=143.0.7499.169)

✗ 输入文本失败

开始翻译流程 (尝试 2/2):
========================================
步骤1: 输入藏语文本...
输入文本时出错: Message: tab crashed
  (Session info: chrome=143.0.7499.169)

✗ 输入文本失败
========================================
✗ 翻译失败，跳过此行
✓ 已保存到文件: 684/4500 条

[685/4500] 翻译进度: 15.2%
藏语原文: རང་རིག་པའི་ཡེ་ཤེས་ཀྱི་དངོས་ཡུལ་ལ་ཤེས་པ་གཅིག་ལས་འོས...

开始翻译流程 (尝试 1/2):
========================================
步骤1: 输入藏语文本...
输入文本时出错: Message: tab crashed
  (Session info: chrome=143.0.7499.169)

✗ 输入文本失败

开始翻译流程 (尝试 2/2):
========================================
步骤1: 输入藏语文本...
输入文本时出错: Message: tab crashed
  (Session info: chrome=143.0.7499.169)

✗ 输入文本失败
========================================
✗ 翻译失败，跳过此行
✓ 已保存到文件: 685/4500 条

[686/4500] 翻译进度: 15.2%
藏语原文: དེ་དེ་ལྟར་ཡིན་ཀྱང་རང་ལུགས་སུ་མི་རུང་ངོ།

开始翻译流程 (尝试 1/2):
========================================
步骤1: 输入藏语文本...
输入文本时出错: Message: tab crashed
  (Session info: chrome=143.0.7499.169)

✗ 输入文本失败

开始翻译流程 (尝试 2/2):
========================================
步骤1: 输入藏语文本...
输入文本时出错: Message: tab crashed
  (Session info: chrome=143.0.7499.169)

✗ 输入文本失败
========================================
✗ 翻译失败，跳过此行
✓ 已保存到文件: 686/4500 条

[687/4500] 翻译进度: 15.3%
藏语原文: ཉན་ཐོས་སློབ་ཊརྣམས་ཉན་ཐོས་ཞི་བ་འཚོལ་རྣམས་ཞེས་པའི་དང...

开始翻译流程 (尝试 1/2):
========================================
步骤1: 输入藏语文本...
输入文本时出错: Message: tab crashed
  (Session info: chrome=143.0.7499.169)

✗ 输入文本失败

开始翻译流程 (尝试 2/2):
========================================
步骤1: 输入藏语文本...
输入文本时出错: Message: tab crashed
  (Session info: chrome=143.0.7499.169)

✗ 输入文本失败
========================================
✗ 翻译失败，跳过此行
✓ 已保存到文件: 687/4500 条

[688/4500] 翻译进度: 15.3%
藏语原文: འོན་ཀྱང་རང་རྒྱལ་འགྲེལ་བས་དངོས་སུ་བསྟན་པ་ཡིན་གསུངས་...

开始翻译流程 (尝试 1/2):
========================================
步骤1: 输入藏语文本...
输入文本时出错: Message: tab crashed
  (Session info: chrome=143.0.7499.169)

✗ 输入文本失败

开始翻译流程 (尝试 2/2):
========================================
步骤1: 输入藏语文本...
输入文本时出错: Message: tab crashed
  (Session info: chrome=143.0.7499.169)

✗ 输入文本失败
========================================
✗ 翻译失败，跳过此行
✓ 已保存到文件: 688/4500 条

[689/4500] 翻译进度: 15.3%
藏语原文: རིགས་ངེས་བྱང་སེམས་ཀྱི་རྒྱུད་ཀྱི་མི་རྟག་སོགས་བཅུ་དྲ...

开始翻译流程 (尝试 1/2):
========================================
步骤1: 输入藏语文本...
输入文本时出错: Message: tab crashed
  (Session info: chrome=143.0.7499.169)

✗ 输入文本失败

开始翻译流程 (尝试 2/2):
========================================
步骤1: 输入藏语文本...
输入文本时出错: Message: tab crashed
  (Session info: chrome=143.0.7499.169)

✗ 输入文本失败
========================================
✗ 翻译失败，跳过此行
✓ 已保存到文件: 689/4500 条

[690/4500] 翻译进度: 15.3%
藏语原文: རྣམ་གཞག་རྟེན་ཀྱི་རང་རྒྱལ་གྱི་ལམ་དང་རང་རྒྱལ་གྱི་ལམ་...

开始翻译流程 (尝试 1/2):
========================================
步骤1: 输入藏语文本...
输入文本时出错: Message: tab crashed
  (Session info: chrome=143.0.7499.169)

✗ 输入文本失败

开始翻译流程 (尝试 2/2):
========================================
步骤1: 输入藏语文本...
输入文本时出错: Message: tab crashed
  (Session info: chrome=143.0.7499.169)

✗ 输入文本失败
========================================
✗ 翻译失败，跳过此行
✓ 已保存到文件: 690/4500 条

[691/4500] 翻译进度: 15.4%
藏语原文: ཞེས་འཁོར་འདས་རང་བཞིན་གྱིས་གྲུབ་ན་རྒྱལ་བ་ཉན་ཐོས་བཅས...

开始翻译流程 (尝试 1/2):
========================================
步骤1: 输入藏语文本...
输入文本时出错: Message: tab crashed
  (Session info: chrome=143.0.7499.169)

✗ 输入文本失败

开始翻译流程 (尝试 2/2):
========================================
步骤1: 输入藏语文本...
输入文本时出错: Message: tab crashed
  (Session info: chrome=143.0.7499.169)

✗ 输入文本失败
========================================
✗ 翻译失败，跳过此行
✓ 已保存到文件: 691/4500 条

[692/4500] 翻译进度: 15.4%
藏语原文: པའི་ཀྭ་བ་ཞིག་ཡོད་པ་དེས་ནི་གདགས་གཞིའི་ཕུང་བོ་བདག་མ་...

开始翻译流程 (尝试 1/2):
========================================
步骤1: 输入藏语文本...
输入文本时出错: Message: tab crashed
  (Session info: chrome=143.0.7499.169)

✗ 输入文本失败

开始翻译流程 (尝试 2/2):
========================================
步骤1: 输入藏语文本...
输入文本时出错: Message: tab crashed
  (Session info: chrome=143.0.7499.169)

✗ 输入文本失败
========================================
✗ 翻译失败，跳过此行
✓ 已保存到文件: 692/4500 条

[693/4500] 翻译进度: 15.4%
藏语原文: དེ་ནི་འབྲས་བུ་གཅིག་དུས་རྟོགས།

开始翻译流程 (尝试 1/2):
========================================
步骤1: 输入藏语文本...
输入文本时出错: Message: tab crashed
  (Session info: chrome=143.0.7499.169)

✗ 输入文本失败

开始翻译流程 (尝试 2/2):
========================================
步骤1: 输入藏语文本...
输入文本时出错: Message: tab crashed
  (Session info: chrome=143.0.7499.169)

✗ 输入文本失败
========================================
✗ 翻译失败，跳过此行
✓ 已保存到文件: 693/4500 条

[694/4500] 翻译进度: 15.4%
藏语原文: གཞན་འགས་འགོག་བདེན་རྟོག་པའི་ཡོན་ཏན་མིན་ཟེར་ཡང་རང་ལུ...

开始翻译流程 (尝试 1/2):
========================================
步骤1: 输入藏语文本...
输入文本时出错: Message: tab crashed
  (Session info: chrome=143.0.7499.169)

✗ 输入文本失败

开始翻译流程 (尝试 2/2):
========================================
步骤1: 输入藏语文本...
输入文本时出错: Message: tab crashed
  (Session info: chrome=143.0.7499.169)

✗ 输入文本失败
========================================
✗ 翻译失败，跳过此行
✓ 已保存到文件: 694/4500 条

[695/4500] 翻译进度: 15.4%
藏语原文: མཆིམས་མཛོད་སོགས་སུ་ལྷ་མིན་འགྲོ་བ་གསུམ་དུ་གཏོགས་པར་...

开始翻译流程 (尝试 1/2):
========================================
步骤1: 输入藏语文本...
输入文本时出错: Message: tab crashed
  (Session info: chrome=143.0.7499.169)

✗ 输入文本失败

开始翻译流程 (尝试 2/2):
========================================
步骤1: 输入藏语文本...
输入文本时出错: Message: tab crashed
  (Session info: chrome=143.0.7499.169)

✗ 输入文本失败
========================================
✗ 翻译失败，跳过此行
✓ 已保存到文件: 695/4500 条

[696/4500] 翻译进度: 15.5%
藏语原文: གཅོད་པ་རང་ན་དེ་གཞན་ཞིག་དྲངས་པ་ལྟ་བུར་འདུག་པས་གཞུང་...

开始翻译流程 (尝试 1/2):
========================================
步骤1: 输入藏语文本...
输入文本时出错: Message: tab crashed
  (Session info: chrome=143.0.7499.169)

✗ 输入文本失败

开始翻译流程 (尝试 2/2):
========================================
步骤1: 输入藏语文本...
输入文本时出错: Message: tab crashed
  (Session info: chrome=143.0.7499.169)

✗ 输入文本失败
========================================
✗ 翻译失败，跳过此行
✓ 已保存到文件: 696/4500 条

[697/4500] 翻译进度: 15.5%
藏语原文: བྱེ་སྨྲས་མི་རྟག་སོགས་བཅུ་དྲུག་རྟོགས་རིམ་བཅུ་དྲུག་ད...

开始翻译流程 (尝试 1/2):
========================================
步骤1: 输入藏语文本...
输入文本时出错: Message: tab crashed
  (Session info: chrome=143.0.7499.169)

✗ 输入文本失败

开始翻译流程 (尝试 2/2):
========================================
步骤1: 输入藏语文本...
输入文本时出错: Message: tab crashed
  (Session info: chrome=143.0.7499.169)

✗ 输入文本失败
========================================
✗ 翻译失败，跳过此行
✓ 已保存到文件: 697/4500 条

[698/4500] 翻译进度: 15.5%
藏语原文: འགོག་བདེན་དང་ལམ་བདེན་གཉིས་ཀྱང་རང་ལྡོག་ནས་དོན་དམ་པའ...

开始翻译流程 (尝试 1/2):
========================================
步骤1: 输入藏语文本...
输入文本时出错: Message: tab crashed
  (Session info: chrome=143.0.7499.169)

✗ 输入文本失败

开始翻译流程 (尝试 2/2):
========================================
步骤1: 输入藏语文本...
输入文本时出错: Message: tab crashed
  (Session info: chrome=143.0.7499.169)

✗ 输入文本失败
========================================
✗ 翻译失败，跳过此行
✓ 已保存到文件: 698/4500 条

[699/4500] 翻译进度: 15.5%
藏语原文: སྟན་བདེ་བ་ལ་ནུབ་ཕྱོགས་སམ་ལྷོ་ཕྱོགས་སུ་ཁ་བལྟས་ཏེ་འད...

开始翻译流程 (尝试 1/2):
========================================
步骤1: 输入藏语文本...
输入文本时出错: Message: tab crashed
  (Session info: chrome=143.0.7499.169)

✗ 输入文本失败

开始翻译流程 (尝试 2/2):
========================================
步骤1: 输入藏语文本...
输入文本时出错: Message: tab crashed
  (Session info: chrome=143.0.7499.169)

✗ 输入文本失败
========================================
✗ 翻译失败，跳过此行
✓ 已保存到文件: 699/4500 条

[700/4500] 翻译进度: 15.6%
藏语原文: ཨོཾ་བཛྲ་བེ་རོ་ཙ་ནཱི་ཡེ་ཧཱུྃ་ཕཊ་སྭཱ་ཧཱ།

开始翻译流程 (尝试 1/2):
========================================
步骤1: 输入藏语文本...
输入文本时出错: Message: tab crashed
  (Session info: chrome=143.0.7499.169)

✗ 输入文本失败

开始翻译流程 (尝试 2/2):
========================================
步骤1: 输入藏语文本...
输入文本时出错: Message: tab crashed
  (Session info: chrome=143.0.7499.169)

✗ 输入文本失败
========================================
✗ 翻译失败，跳过此行
✓ 已保存到文件: 700/4500 条

[701/4500] 翻译进度: 15.6%
藏语原文: ཁྱེད་རང་རྣམས་ཀྱི་སྐུ་ལུས་གོ་ཆའི་སྔགས་རྣམས་དྲན་པར་ག...

开始翻译流程 (尝试 1/2):
========================================
步骤1: 输入藏语文本...
输入文本时出错: Message: tab crashed
  (Session info: chrome=143.0.7499.169)

✗ 输入文本失败

开始翻译流程 (尝试 2/2):
========================================
步骤1: 输入藏语文本...
输入文本时出错: Message: tab crashed
  (Session info: chrome=143.0.7499.169)

✗ 输入文本失败
========================================
✗ 翻译失败，跳过此行
✓ 已保存到文件: 701/4500 条

[702/4500] 翻译进度: 15.6%
藏语原文: བསམ་གཏན་གནས་སུ་འདུག་པ་དང་།

开始翻译流程 (尝试 1/2):
========================================
步骤1: 输入藏语文本...
输入文本时出错: Message: tab crashed
  (Session info: chrome=143.0.7499.169)

✗ 输入文本失败

开始翻译流程 (尝试 2/2):
========================================
步骤1: 输入藏语文本...
输入文本时出错: Message: tab crashed
  (Session info: chrome=143.0.7499.169)

✗ 输入文本失败
========================================
✗ 翻译失败，跳过此行
✓ 已保存到文件: 702/4500 条

[703/4500] 翻译进度: 15.6%
藏语原文: འདུག་སྟངས།

开始翻译流程 (尝试 1/2):
========================================
步骤1: 输入藏语文本...
输入文本时出错: Message: tab crashed
  (Session info: chrome=143.0.7499.169)

✗ 输入文本失败

开始翻译流程 (尝试 2/2):
========================================
步骤1: 输入藏语文本...
输入文本时出错: Message: tab crashed
  (Session info: chrome=143.0.7499.169)

✗ 输入文本失败
========================================
✗ 翻译失败，跳过此行
✓ 已保存到文件: 703/4500 条

[704/4500] 翻译进度: 15.6%
藏语原文: དེ་ཡི་མདུན་དུ་བདག་འདུག་སྟེ།

开始翻译流程 (尝试 1/2):
========================================
步骤1: 输入藏语文本...
输入文本时出错: Message: tab crashed
  (Session info: chrome=143.0.7499.169)

✗ 输入文本失败

开始翻译流程 (尝试 2/2):
========================================
步骤1: 输入藏语文本...
输入文本时出错: Message: tab crashed
  (Session info: chrome=143.0.7499.169)

✗ 输入文本失败
========================================
✗ 翻译失败，跳过此行
✓ 已保存到文件: 704/4500 条

[705/4500] 翻译进度: 15.7%
藏语原文: བདེ་དང་རངས་ཤིང་གར་དང་ནི།

开始翻译流程 (尝试 1/2):
========================================
步骤1: 输入藏语文本...
输入文本时出错: Message: tab crashed
  (Session info: chrome=143.0.7499.169)

✗ 输入文本失败

开始翻译流程 (尝试 2/2):
========================================
步骤1: 输入藏语文本...
输入文本时出错: Message: tab crashed
  (Session info: chrome=143.0.7499.169)

✗ 输入文本失败
========================================
✗ 翻译失败，跳过此行
✓ 已保存到文件: 705/4500 条

[706/4500] 翻译进度: 15.7%
藏语原文: ཉན་ཐོས་དང་རང་རྒྱལ་བའི་ས་ལ་བཞག་པ་རྣམས་ཀྱང་སྣང་བའི་ཕ...

开始翻译流程 (尝试 1/2):
========================================
步骤1: 输入藏语文本...
输入文本时出错: Message: tab crashed
  (Session info: chrome=143.0.7499.169)

✗ 输入文本失败

开始翻译流程 (尝试 2/2):
========================================
步骤1: 输入藏语文本...
输入文本时出错: Message: tab crashed
  (Session info: chrome=143.0.7499.169)

✗ 输入文本失败
========================================
✗ 翻译失败，跳过此行
✓ 已保存到文件: 706/4500 条

[707/4500] 翻译进度: 15.7%
藏语原文: ཤ་ཁྲག་རུས་པ་ཟ་ཞིང་འདུག་པ་དེ་དོན་ཆེད་ཅི་ཡོད།

开始翻译流程 (尝试 1/2):
========================================
步骤1: 输入藏语文本...
输入文本时出错: Message: tab crashed
  (Session info: chrome=143.0.7499.169)

✗ 输入文本失败

开始翻译流程 (尝试 2/2):
========================================
步骤1: 输入藏语文本...
输入文本时出错: Message: tab crashed
  (Session info: chrome=143.0.7499.169)

✗ 输入文本失败
========================================
✗ 翻译失败，跳过此行
✓ 已保存到文件: 707/4500 条

[708/4500] 翻译进度: 15.7%
藏语原文: གོ་རོ་ཙ་ན་ཁཱ་ཧི།

开始翻译流程 (尝试 1/2):
========================================
步骤1: 输入藏语文本...
输入文本时出错: Message: tab crashed
  (Session info: chrome=143.0.7499.169)

✗ 输入文本失败

开始翻译流程 (尝试 2/2):
========================================
步骤1: 输入藏语文本...
输入文本时出错: Message: tab crashed
  (Session info: chrome=143.0.7499.169)

✗ 输入文本失败
========================================
✗ 翻译失败，跳过此行
✓ 已保存到文件: 708/4500 条

[709/4500] 翻译进度: 15.8%
藏语原文: རང་རང་སྔགས་དང་བཅས་པ་ཡིས།

开始翻译流程 (尝试 1/2):
========================================
步骤1: 输入藏语文本...
输入文本时出错: Message: tab crashed
  (Session info: chrome=143.0.7499.169)

✗ 输入文本失败

开始翻译流程 (尝试 2/2):
========================================
步骤1: 输入藏语文本...
输入文本时出错: Message: tab crashed
  (Session info: chrome=143.0.7499.169)

✗ 输入文本失败
========================================
✗ 翻译失败，跳过此行
✓ 已保存到文件: 709/4500 条

[710/4500] 翻译进度: 15.8%
藏语原文: རང་རང་ལྷ་ཡི་ཕྱག་མཚན་དང་།

开始翻译流程 (尝试 1/2):
========================================
步骤1: 输入藏语文本...
输入文本时出错: Message: tab crashed
  (Session info: chrome=143.0.7499.169)

✗ 输入文本失败

开始翻译流程 (尝试 2/2):
========================================
步骤1: 输入藏语文本...
输入文本时出错: Message: tab crashed
  (Session info: chrome=143.0.7499.169)

✗ 输入文本失败
========================================
✗ 翻译失败，跳过此行
✓ 已保存到文件: 710/4500 条

[711/4500] 翻译进度: 15.8%
藏语原文: ཅེས་གསུང་ནས་འཁོར་རྣམས་རང་རང་ས་ལ་འཁོད་དོ།

开始翻译流程 (尝试 1/2):
========================================
步骤1: 输入藏语文本...
输入文本时出错: Message: tab crashed
  (Session info: chrome=143.0.7499.169)

✗ 输入文本失败

开始翻译流程 (尝试 2/2):
========================================
步骤1: 输入藏语文本...
输入文本时出错: Message: tab crashed
  (Session info: chrome=143.0.7499.169)

✗ 输入文本失败
========================================
✗ 翻译失败，跳过此行
✓ 已保存到文件: 711/4500 条

[712/4500] 翻译进度: 15.8%
藏语原文: བིདྱཱ་ནཱཾ་ཤིཥྚ་ཀཾ་སྨ་ར་ས་མ་ཡཾ་བཛྲ་དྷ་ར་པ་ཙ་ནཾ།

开始翻译流程 (尝试 1/2):
========================================
步骤1: 输入藏语文本...
输入文本时出错: Message: tab crashed
  (Session info: chrome=143.0.7499.169)

✗ 输入文本失败

开始翻译流程 (尝试 2/2):
========================================
步骤1: 输入藏语文本...
输入文本时出错: Message: tab crashed
  (Session info: chrome=143.0.7499.169)

✗ 输入文本失败
========================================
✗ 翻译失败，跳过此行
✓ 已保存到文件: 712/4500 条

[713/4500] 翻译进度: 15.8%
藏语原文: ཙ་ནི་སྤྱན་གྱི་སྐུ་ཡི་མཆོག།

开始翻译流程 (尝试 1/2):
========================================
步骤1: 输入藏语文本...
输入文本时出错: Message: tab crashed
  (Session info: chrome=143.0.7499.169)

✗ 输入文本失败

开始翻译流程 (尝试 2/2):
========================================
步骤1: 输入藏语文本...
输入文本时出错: Message: tab crashed
  (Session info: chrome=143.0.7499.169)

✗ 输入文本失败
========================================
✗ 翻译失败，跳过此行
✓ 已保存到文件: 713/4500 条

[714/4500] 翻译进度: 15.9%
藏语原文: ཙ་ནའི་འབྲུ་ཙམ་པདྨའི་གདན།

开始翻译流程 (尝试 1/2):
========================================
步骤1: 输入藏语文本...
输入文本时出错: Message: tab crashed
  (Session info: chrome=143.0.7499.169)

✗ 输入文本失败

开始翻译流程 (尝试 2/2):
========================================
步骤1: 输入藏语文本...
输入文本时出错: Message: tab crashed
  (Session info: chrome=143.0.7499.169)

✗ 输入文本失败
========================================
✗ 翻译失败，跳过此行
✓ 已保存到文件: 714/4500 条

[715/4500] 翻译进度: 15.9%
藏语原文: འགྲོ་དྲུག་དུས་གནས་མ་ལུས་སྣང་།

开始翻译流程 (尝试 1/2):
========================================
步骤1: 输入藏语文本...
输入文本时出错: Message: tab crashed
  (Session info: chrome=143.0.7499.169)

✗ 输入文本失败

开始翻译流程 (尝试 2/2):
========================================
步骤1: 输入藏语文本...
输入文本时出错: Message: tab crashed
  (Session info: chrome=143.0.7499.169)

✗ 输入文本失败
========================================
✗ 翻译失败，跳过此行
✓ 已保存到文件: 715/4500 条

[716/4500] 翻译进度: 15.9%
藏语原文: མཇུག་ཀྱང་མ་རྫོགས་པ་ཞིག་གདའ།

开始翻译流程 (尝试 1/2):
========================================
步骤1: 输入藏语文本...
输入文本时出错: Message: tab crashed
  (Session info: chrome=143.0.7499.169)

✗ 输入文本失败

开始翻译流程 (尝试 2/2):
========================================
步骤1: 输入藏语文本...
输入文本时出错: Message: tab crashed
  (Session info: chrome=143.0.7499.169)

✗ 输入文本失败
========================================
✗ 翻译失败，跳过此行
✓ 已保存到文件: 716/4500 条

[717/4500] 翻译进度: 15.9%
藏语原文: འོན་ཀྱང་ལེའུ་ཉི་ཤུས་རྫོགས་ནས་མ་འགྱུར་པ་ལེའུ་གཉིས་ར...

开始翻译流程 (尝试 1/2):
========================================
步骤1: 输入藏语文本...
输入文本时出错: Message: tab crashed
  (Session info: chrome=143.0.7499.169)

✗ 输入文本失败

开始翻译流程 (尝试 2/2):
========================================
步骤1: 输入藏语文本...
输入文本时出错: Message: tab crashed
  (Session info: chrome=143.0.7499.169)

✗ 输入文本失败
========================================
✗ 翻译失败，跳过此行
✓ 已保存到文件: 717/4500 条

[718/4500] 翻译进度: 16.0%
藏语原文: གཉིས་པོ་འདི་ལ་འབྲུ་ཐུག་བགྱིས་ན་ཅུང་ཟད་གོའམ་སྙམ་པར་...

开始翻译流程 (尝试 1/2):
========================================
步骤1: 输入藏语文本...
输入文本时出错: Message: tab crashed
  (Session info: chrome=143.0.7499.169)

✗ 输入文本失败

开始翻译流程 (尝试 2/2):
========================================
步骤1: 输入藏语文本...
输入文本时出错: Message: tab crashed
  (Session info: chrome=143.0.7499.169)

✗ 输入文本失败
========================================
✗ 翻译失败，跳过此行
✓ 已保存到文件: 718/4500 条

[719/4500] 翻译进度: 16.0%
藏语原文: ཚིགས་བཅད་ལ་ཤད་མ་བྲིས་པ་རྣམས་རྒྱ་དཔེ་ལ་ཇི་ལྟར་འདུག་...

开始翻译流程 (尝试 1/2):
========================================
步骤1: 输入藏语文本...
输入文本时出错: Message: tab crashed
  (Session info: chrome=143.0.7499.169)

✗ 输入文本失败

开始翻译流程 (尝试 2/2):
========================================
步骤1: 输入藏语文本...
输入文本时出错: Message: tab crashed
  (Session info: chrome=143.0.7499.169)

✗ 输入文本失败
========================================
✗ 翻译失败，跳过此行
✓ 已保存到文件: 719/4500 条

[720/4500] 翻译进度: 16.0%
藏语原文: ལོཙྪ་བ་པ་གོར་བེ་རོ་ཙ་ནའི་འགྱུར་དང་།

开始翻译流程 (尝试 1/2):
========================================
步骤1: 输入藏语文本...
输入文本时出错: Message: tab crashed
  (Session info: chrome=143.0.7499.169)

✗ 输入文本失败

开始翻译流程 (尝试 2/2):
========================================
步骤1: 输入藏语文本...
输入文本时出错: Message: tab crashed
  (Session info: chrome=143.0.7499.169)

✗ 输入文本失败
========================================
✗ 翻译失败，跳过此行
✓ 已保存到文件: 720/4500 条

[721/4500] 翻译进度: 16.0%
藏语原文: རྩེ་ལྔར་འགྲོ་ཟེར་བའི་ཨ་ཙ་ར་བོད་སྐད་ཀྱང་ཆ་ཙམ་ཤེས་པ་...

开始翻译流程 (尝试 1/2):
========================================
步骤1: 输入藏语文本...
输入文本时出错: Message: tab crashed
  (Session info: chrome=143.0.7499.169)

✗ 输入文本失败

开始翻译流程 (尝试 2/2):
========================================
步骤1: 输入藏语文本...
输入文本时出错: Message: tab crashed
  (Session info: chrome=143.0.7499.169)

✗ 输入文本失败
========================================
✗ 翻译失败，跳过此行
✓ 已保存到文件: 721/4500 条

[722/4500] 翻译进度: 16.0%
藏语原文: མཇུག་ལེའུ་ཉི་ཤུ་པ་རྫོགས་སུ་ཉེ་བ་ནས་ཀྱང་མ་ཚང་བ་ཞིག་...

开始翻译流程 (尝试 1/2):
========================================
步骤1: 输入藏语文本...
输入文本时出错: Message: tab crashed
  (Session info: chrome=143.0.7499.169)

✗ 输入文本失败

开始翻译流程 (尝试 2/2):
========================================
步骤1: 输入藏语文本...
输入文本时出错: Message: tab crashed
  (Session info: chrome=143.0.7499.169)

✗ 输入文本失败
========================================
✗ 翻译失败，跳过此行
✓ 已保存到文件: 722/4500 条

[723/4500] 翻译进度: 16.1%
藏语原文: ཚིགས་བཅད་ལ་ཤད་མ་བྲིས་པ་རྣམས་རྒྱ་དཔེ་ན་ཇི་ལྟར་འདུག་...

开始翻译流程 (尝试 1/2):
========================================
步骤1: 输入藏语文本...
输入文本时出错: Message: tab crashed
  (Session info: chrome=143.0.7499.169)

✗ 输入文本失败

开始翻译流程 (尝试 2/2):
========================================
步骤1: 输入藏语文本...
输入文本时出错: Message: tab crashed
  (Session info: chrome=143.0.7499.169)

✗ 输入文本失败
========================================
✗ 翻译失败，跳过此行
✓ 已保存到文件: 723/4500 条

[724/4500] 翻译进度: 16.1%
藏语原文: འདི་རིགས་འཛིན་ཆེན་པོ་པདྨ་སཾ་བྷ་ཝའི་ཕྱག་དཔེར་འདུག་ཅ...

开始翻译流程 (尝试 1/2):
========================================
步骤1: 输入藏语文本...
输入文本时出错: Message: tab crashed
  (Session info: chrome=143.0.7499.169)

✗ 输入文本失败

开始翻译流程 (尝试 2/2):
========================================
步骤1: 输入藏语文本...
输入文本时出错: Message: tab crashed
  (Session info: chrome=143.0.7499.169)

✗ 输入文本失败
========================================
✗ 翻译失败，跳过此行
✓ 已保存到文件: 724/4500 条

[725/4500] 翻译进度: 16.1%
藏语原文: སྤྱན་སྔར་འདུག་སྟེ་འདི་སྐད་གསོལ།

开始翻译流程 (尝试 1/2):
========================================
步骤1: 输入藏语文本...
输入文本时出错: Message: tab crashed
  (Session info: chrome=143.0.7499.169)

✗ 输入文本失败

开始翻译流程 (尝试 2/2):
========================================
步骤1: 输入藏语文本...
输入文本时出错: Message: tab crashed
  (Session info: chrome=143.0.7499.169)

✗ 输入文本失败
========================================
✗ 翻译失败，跳过此行
✓ 已保存到文件: 725/4500 条

[726/4500] 翻译进度: 16.1%
藏语原文: ལུས་བཏུད་ནས་ནི་སྤྱན་སྔར་འདུག།

开始翻译流程 (尝试 1/2):
========================================
步骤1: 输入藏语文本...
输入文本时出错: Message: tab crashed
  (Session info: chrome=143.0.7499.169)

✗ 输入文本失败

开始翻译流程 (尝试 2/2):
========================================
步骤1: 输入藏语文本...
输入文本时出错: Message: tab crashed
  (Session info: chrome=143.0.7499.169)

✗ 输入文本失败
========================================
✗ 翻译失败，跳过此行
✓ 已保存到文件: 726/4500 条

[727/4500] 翻译进度: 16.2%
藏语原文: ཨ་ར་པ་ཙ་ནཱ་ཡ་ཏེ་ན་མ།

开始翻译流程 (尝试 1/2):
========================================
步骤1: 输入藏语文本...
输入文本时出错: Message: tab crashed
  (Session info: chrome=143.0.7499.169)

✗ 输入文本失败

开始翻译流程 (尝试 2/2):
========================================
步骤1: 输入藏语文本...
输入文本时出错: Message: tab crashed
  (Session info: chrome=143.0.7499.169)

✗ 输入文本失败
========================================
✗ 翻译失败，跳过此行
✓ 已保存到文件: 727/4500 条

[728/4500] 翻译进度: 16.2%
藏语原文: ནམ་མཁའ་ལས་བྱུང་རང་བྱུང་བ།

开始翻译流程 (尝试 1/2):
========================================
步骤1: 输入藏语文本...
输入文本时出错: Message: tab crashed
  (Session info: chrome=143.0.7499.169)

✗ 输入文本失败

开始翻译流程 (尝试 2/2):
========================================
步骤1: 输入藏语文本...
输入文本时出错: Message: tab crashed
  (Session info: chrome=143.0.7499.169)

✗ 输入文本失败
========================================
✗ 翻译失败，跳过此行
✓ 已保存到文件: 728/4500 条

[729/4500] 翻译进度: 16.2%
藏语原文: འདུག་ཀྱང་རུང་།

开始翻译流程 (尝试 1/2):
========================================
步骤1: 输入藏语文本...
输入文本时出错: Message: tab crashed
  (Session info: chrome=143.0.7499.169)

✗ 输入文本失败

开始翻译流程 (尝试 2/2):
========================================
步骤1: 输入藏语文本...
输入文本时出错: Message: tab crashed
  (Session info: chrome=143.0.7499.169)

✗ 输入文本失败
========================================
✗ 翻译失败，跳过此行
✓ 已保存到文件: 729/4500 条

[730/4500] 翻译进度: 16.2%
藏语原文: གཅིག་པུར་འདུག་ཀྱང་རུང་།

开始翻译流程 (尝试 1/2):
========================================
步骤1: 输入藏语文本...
输入文本时出错: Message: tab crashed
  (Session info: chrome=143.0.7499.169)

✗ 输入文本失败

开始翻译流程 (尝试 2/2):
========================================
步骤1: 输入藏语文本...
输入文本时出错: Message: tab crashed
  (Session info: chrome=143.0.7499.169)

✗ 输入文本失败
========================================
✗ 翻译失败，跳过此行
✓ 已保存到文件: 730/4500 条

[731/4500] 翻译进度: 16.2%
藏语原文: སྐྱེ་བོ་མང་པོའི་ནང་ན་འདུག་ཀྱང་རུང་།

开始翻译流程 (尝试 1/2):
========================================
步骤1: 输入藏语文本...
输入文本时出错: Message: tab crashed
  (Session info: chrome=143.0.7499.169)

✗ 输入文本失败

开始翻译流程 (尝试 2/2):
========================================
步骤1: 输入藏语文本...
输入文本时出错: Message: tab crashed
  (Session info: chrome=143.0.7499.169)

✗ 输入文本失败
========================================
✗ 翻译失败，跳过此行
✓ 已保存到文件: 731/4500 条

[732/4500] 翻译进度: 16.3%
藏语原文: ཚོང་ཁང་ན་འདུག་ཀྱང་རུང་།

开始翻译流程 (尝试 1/2):
========================================
步骤1: 输入藏语文本...
输入文本时出错: Message: tab crashed
  (Session info: chrome=143.0.7499.169)

✗ 输入文本失败

开始翻译流程 (尝试 2/2):
========================================
步骤1: 输入藏语文本...
输入文本时出错: Message: tab crashed
  (Session info: chrome=143.0.7499.169)

✗ 输入文本失败
========================================
✗ 翻译失败，跳过此行
✓ 已保存到文件: 732/4500 条

[733/4500] 翻译进度: 16.3%
藏语原文: ནགས་ཚང་ཚིང་ན་འདུག་ཀྱང་རུང་།

开始翻译流程 (尝试 1/2):
========================================
步骤1: 输入藏语文本...
输入文本时出错: Message: tab crashed
  (Session info: chrome=143.0.7499.169)

✗ 输入文本失败

开始翻译流程 (尝试 2/2):
========================================
步骤1: 输入藏语文本...
输入文本时出错: Message: tab crashed
  (Session info: chrome=143.0.7499.169)

✗ 输入文本失败
========================================
✗ 翻译失败，跳过此行
✓ 已保存到文件: 733/4500 条

[734/4500] 翻译进度: 16.3%
藏语原文: བག་མེད་པར་འདུག་ཀྱང་རུང་སྟེ།

开始翻译流程 (尝试 1/2):
========================================
步骤1: 输入藏语文本...
输入文本时出错: Message: tab crashed
  (Session info: chrome=143.0.7499.169)

✗ 输入文本失败

开始翻译流程 (尝试 2/2):
========================================
步骤1: 输入藏语文本...
输入文本时出错: Message: tab crashed
  (Session info: chrome=143.0.7499.169)

✗ 输入文本失败
========================================
✗ 翻译失败，跳过此行
✓ 已保存到文件: 734/4500 条

[735/4500] 翻译进度: 16.3%
藏语原文: སོ་སོ་རང་རང་བློ་ལ་སྣང་བར་ཟད།

开始翻译流程 (尝试 1/2):
========================================
步骤1: 输入藏语文本...
输入文本时出错: Message: tab crashed
  (Session info: chrome=143.0.7499.169)

✗ 输入文本失败

开始翻译流程 (尝试 2/2):
========================================
步骤1: 输入藏语文本...
输入文本时出错: Message: tab crashed
  (Session info: chrome=143.0.7499.169)

✗ 输入文本失败
========================================
✗ 翻译失败，跳过此行
✓ 已保存到文件: 735/4500 条

[736/4500] 翻译进度: 16.4%
藏语原文: ཙ་ནི་སྤྱན་གྱི་སྐུ་ཡི་མཆོག།

开始翻译流程 (尝试 1/2):
========================================
步骤1: 输入藏语文本...
输入文本时出错: Message: tab crashed
  (Session info: chrome=143.0.7499.169)

✗ 输入文本失败

开始翻译流程 (尝试 2/2):
========================================
步骤1: 输入藏语文本...
输入文本时出错: Message: tab crashed
  (Session info: chrome=143.0.7499.169)

✗ 输入文本失败
========================================
✗ 翻译失败，跳过此行
✓ 已保存到文件: 736/4500 条

[737/4500] 翻译进度: 16.4%
藏语原文: ཀུན་ལ་ཡོད་ཅིང་རང་བཞིན་གསང་།

开始翻译流程 (尝试 1/2):
========================================
步骤1: 输入藏语文本...
输入文本时出错: Message: tab crashed
  (Session info: chrome=143.0.7499.169)

✗ 输入文本失败

开始翻译流程 (尝试 2/2):
========================================
步骤1: 输入藏语文本...
输入文本时出错: Message: tab crashed
  (Session info: chrome=143.0.7499.169)

✗ 输入文本失败
========================================
✗ 翻译失败，跳过此行
✓ 已保存到文件: 737/4500 条

[738/4500] 翻译进度: 16.4%
藏语原文: ཙ་ནའི་འབྲུ་ཙམ་པདྨའི་གདན།

开始翻译流程 (尝试 1/2):
========================================
步骤1: 输入藏语文本...
输入文本时出错: Message: tab crashed
  (Session info: chrome=143.0.7499.169)

✗ 输入文本失败

开始翻译流程 (尝试 2/2):
========================================
步骤1: 输入藏语文本...
输入文本时出错: Message: tab crashed
  (Session info: chrome=143.0.7499.169)

✗ 输入文本失败
========================================
✗ 翻译失败，跳过此行
✓ 已保存到文件: 738/4500 条

[739/4500] 翻译进度: 16.4%
藏语原文: འགྲོ་དྲུག་དུས་གནས་མ་ལུས་སྣང་།

开始翻译流程 (尝试 1/2):
========================================
步骤1: 输入藏语文本...
输入文本时出错: Message: tab crashed
  (Session info: chrome=143.0.7499.169)

✗ 输入文本失败

开始翻译流程 (尝试 2/2):
========================================
步骤1: 输入藏语文本...
输入文本时出错: Message: tab crashed
  (Session info: chrome=143.0.7499.169)

✗ 输入文本失败
========================================
✗ 翻译失败，跳过此行
✓ 已保存到文件: 739/4500 条

[740/4500] 翻译进度: 16.4%
藏语原文: འགྲོ་དྲུག་དུས་གནས་དེ་དག་ཉིད།

开始翻译流程 (尝试 1/2):
========================================
步骤1: 输入藏语文本...
输入文本时出错: Message: tab crashed
  (Session info: chrome=143.0.7499.169)

✗ 输入文本失败

开始翻译流程 (尝试 2/2):
========================================
步骤1: 输入藏语文本...
输入文本时出错: Message: tab crashed
  (Session info: chrome=143.0.7499.169)

✗ 输入文本失败
========================================
✗ 翻译失败，跳过此行
✓ 已保存到文件: 740/4500 条

[741/4500] 翻译进度: 16.5%
藏语原文: གཞན་དུ་འགྲོ་དང་འདུག་པ་དང་།

开始翻译流程 (尝试 1/2):
========================================
步骤1: 输入藏语文本...
输入文本时出错: Message: tab crashed
  (Session info: chrome=143.0.7499.169)

✗ 输入文本失败

开始翻译流程 (尝试 2/2):
========================================
步骤1: 输入藏语文本...
输入文本时出错: Message: tab crashed
  (Session info: chrome=143.0.7499.169)

✗ 输入文本失败
========================================
✗ 翻译失败，跳过此行
✓ 已保存到文件: 741/4500 条

[742/4500] 翻译进度: 16.5%
藏语原文: ༀཊ་ཀི་ཧཱུྃ་དང་རང་སྔགས་ཀྱིས།

开始翻译流程 (尝试 1/2):
========================================
步骤1: 输入藏语文本...
输入文本时出错: Message: tab crashed
  (Session info: chrome=143.0.7499.169)

✗ 输入文本失败

开始翻译流程 (尝试 2/2):
========================================
步骤1: 输入藏语文本...
输入文本时出错: Message: tab crashed
  (Session info: chrome=143.0.7499.169)

✗ 输入文本失败
========================================
✗ 翻译失败，跳过此行
✓ 已保存到文件: 742/4500 条

[743/4500] 翻译进度: 16.5%
藏语原文: འདུག་ན་འབྲུ་བཞིས་མཚམས་གཅད།

开始翻译流程 (尝试 1/2):
========================================
步骤1: 输入藏语文本...
输入文本时出错: Message: tab crashed
  (Session info: chrome=143.0.7499.169)

✗ 输入文本失败

开始翻译流程 (尝试 2/2):
========================================
步骤1: 输入藏语文本...
输入文本时出错: Message: tab crashed
  (Session info: chrome=143.0.7499.169)

✗ 输入文本失败
========================================
✗ 翻译失败，跳过此行
✓ 已保存到文件: 743/4500 条

[744/4500] 翻译进度: 16.5%
藏语原文: ཏཱ་ལའི་ལྗོན་ཤིང་རང་བཞིན་བརྒྱད་གནས།

开始翻译流程 (尝试 1/2):
========================================
步骤1: 输入藏语文本...
输入文本时出错: Message: tab crashed
  (Session info: chrome=143.0.7499.169)

✗ 输入文本失败

开始翻译流程 (尝试 2/2):
========================================
步骤1: 输入藏语文本...
输入文本时出错: Message: tab crashed
  (Session info: chrome=143.0.7499.169)

✗ 输入文本失败
========================================
✗ 翻译失败，跳过此行
✓ 已保存到文件: 744/4500 条

[745/4500] 翻译进度: 16.6%
藏语原文: ཀར་ཀང་ཀང་ཡང་འདུགཀར་ཡང་ཡང་ཛ་ཧཱུཾ་བཾ་ཧོ།

开始翻译流程 (尝试 1/2):
========================================
步骤1: 输入藏语文本...
输入文本时出错: Message: tab crashed
  (Session info: chrome=143.0.7499.169)

✗ 输入文本失败

开始翻译流程 (尝试 2/2):
========================================
步骤1: 输入藏语文本...
输入文本时出错: Message: tab crashed
  (Session info: chrome=143.0.7499.169)

✗ 输入文本失败
========================================
✗ 翻译失败，跳过此行
✓ 已保存到文件: 745/4500 条

[746/4500] 翻译进度: 16.6%
藏语原文: ཀུན་ལ་ཡོད་ཅིང་རང་བཞིན་གསང་།

开始翻译流程 (尝试 1/2):
========================================
步骤1: 输入藏语文本...
输入文本时出错: Message: tab crashed
  (Session info: chrome=143.0.7499.169)

✗ 输入文本失败

开始翻译流程 (尝试 2/2):
========================================
步骤1: 输入藏语文本...
输入文本时出错: Message: tab crashed
  (Session info: chrome=143.0.7499.169)

✗ 输入文本失败
========================================
✗ 翻译失败，跳过此行
✓ 已保存到文件: 746/4500 条

[747/4500] 翻译进度: 16.6%
藏语原文: སྐྱེ་མེད་དབྱིངས་དང་རང་རིག་གཉིས་སུ་ཡང་དག་འུབ།

开始翻译流程 (尝试 1/2):
========================================
步骤1: 输入藏语文本...
输入文本时出错: Message: tab crashed
  (Session info: chrome=143.0.7499.169)

✗ 输入文本失败

开始翻译流程 (尝试 2/2):
========================================
步骤1: 输入藏语文本...
输入文本时出错: Message: tab crashed
  (Session info: chrome=143.0.7499.169)

✗ 输入文本失败
========================================
✗ 翻译失败，跳过此行
✓ 已保存到文件: 747/4500 条

[748/4500] 翻译进度: 16.6%
藏语原文: ཞེ་སྡང་རང་དང་སྤྱིར་བསྟན་པ།

开始翻译流程 (尝试 1/2):
========================================
步骤1: 输入藏语文本...
输入文本时出错: Message: tab crashed
  (Session info: chrome=143.0.7499.169)

✗ 输入文本失败

开始翻译流程 (尝试 2/2):
========================================
步骤1: 输入藏语文本...
输入文本时出错: Message: tab crashed
  (Session info: chrome=143.0.7499.169)

✗ 输入文本失败
========================================
✗ 翻译失败，跳过此行
✓ 已保存到文件: 748/4500 条

[749/4500] 翻译进度: 16.6%
藏语原文: འགྲོ་དྲུག་དུས་གནས་མ་ལུས་མཁྱེན།

开始翻译流程 (尝试 1/2):
========================================
步骤1: 输入藏语文本...
输入文本时出错: Message: tab crashed
  (Session info: chrome=143.0.7499.169)

✗ 输入文本失败

开始翻译流程 (尝试 2/2):
========================================
步骤1: 输入藏语文本...
输入文本时出错: Message: tab crashed
  (Session info: chrome=143.0.7499.169)

✗ 输入文本失败
========================================
✗ 翻译失败，跳过此行
✓ 已保存到文件: 749/4500 条

[750/4500] 翻译进度: 16.7%
藏语原文: འགྲོ་དྲུག་དུས་གནས་མ་ལུས་ལ།

开始翻译流程 (尝试 1/2):
========================================
步骤1: 输入藏语文本...
输入文本时出错: Message: tab crashed
  (Session info: chrome=143.0.7499.169)

✗ 输入文本失败

开始翻译流程 (尝试 2/2):
========================================
步骤1: 输入藏语文本...
输入文本时出错: Message: tab crashed
  (Session info: chrome=143.0.7499.169)

✗ 输入文本失败
========================================
✗ 翻译失败，跳过此行
✓ 已保存到文件: 750/4500 条

[751/4500] 翻译进度: 16.7%
藏语原文: ཀུན་ཀྱང་རང་བཞིན་ཡེ་ནས་ཟླུམ།

开始翻译流程 (尝试 1/2):
========================================
步骤1: 输入藏语文本...
输入文本时出错: Message: tab crashed
  (Session info: chrome=143.0.7499.169)

✗ 输入文本失败

开始翻译流程 (尝试 2/2):
========================================
步骤1: 输入藏语文本...
输入文本时出错: Message: tab crashed
  (Session info: chrome=143.0.7499.169)

✗ 输入文本失败
========================================
✗ 翻译失败，跳过此行
✓ 已保存到文件: 751/4500 条

[752/4500] 翻译进度: 16.7%
藏语原文: འགྲོ་དང་འདུག་དང་ཉལ་བན།

开始翻译流程 (尝试 1/2):
========================================
步骤1: 输入藏语文本...
输入文本时出错: Message: tab crashed
  (Session info: chrome=143.0.7499.169)

✗ 输入文本失败

开始翻译流程 (尝试 2/2):
========================================
步骤1: 输入藏语文本...
输入文本时出错: Message: tab crashed
  (Session info: chrome=143.0.7499.169)

✗ 输入文本失败
========================================
✗ 翻译失败，跳过此行
✓ 已保存到文件: 752/4500 条

[753/4500] 翻译进度: 16.7%
藏语原文: ཅི་ལྟར་སྤྱོད་ཀྱང་རང་བཞིན་མེད།

开始翻译流程 (尝试 1/2):
========================================
步骤1: 输入藏语文本...
输入文本时出错: Message: tab crashed
  (Session info: chrome=143.0.7499.169)

✗ 输入文本失败

开始翻译流程 (尝试 2/2):
========================================
步骤1: 输入藏语文本...
输入文本时出错: Message: tab crashed
  (Session info: chrome=143.0.7499.169)

✗ 输入文本失败
========================================
✗ 翻译失败，跳过此行
✓ 已保存到文件: 753/4500 条

[754/4500] 翻译进度: 16.8%
藏语原文: འགྲོ་ཉལ་འདུག་སྡོད་ལོངས་སྤྱོད་ཀྱང་།

开始翻译流程 (尝试 1/2):
========================================
步骤1: 输入藏语文本...
输入文本时出错: Message: tab crashed
  (Session info: chrome=143.0.7499.169)

✗ 输入文本失败

开始翻译流程 (尝试 2/2):
========================================
步骤1: 输入藏语文本...
输入文本时出错: Message: tab crashed
  (Session info: chrome=143.0.7499.169)

✗ 输入文本失败
========================================
✗ 翻译失败，跳过此行
✓ 已保存到文件: 754/4500 条

[755/4500] 翻译进度: 16.8%
藏语原文: རང་སྣང་རང་རིག་མངོན་སུམ་གསལ།

开始翻译流程 (尝试 1/2):
========================================
步骤1: 输入藏语文本...
输入文本时出错: Message: tab crashed
  (Session info: chrome=143.0.7499.169)

✗ 输入文本失败

开始翻译流程 (尝试 2/2):
========================================
步骤1: 输入藏语文本...
输入文本时出错: Message: tab crashed
  (Session info: chrome=143.0.7499.169)

✗ 输入文本失败
========================================
✗ 翻译失败，跳过此行
✓ 已保存到文件: 755/4500 条

[756/4500] 翻译进度: 16.8%
藏语原文: ཆགས་པའི་དམ་ཚིག་དུས་ཡིན་ནོ།

开始翻译流程 (尝试 1/2):
========================================
步骤1: 输入藏语文本...
输入文本时出错: Message: tab crashed
  (Session info: chrome=143.0.7499.169)

✗ 输入文本失败

开始翻译流程 (尝试 2/2):
========================================
步骤1: 输入藏语文本...
输入文本时出错: Message: tab crashed
  (Session info: chrome=143.0.7499.169)

✗ 输入文本失败
========================================
✗ 翻译失败，跳过此行
✓ 已保存到文件: 756/4500 条

[757/4500] 翻译进度: 16.8%
藏语原文: སློབ་དཔོན་འགྲེང་ཡང་རུང་བསྟན་ལ་འདུག་ཀྱང་རུང་སྟེ་སེམ...

开始翻译流程 (尝试 1/2):
========================================
步骤1: 输入藏语文本...
输入文本时出错: Message: tab crashed
  (Session info: chrome=143.0.7499.169)

✗ 输入文本失败

开始翻译流程 (尝试 2/2):
========================================
步骤1: 输入藏语文本...
输入文本时出错: Message: tab crashed
  (Session info: chrome=143.0.7499.169)

✗ 输入文本失败
========================================
✗ 翻译失败，跳过此行
✓ 已保存到文件: 757/4500 条

[758/4500] 翻译进度: 16.8%
藏语原文: ལུས་སྦྲེབས་འདར་ཤ་བསྐུར་ནས་གུམ་གུམ་པོར་འདུག་པ།

开始翻译流程 (尝试 1/2):
========================================
步骤1: 输入藏语文本...
输入文本时出错: Message: tab crashed
  (Session info: chrome=143.0.7499.169)

✗ 输入文本失败

开始翻译流程 (尝试 2/2):
========================================
步骤1: 输入藏语文本...
输入文本时出错: Message: tab crashed
  (Session info: chrome=143.0.7499.169)

✗ 输入文本失败
========================================
✗ 翻译失败，跳过此行
✓ 已保存到文件: 758/4500 条

[759/4500] 翻译进度: 16.9%
藏语原文: ལྷ་མིན་དག་ནའང་རང་བཞིན་གྱི་ལྷ་ཡི།

开始翻译流程 (尝试 1/2):
========================================
步骤1: 输入藏语文本...
输入文本时出错: Message: tab crashed
  (Session info: chrome=143.0.7499.169)

✗ 输入文本失败

开始翻译流程 (尝试 2/2):
========================================
步骤1: 输入藏语文本...
输入文本时出错: Message: tab crashed
  (Session info: chrome=143.0.7499.169)

✗ 输入文本失败
========================================
✗ 翻译失败，跳过此行
✓ 已保存到文件: 759/4500 条

[760/4500] 翻译进度: 16.9%
藏语原文: དེ་ནས་ནོད་པ་པོས་སྟན་ལས་ལངས་པར་འདུག་ཅིང་།

开始翻译流程 (尝试 1/2):
========================================
步骤1: 输入藏语文本...
输入文本时出错: Message: tab crashed
  (Session info: chrome=143.0.7499.169)

✗ 输入文本失败

开始翻译流程 (尝试 2/2):
========================================
步骤1: 输入藏语文本...
输入文本时出错: Message: tab crashed
  (Session info: chrome=143.0.7499.169)

✗ 输入文本失败
========================================
✗ 翻译失败，跳过此行
✓ 已保存到文件: 760/4500 条

[761/4500] 翻译进度: 16.9%
藏语原文: གྲ་ཧ་ཙ་ནི་འཛིན་པའི་སེམས་སོ།

开始翻译流程 (尝试 1/2):
========================================
步骤1: 输入藏语文本...
输入文本时出错: Message: tab crashed
  (Session info: chrome=143.0.7499.169)

✗ 输入文本失败

开始翻译流程 (尝试 2/2):
========================================
步骤1: 输入藏语文本...
输入文本时出错: Message: tab crashed
  (Session info: chrome=143.0.7499.169)

✗ 输入文本失败
========================================
✗ 翻译失败，跳过此行
✓ 已保存到文件: 761/4500 条

[762/4500] 翻译进度: 16.9%
藏语原文: ཁ་དོག་སྣ་ཚོགས་སུ་འདུག་པས་སམ།

开始翻译流程 (尝试 1/2):
========================================
步骤1: 输入藏语文本...
输入文本时出错: Message: tab crashed
  (Session info: chrome=143.0.7499.169)

✗ 输入文本失败

开始翻译流程 (尝试 2/2):
========================================
步骤1: 输入藏语文本...
输入文本时出错: Message: tab crashed
  (Session info: chrome=143.0.7499.169)

✗ 输入文本失败
========================================
✗ 翻译失败，跳过此行
✓ 已保存到文件: 762/4500 条

[763/4500] 翻译进度: 17.0%
藏语原文: དེ་རྣམས་རང་རང་ས་བོན་མཚན།

开始翻译流程 (尝试 1/2):
========================================
步骤1: 输入藏语文本...
输入文本时出错: Message: tab crashed
  (Session info: chrome=143.0.7499.169)

✗ 输入文本失败

开始翻译流程 (尝试 2/2):
========================================
步骤1: 输入藏语文本...
输入文本时出错: Message: tab crashed
  (Session info: chrome=143.0.7499.169)

✗ 输入文本失败
========================================
✗ 翻译失败，跳过此行
✓ 已保存到文件: 763/4500 条

[764/4500] 翻译进度: 17.0%
藏语原文: རང་རང་ས་བོན་ལས་འོད་སྤྲོས།

开始翻译流程 (尝试 1/2):
========================================
步骤1: 输入藏语文本...
输入文本时出错: Message: tab crashed
  (Session info: chrome=143.0.7499.169)

✗ 输入文本失败

开始翻译流程 (尝试 2/2):
========================================
步骤1: 输入藏语文本...
输入文本时出错: Message: tab crashed
  (Session info: chrome=143.0.7499.169)

✗ 输入文本失败
========================================
✗ 翻译失败，跳过此行
✓ 已保存到文件: 764/4500 条

[765/4500] 翻译进度: 17.0%
藏语原文: སོ་སོ་རང་རང་ལ་བཅུག་བསམ།

开始翻译流程 (尝试 1/2):
========================================
步骤1: 输入藏语文本...
输入文本时出错: Message: tab crashed
  (Session info: chrome=143.0.7499.169)

✗ 输入文本失败

开始翻译流程 (尝试 2/2):
========================================
步骤1: 输入藏语文本...
输入文本时出错: Message: tab crashed
  (Session info: chrome=143.0.7499.169)

✗ 输入文本失败
========================================
✗ 翻译失败，跳过此行
✓ 已保存到文件: 765/4500 条

[766/4500] 翻译进度: 17.0%
藏语原文: དེ་དག་དུས་ཇི་ཙམ་གྱིས་དུས་སུ་སྐྱེ་སྙམ་པ་ལ།

开始翻译流程 (尝试 1/2):
========================================
步骤1: 输入藏语文本...
输入文本时出错: Message: tab crashed
  (Session info: chrome=143.0.7499.169)

✗ 输入文本失败

开始翻译流程 (尝试 2/2):
========================================
步骤1: 输入藏语文本...
输入文本时出错: Message: tab crashed
  (Session info: chrome=143.0.7499.169)

✗ 输入文本失败
========================================
✗ 翻译失败，跳过此行
✓ 已保存到文件: 766/4500 条

[767/4500] 翻译进度: 17.0%
藏语原文: བྱུགས་ལ་བདེ་བའི་སྟན་འདུག་སྟེ།

开始翻译流程 (尝试 1/2):
========================================
步骤1: 输入藏语文本...
输入文本时出错: Message: tab crashed
  (Session info: chrome=143.0.7499.169)

✗ 输入文本失败

开始翻译流程 (尝试 2/2):
========================================
步骤1: 输入藏语文本...
输入文本时出错: Message: tab crashed
  (Session info: chrome=143.0.7499.169)

✗ 输入文本失败
========================================
✗ 翻译失败，跳过此行
✓ 已保存到文件: 767/4500 条

[768/4500] 翻译进度: 17.1%
藏语原文: དཔའ་བོའི་འདུག་སྟངས་ཀྱིས་གནས་པའོ།

开始翻译流程 (尝试 1/2):
========================================
步骤1: 输入藏语文本...
输入文本时出错: Message: tab crashed
  (Session info: chrome=143.0.7499.169)

✗ 输入文本失败

开始翻译流程 (尝试 2/2):
========================================
步骤1: 输入藏语文本...
输入文本时出错: Message: tab crashed
  (Session info: chrome=143.0.7499.169)

✗ 输入文本失败
========================================
✗ 翻译失败，跳过此行
✓ 已保存到文件: 768/4500 条

[769/4500] 翻译进度: 17.1%
藏语原文: ཡཱ་ན་སརྦ་མུ་ཁེ་བྷྱ་ས་མུ་ཙྪ་ཡ་པྲ་བ་ཙ་ནཾ་རཏྣ་ཀོ་ཥ་ཏྲ...

开始翻译流程 (尝试 1/2):
========================================
步骤1: 输入藏语文本...
输入文本时出错: Message: tab crashed
  (Session info: chrome=143.0.7499.169)

✗ 输入文本失败

开始翻译流程 (尝试 2/2):
========================================
步骤1: 输入藏语文本...
输入文本时出错: Message: tab crashed
  (Session info: chrome=143.0.7499.169)

✗ 输入文本失败
========================================
✗ 翻译失败，跳过此行
✓ 已保存到文件: 769/4500 条

[770/4500] 翻译进度: 17.1%
藏语原文: ཤྲཱིའི་སྒྲ་ལས་དཔལ་ནི་གཉིས་སུ་མེད་པའི་ཡེ་ཤེས་དང་བསྟ...

开始翻译流程 (尝试 1/2):
========================================
步骤1: 输入藏语文本...
输入文本时出错: Message: tab crashed
  (Session info: chrome=143.0.7499.169)

✗ 输入文本失败

开始翻译流程 (尝试 2/2):
========================================
步骤1: 输入藏语文本...
输入文本时出错: Message: tab crashed
  (Session info: chrome=143.0.7499.169)

✗ 输入文本失败
========================================
✗ 翻译失败，跳过此行
✓ 已保存到文件: 770/4500 条

[771/4500] 翻译进度: 17.1%
藏语原文: དེ་དག་ཆགས་འཇིག་དུས་མཉམ་བྱེད་པར་གསུངས།

开始翻译流程 (尝试 1/2):
========================================
步骤1: 输入藏语文本...
输入文本时出错: Message: tab crashed
  (Session info: chrome=143.0.7499.169)

✗ 输入文本失败

开始翻译流程 (尝试 2/2):
========================================
步骤1: 输入藏语文本...
输入文本时出错: Message: tab crashed
  (Session info: chrome=143.0.7499.169)

✗ 输入文本失败
========================================
✗ 翻译失败，跳过此行
✓ 已保存到文件: 771/4500 条

[772/4500] 翻译进度: 17.2%
藏语原文: དེ་ལ་ལྷུན་པོ་ནི་བང་རིམ་བཞི་དང་ལྡན་པ་གྲུ་བཞིར་འདུག་...

开始翻译流程 (尝试 1/2):
========================================
步骤1: 输入藏语文本...
输入文本时出错: Message: tab crashed
  (Session info: chrome=143.0.7499.169)

✗ 输入文本失败

开始翻译流程 (尝试 2/2):
========================================
步骤1: 输入藏语文本...
输入文本时出错: Message: tab crashed
  (Session info: chrome=143.0.7499.169)

✗ 输入文本失败
========================================
✗ 翻译失败，跳过此行
✓ 已保存到文件: 772/4500 条

[773/4500] 翻译进度: 17.2%
藏语原文: ཚངས་པའི་མདུན་ན་འདུག་སྟེ་ཚིག་འདོན་པས་ཚངས་པའི་མདུན་ན...

开始翻译流程 (尝试 1/2):
========================================
步骤1: 输入藏语文本...
输入文本时出错: Message: tab crashed
  (Session info: chrome=143.0.7499.169)

✗ 输入文本失败

开始翻译流程 (尝试 2/2):
========================================
步骤1: 输入藏语文本...
输入文本时出错: Message: tab crashed
  (Session info: chrome=143.0.7499.169)

✗ 输入文本失败
========================================
✗ 翻译失败，跳过此行
✓ 已保存到文件: 773/4500 条

[774/4500] 翻译进度: 17.2%
藏语原文: འཇིག་དུས་དམྱལ་ནས་འགོ་བརྩམ་ངན་འགྲོ་སྟོངས།

开始翻译流程 (尝试 1/2):
========================================
步骤1: 输入藏语文本...
输入文本时出错: Message: tab crashed
  (Session info: chrome=143.0.7499.169)

✗ 输入文本失败

开始翻译流程 (尝试 2/2):
========================================
步骤1: 输入藏语文本...
输入文本时出错: Message: tab crashed
  (Session info: chrome=143.0.7499.169)

✗ 输入文本失败
========================================
✗ 翻译失败，跳过此行
✓ 已保存到文件: 774/4500 条

[775/4500] 翻译进度: 17.2%
藏语原文: འཇིག་རྟེན་སྟོང་འཇུག་དུས་བཞིའི་ཚུལ་ཡང་འཆད།

开始翻译流程 (尝试 1/2):
========================================
步骤1: 输入藏语文本...
输入文本时出错: Message: tab crashed
  (Session info: chrome=143.0.7499.169)

✗ 输入文本失败

开始翻译流程 (尝试 2/2):
========================================
步骤1: 输入藏语文本...
输入文本时出错: Message: tab crashed
  (Session info: chrome=143.0.7499.169)

✗ 输入文本失败
========================================
✗ 翻译失败，跳过此行
✓ 已保存到文件: 775/4500 条

[776/4500] 翻译进度: 17.2%
藏语原文: ལག་མཐིལ་སྤུ་ཉག་གཅིག་འདུག་པ།

开始翻译流程 (尝试 1/2):
========================================
步骤1: 输入藏语文本...
输入文本时出错: Message: tab crashed
  (Session info: chrome=143.0.7499.169)

✗ 输入文本失败

开始翻译流程 (尝试 2/2):
========================================
步骤1: 输入藏语文本...
输入文本时出错: Message: tab crashed
  (Session info: chrome=143.0.7499.169)

✗ 输入文本失败
========================================
✗ 翻译失败，跳过此行
✓ 已保存到文件: 776/4500 条

[777/4500] 翻译进度: 17.3%
藏语原文: གདོས་བཅས་དག་དུས་མཐར་སྐྱོལ་བས་རིག་པ་ཉིད་སྐུར་སྨིན་པ...

开始翻译流程 (尝试 1/2):
========================================
步骤1: 输入藏语文本...
输入文本时出错: Message: tab crashed
  (Session info: chrome=143.0.7499.169)

✗ 输入文本失败

开始翻译流程 (尝试 2/2):
========================================
步骤1: 输入藏语文本...
输入文本时出错: Message: tab crashed
  (Session info: chrome=143.0.7499.169)

✗ 输入文本失败
========================================
✗ 翻译失败，跳过此行
✓ 已保存到文件: 777/4500 条

[778/4500] 翻译进度: 17.3%
藏语原文: དེས་ན་དབྱིངས་ཀྱི་གཞི་དང་གནས་སྐབས་ཀྱི་གཞི་གཉིས་འོད་...

开始翻译流程 (尝试 1/2):
========================================
步骤1: 输入藏语文本...
输入文本时出错: Message: tab crashed
  (Session info: chrome=143.0.7499.169)

✗ 输入文本失败

开始翻译流程 (尝试 2/2):
========================================
步骤1: 输入藏语文本...
输入文本时出错: Message: tab crashed
  (Session info: chrome=143.0.7499.169)

✗ 输入文本失败
========================================
✗ 翻译失败，跳过此行
✓ 已保存到文件: 778/4500 条

[779/4500] 翻译进度: 17.3%
藏语原文: ངོ་བོ་ལྔ་དང་རང་བཞིན་ལྔ།

开始翻译流程 (尝试 1/2):
========================================
步骤1: 输入藏语文本...
输入文本时出错: Message: tab crashed
  (Session info: chrome=143.0.7499.169)

