nohup: ignoring input
============================================================
藏语文件翻译处理
严格按照用户需求:
1. 读取藏语文件（支持文本和JSON格式）
2. 使用muban.json作为翻译结果保存格式
3. leixing字段：文本文件为'不明'，JSON文件使用原type
4. 自动加id
5. 藏语原文是tibetan字段，翻译结果是chinese字段
6. 统计条数，时间统一写2025-12-29
7. 保存为JSON格式，和muban.json一样
8. 输出文件命名: '原藏语文件'_result.json
============================================================
使用命令行参数指定的文件: tibetan/oral_kham_005.json

加载文件: tibetan/oral_kham_005.json
成功加载JSON文件: tibetan/oral_kham_005.json
文件类型: oral_kham
藏语句子数量: 4500
总字符数: 254051
文件类型: oral_kham
找到 4500 行需要翻译

创建JSON模板...
创建初始文件...
✓ 初始文件已创建: results/oral_kham_005_result.json
  文件位置: /root/myproj/translate/results/oral_kham_005_result.json

开始翻译...
注意: 翻译过程可能需要较长时间，请耐心等待
首次运行可能会自动下载ChromeDriver
即时保存: 每翻译一条就保存一条到文件
============================================================
初始化翻译器...
检查必要的Python包...
✓ selenium已安装 (版本: 4.39.0)
✓ webdriver-manager已安装
正在自动下载和管理ChromeDriver...
✓ ChromeDriver自动配置成功
✓ WebDriver初始化成功
开始逐条翻译 4500 行...
注意: 只访问一次网页，之后重复使用同一个页面进行翻译
即时保存: 每翻译一条就保存一条到文件
============================================================

[1/4500] 翻译进度: 0.0%
藏语原文: ཉིན་གཅིག་ཙམ་བཟའ་བཏུང་མེད་པར་འདུག་པའམ།
页面未初始化，正在初始化...
正在访问: http://222.19.82.141:5002/index-Final.html
翻译页面加载成功
页面初始化完成

开始翻译流程 (尝试 1/2):
========================================
步骤1: 输入藏语文本...
已输入藏语文本: ཉིན་གཅིག་ཙམ་བཟའ་བཏུང་མེད་པར་འདུག་པའམ།
✓ 文本输入成功
步骤2: 点击智能翻译按钮...
已点击智能翻译按钮
✓ 翻译按钮点击成功
步骤3: 等待翻译处理 (4秒) - 第一次翻译，等待更长时间确保成功...
✓ 翻译处理完成
步骤4: 获取翻译结果...
翻译结果: 不要一天到晚空腹。
✓ 翻译结果获取成功
✓ 第一次翻译成功完成，后续翻译将使用正常等待时间
========================================
✓ 翻译成功
汉语结果: 不要一天到晚空腹。
✓ 已保存到文件: 1/4500 条

[2/4500] 翻译进度: 0.0%
藏语原文: བདག་ཉིད་ཇི་ལྟར་བདེ་བར་འདུག།

开始翻译流程 (尝试 1/2):
========================================
步骤1: 输入藏语文本...
已输入藏语文本: བདག་ཉིད་ཇི་ལྟར་བདེ་བར་འདུག།
✓ 文本输入成功
步骤2: 点击智能翻译按钮...
已点击智能翻译按钮
✓ 翻译按钮点击成功
步骤3: 等待翻译处理 (0.5秒) - 后续翻译，等待0.5秒...
✓ 翻译处理完成
步骤4: 获取翻译结果...
翻译结果: 自己怎样安心？
✓ 翻译结果获取成功
========================================
✓ 翻译成功
汉语结果: 自己怎样安心？
✓ 已保存到文件: 2/4500 条

[3/4500] 翻译进度: 0.1%
藏语原文: རྐང་རྗེས་ཡོད་མེད་སོགས་བརྟས་པས་ངེས་པར་ཤི་འདུག་སྙམ་ན...

开始翻译流程 (尝试 1/2):
========================================
步骤1: 输入藏语文本...
已输入藏语文本: རྐང་རྗེས་ཡོད་མེད་སོགས་བརྟས་པས་ངེས་པར་ཤི་འདུག་སྙམ་ནས་ཤིན་ཏུ་སྐྲགས་པའི་རྐྱེན་གྱིས།
✓ 文本输入成功
步骤2: 点击智能翻译按钮...
已点击智能翻译按钮
✓ 翻译按钮点击成功
步骤3: 等待翻译处理 (0.5秒) - 后续翻译，等待0.5秒...
✓ 翻译处理完成
步骤4: 获取翻译结果...
翻译结果: 没有脚印，
✓ 翻译结果获取成功
========================================
✓ 翻译成功
汉语结果: 没有脚印，
✓ 已保存到文件: 3/4500 条

[4/4500] 翻译进度: 0.1%
藏语原文: ཡར་ལྡངས་མར་བསྣད་འགྲོ་འདུག་བསྐུལ་བསྐྱོད་ཐམས་ཅད་ཀྱང་...

开始翻译流程 (尝试 1/2):
========================================
步骤1: 输入藏语文本...
已输入藏语文本: ཡར་ལྡངས་མར་བསྣད་འགྲོ་འདུག་བསྐུལ་བསྐྱོད་ཐམས་ཅད་ཀྱང་མི་ནུས་བཞིན་དུ་དཀའ་བས་བྱེད་པ་ལ་སོགས་སྡུག་བསྔལ་མཐའ་ཡས་སོ།
✓ 文本输入成功
步骤2: 点击智能翻译按钮...
已点击智能翻译按钮
✓ 翻译按钮点击成功
步骤3: 等待翻译处理 (0.5秒) - 后续翻译，等待0.5秒...
✓ 翻译处理完成
步骤4: 获取翻译结果...
翻译结果: 再生跌倒，行走站
✓ 翻译结果获取成功
========================================
✓ 翻译成功
汉语结果: 再生跌倒，行走站
✓ 已保存到文件: 4/4500 条

[5/4500] 翻译进度: 0.1%
藏语原文: ཕྲད་ཙ་ན་མི་བུབ་དོགས་པའི་སྡུག་བསྔལ།

开始翻译流程 (尝试 1/2):
========================================
步骤1: 输入藏语文本...
已输入藏语文本: ཕྲད་ཙ་ན་མི་བུབ་དོགས་པའི་སྡུག་བསྔལ།
✓ 文本输入成功
步骤2: 点击智能翻译按钮...
已点击智能翻译按钮
✓ 翻译按钮点击成功
步骤3: 等待翻译处理 (0.5秒) - 后续翻译，等待0.5秒...
✓ 翻译处理完成
步骤4: 获取翻译结果...
翻译结果: 见面时，怕倒的人的痛苦。
✓ 翻译结果获取成功
========================================
✓ 翻译成功
汉语结果: 见面时，怕倒的人的痛苦。
✓ 已保存到文件: 5/4500 条

[6/4500] 翻译进度: 0.1%
藏语原文: ཉེ་དུ་འཁོར་འབངས་གཉེན་བཤེས་ཀྱི་ཕྱོགས་སུ་ཞེན་ནས་དེ་ད...

开始翻译流程 (尝试 1/2):
========================================
步骤1: 输入藏语文本...
已输入藏语文本: ཉེ་དུ་འཁོར་འབངས་གཉེན་བཤེས་ཀྱི་ཕྱོགས་སུ་ཞེན་ནས་དེ་དག་དང་མ་བྲལ་ཙ་ནའང་བྲལ་གྱི་དོགས་པའི་སྡུག་བསྔལ།
✓ 文本输入成功
步骤2: 点击智能翻译按钮...
已点击智能翻译按钮
✓ 翻译按钮点击成功
步骤3: 等待翻译处理 (0.5秒) - 后续翻译，等待0.5秒...
✓ 翻译处理完成
步骤4: 获取翻译结果...
翻译结果: 偏爱亲属
✓ 翻译结果获取成功
========================================
✓ 翻译成功
汉语结果: 偏爱亲属
✓ 已保存到文件: 6/4500 条

[7/4500] 翻译进度: 0.2%
藏语原文: བྲལ་ཙ་ན་རང་ཉིད་ཤི་བ་བས་ཀྱང་ཐུ་བའི་སྡུག་བསྔལ།

开始翻译流程 (尝试 1/2):
========================================
步骤1: 输入藏语文本...
已输入藏语文本: བྲལ་ཙ་ན་རང་ཉིད་ཤི་བ་བས་ཀྱང་ཐུ་བའི་སྡུག་བསྔལ།
✓ 文本输入成功
步骤2: 点击智能翻译按钮...
已点击智能翻译按钮
✓ 翻译按钮点击成功
步骤3: 等待翻译处理 (0.5秒) - 后续翻译，等待0.5秒...
✓ 翻译处理完成
步骤4: 获取翻译结果...
翻译结果: 离开时，自己死去也比被杀更痛苦。
✓ 翻译结果获取成功
========================================
✓ 翻译成功
汉语结果: 离开时，自己死去也比被杀更痛苦。
✓ 已保存到文件: 7/4500 条

[8/4500] 翻译进度: 0.2%
藏语原文: འདི་ལྟར་འཇིག་རྟེན་ཁམས་འདི་ན་རང་དང་རང་ཕྱོགས་ལ་བདེ་ས...

开始翻译流程 (尝试 1/2):
========================================
步骤1: 输入藏语文本...
已输入藏语文本: འདི་ལྟར་འཇིག་རྟེན་ཁམས་འདི་ན་རང་དང་རང་ཕྱོགས་ལ་བདེ་སྐྱིད་མི་འདོད་པ་ནི་གཅིག་ཀྱང་མེད་རུང་དེ་ལྟར་འདོད་པ་ལྟར་འོང་བ་ནི་སུ་ཡང་མེད།
✓ 文本输入成功
步骤2: 点击智能翻译按钮...
已点击智能翻译按钮
✓ 翻译按钮点击成功
步骤3: 等待翻译处理 (0.5秒) - 后续翻译，等待0.5秒...
✓ 翻译处理完成
步骤4: 获取翻译结果...
翻译结果: 这样世界上没有人不愿意自己和自己方便
✓ 翻译结果获取成功
========================================
✓ 翻译成功
汉语结果: 这样世界上没有人不愿意自己和自己方便
✓ 已保存到文件: 8/4500 条

[9/4500] 翻译进度: 0.2%
藏语原文: དེ་ཙ་ན་ཐར་བའི་ལམ་སྣ་ཟིན་པ་ཞེས་ཀྱང་བྱ་སྟེ།

开始翻译流程 (尝试 1/2):
========================================
步骤1: 输入藏语文本...
已输入藏语文本: དེ་ཙ་ན་ཐར་བའི་ལམ་སྣ་ཟིན་པ་ཞེས་ཀྱང་བྱ་སྟེ།
✓ 文本输入成功
步骤2: 点击智能翻译按钮...
已点击智能翻译按钮
✓ 翻译按钮点击成功
步骤3: 等待翻译处理 (0.5秒) - 后续翻译，等待0.5秒...
✓ 翻译处理完成
步骤4: 获取翻译结果...
翻译结果: 这也叫“已得解脱
✓ 翻译结果获取成功
========================================
✓ 翻译成功
汉语结果: 这也叫“已得解脱
✓ 已保存到文件: 9/4500 条

[10/4500] 翻译进度: 0.2%
藏语原文: ང་རང་ཕོ་རྒོད་ནས་མིན།

开始翻译流程 (尝试 1/2):
========================================
步骤1: 输入藏语文本...
已输入藏语文本: ང་རང་ཕོ་རྒོད་ནས་མིན།
✓ 文本输入成功
步骤2: 点击智能翻译按钮...
已点击智能翻译按钮
✓ 翻译按钮点击成功
步骤3: 等待翻译处理 (0.5秒) - 后续翻译，等待0.5秒...
✓ 翻译处理完成
步骤4: 获取翻译结果...
翻译结果: 我不是大汉
✓ 翻译结果获取成功
========================================
✓ 翻译成功
汉语结果: 我不是大汉
✓ 已保存到文件: 10/4500 条

[11/4500] 翻译进度: 0.2%
藏语原文: དེ་ཡང་རང་ལ་མ་མཁོ་བར་བྱིན་པ་མིན་ཏེ།

开始翻译流程 (尝试 1/2):
========================================
步骤1: 输入藏语文本...
已输入藏语文本: དེ་ཡང་རང་ལ་མ་མཁོ་བར་བྱིན་པ་མིན་ཏེ།
✓ 文本输入成功
步骤2: 点击智能翻译按钮...
已点击智能翻译按钮
✓ 翻译按钮点击成功
步骤3: 等待翻译处理 (0.5秒) - 后续翻译，等待0.5秒...
✓ 翻译处理完成
步骤4: 获取翻译结果...
翻译结果: 不是白给的。
✓ 翻译结果获取成功
========================================
✓ 翻译成功
汉语结果: 不是白给的。
✓ 已保存到文件: 11/4500 条

[12/4500] 翻译进度: 0.3%
藏语原文: འདུག་ས་འདི་རུ་གདན་སའི་རུ་ཟིན་པར་གྱུར་ཅིག་སོགས་གོང་...

开始翻译流程 (尝试 1/2):
========================================
步骤1: 输入藏语文本...
已输入藏语文本: འདུག་ས་འདི་རུ་གདན་སའི་རུ་ཟིན་པར་གྱུར་ཅིག་སོགས་གོང་བཞིན་བྱ།
✓ 文本输入成功
步骤2: 点击智能翻译按钮...
已点击智能翻译按钮
✓ 翻译按钮点击成功
步骤3: 等待翻译处理 (0.5秒) - 后续翻译，等待0.5秒...
✓ 翻译处理完成
步骤4: 获取翻译结果...
翻译结果: 在这个座位上铺上
✓ 翻译结果获取成功
========================================
✓ 翻译成功
汉语结果: 在这个座位上铺上
✓ 已保存到文件: 12/4500 条

[13/4500] 翻译进度: 0.3%
藏语原文: བར་ཆད་སེལ་ཞིང་རང་རང་ལས་སྐལ་མཐོང་།

开始翻译流程 (尝试 1/2):
========================================
步骤1: 输入藏语文本...
已输入藏语文本: བར་ཆད་སེལ་ཞིང་རང་རང་ལས་སྐལ་མཐོང་།
✓ 文本输入成功
步骤2: 点击智能翻译按钮...
已点击智能翻译按钮
✓ 翻译按钮点击成功
步骤3: 等待翻译处理 (0.5秒) - 后续翻译，等待0.5秒...
✓ 翻译处理完成
步骤4: 获取翻译结果...
翻译结果: 障碍消除，看到自己的命运。
✓ 翻译结果获取成功
========================================
✓ 翻译成功
汉语结果: 障碍消除，看到自己的命运。
✓ 已保存到文件: 13/4500 条

[14/4500] 翻译进度: 0.3%
藏语原文: དམ་ཚིག་བསྲུང་ཕྱིར་དབེན་པར་འདུག།

开始翻译流程 (尝试 1/2):
========================================
步骤1: 输入藏语文本...
已输入藏语文本: དམ་ཚིག་བསྲུང་ཕྱིར་དབེན་པར་འདུག།
✓ 文本输入成功
步骤2: 点击智能翻译按钮...
已点击智能翻译按钮
✓ 翻译按钮点击成功
步骤3: 等待翻译处理 (0.5秒) - 后续翻译，等待0.5秒...
✓ 翻译处理完成
步骤4: 获取翻译结果...
翻译结果: 为守信念隐居。
✓ 翻译结果获取成功
========================================
✓ 翻译成功
汉语结果: 为守信念隐居。
✓ 已保存到文件: 14/4500 条

[15/4500] 翻译进度: 0.3%
藏语原文: སྐད་ཅིག་ཙམ་ཡང་འདུག་མི་བ།

开始翻译流程 (尝试 1/2):
========================================
步骤1: 输入藏语文本...
已输入藏语文本: སྐད་ཅིག་ཙམ་ཡང་འདུག་མི་བ།
✓ 文本输入成功
步骤2: 点击智能翻译按钮...
已点击智能翻译按钮
✓ 翻译按钮点击成功
步骤3: 等待翻译处理 (0.5秒) - 后续翻译，等待0.5秒...
✓ 翻译处理完成
步骤4: 获取翻译结果...
翻译结果: 一刻也不能停留。
✓ 翻译结果获取成功
========================================
✓ 翻译成功
汉语结果: 一刻也不能停留。
✓ 已保存到文件: 15/4500 条

[16/4500] 翻译进度: 0.4%
藏语原文: འདུག་ན་ཉེས་པ་བསམ་མི་ཁྱབ་།

开始翻译流程 (尝试 1/2):
========================================
步骤1: 输入藏语文本...
已输入藏语文本: འདུག་ན་ཉེས་པ་བསམ་མི་ཁྱབ་།
✓ 文本输入成功
步骤2: 点击智能翻译按钮...
已点击智能翻译按钮
✓ 翻译按钮点击成功
步骤3: 等待翻译处理 (0.5秒) - 后续翻译，等待0.5秒...
✓ 翻译处理完成
步骤4: 获取翻译结果...
翻译结果: 坐得过不犯花心
✓ 翻译结果获取成功
========================================
✓ 翻译成功
汉语结果: 坐得过不犯花心
✓ 已保存到文件: 16/4500 条

[17/4500] 翻译进度: 0.4%
藏语原文: ཐོས་པ་ཉུང་ཞིང་རང་རྒྱལ་ཆེ་ལ་དོན་རྟོགས་པའམ་རྩ་བམེད་པ...

开始翻译流程 (尝试 1/2):
========================================
步骤1: 输入藏语文本...
已输入藏语文本: ཐོས་པ་ཉུང་ཞིང་རང་རྒྱལ་ཆེ་ལ་དོན་རྟོགས་པའམ་རྩ་བམེད་པར་ཚིགཏུ་སྨྲ་བ་མང་ལ་གདུལ་བྱ་རྗེསསུ་འཛིན་པའི་ཡན་ལག་དང་བྲལ་བཙན་དན་ལྟ་བུ་དང་།
✓ 文本输入成功
步骤2: 点击智能翻译按钮...
已点击智能翻译按钮
✓ 翻译按钮点击成功
步骤3: 等待翻译处理 (0.5秒) - 后续翻译，等待0.5秒...
✓ 翻译处理完成
步骤4: 获取翻译结果...
翻译结果: 少见，自大，知无不
✓ 翻译结果获取成功
========================================
✓ 翻译成功
汉语结果: 少见，自大，知无不
✓ 已保存到文件: 17/4500 条

[18/4500] 翻译进度: 0.4%
藏语原文: དེ་ནས་དེ་དག་ལ་སྤོས་དང་མེ་ཏོག་ལ་སོགས་པ་སྦྱིན་ནོ། ། ...

开始翻译流程 (尝试 1/2):
========================================
步骤1: 输入藏语文本...
已输入藏语文本: དེ་ནས་དེ་དག་ལ་སྤོས་དང་མེ་ཏོག་ལ་སོགས་པ་སྦྱིན་ནོ། ། དེ་དག་དུས་གསུམ་དུ་སྒྲིབ་པ་མེད་པའི་ཡེ་ཤེསཀྱི་སྡོམ་པ་ཡང་འཛིན་དུ་གཞུག་གོ།
✓ 文本输入成功
步骤2: 点击智能翻译按钮...
已点击智能翻译按钮
✓ 翻译按钮点击成功
步骤3: 等待翻译处理 (0.5秒) - 后续翻译，等待0.5秒...
✓ 翻译处理完成
步骤4: 获取翻译结果...
翻译结果: 给他们
✓ 翻译结果获取成功
========================================
✓ 翻译成功
汉语结果: 给他们
✓ 已保存到文件: 18/4500 条

[19/4500] 翻译进度: 0.4%
藏语原文: ཇི་ལྟ་བ་དེ་བཞིན་དུ་འདུག་པའི་ཕྱིར་དེ་བཞིན་ཉིད་ཅེས་བ...

开始翻译流程 (尝试 1/2):
========================================
步骤1: 输入藏语文本...
已输入藏语文本: ཇི་ལྟ་བ་དེ་བཞིན་དུ་འདུག་པའི་ཕྱིར་དེ་བཞིན་ཉིད་ཅེས་བྱའོ།
✓ 文本输入成功
步骤2: 点击智能翻译按钮...
已点击智能翻译按钮
✓ 翻译按钮点击成功
步骤3: 等待翻译处理 (0.5秒) - 后续翻译，等待0.5秒...
✓ 翻译处理完成
步骤4: 获取翻译结果...
翻译结果: 因其如是而为无非也，故名为自性。
✓ 翻译结果获取成功
========================================
✓ 翻译成功
汉语结果: 因其如是而为无非也，故名为自性。
✓ 已保存到文件: 19/4500 条

[20/4500] 翻译进度: 0.4%
藏语原文: ཅི་འདུག་རྟོགས་ཤིག་ཅེས་བསྒོ་བས་བ་ལང་རྫིས་མི་ཡན་ལག་ག...

开始翻译流程 (尝试 1/2):
========================================
步骤1: 输入藏语文本...
已输入藏语文本: ཅི་འདུག་རྟོགས་ཤིག་ཅེས་བསྒོ་བས་བ་ལང་རྫིས་མི་ཡན་ལག་གཅད་པ་གཅིག་འདུག་པ་མཐོང་སྟེ་སྨྲས་པ།
✓ 文本输入成功
步骤2: 点击智能翻译按钮...
已点击智能翻译按钮
✓ 翻译按钮点击成功
步骤3: 等待翻译处理 (0.5秒) - 后续翻译，等待0.5秒...
✓ 翻译处理完成
步骤4: 获取翻译结果...
翻译结果: “看一下。”牛郎看了一个
✓ 翻译结果获取成功
========================================
✓ 翻译成功
汉语结果: “看一下。”牛郎看了一个
✓ 已保存到文件: 20/4500 条

[21/4500] 翻译进度: 0.5%
藏语原文: རྒྱལ་པོ་ངན་སླར་རྒྱ་གར་དུ་བྱོན་པའི་ལམ་ན་མི་ཞིག་ཏོག་...

开始翻译流程 (尝试 1/2):
========================================
步骤1: 输入藏语文本...
已输入藏语文本: རྒྱལ་པོ་ངན་སླར་རྒྱ་གར་དུ་བྱོན་པའི་ལམ་ན་མི་ཞིག་ཏོག་ཙོསརི་ཆེན་པོ་ལ་བརྐོ་ཞིང་འདུག་པས་ཅི་བྱེད་དྲིས་པའི་ཚེབསྟནནས།
✓ 文本输入成功
步骤2: 点击智能翻译按钮...
已点击智能翻译按钮
✓ 翻译按钮点击成功
步骤3: 等待翻译处理 (0.5秒) - 后续翻译，等待0.5秒...
✓ 翻译处理完成
步骤4: 获取翻译结果...
翻译结果: 国王问他为什么在大山里
✓ 翻译结果获取成功
========================================
✓ 翻译成功
汉语结果: 国王问他为什么在大山里
✓ 已保存到文件: 21/4500 条

[22/4500] 翻译进度: 0.5%
藏语原文: སེམས་ཀྱང་རང་བཞིན་གྱིས་སྟོང་པ་འོད་གསལ་བའི་བདག་ཉིད་ད...

开始翻译流程 (尝试 1/2):
========================================
步骤1: 输入藏语文本...
已输入藏语文本: སེམས་ཀྱང་རང་བཞིན་གྱིས་སྟོང་པ་འོད་གསལ་བའི་བདག་ཉིད་དུ་འཁདསབསསསམཐེང་བྱར་མེད་པའི་ཚུལ་གྱི་མངོན་སུམ་དུ་མཐོང་བནི་ལམ་གྱི་ཡེ་ཤེས་ཏེ།
✓ 文本输入成功
步骤2: 点击智能翻译按钮...
已点击智能翻译按钮
✓ 翻译按钮点击成功
步骤3: 等待翻译处理 (0.5秒) - 后续翻译，等待0.5秒...
✓ 翻译处理完成
步骤4: 获取翻译结果...
翻译结果: 心也自然地发现自己是空明的本
✓ 翻译结果获取成功
========================================
✓ 翻译成功
汉语结果: 心也自然地发现自己是空明的本
✓ 已保存到文件: 22/4500 条

[23/4500] 翻译进度: 0.5%
藏语原文: ཉེ་བའི་དོན་ནི་འདུག་པའི་གནས་ཐགཉེ་བ་ལ་ངེས་འཛིན་པ་མ་ཡ...

开始翻译流程 (尝试 1/2):
========================================
步骤1: 输入藏语文本...
已输入藏语文本: ཉེ་བའི་དོན་ནི་འདུག་པའི་གནས་ཐགཉེ་བ་ལ་ངེས་འཛིན་པ་མ་ཡིན་གྱི།
✓ 文本输入成功
步骤2: 点击智能翻译按钮...
已点击智能翻译按钮
✓ 翻译按钮点击成功
步骤3: 等待翻译处理 (0.5秒) - 后续翻译，等待0.5秒...
✓ 翻译处理完成
步骤4: 获取翻译结果...
翻译结果: 近义词不是指接
✓ 翻译结果获取成功
========================================
✓ 翻译成功
汉语结果: 近义词不是指接
✓ 已保存到文件: 23/4500 条

[24/4500] 翻译进度: 0.5%
藏语原文: རིང་ན་འདུག་ཀྱང་དེ་དང་དེར།

开始翻译流程 (尝试 1/2):
========================================
步骤1: 输入藏语文本...
已输入藏语文本: རིང་ན་འདུག་ཀྱང་དེ་དང་དེར།
✓ 文本输入成功
步骤2: 点击智能翻译按钮...
已点击智能翻译按钮
✓ 翻译按钮点击成功
步骤3: 等待翻译处理 (0.5秒) - 后续翻译，等待0.5秒...
✓ 翻译处理完成
步骤4: 获取翻译结果...
翻译结果: 远在天涯方从彼彼。
✓ 翻译结果获取成功
========================================
✓ 翻译成功
汉语结果: 远在天涯方从彼彼。
✓ 已保存到文件: 24/4500 条

[25/4500] 翻译进度: 0.6%
藏语原文: དེ་ནས་རིམ་གྱིས་སྟོད་ལུངས་ཀྱི་མདའི་ལྷ་ཆུ་ཁར་ཕེབས་ནས...

开始翻译流程 (尝试 1/2):
========================================
步骤1: 输入藏语文本...
已输入藏语文本: དེ་ནས་རིམ་གྱིས་སྟོད་ལུངས་ཀྱི་མདའི་ལྷ་ཆུ་ཁར་ཕེབས་ནས་འདིན་ཆུ་མི་འདུག་གསུངས་ཏེ།
✓ 文本输入成功
步骤2: 点击智能翻译按钮...
已点击智能翻译按钮
✓ 翻译按钮点击成功
步骤3: 等待翻译处理 (0.5秒) - 后续翻译，等待0.5秒...
✓ 翻译处理完成
步骤4: 获取翻译结果...
翻译结果: 于是他来到堆龙德庆神湖，看到湖水不见
✓ 翻译结果获取成功
========================================
✓ 翻译成功
汉语结果: 于是他来到堆龙德庆神湖，看到湖水不见
✓ 已保存到文件: 25/4500 条

[26/4500] 翻译进度: 0.6%
藏语原文: ཞུ་ཆེན་བསྒྱུར་བྱེད་མཆན་བུའི་གནས་འདུག་པའི།

开始翻译流程 (尝试 1/2):
========================================
步骤1: 输入藏语文本...
已输入藏语文本: ཞུ་ཆེན་བསྒྱུར་བྱེད་མཆན་བུའི་གནས་འདུག་པའི།
✓ 文本输入成功
步骤2: 点击智能翻译按钮...
已点击智能翻译按钮
✓ 翻译按钮点击成功
步骤3: 等待翻译处理 (0.5秒) - 后续翻译，等待0.5秒...
✓ 翻译处理完成
步骤4: 获取翻译结果...
翻译结果: 一种用来改变溶液
✓ 翻译结果获取成功
========================================
✓ 翻译成功
汉语结果: 一种用来改变溶液
✓ 已保存到文件: 26/4500 条

[27/4500] 翻译进度: 0.6%
藏语原文: བ་འཔགས་པ་ལ་བྱས་པའི་ཞྭ་གཅིག་འདུག་པ་རྙེད་ནས་མགོ་ལ་གྱ...

开始翻译流程 (尝试 1/2):
========================================
步骤1: 输入藏语文本...
已输入藏语文本: བ་འཔགས་པ་ལ་བྱས་པའི་ཞྭ་གཅིག་འདུག་པ་རྙེད་ནས་མགོ་ལ་གྱོན་པས་མི་རྣམས་ཀྱིས་མཚན་ངཔེ་བུར་མཐོང་ནས་གྲུབ་ཐོབ་ཀུ་རུ་འཛིན་ཞེས་གྲགས་ཤིང་།
✓ 文本输入成功
步骤2: 点击智能翻译按钮...
已点击智能翻译按钮
✓ 翻译按钮点击成功
步骤3: 等待翻译处理 (0.5秒) - 后续翻译，等待0.5秒...
✓ 翻译处理完成
步骤4: 获取翻译结果...
翻译结果: 一天在路上捡到一顶皮帽
✓ 翻译结果获取成功
========================================
✓ 翻译成功
汉语结果: 一天在路上捡到一顶皮帽
✓ 已保存到文件: 27/4500 条

[28/4500] 翻译进度: 0.6%
藏语原文: ལངས་དང་འདུག་པར་བྱེད་པ་དང་།

开始翻译流程 (尝试 1/2):
========================================
步骤1: 输入藏语文本...
已输入藏语文本: ལངས་དང་འདུག་པར་བྱེད་པ་དང་།
✓ 文本输入成功
步骤2: 点击智能翻译按钮...
已点击智能翻译按钮
✓ 翻译按钮点击成功
步骤3: 等待翻译处理 (0.5秒) - 后续翻译，等待0.5秒...
✓ 翻译处理完成
步骤4: 获取翻译结果...
翻译结果: 站立或坐下。
✓ 翻译结果获取成功
========================================
✓ 翻译成功
汉语结果: 站立或坐下。
✓ 已保存到文件: 28/4500 条

[29/4500] 翻译进度: 0.6%
藏语原文: ཨོཾ་རུ་རུ་སྤུ་རུ་ཛྭ་ལ་ཏིཥྛ་སིདྡྷ་ལོ་ཙ་ནི་སརྦ་ཨརྦ་ས...

开始翻译流程 (尝试 1/2):
========================================
步骤1: 输入藏语文本...
已输入藏语文本: ཨོཾ་རུ་རུ་སྤུ་རུ་ཛྭ་ལ་ཏིཥྛ་སིདྡྷ་ལོ་ཙ་ནི་སརྦ་ཨརྦ་སཱ་དྷ་ནི་སྭཱ་ཧཱ།
✓ 文本输入成功
步骤2: 点击智能翻译按钮...
已点击智能翻译按钮
✓ 翻译按钮点击成功
步骤3: 等待翻译处理 (0.5秒) - 后续翻译，等待0.5秒...
✓ 翻译处理完成
步骤4: 获取翻译结果...
翻译结果: 唵柔柔布柔扎拉蒂悉达多罗查尼萨尔巴萨
✓ 翻译结果获取成功
========================================
✓ 翻译成功
汉语结果: 唵柔柔布柔扎拉蒂悉达多罗查尼萨尔巴萨
✓ 已保存到文件: 29/4500 条

[30/4500] 翻译进度: 0.7%
藏语原文: ༨༦༡༡༡༣༧ ༧གཡུང་སྣར་ཞོལ་གསང་བ་ཆེ་འདི་བཞིན་འདུག།

开始翻译流程 (尝试 1/2):
========================================
步骤1: 输入藏语文本...
已输入藏语文本: ༨༦༡༡༡༣༧ ༧གཡུང་སྣར་ཞོལ་གསང་བ་ཆེ་འདི་བཞིན་འདུག།
✓ 文本输入成功
步骤2: 点击智能翻译按钮...
已点击智能翻译按钮
✓ 翻译按钮点击成功
步骤3: 等待翻译处理 (0.5秒) - 后续翻译，等待0.5秒...
✓ 翻译处理完成
步骤4: 获取翻译结果...
翻译结果: 8611137.永念
✓ 翻译结果获取成功
========================================
✓ 翻译成功
汉语结果: 8611137.永念
✓ 已保存到文件: 30/4500 条

[31/4500] 翻译进度: 0.7%
藏语原文: མངའ་བདག་དུས་མི་རིང་བར་འགྲུབ།

开始翻译流程 (尝试 1/2):
========================================
步骤1: 输入藏语文本...
已输入藏语文本: མངའ་བདག་དུས་མི་རིང་བར་འགྲུབ།
✓ 文本输入成功
步骤2: 点击智能翻译按钮...
已点击智能翻译按钮
✓ 翻译按钮点击成功
步骤3: 等待翻译处理 (0.5秒) - 后续翻译，等待0.5秒...
✓ 翻译处理完成
步骤4: 获取翻译结果...
翻译结果: 领主不久就要死了。
✓ 翻译结果获取成功
========================================
✓ 翻译成功
汉语结果: 领主不久就要死了。
✓ 已保存到文件: 31/4500 条

[32/4500] 翻译进度: 0.7%
藏语原文: དམ་ཚིག་དུས་ནི་མ་གཏོགས་ཤིང་།

开始翻译流程 (尝试 1/2):
========================================
步骤1: 输入藏语文本...
已输入藏语文本: དམ་ཚིག་དུས་ནི་མ་གཏོགས་ཤིང་།
✓ 文本输入成功
步骤2: 点击智能翻译按钮...
已点击智能翻译按钮
✓ 翻译按钮点击成功
步骤3: 等待翻译处理 (0.5秒) - 后续翻译，等待0.5秒...
✓ 翻译处理完成
步骤4: 获取翻译结果...
翻译结果: 只有诺言的时候。
✓ 翻译结果获取成功
========================================
✓ 翻译成功
汉语结果: 只有诺言的时候。
✓ 已保存到文件: 32/4500 条

[33/4500] 翻译进度: 0.7%
藏语原文: གཡུང་པེ་འདུག་མ་སྣར་པ།

开始翻译流程 (尝试 1/2):
========================================
步骤1: 输入藏语文本...
已输入藏语文本: གཡུང་པེ་འདུག་མ་སྣར་པ།
✓ 文本输入成功
步骤2: 点击智能翻译按钮...
已点击智能翻译按钮
✓ 翻译按钮点击成功
步骤3: 等待翻译处理 (0.5秒) - 后续翻译，等待0.5秒...
✓ 翻译处理完成
步骤4: 获取翻译结果...
翻译结果: 雍白坐卧不安。
✓ 翻译结果获取成功
========================================
✓ 翻译成功
汉语结果: 雍白坐卧不安。
✓ 已保存到文件: 33/4500 条

[34/4500] 翻译进度: 0.8%
藏语原文: གཡུང་པེ་གདུག་སྣར་འདུག་༡ གཡུང་སོ་ལ།

开始翻译流程 (尝试 1/2):
========================================
步骤1: 输入藏语文本...
已输入藏语文本: གཡུང་པེ་གདུག་སྣར་འདུག་༡ གཡུང་སོ་ལ།
✓ 文本输入成功
步骤2: 点击智能翻译按钮...
已点击智能翻译按钮
✓ 翻译按钮点击成功
步骤3: 等待翻译处理 (0.5秒) - 后续翻译，等待0.5秒...
✓ 翻译处理完成
步骤4: 获取翻译结果...
翻译结果: 雍白，黑色，1；雍
✓ 翻译结果获取成功
========================================
✓ 翻译成功
汉语结果: 雍白，黑色，1；雍
✓ 已保存到文件: 34/4500 条

[35/4500] 翻译进度: 0.8%
藏语原文: མཛེས་པའི་བདག་ཉིད་ཅན་མཐོང་ནས་དགའ་ཞིང་རངས་ཏེ།

开始翻译流程 (尝试 1/2):
========================================
步骤1: 输入藏语文本...
已输入藏语文本: མཛེས་པའི་བདག་ཉིད་ཅན་མཐོང་ནས་དགའ་ཞིང་རངས་ཏེ།
✓ 文本输入成功
步骤2: 点击智能翻译按钮...
已点击智能翻译按钮
✓ 翻译按钮点击成功
步骤3: 等待翻译处理 (0.5秒) - 后续翻译，等待0.5秒...
✓ 翻译处理完成
步骤4: 获取翻译结果...
翻译结果: 看到美好的自己高兴。
✓ 翻译结果获取成功
========================================
✓ 翻译成功
汉语结果: 看到美好的自己高兴。
✓ 已保存到文件: 35/4500 条

[36/4500] 翻译进度: 0.8%
藏语原文: བཅོམ་ལྡན་འདས་རྩ་དེའི་གཟུགས་དང་རང་བཞིན་བཅོམ་ལྡན་འདས...

开始翻译流程 (尝试 1/2):
========================================
步骤1: 输入藏语文本...
已输入藏语文本: བཅོམ་ལྡན་འདས་རྩ་དེའི་གཟུགས་དང་རང་བཞིན་བཅོམ་ལྡན་འདས་ཀྱིས་བཀའ་སྩལ་པ།
✓ 文本输入成功
步骤2: 点击智能翻译按钮...
已点击智能翻译按钮
✓ 翻译按钮点击成功
步骤3: 等待翻译处理 (0.5秒) - 后续翻译，等待0.5秒...
✓ 翻译处理完成
步骤4: 获取翻译结果...
翻译结果: 佛陀基因的体质与性质佛陀授教。
✓ 翻译结果获取成功
========================================
✓ 翻译成功
汉语结果: 佛陀基因的体质与性质佛陀授教。
✓ 已保存到文件: 36/4500 条

[37/4500] 翻译进度: 0.8%
藏语原文: མ་ཧཱ་བི་རོ་ཙ་ན་ཨ་བྷི་སཾ་བོ་དྷི་བི་ཀུཊྚ་ཏི་ཨ་དྷིཥྛ་...

开始翻译流程 (尝试 1/2):
========================================
步骤1: 输入藏语文本...
已输入藏语文本: མ་ཧཱ་བི་རོ་ཙ་ན་ཨ་བྷི་སཾ་བོ་དྷི་བི་ཀུཊྚ་ཏི་ཨ་དྷིཥྛ་ན་བི་པུརྱ་སཱུ་ཏྲ་ཨིནྡྲ་ིརཱ་ཛཱ་ིནཱ་མ་དྷརྨ་པཅུ་ཡ།
✓ 文本输入成功
步骤2: 点击智能翻译按钮...
已点击智能翻译按钮
✓ 翻译按钮点击成功
步骤3: 等待翻译处理 (0.5秒) - 后续翻译，等待0.5秒...
✓ 翻译处理完成
步骤4: 获取翻译结果...
翻译结果: 玛哈布罗扎纳阿比桑德罗维哥德蒂阿
✓ 翻译结果获取成功
========================================
✓ 翻译成功
汉语结果: 玛哈布罗扎纳阿比桑德罗维哥德蒂阿
✓ 已保存到文件: 37/4500 条

[38/4500] 翻译进度: 0.8%
藏语原文: དེ་ནས་ཡང་བཅོམ་ལྡན་འདས་ལ་གསང་བ་པའི་བདག་པོ་ཕྱག་ན་རྡོ...

开始翻译流程 (尝试 1/2):
========================================
步骤1: 输入藏语文本...
已输入藏语文本: དེ་ནས་ཡང་བཅོམ་ལྡན་འདས་ལ་གསང་བ་པའི་བདག་པོ་ཕྱག་ན་རྡོ་རྗེ་འཁོར་འདུས་པ་དེ་ཉིད་ན་འདུག་པ་དེས་འདི་སྐད་ཅེས་གསོལ་ཏོ།
✓ 文本输入成功
步骤2: 点击智能翻译按钮...
已点击智能翻译按钮
✓ 翻译按钮点击成功
步骤3: 等待翻译处理 (0.5秒) - 后续翻译，等待0.5秒...
✓ 翻译处理完成
步骤4: 获取翻译结果...
翻译结果: 于是，密咒主持者，持名空藏空相的空
✓ 翻译结果获取成功
========================================
✓ 翻译成功
汉语结果: 于是，密咒主持者，持名空藏空相的空
✓ 已保存到文件: 38/4500 条

[39/4500] 翻译进度: 0.9%
藏语原文: གང་ཐམས་ཅད་དུ་བདག་ཉིད་བཅིངས་ཤིང་འདུག་པའོ།

开始翻译流程 (尝试 1/2):
========================================
步骤1: 输入藏语文本...
已输入藏语文本: གང་ཐམས་ཅད་དུ་བདག་ཉིད་བཅིངས་ཤིང་འདུག་པའོ།
✓ 文本输入成功
步骤2: 点击智能翻译按钮...
已点击智能翻译按钮
✓ 翻译按钮点击成功
步骤3: 等待翻译处理 (0.5秒) - 后续翻译，等待0.5秒...
✓ 翻译处理完成
步骤4: 获取翻译结果...
翻译结果: 一切都被我束缚着。
✓ 翻译结果获取成功
========================================
✓ 翻译成功
汉语结果: 一切都被我束缚着。
✓ 已保存到文件: 39/4500 条

[40/4500] 翻译进度: 0.9%
藏语原文: གང་རྐང་པ་གཉིས་ལ་འདུག་སྟེ་སེམས་པའོ།

开始翻译流程 (尝试 1/2):
========================================
步骤1: 输入藏语文本...
已输入藏语文本: གང་རྐང་པ་གཉིས་ལ་འདུག་སྟེ་སེམས་པའོ།
✓ 文本输入成功
步骤2: 点击智能翻译按钮...
已点击智能翻译按钮
✓ 翻译按钮点击成功
步骤3: 等待翻译处理 (0.5秒) - 后续翻译，等待0.5秒...
✓ 翻译处理完成
步骤4: 获取翻译结果...
翻译结果: 坐在两条腿上，心思不在这。
✓ 翻译结果获取成功
========================================
✓ 翻译成功
汉语结果: 坐在两条腿上，心思不在这。
✓ 已保存到文件: 40/4500 条

[41/4500] 翻译进度: 0.9%
藏语原文: ལོ་ལ་སོགས་པར་འདུག་ཅིང་བདེ་བ་དང་སྡུག་བསྔལ་རྣམ་པ་མང་...

开始翻译流程 (尝试 1/2):
========================================
步骤1: 输入藏语文本...
已输入藏语文本: ལོ་ལ་སོགས་པར་འདུག་ཅིང་བདེ་བ་དང་སྡུག་བསྔལ་རྣམ་པ་མང་པོ་མྱོང་བར་མཐོང་ལ།
✓ 文本输入成功
步骤2: 点击智能翻译按钮...
已点击智能翻译按钮
✓ 翻译按钮点击成功
步骤3: 等待翻译处理 (0.5秒) - 后续翻译，等待0.5秒...
✓ 翻译处理完成
步骤4: 获取翻译结果...
翻译结果: 经历过许多年月的安乐和痛苦。
✓ 翻译结果获取成功
========================================
✓ 翻译成功
汉语结果: 经历过许多年月的安乐和痛苦。
✓ 已保存到文件: 41/4500 条

[42/4500] 翻译进度: 0.9%
藏语原文: རྒྱལ་བའི་གནས་དབུས་འདུག་ནས་སིུ།

开始翻译流程 (尝试 1/2):
========================================
步骤1: 输入藏语文本...
已输入藏语文本: རྒྱལ་བའི་གནས་དབུས་འདུག་ནས་སིུ།
✓ 文本输入成功
步骤2: 点击智能翻译按钮...
已点击智能翻译按钮
✓ 翻译按钮点击成功
步骤3: 等待翻译处理 (0.5秒) - 后续翻译，等待0.5秒...
✓ 翻译处理完成
步骤4: 获取翻译结果...
翻译结果: 在圣地留下来
✓ 翻译结果获取成功
========================================
✓ 翻译成功
汉语结果: 在圣地留下来
✓ 已保存到文件: 42/4500 条

[43/4500] 翻译进度: 1.0%
藏语原文: དེ་དག་དུས་གསུམ་དུ་སྒྲིབ་པ་མེད་པའི་ཡེ་ཤེས་ཀྱི་སྡོམ་...

开始翻译流程 (尝试 1/2):
========================================
步骤1: 输入藏语文本...
已输入藏语文本: དེ་དག་དུས་གསུམ་དུ་སྒྲིབ་པ་མེད་པའི་ཡེ་ཤེས་ཀྱི་སྡོམ་པ་ཡང་འཛིན་དུ་གཞུག་གོ།
✓ 文本输入成功
步骤2: 点击智能翻译按钮...
已点击智能翻译按钮
✓ 翻译按钮点击成功
步骤3: 等待翻译处理 (0.5秒) - 后续翻译，等待0.5秒...
✓ 翻译处理完成
步骤4: 获取翻译结果...
翻译结果: 它们也被包括在无
✓ 翻译结果获取成功
========================================
✓ 翻译成功
汉语结果: 它们也被包括在无
✓ 已保存到文件: 43/4500 条

[44/4500] 翻译进度: 1.0%
藏语原文: བསྒྱུར་ཏེ་དེ་རུ་འདུག་ནས་ནིི།

开始翻译流程 (尝试 1/2):
========================================
步骤1: 输入藏语文本...
已输入藏语文本: བསྒྱུར་ཏེ་དེ་རུ་འདུག་ནས་ནིི།
✓ 文本输入成功
步骤2: 点击智能翻译按钮...
已点击智能翻译按钮
✓ 翻译按钮点击成功
步骤3: 等待翻译处理 (0.5秒) - 后续翻译，等待0.5秒...
✓ 翻译处理完成
步骤4: 获取翻译结果...
翻译结果: 改变而居住在那里。
✓ 翻译结果获取成功
========================================
✓ 翻译成功
汉语结果: 改变而居住在那里。
✓ 已保存到文件: 44/4500 条

[45/4500] 翻译进度: 1.0%
藏语原文: པདྨ་དཀར་པོའི་སྟན་ལ་འདུག།

开始翻译流程 (尝试 1/2):
========================================
步骤1: 输入藏语文本...
已输入藏语文本: པདྨ་དཀར་པོའི་སྟན་ལ་འདུག།
✓ 文本输入成功
步骤2: 点击智能翻译按钮...
已点击智能翻译按钮
✓ 翻译按钮点击成功
步骤3: 等待翻译处理 (0.5秒) - 后续翻译，等待0.5秒...
✓ 翻译处理完成
步骤4: 获取翻译结果...
翻译结果: 坐在莲花座上。
✓ 翻译结果获取成功
========================================
✓ 翻译成功
汉语结果: 坐在莲花座上。
✓ 已保存到文件: 45/4500 条

[46/4500] 翻译进度: 1.0%
藏语原文: སྤུ་དག་སེང་གེ་ལྟར་འདུག་པ།

开始翻译流程 (尝试 1/2):
========================================
步骤1: 输入藏语文本...
已输入藏语文本: སྤུ་དག་སེང་གེ་ལྟར་འདུག་པ།
✓ 文本输入成功
步骤2: 点击智能翻译按钮...
已点击智能翻译按钮
✓ 翻译按钮点击成功
步骤3: 等待翻译处理 (0.5秒) - 后续翻译，等待0.5秒...
✓ 翻译处理完成
步骤4: 获取翻译结果...
翻译结果: 毛发如狮子。
✓ 翻译结果获取成功
========================================
✓ 翻译成功
汉语结果: 毛发如狮子。
✓ 已保存到文件: 46/4500 条

[47/4500] 翻译进度: 1.0%
藏语原文: པདྨ་དཀར་ལ་འདུག་པར་བྲི།

开始翻译流程 (尝试 1/2):
========================================
步骤1: 输入藏语文本...
已输入藏语文本: པདྨ་དཀར་ལ་འདུག་པར་བྲི།
✓ 文本输入成功
步骤2: 点击智能翻译按钮...
已点击智能翻译按钮
✓ 翻译按钮点击成功
步骤3: 等待翻译处理 (0.5秒) - 后续翻译，等待0.5秒...
✓ 翻译处理完成
步骤4: 获取翻译结果...
翻译结果: 写的白莲坐着
✓ 翻译结果获取成功
========================================
✓ 翻译成功
汉语结果: 写的白莲坐着
✓ 已保存到文件: 47/4500 条

[48/4500] 翻译进度: 1.1%
藏语原文: པདྨའི་སྟེང་ན་འདུག་པར་བྲི།་

开始翻译流程 (尝试 1/2):
========================================
步骤1: 输入藏语文本...
已输入藏语文本: པདྨའི་སྟེང་ན་འདུག་པར་བྲི།་
✓ 文本输入成功
步骤2: 点击智能翻译按钮...
已点击智能翻译按钮
✓ 翻译按钮点击成功
步骤3: 等待翻译处理 (0.5秒) - 后续翻译，等待0.5秒...
✓ 翻译处理完成
步骤4: 获取翻译结果...
翻译结果: 坐在莲花上面
✓ 翻译结果获取成功
========================================
✓ 翻译成功
汉语结果: 坐在莲花上面
✓ 已保存到文件: 48/4500 条

[49/4500] 翻译进度: 1.1%
藏语原文: བཀའ་ལུང་ནོད་པ་ལྟར་འདུག་ཅིང་།

开始翻译流程 (尝试 1/2):
========================================
步骤1: 输入藏语文本...
已输入藏语文本: བཀའ་ལུང་ནོད་པ་ལྟར་འདུག་ཅིང་།
✓ 文本输入成功
步骤2: 点击智能翻译按钮...
已点击智能翻译按钮
✓ 翻译按钮点击成功
步骤3: 等待翻译处理 (0.5秒) - 后续翻译，等待0.5秒...
✓ 翻译处理完成
步骤4: 获取翻译结果...
翻译结果: 依教行事。
✓ 翻译结果获取成功
========================================
✓ 翻译成功
汉语结果: 依教行事。
✓ 已保存到文件: 49/4500 条

[50/4500] 翻译进度: 1.1%
藏语原文: པདྨའི་སྟེང་ན་འདུག་པ་སྟེ།

开始翻译流程 (尝试 1/2):
========================================
步骤1: 输入藏语文本...
已输入藏语文本: པདྨའི་སྟེང་ན་འདུག་པ་སྟེ།
✓ 文本输入成功
步骤2: 点击智能翻译按钮...
已点击智能翻译按钮
✓ 翻译按钮点击成功
步骤3: 等待翻译处理 (0.5秒) - 后续翻译，等待0.5秒...
✓ 翻译处理完成
步骤4: 获取翻译结果...
翻译结果: 坐着莲花上面
✓ 翻译结果获取成功
========================================
✓ 翻译成功
汉语结果: 坐着莲花上面
✓ 已保存到文件: 50/4500 条

[51/4500] 翻译进度: 1.1%
藏语原文: བཅས་ཤིང་མེ་ཡི་ནང་ན་འདུག།

开始翻译流程 (尝试 1/2):
========================================
步骤1: 输入藏语文本...
已输入藏语文本: བཅས་ཤིང་མེ་ཡི་ནང་ན་འདུག།
✓ 文本输入成功
步骤2: 点击智能翻译按钮...
已点击智能翻译按钮
✓ 翻译按钮点击成功
步骤3: 等待翻译处理 (0.5秒) - 后续翻译，等待0.5秒...
✓ 翻译处理完成
步骤4: 获取翻译结果...
翻译结果: 在火堆里
✓ 翻译结果获取成功
========================================
✓ 翻译成功
汉语结果: 在火堆里
✓ 已保存到文件: 51/4500 条

[52/4500] 翻译进度: 1.2%
藏语原文: མེ་ལྕེ་འབར་བའི་དབུས་ན་འདུག།

开始翻译流程 (尝试 1/2):
========================================
步骤1: 输入藏语文本...
已输入藏语文本: མེ་ལྕེ་འབར་བའི་དབུས་ན་འདུག།
✓ 文本输入成功
步骤2: 点击智能翻译按钮...
已点击智能翻译按钮
✓ 翻译按钮点击成功
步骤3: 等待翻译处理 (0.5秒) - 后续翻译，等待0.5秒...
✓ 翻译处理完成
步骤4: 获取翻译结果...
翻译结果: 在火焰熊熊燃烧的中间
✓ 翻译结果获取成功
========================================
✓ 翻译成功
汉语结果: 在火焰熊熊燃烧的中间
✓ 已保存到文件: 52/4500 条

[53/4500] 翻译进度: 1.2%
藏语原文: འདུག་ཅིང་ལྷ་རྣམས་ཀྱིས་བསྐོར་བ།

开始翻译流程 (尝试 1/2):
========================================
步骤1: 输入藏语文本...
已输入藏语文本: འདུག་ཅིང་ལྷ་རྣམས་ཀྱིས་བསྐོར་བ།
✓ 文本输入成功
步骤2: 点击智能翻译按钮...
已点击智能翻译按钮
✓ 翻译按钮点击成功
步骤3: 等待翻译处理 (0.5秒) - 后续翻译，等待0.5秒...
✓ 翻译处理完成
步骤4: 获取翻译结果...
翻译结果: 神灵们围绕着他。
✓ 翻译结果获取成功
========================================
✓ 翻译成功
汉语结果: 神灵们围绕着他。
✓ 已保存到文件: 53/4500 条

[54/4500] 翻译进度: 1.2%
藏语原文: ངང་པ་པདྨའི་སྟེང་ིའདུག་བྲི་། དེ་ཡི་ནུབ་ཏུ་བྲི་བ་ནི།

开始翻译流程 (尝试 1/2):
========================================
步骤1: 输入藏语文本...
已输入藏语文本: ངང་པ་པདྨའི་སྟེང་ིའདུག་བྲི་། དེ་ཡི་ནུབ་ཏུ་བྲི་བ་ནི།
✓ 文本输入成功
步骤2: 点击智能翻译按钮...
已点击智能翻译按钮
✓ 翻译按钮点击成功
步骤3: 等待翻译处理 (0.5秒) - 后续翻译，等待0.5秒...
✓ 翻译处理完成
步骤4: 获取翻译结果...
翻译结果: 描写天鹅站在莲花上，其西面是描写。
✓ 翻译结果获取成功
========================================
✓ 翻译成功
汉语结果: 描写天鹅站在莲花上，其西面是描写。
✓ 已保存到文件: 54/4500 条

[55/4500] 翻译进度: 1.2%
藏语原文: པདྨ་དཀར་པོའི་སྟན་ལ་འདུག།

开始翻译流程 (尝试 1/2):
========================================
步骤1: 输入藏语文本...
已输入藏语文本: པདྨ་དཀར་པོའི་སྟན་ལ་འདུག།
✓ 文本输入成功
步骤2: 点击智能翻译按钮...
已点击智能翻译按钮
✓ 翻译按钮点击成功
步骤3: 等待翻译处理 (0.5秒) - 后续翻译，等待0.5秒...
✓ 翻译处理完成
步骤4: 获取翻译结果...
翻译结果: 坐在白莲座上。
✓ 翻译结果获取成功
========================================
✓ 翻译成功
汉语结果: 坐在白莲座上。
✓ 已保存到文件: 55/4500 条

[56/4500] 翻译进度: 1.2%
藏语原文: པདྨ་དམར་པོའི་སྟན་ལ་འདུག།

开始翻译流程 (尝试 1/2):
========================================
步骤1: 输入藏语文本...
已输入藏语文本: པདྨ་དམར་པོའི་སྟན་ལ་འདུག།
✓ 文本输入成功
步骤2: 点击智能翻译按钮...
已点击智能翻译按钮
✓ 翻译按钮点击成功
步骤3: 等待翻译处理 (0.5秒) - 后续翻译，等待0.5秒...
✓ 翻译处理完成
步骤4: 获取翻译结果...
翻译结果: 
✗ 翻译结果获取失败
   将重试...

开始翻译流程 (尝试 2/2):
========================================
步骤1: 输入藏语文本...
已输入藏语文本: པདྨ་དམར་པོའི་སྟན་ལ་འདུག།
✓ 文本输入成功
步骤2: 点击智能翻译按钮...
已点击智能翻译按钮
✓ 翻译按钮点击成功
步骤3: 等待翻译处理 (0.5秒) - 后续翻译，等待0.5秒...
✓ 翻译处理完成
步骤4: 获取翻译结果...
翻译结果: 坐在红莲座。
✓ 翻译结果获取成功
========================================
✓ 翻译成功
汉语结果: 坐在红莲座。
✓ 已保存到文件: 56/4500 条

[57/4500] 翻译进度: 1.3%
藏语原文: དེ་ཡི་སྟེང་ན་འདུག་པར་བྲི།

开始翻译流程 (尝试 1/2):
========================================
步骤1: 输入藏语文本...
已输入藏语文本: དེ་ཡི་སྟེང་ན་འདུག་པར་བྲི།
✓ 文本输入成功
步骤2: 点击智能翻译按钮...
已点击智能翻译按钮
✓ 翻译按钮点击成功
步骤3: 等待翻译处理 (0.5秒) - 后续翻译，等待0.5秒...
✓ 翻译处理完成
步骤4: 获取翻译结果...
翻译结果: 写在上
✓ 翻译结果获取成功
========================================
✓ 翻译成功
汉语结果: 写在上
✓ 已保存到文件: 57/4500 条

[58/4500] 翻译进度: 1.3%
藏语原文: ༤༧༥༡༧འདུག་པར་བྲི་བར་ིབྱ།

开始翻译流程 (尝试 1/2):
========================================
步骤1: 输入藏语文本...
已输入藏语文本: ༤༧༥༡༧འདུག་པར་བྲི་བར་ིབྱ།
✓ 文本输入成功
步骤2: 点击智能翻译按钮...
已点击智能翻译按钮
✓ 翻译按钮点击成功
步骤3: 等待翻译处理 (0.5秒) - 后续翻译，等待0.5秒...
✓ 翻译处理完成
步骤4: 获取翻译结果...
翻译结果: 
✗ 翻译结果获取失败
   将重试...

开始翻译流程 (尝试 2/2):
========================================
步骤1: 输入藏语文本...
已输入藏语文本: ༤༧༥༡༧འདུག་པར་བྲི་བར་ིབྱ།
✓ 文本输入成功
步骤2: 点击智能翻译按钮...
已点击智能翻译按钮
✓ 翻译按钮点击成功
步骤3: 等待翻译处理 (0.5秒) - 后续翻译，等待0.5秒...
✓ 翻译处理完成
步骤4: 获取翻译结果...
翻译结果: 我要订47517号。
✓ 翻译结果获取成功
========================================
✓ 翻译成功
汉语结果: 我要订47517号。
✓ 已保存到文件: 58/4500 条

[59/4500] 翻译进度: 1.3%
藏语原文: བཅོམ་ལྡན་འདས་རྣམ་པར་སྣང་མཛད་ལ་མིག་མི་འཛུམས་པའི་ལྟ་...

开始翻译流程 (尝试 1/2):
========================================
步骤1: 输入藏语文本...
已输入藏语文本: བཅོམ་ལྡན་འདས་རྣམ་པར་སྣང་མཛད་ལ་མིག་མི་འཛུམས་པའི་ལྟ་ིབས་བལྟས་ནས་ཅང་མི་སྨྲ་བར་འདུག་གོ་། དེ་ནས་བཅོམ་ལྡན་འདས་ཀྱིས་གསང་བ་པའི་བདག་པོ་ཕྱག་ན་རྡོ་རྗེ་ལ་འདི་སྐད་ཅེས་བཀའ་སྩལ་ཏོ།
✓ 文本输入成功
步骤2: 点击智能翻译按钮...
点击翻译按钮时出错: Message: tab crashed
  (Session info: chrome=143.0.7499.169)

✗ 点击翻译按钮失败

开始翻译流程 (尝试 2/2):
========================================
步骤1: 输入藏语文本...
输入文本时出错: Message: tab crashed
  (Session info: chrome=143.0.7499.169)

✗ 输入文本失败
========================================
✗ 翻译失败，跳过此行
✓ 已保存到文件: 59/4500 条

[60/4500] 翻译进度: 1.3%
藏语原文: ཀུ་ཤ་བཏིང་བའི་སྟན་ལ་འདུག།

开始翻译流程 (尝试 1/2):
========================================
步骤1: 输入藏语文本...
输入文本时出错: Message: tab crashed
  (Session info: chrome=143.0.7499.169)

✗ 输入文本失败

开始翻译流程 (尝试 2/2):
========================================
步骤1: 输入藏语文本...
输入文本时出错: Message: tab crashed
  (Session info: chrome=143.0.7499.169)

✗ 输入文本失败
========================================
✗ 翻译失败，跳过此行
✓ 已保存到文件: 60/4500 条

[61/4500] 翻译进度: 1.4%
藏语原文: ཐོགས་ཏེ་མདུན་དུ་འདུག་ནས་སུ།

开始翻译流程 (尝试 1/2):
========================================
步骤1: 输入藏语文本...
输入文本时出错: Message: tab crashed
  (Session info: chrome=143.0.7499.169)

✗ 输入文本失败

开始翻译流程 (尝试 2/2):
========================================
步骤1: 输入藏语文本...
输入文本时出错: Message: tab crashed
  (Session info: chrome=143.0.7499.169)

✗ 输入文本失败
========================================
✗ 翻译失败，跳过此行
✓ 已保存到文件: 61/4500 条

[62/4500] 翻译进度: 1.4%
藏语原文: དེར་ནི་བསྲུང་ིབྱས་དེར་འདུག་སྟེ།

开始翻译流程 (尝试 1/2):
========================================
步骤1: 输入藏语文本...
输入文本时出错: Message: tab crashed
  (Session info: chrome=143.0.7499.169)

✗ 输入文本失败

开始翻译流程 (尝试 2/2):
========================================
步骤1: 输入藏语文本...
输入文本时出错: Message: tab crashed
  (Session info: chrome=143.0.7499.169)

✗ 输入文本失败
========================================
✗ 翻译失败，跳过此行
✓ 已保存到文件: 62/4500 条

[63/4500] 翻译进度: 1.4%
藏语原文: སྔགས་པ་སྔ་མ་བཞིན་འདུག་ལ།

开始翻译流程 (尝试 1/2):
========================================
步骤1: 输入藏语文本...
输入文本时出错: Message: tab crashed
  (Session info: chrome=143.0.7499.169)

✗ 输入文本失败

开始翻译流程 (尝试 2/2):
========================================
步骤1: 输入藏语文本...
输入文本时出错: Message: tab crashed
  (Session info: chrome=143.0.7499.169)

✗ 输入文本失败
========================================
✗ 翻译失败，跳过此行
✓ 已保存到文件: 63/4500 条

[64/4500] 翻译进度: 1.4%
藏语原文: མིག་འཕྲུལ་ཅན་གྱི་གནས་ལ་འདུག།

开始翻译流程 (尝试 1/2):
========================================
步骤1: 输入藏语文本...
输入文本时出错: Message: tab crashed
  (Session info: chrome=143.0.7499.169)

✗ 输入文本失败

开始翻译流程 (尝试 2/2):
========================================
步骤1: 输入藏语文本...
输入文本时出错: Message: tab crashed
  (Session info: chrome=143.0.7499.169)

✗ 输入文本失败
========================================
✗ 翻译失败，跳过此行
✓ 已保存到文件: 64/4500 条

[65/4500] 翻译进度: 1.4%
藏语原文: དེར་འདུག་ནས་ནི་ཐམས་ཅད་བསམ།

开始翻译流程 (尝试 1/2):
========================================
步骤1: 输入藏语文本...
输入文本时出错: Message: tab crashed
  (Session info: chrome=143.0.7499.169)

✗ 输入文本失败

开始翻译流程 (尝试 2/2):
========================================
步骤1: 输入藏语文本...
输入文本时出错: Message: tab crashed
  (Session info: chrome=143.0.7499.169)

✗ 输入文本失败
========================================
✗ 翻译失败，跳过此行
✓ 已保存到文件: 65/4500 条

[66/4500] 翻译进度: 1.5%
藏语原文: རྣལ་འབྱོར་པ་ནི་དེར་འདུག་ནས།

开始翻译流程 (尝试 1/2):
========================================
步骤1: 输入藏语文本...
输入文本时出错: Message: tab crashed
  (Session info: chrome=143.0.7499.169)

✗ 输入文本失败

开始翻译流程 (尝试 2/2):
========================================
步骤1: 输入藏语文本...
输入文本时出错: Message: tab crashed
  (Session info: chrome=143.0.7499.169)

✗ 输入文本失败
========================================
✗ 翻译失败，跳过此行
✓ 已保存到文件: 66/4500 条

[67/4500] 翻译进度: 1.5%
藏语原文: སྔགས་པ་གསང་སྔགས་གནས་འདུག་པས།

开始翻译流程 (尝试 1/2):
========================================
步骤1: 输入藏语文本...
输入文本时出错: Message: tab crashed
  (Session info: chrome=143.0.7499.169)

✗ 输入文本失败

开始翻译流程 (尝试 2/2):
========================================
步骤1: 输入藏语文本...
输入文本时出错: Message: tab crashed
  (Session info: chrome=143.0.7499.169)

✗ 输入文本失败
========================================
✗ 翻译失败，跳过此行
✓ 已保存到文件: 67/4500 条

[68/4500] 翻译进度: 1.5%
藏语原文: ཕྱག་བརྙན་དང་བཅས་པར་པདྨ་དཀར་པོ་ལ་འདུག་པར་བྲིའོ་། དེ...

开始翻译流程 (尝试 1/2):
========================================
步骤1: 输入藏语文本...
输入文本时出错: Message: tab crashed
  (Session info: chrome=143.0.7499.169)

✗ 输入文本失败

开始翻译流程 (尝试 2/2):
========================================
步骤1: 输入藏语文本...
输入文本时出错: Message: tab crashed
  (Session info: chrome=143.0.7499.169)

✗ 输入文本失败
========================================
✗ 翻译失败，跳过此行
✓ 已保存到文件: 68/4500 条

[69/4500] 翻译进度: 1.5%
藏语原文: སྔགས་པ་དེ་ནས་འདུག་ནས་སུ།

开始翻译流程 (尝试 1/2):
========================================
步骤1: 输入藏语文本...
输入文本时出错: Message: tab crashed
  (Session info: chrome=143.0.7499.169)

✗ 输入文本失败

开始翻译流程 (尝试 2/2):
========================================
步骤1: 输入藏语文本...
输入文本时出错: Message: tab crashed
  (Session info: chrome=143.0.7499.169)

✗ 输入文本失败
========================================
✗ 翻译失败，跳过此行
✓ 已保存到文件: 69/4500 条

[70/4500] 翻译进度: 1.6%
藏语原文: ཨ་ཙིནྟ་ཨཱདྡྷཱ་ཏ་རཱུ་པ་པཱ་བ་ིག་སཾ་པྲ་ཏི་བིཏྟཱ་བི་ཤུ...

开始翻译流程 (尝试 1/2):
========================================
步骤1: 输入藏语文本...
输入文本时出错: Message: tab crashed
  (Session info: chrome=143.0.7499.169)

✗ 输入文本失败

开始翻译流程 (尝试 2/2):
========================================
步骤1: 输入藏语文本...
输入文本时出错: Message: tab crashed
  (Session info: chrome=143.0.7499.169)

✗ 输入文本失败
========================================
✗ 翻译失败，跳过此行
✓ 已保存到文件: 70/4500 条

[71/4500] 翻译进度: 1.6%
藏语原文: ཨ་ཙི་ཏེཉྫ་ཡ་སཏྠ་ིསཏྭཱ་ཤ་ཡཱ་ནུ་ག་ཏ་སྣ་ཧཱ།

开始翻译流程 (尝试 1/2):
========================================
步骤1: 输入藏语文本...
输入文本时出错: Message: tab crashed
  (Session info: chrome=143.0.7499.169)

✗ 输入文本失败

开始翻译流程 (尝试 2/2):
========================================
步骤1: 输入藏语文本...
输入文本时出错: Message: tab crashed
  (Session info: chrome=143.0.7499.169)

✗ 输入文本失败
========================================
✗ 翻译失败，跳过此行
✓ 已保存到文件: 71/4500 条

[72/4500] 翻译进度: 1.6%
藏语原文: གྲུ་གསུམ་ཚུལ་དུ་འདུག་པ་སྟེ།

开始翻译流程 (尝试 1/2):
========================================
步骤1: 输入藏语文本...
输入文本时出错: Message: tab crashed
  (Session info: chrome=143.0.7499.169)

✗ 输入文本失败

开始翻译流程 (尝试 2/2):
========================================
步骤1: 输入藏语文本...
输入文本时出错: Message: tab crashed
  (Session info: chrome=143.0.7499.169)

✗ 输入文本失败
========================================
✗ 翻译失败，跳过此行
✓ 已保存到文件: 72/4500 条

[73/4500] 翻译进度: 1.6%
藏语原文: གནས་གསུམ་དག་ལ་འདུག་པའོ།

开始翻译流程 (尝试 1/2):
========================================
步骤1: 输入藏语文本...
输入文本时出错: Message: tab crashed
  (Session info: chrome=143.0.7499.169)

✗ 输入文本失败

开始翻译流程 (尝试 2/2):
========================================
步骤1: 输入藏语文本...
输入文本时出错: Message: tab crashed
  (Session info: chrome=143.0.7499.169)

✗ 输入文本失败
========================================
✗ 翻译失败，跳过此行
✓ 已保存到文件: 73/4500 条

[74/4500] 翻译进度: 1.6%
藏语原文: མེ་ཡི་གནས་ཀྱི་ནང་ན་འདུག།

开始翻译流程 (尝试 1/2):
========================================
步骤1: 输入藏语文本...
输入文本时出错: Message: tab crashed
  (Session info: chrome=143.0.7499.169)

✗ 输入文本失败

开始翻译流程 (尝试 2/2):
========================================
步骤1: 输入藏语文本...
输入文本时出错: Message: tab crashed
  (Session info: chrome=143.0.7499.169)

✗ 输入文本失败
========================================
✗ 翻译失败，跳过此行
✓ 已保存到文件: 74/4500 条

[75/4500] 翻译进度: 1.7%
藏语原文: མེ་ཡི་དཀྱིལ་འཁོར་ནང་ན་འདུག།

开始翻译流程 (尝试 1/2):
========================================
步骤1: 输入藏语文本...
输入文本时出错: Message: tab crashed
  (Session info: chrome=143.0.7499.169)

✗ 输入文本失败

开始翻译流程 (尝试 2/2):
========================================
步骤1: 输入藏语文本...
输入文本时出错: Message: tab crashed
  (Session info: chrome=143.0.7499.169)

✗ 输入文本失败
========================================
✗ 翻译失败，跳过此行
✓ 已保存到文件: 75/4500 条

[76/4500] 翻译进度: 1.7%
藏语原文: སྔགས་པ་རྣལ་འབྱོར་སྟན་ལ་འདུག།

开始翻译流程 (尝试 1/2):
========================================
步骤1: 输入藏语文本...
输入文本时出错: Message: tab crashed
  (Session info: chrome=143.0.7499.169)

✗ 输入文本失败

开始翻译流程 (尝试 2/2):
========================================
步骤1: 输入藏语文本...
输入文本时出错: Message: tab crashed
  (Session info: chrome=143.0.7499.169)

✗ 输入文本失败
========================================
✗ 翻译失败，跳过此行
✓ 已保存到文件: 76/4500 条

[77/4500] 翻译进度: 1.7%
藏语原文: རྣལ་འབྱོར་གཞོལ་བ་འདུག་ནས་སུ།་

开始翻译流程 (尝试 1/2):
========================================
步骤1: 输入藏语文本...
输入文本时出错: Message: tab crashed
  (Session info: chrome=143.0.7499.169)

✗ 输入文本失败

开始翻译流程 (尝试 2/2):
========================================
步骤1: 输入藏语文本...
输入文本时出错: Message: tab crashed
  (Session info: chrome=143.0.7499.169)

✗ 输入文本失败
========================================
✗ 翻译失败，跳过此行
✓ 已保存到文件: 77/4500 条

[78/4500] 翻译进度: 1.7%
藏语原文: སྔགས་ཤེས་གང་ན་འདུག་པ་ཡི།

开始翻译流程 (尝试 1/2):
========================================
步骤1: 输入藏语文本...
输入文本时出错: Message: tab crashed
  (Session info: chrome=143.0.7499.169)

✗ 输入文本失败

开始翻译流程 (尝试 2/2):
========================================
步骤1: 输入藏语文本...
输入文本时出错: Message: tab crashed
  (Session info: chrome=143.0.7499.169)

✗ 输入文本失败
========================================
✗ 翻译失败，跳过此行
✓ 已保存到文件: 78/4500 条

[79/4500] 翻译进度: 1.8%
藏语原文: བློ་ལྡན་རྣལ་འབྱོར་སྟན་འདུག་སྟེ།

开始翻译流程 (尝试 1/2):
========================================
步骤1: 输入藏语文本...
输入文本时出错: Message: tab crashed
  (Session info: chrome=143.0.7499.169)

✗ 输入文本失败

开始翻译流程 (尝试 2/2):
========================================
步骤1: 输入藏语文本...
输入文本时出错: Message: tab crashed
  (Session info: chrome=143.0.7499.169)

✗ 输入文本失败
========================================
✗ 翻译失败，跳过此行
✓ 已保存到文件: 79/4500 条

[80/4500] 翻译进度: 1.8%
藏语原文: ཙ་ནི་ལྕེ་ལ་གཞག་པར་བྱ།

开始翻译流程 (尝试 1/2):
========================================
步骤1: 输入藏语文本...
输入文本时出错: Message: tab crashed
  (Session info: chrome=143.0.7499.169)

✗ 输入文本失败

开始翻译流程 (尝试 2/2):
========================================
步骤1: 输入藏语文本...
输入文本时出错: Message: tab crashed
  (Session info: chrome=143.0.7499.169)

✗ 输入文本失败
========================================
✗ 翻译失败，跳过此行
✓ 已保存到文件: 80/4500 条

[81/4500] 翻译进度: 1.8%
藏语原文: དེ་གཉིས་ཀྱང་རང་བཞིན་གྱིས་སྟོང་པའི་ཕྱིར་ཕན་ཚུན་བྱེད...

开始翻译流程 (尝试 1/2):
========================================
步骤1: 输入藏语文本...
输入文本时出错: Message: tab crashed
  (Session info: chrome=143.0.7499.169)

✗ 输入文本失败

开始翻译流程 (尝试 2/2):
========================================
步骤1: 输入藏语文本...
输入文本时出错: Message: tab crashed
  (Session info: chrome=143.0.7499.169)

✗ 输入文本失败
========================================
✗ 翻译失败，跳过此行
✓ 已保存到文件: 81/4500 条

[82/4500] 翻译进度: 1.8%
藏语原文: སྒྱུ་མ་ཡང་རང་བཞིན་གྱིས་སྟོང་པའི་སླད་དུའོ།

开始翻译流程 (尝试 1/2):
========================================
步骤1: 输入藏语文本...
输入文本时出错: Message: tab crashed
  (Session info: chrome=143.0.7499.169)

✗ 输入文本失败

开始翻译流程 (尝试 2/2):
========================================
步骤1: 输入藏语文本...
输入文本时出错: Message: tab crashed
  (Session info: chrome=143.0.7499.169)

✗ 输入文本失败
========================================
✗ 翻译失败，跳过此行
✓ 已保存到文件: 82/4500 条

[83/4500] 翻译进度: 1.8%
藏语原文: ཨོ་བྷ་ག་བཱན་བི་རོ་ཙ་ན།

开始翻译流程 (尝试 1/2):
========================================
步骤1: 输入藏语文本...
输入文本时出错: Message: tab crashed
  (Session info: chrome=143.0.7499.169)

✗ 输入文本失败

开始翻译流程 (尝试 2/2):
========================================
步骤1: 输入藏语文本...
输入文本时出错: Message: tab crashed
  (Session info: chrome=143.0.7499.169)

✗ 输入文本失败
========================================
✗ 翻译失败，跳过此行
✓ 已保存到文件: 83/4500 条

[84/4500] 翻译进度: 1.9%
藏语原文: བདག་རང་གར་འདུག་པའི་གཞིར་ཡང་རྩྭ་ཀུ་ཤ་བསྐོར་བའི་ཐབས་...

开始翻译流程 (尝试 1/2):
========================================
步骤1: 输入藏语文本...
输入文本时出错: Message: tab crashed
  (Session info: chrome=143.0.7499.169)

✗ 输入文本失败

开始翻译流程 (尝试 2/2):
========================================
步骤1: 输入藏语文本...
输入文本时出错: Message: tab crashed
  (Session info: chrome=143.0.7499.169)

✗ 输入文本失败
========================================
✗ 翻译失败，跳过此行
✓ 已保存到文件: 84/4500 条

[85/4500] 翻译进度: 1.9%
藏语原文: དེར་ཁ་བྱང་ཕྱོགས་སུ་བལྟས་ཏེ་འདུག་ལ།

开始翻译流程 (尝试 1/2):
========================================
步骤1: 输入藏语文本...
输入文本时出错: Message: tab crashed
  (Session info: chrome=143.0.7499.169)

✗ 输入文本失败

开始翻译流程 (尝试 2/2):
========================================
步骤1: 输入藏语文本...
输入文本时出错: Message: tab crashed
  (Session info: chrome=143.0.7499.169)

✗ 输入文本失败
========================================
✗ 翻译失败，跳过此行
✓ 已保存到文件: 85/4500 条

[86/4500] 翻译进度: 1.9%
藏语原文: འཇིག་པའི་དུས་མངོན་དུ་བྱུང་བ་བཞིན་དུ་འདུག་པ་དེ་ལྟ་བ...

开始翻译流程 (尝试 1/2):
========================================
步骤1: 输入藏语文本...
输入文本时出错: Message: tab crashed
  (Session info: chrome=143.0.7499.169)

✗ 输入文本失败

开始翻译流程 (尝试 2/2):
========================================
步骤1: 输入藏语文本...
输入文本时出错: Message: tab crashed
  (Session info: chrome=143.0.7499.169)

✗ 输入文本失败
========================================
✗ 翻译失败，跳过此行
✓ 已保存到文件: 86/4500 条

[87/4500] 翻译进度: 1.9%
藏语原文: འདུག་པའི་ཐབས་ནི་ཙོག་བུར་འདུག།

开始翻译流程 (尝试 1/2):
========================================
步骤1: 输入藏语文本...
输入文本时出错: Message: tab crashed
  (Session info: chrome=143.0.7499.169)

✗ 输入文本失败

开始翻译流程 (尝试 2/2):
========================================
步骤1: 输入藏语文本...
输入文本时出错: Message: tab crashed
  (Session info: chrome=143.0.7499.169)

✗ 输入文本失败
========================================
✗ 翻译失败，跳过此行
✓ 已保存到文件: 87/4500 条

[88/4500] 翻译进度: 2.0%
藏语原文: དེ་ནས་དབུས་སུ་འདུག་ནས་ནི།

开始翻译流程 (尝试 1/2):
========================================
步骤1: 输入藏语文本...
输入文本时出错: Message: tab crashed
  (Session info: chrome=143.0.7499.169)

✗ 输入文本失败

开始翻译流程 (尝试 2/2):
========================================
步骤1: 输入藏语文本...
输入文本时出错: Message: tab crashed
  (Session info: chrome=143.0.7499.169)

✗ 输入文本失败
========================================
✗ 翻译失败，跳过此行
✓ 已保存到文件: 88/4500 条

[89/4500] 翻译进度: 2.0%
藏语原文: ༡གཡུང་ལི་པེ་ཅོ་འདུག་༡སྣར་ཞོལ་བོང་།

开始翻译流程 (尝试 1/2):
========================================
步骤1: 输入藏语文本...
输入文本时出错: Message: tab crashed
  (Session info: chrome=143.0.7499.169)

✗ 输入文本失败

开始翻译流程 (尝试 2/2):
========================================
步骤1: 输入藏语文本...
输入文本时出错: Message: tab crashed
  (Session info: chrome=143.0.7499.169)

✗ 输入文本失败
========================================
✗ 翻译失败，跳过此行
✓ 已保存到文件: 89/4500 条

[90/4500] 翻译进度: 2.0%
藏语原文: སྣར་ཞོལ་འདུག།

开始翻译流程 (尝试 1/2):
========================================
步骤1: 输入藏语文本...
输入文本时出错: Message: tab crashed
  (Session info: chrome=143.0.7499.169)

✗ 输入文本失败

开始翻译流程 (尝试 2/2):
========================================
步骤1: 输入藏语文本...
输入文本时出错: Message: tab crashed
  (Session info: chrome=143.0.7499.169)

✗ 输入文本失败
========================================
✗ 翻译失败，跳过此行
✓ 已保存到文件: 90/4500 条

[91/4500] 翻译进度: 2.0%
藏语原文: ༧སྣར་ཞོལ་འདུག་གཡུང་པེ་འཚམས་ཀྱི།

开始翻译流程 (尝试 1/2):
========================================
步骤1: 输入藏语文本...
输入文本时出错: Message: tab crashed
  (Session info: chrome=143.0.7499.169)

✗ 输入文本失败

开始翻译流程 (尝试 2/2):
========================================
步骤1: 输入藏语文本...
输入文本时出错: Message: tab crashed
  (Session info: chrome=143.0.7499.169)

✗ 输入文本失败
========================================
✗ 翻译失败，跳过此行
✓ 已保存到文件: 91/4500 条

[92/4500] 翻译进度: 2.0%
藏语原文: ས་ལ་འདུག་ནས་གོས་ཕུད་པས།

开始翻译流程 (尝试 1/2):
========================================
步骤1: 输入藏语文本...
输入文本时出错: Message: tab crashed
  (Session info: chrome=143.0.7499.169)

✗ 输入文本失败

开始翻译流程 (尝试 2/2):
========================================
步骤1: 输入藏语文本...
输入文本时出错: Message: tab crashed
  (Session info: chrome=143.0.7499.169)

✗ 输入文本失败
========================================
✗ 翻译失败，跳过此行
✓ 已保存到文件: 92/4500 条

[93/4500] 翻译进度: 2.1%
藏语原文: ཀུན་མཁྱེན་སྤྱན་སྔར་འདུག་ནས་ནི།

开始翻译流程 (尝试 1/2):
========================================
步骤1: 输入藏语文本...
输入文本时出错: Message: tab crashed
  (Session info: chrome=143.0.7499.169)

✗ 输入文本失败

开始翻译流程 (尝试 2/2):
========================================
步骤1: 输入藏语文本...
输入文本时出错: Message: tab crashed
  (Session info: chrome=143.0.7499.169)

✗ 输入文本失败
========================================
✗ 翻译失败，跳过此行
✓ 已保存到文件: 93/4500 条

[94/4500] 翻译进度: 2.1%
藏语原文: ཁྲོས་པས་ཙོག་ཙོག་པོར་འདུག་སྟེ།

开始翻译流程 (尝试 1/2):
========================================
步骤1: 输入藏语文本...
输入文本时出错: Message: tab crashed
  (Session info: chrome=143.0.7499.169)

✗ 输入文本失败

开始翻译流程 (尝试 2/2):
========================================
步骤1: 输入藏语文本...
输入文本时出错: Message: tab crashed
  (Session info: chrome=143.0.7499.169)

✗ 输入文本失败
========================================
✗ 翻译失败，跳过此行
✓ 已保存到文件: 94/4500 条

[95/4500] 翻译进度: 2.1%
藏语原文: ཙོག་ཙོག་པུར་འདུག་ཡང་དག།

开始翻译流程 (尝试 1/2):
========================================
步骤1: 输入藏语文本...
输入文本时出错: Message: tab crashed
  (Session info: chrome=143.0.7499.169)

✗ 输入文本失败

开始翻译流程 (尝试 2/2):
========================================
步骤1: 输入藏语文本...
输入文本时出错: Message: tab crashed
  (Session info: chrome=143.0.7499.169)

✗ 输入文本失败
========================================
✗ 翻译失败，跳过此行
✓ 已保存到文件: 95/4500 条

[96/4500] 翻译进度: 2.1%
藏语原文: སྟན་ལ་ཙོག་ཙོག་པུར་ིའདུག་ཅིང་།

开始翻译流程 (尝试 1/2):
========================================
步骤1: 输入藏语文本...
输入文本时出错: Message: tab crashed
  (Session info: chrome=143.0.7499.169)

✗ 输入文本失败

开始翻译流程 (尝试 2/2):
========================================
步骤1: 输入藏语文本...
输入文本时出错: Message: tab crashed
  (Session info: chrome=143.0.7499.169)

✗ 输入文本失败
========================================
✗ 翻译失败，跳过此行
✓ 已保存到文件: 96/4500 条

[97/4500] 翻译进度: 2.2%
藏语原文: སྟན་ལ་ཙོག་ཙོག་པུར་འདུག་སྟེ།

开始翻译流程 (尝试 1/2):
========================================
步骤1: 输入藏语文本...
输入文本时出错: Message: tab crashed
  (Session info: chrome=143.0.7499.169)

✗ 输入文本失败

开始翻译流程 (尝试 2/2):
========================================
步骤1: 输入藏语文本...
输入文本时出错: Message: tab crashed
  (Session info: chrome=143.0.7499.169)

✗ 输入文本失败
========================================
✗ 翻译失败，跳过此行
✓ 已保存到文件: 97/4500 条

[98/4500] 翻译进度: 2.2%
藏语原文: ཙོག་ཙོག་པུར་ིའདུག་རྒྱུད་ཁྲོས་པ།

开始翻译流程 (尝试 1/2):
========================================
步骤1: 输入藏语文本...
输入文本时出错: Message: tab crashed
  (Session info: chrome=143.0.7499.169)

✗ 输入文本失败

开始翻译流程 (尝试 2/2):
========================================
步骤1: 输入藏语文本...
输入文本时出错: Message: tab crashed
  (Session info: chrome=143.0.7499.169)

✗ 输入文本失败
========================================
✗ 翻译失败，跳过此行
✓ 已保存到文件: 98/4500 条

[99/4500] 翻译进度: 2.2%
藏语原文: དབེན་པའི་གནས་སུ་འདུག་ནས་ནི།

开始翻译流程 (尝试 1/2):
========================================
步骤1: 输入藏语文本...
输入文本时出错: Message: tab crashed
  (Session info: chrome=143.0.7499.169)

✗ 输入文本失败

开始翻译流程 (尝试 2/2):
========================================
步骤1: 输入藏语文本...
输入文本时出错: Message: tab crashed
  (Session info: chrome=143.0.7499.169)

✗ 输入文本失败
========================================
✗ 翻译失败，跳过此行
✓ 已保存到文件: 99/4500 条

[100/4500] 翻译进度: 2.2%
藏语原文: དུག་དང་རང་སྐྱུར་བཅས་པ་དང་།

开始翻译流程 (尝试 1/2):
========================================
步骤1: 输入藏语文本...
输入文本时出错: Message: tab crashed
  (Session info: chrome=143.0.7499.169)

✗ 输入文本失败

开始翻译流程 (尝试 2/2):
========================================
步骤1: 输入藏语文本...
输入文本时出错: Message: tab crashed
  (Session info: chrome=143.0.7499.169)

✗ 输入文本失败
========================================
✗ 翻译失败，跳过此行
✓ 已保存到文件: 100/4500 条

[101/4500] 翻译进度: 2.2%
藏语原文: མར་ངོའི་ཚེས་བརྒྱད་ཀྱི་ཞག་ལ་༧འདུག་སྟེ།

开始翻译流程 (尝试 1/2):
========================================
步骤1: 输入藏语文本...
输入文本时出错: Message: tab crashed
  (Session info: chrome=143.0.7499.169)

✗ 输入文本失败

开始翻译流程 (尝试 2/2):
========================================
步骤1: 输入藏语文本...
输入文本时出错: Message: tab crashed
  (Session info: chrome=143.0.7499.169)

✗ 输入文本失败
========================================
✗ 翻译失败，跳过此行
✓ 已保存到文件: 101/4500 条

[102/4500] 翻译进度: 2.3%
藏语原文: ཞེས་ིདམ་ཚིག་བྱས་ནས་བཅོམ་ལྡན་འདས་ཀྱི་ཞབས་ཀྱི་དྲུང་ད...

开始翻译流程 (尝试 1/2):
========================================
步骤1: 输入藏语文本...
输入文本时出错: Message: tab crashed
  (Session info: chrome=143.0.7499.169)

✗ 输入文本失败

开始翻译流程 (尝试 2/2):
========================================
步骤1: 输入藏语文本...
输入文本时出错: Message: tab crashed
  (Session info: chrome=143.0.7499.169)

✗ 输入文本失败
========================================
✗ 翻译失败，跳过此行
✓ 已保存到文件: 102/4500 条

[103/4500] 翻译进度: 2.3%
藏语原文: འགྲོ་བ་འམ་ནི་འདུག་པ་ན།

开始翻译流程 (尝试 1/2):
========================================
步骤1: 输入藏语文本...
输入文本时出错: Message: tab crashed
  (Session info: chrome=143.0.7499.169)

✗ 输入文本失败

开始翻译流程 (尝试 2/2):
========================================
步骤1: 输入藏语文本...
输入文本时出错: Message: tab crashed
  (Session info: chrome=143.0.7499.169)

✗ 输入文本失败
========================================
✗ 翻译失败，跳过此行
✓ 已保存到文件: 103/4500 条

[104/4500] 翻译进度: 2.3%
藏语原文: ཀུ་ཤའི་ཆུན་པོ་ལ་ཉེ་བར་འདུག་ལ།

开始翻译流程 (尝试 1/2):
========================================
步骤1: 输入藏语文本...
输入文本时出错: Message: tab crashed
  (Session info: chrome=143.0.7499.169)

✗ 输入文本失败

开始翻译流程 (尝试 2/2):
========================================
步骤1: 输入藏语文本...
输入文本时出错: Message: tab crashed
  (Session info: chrome=143.0.7499.169)

✗ 输入文本失败
========================================
✗ 翻译失败，跳过此行
✓ 已保存到文件: 104/4500 条

[105/4500] 翻译进度: 2.3%
藏语原文: ས་ལ་པདྨ་འདབ་མ་བརྒྱད་པ་གཅིག་བྲིས་ཏེ་དེའི་སྟེང་དུ་འད...

开始翻译流程 (尝试 1/2):
========================================
步骤1: 输入藏语文本...
输入文本时出错: Message: tab crashed
  (Session info: chrome=143.0.7499.169)

✗ 输入文本失败

开始翻译流程 (尝试 2/2):
========================================
步骤1: 输入藏语文本...
输入文本时出错: Message: tab crashed
  (Session info: chrome=143.0.7499.169)

✗ 输入文本失败
========================================
✗ 翻译失败，跳过此行
✓ 已保存到文件: 105/4500 条

[106/4500] 翻译进度: 2.4%
藏语原文: སྣར་འདུག་སེམས།

开始翻译流程 (尝试 1/2):
========================================
步骤1: 输入藏语文本...
输入文本时出错: Message: tab crashed
  (Session info: chrome=143.0.7499.169)

✗ 输入文本失败

开始翻译流程 (尝试 2/2):
========================================
步骤1: 输入藏语文本...
输入文本时出错: Message: tab crashed
  (Session info: chrome=143.0.7499.169)

✗ 输入文本失败
========================================
✗ 翻译失败，跳过此行
✓ 已保存到文件: 106/4500 条

[107/4500] 翻译进度: 2.4%
藏语原文: འཉེ་སྣར་ཞོལ་འདུག་པ་ཙོག་པོར།

开始翻译流程 (尝试 1/2):
========================================
步骤1: 输入藏语文本...
输入文本时出错: Message: tab crashed
  (Session info: chrome=143.0.7499.169)

✗ 输入文本失败

开始翻译流程 (尝试 2/2):
========================================
步骤1: 输入藏语文本...
输入文本时出错: Message: tab crashed
  (Session info: chrome=143.0.7499.169)

✗ 输入文本失败
========================================
✗ 翻译失败，跳过此行
✓ 已保存到文件: 107/4500 条

[108/4500] 翻译进度: 2.4%
藏语原文: ཁྱབ་བྱེད་མ་དམིགས་པའི་རྟགས་འཇུག་དུས་དང་།

开始翻译流程 (尝试 1/2):
========================================
步骤1: 输入藏语文本...
输入文本时出错: Message: tab crashed
  (Session info: chrome=143.0.7499.169)

✗ 输入文本失败

开始翻译流程 (尝试 2/2):
========================================
步骤1: 输入藏语文本...
输入文本时出错: Message: tab crashed
  (Session info: chrome=143.0.7499.169)

✗ 输入文本失败
========================================
✗ 翻译失败，跳过此行
✓ 已保存到文件: 108/4500 条

[109/4500] 翻译进度: 2.4%
藏语原文: རང་བཞིན་འགལ་དམིགས་དང་རང་བཞིན་མ་དམིགས་པ་གཉིས་ཀྱིས།

开始翻译流程 (尝试 1/2):
========================================
步骤1: 输入藏语文本...
输入文本时出错: Message: tab crashed
  (Session info: chrome=143.0.7499.169)

✗ 输入文本失败

开始翻译流程 (尝试 2/2):
========================================
步骤1: 输入藏语文本...
输入文本时出错: Message: tab crashed
  (Session info: chrome=143.0.7499.169)

✗ 输入文本失败
========================================
✗ 翻译失败，跳过此行
✓ 已保存到文件: 109/4500 条

[110/4500] 翻译进度: 2.4%
藏语原文: འོ་ན་ཁྱེད་རང་ལ་ཡང་ཚུལ་གཉིས་ཀྱི་མཚན་གཞི་གང་ཡིན།

开始翻译流程 (尝试 1/2):
========================================
步骤1: 输入藏语文本...
输入文本时出错: Message: tab crashed
  (Session info: chrome=143.0.7499.169)

✗ 输入文本失败

开始翻译流程 (尝试 2/2):
========================================
步骤1: 输入藏语文本...
输入文本时出错: Message: tab crashed
  (Session info: chrome=143.0.7499.169)

✗ 输入文本失败
========================================
✗ 翻译失败，跳过此行
✓ 已保存到文件: 110/4500 条

[111/4500] 翻译进度: 2.5%
藏语原文: ཁྱེད་རང་འདོད་པ་ལྟར་གྱི་དེའི་ལྡོག་ཁྱབ་མ་གྲུབ་པས་མ་ཁ...

开始翻译流程 (尝试 1/2):
========================================
步骤1: 输入藏语文本...
输入文本时出错: Message: tab crashed
  (Session info: chrome=143.0.7499.169)

✗ 输入文本失败

开始翻译流程 (尝试 2/2):
========================================
步骤1: 输入藏语文本...
输入文本时出错: Message: tab crashed
  (Session info: chrome=143.0.7499.169)

✗ 输入文本失败
========================================
✗ 翻译失败，跳过此行
✓ 已保存到文件: 111/4500 条

[112/4500] 翻译进度: 2.5%
藏语原文: འོ་ན་ཁྱེད་རང་ལྟར་ཡང་འབྲེལ་བ་ཤེས་ཟིན་མ་བརྗེད་ན་བརྗོ...

开始翻译流程 (尝试 1/2):
========================================
步骤1: 输入藏语文本...
输入文本时出错: Message: tab crashed
  (Session info: chrome=143.0.7499.169)

✗ 输入文本失败

开始翻译流程 (尝试 2/2):
========================================
步骤1: 输入藏语文本...
输入文本时出错: Message: tab crashed
  (Session info: chrome=143.0.7499.169)

✗ 输入文本失败
========================================
✗ 翻译失败，跳过此行
✓ 已保存到文件: 112/4500 条

[113/4500] 翻译进度: 2.5%
藏语原文: ཁྱབ་པ་བརྗོད་མི་ནུས་པར་ཁྱེད་རང་འདོད་པས་གཞུང་ཕྱི་མ་ད...

开始翻译流程 (尝试 1/2):
========================================
步骤1: 输入藏语文本...
输入文本时出错: Message: tab crashed
  (Session info: chrome=143.0.7499.169)

✗ 输入文本失败

开始翻译流程 (尝试 2/2):
========================================
步骤1: 输入藏语文本...
输入文本时出错: Message: tab crashed
  (Session info: chrome=143.0.7499.169)

✗ 输入文本失败
========================================
✗ 翻译失败，跳过此行
✓ 已保存到文件: 113/4500 条

[114/4500] 翻译进度: 2.5%
藏语原文: འབྲས་བུ་དང་རང་བཞིན་རྟགས་ཀྱི་འབྲེལ་བ་ངེས་བྱེད་དོ།

开始翻译流程 (尝试 1/2):
========================================
步骤1: 输入藏语文本...
输入文本时出错: Message: tab crashed
  (Session info: chrome=143.0.7499.169)

✗ 输入文本失败

开始翻译流程 (尝试 2/2):
========================================
步骤1: 输入藏语文本...
输入文本时出错: Message: tab crashed
  (Session info: chrome=143.0.7499.169)

✗ 输入文本失败
========================================
✗ 翻译失败，跳过此行
✓ 已保存到文件: 114/4500 条

[115/4500] 翻译进度: 2.6%
藏语原文: ཁྲ་བོ་ལ་ཡོད་པའི་དངོས་པོ་ཡིན་ན་སེར་སྐྱ་ལ་ཡོད་པར་འགལ...

开始翻译流程 (尝试 1/2):
========================================
步骤1: 输入藏语文本...
输入文本时出错: Message: tab crashed
  (Session info: chrome=143.0.7499.169)

✗ 输入文本失败

开始翻译流程 (尝试 2/2):
========================================
步骤1: 输入藏语文本...
输入文本时出错: Message: tab crashed
  (Session info: chrome=143.0.7499.169)

✗ 输入文本失败
========================================
✗ 翻译失败，跳过此行
✓ 已保存到文件: 115/4500 条

[116/4500] 翻译进度: 2.6%
藏语原文: དངོས་པོ་ལ་རང་མཚན་གྱིས་མ་ཁྱབ་པས་གཏན་ཚིགས་བྱས་པ་སོགས...

开始翻译流程 (尝试 1/2):
========================================
步骤1: 输入藏语文本...
输入文本时出错: Message: tab crashed
  (Session info: chrome=143.0.7499.169)

✗ 输入文本失败

开始翻译流程 (尝试 2/2):
========================================
步骤1: 输入藏语文本...
输入文本时出错: Message: tab crashed
  (Session info: chrome=143.0.7499.169)

✗ 输入文本失败
========================================
✗ 翻译失败，跳过此行
✓ 已保存到文件: 116/4500 条

[117/4500] 翻译进度: 2.6%
藏语原文: ངེད་ལ་བཀོད་པའི་ཉེས་པ་ཁྱེད་རང་ལ་ཡང་མཚུངས་སོ་ཞེ་ན།

开始翻译流程 (尝试 1/2):
========================================
步骤1: 输入藏语文本...
输入文本时出错: Message: tab crashed
  (Session info: chrome=143.0.7499.169)

✗ 输入文本失败

开始翻译流程 (尝试 2/2):
========================================
步骤1: 输入藏语文本...
输入文本时出错: Message: tab crashed
  (Session info: chrome=143.0.7499.169)

✗ 输入文本失败
========================================
✗ 翻译失败，跳过此行
✓ 已保存到文件: 117/4500 条

[118/4500] 翻译进度: 2.6%
藏语原文: སྤྱི་དོན་གཞན་མེད་པའི་རྫས་ཐ་དད་ཡིན་ཡང་རང་བཞིན་གྱིས་...

开始翻译流程 (尝试 1/2):
========================================
步骤1: 输入藏语文本...
输入文本时出错: Message: tab crashed
  (Session info: chrome=143.0.7499.169)

✗ 输入文本失败

开始翻译流程 (尝试 2/2):
========================================
步骤1: 输入藏语文本...
输入文本时出错: Message: tab crashed
  (Session info: chrome=143.0.7499.169)

✗ 输入文本失败
========================================
✗ 翻译失败，跳过此行
✓ 已保存到文件: 118/4500 条

[119/4500] 翻译进度: 2.6%
藏语原文: སྣང་བ་ཡང་རང་མཚན་ཡིན་ན།

开始翻译流程 (尝试 1/2):
========================================
步骤1: 输入藏语文本...
输入文本时出错: Message: tab crashed
  (Session info: chrome=143.0.7499.169)

✗ 输入文本失败

开始翻译流程 (尝试 2/2):
========================================
步骤1: 输入藏语文本...
输入文本时出错: Message: tab crashed
  (Session info: chrome=143.0.7499.169)

✗ 输入文本失败
========================================
✗ 翻译失败，跳过此行
✓ 已保存到文件: 119/4500 条

[120/4500] 翻译进度: 2.7%
藏语原文: དེ་ཡང་རང་སྤྱིའི་རྣམ་དབྱེ་ལ་མི་མཁས་པས་ནོངས་སོ།

开始翻译流程 (尝试 1/2):
========================================
步骤1: 输入藏语文本...
输入文本时出错: Message: tab crashed
  (Session info: chrome=143.0.7499.169)

✗ 输入文本失败

开始翻译流程 (尝试 2/2):
========================================
步骤1: 输入藏语文本...
输入文本时出错: Message: tab crashed
  (Session info: chrome=143.0.7499.169)

✗ 输入文本失败
========================================
✗ 翻译失败，跳过此行
✓ 已保存到文件: 120/4500 条

[121/4500] 翻译进度: 2.7%
藏语原文: བརྡ་བྱས་ཀྱང་རང་མཚན་ལ་མི་སླུ་བར་མི་འགྱུར་ཏེ།

开始翻译流程 (尝试 1/2):
========================================
步骤1: 输入藏语文本...
输入文本时出错: Message: tab crashed
  (Session info: chrome=143.0.7499.169)

✗ 输入文本失败

开始翻译流程 (尝试 2/2):
========================================
步骤1: 输入藏语文本...
输入文本时出错: Message: tab crashed
  (Session info: chrome=143.0.7499.169)

✗ 输入文本失败
========================================
✗ 翻译失败，跳过此行
✓ 已保存到文件: 121/4500 条

[122/4500] 翻译进度: 2.7%
藏语原文: དེ་ལྟར་ན་དེ་མ་ཡིན་རྣམ་པར་བཅད་པ་ཡང་རང་མ་ཡིན་བཅད་པའི...

开始翻译流程 (尝试 1/2):
========================================
步骤1: 输入藏语文本...
输入文本时出错: Message: tab crashed
  (Session info: chrome=143.0.7499.169)

✗ 输入文本失败

开始翻译流程 (尝试 2/2):
========================================
步骤1: 输入藏语文本...
输入文本时出错: Message: tab crashed
  (Session info: chrome=143.0.7499.169)

✗ 输入文本失败
========================================
✗ 翻译失败，跳过此行
✓ 已保存到文件: 122/4500 条

[123/4500] 翻译进度: 2.7%
藏语原文: ནུས་པ་འཇུག་པ་ཡང་རང་བཞིན་ཤིན་ཏུ་ཐ་དད་པ་ཁོ་ནར་འགྱུར་...

开始翻译流程 (尝试 1/2):
========================================
步骤1: 输入藏语文本...
输入文本时出错: Message: tab crashed
  (Session info: chrome=143.0.7499.169)

✗ 输入文本失败

开始翻译流程 (尝试 2/2):
========================================
步骤1: 输入藏语文本...
输入文本时出错: Message: tab crashed
  (Session info: chrome=143.0.7499.169)

✗ 输入文本失败
========================================
✗ 翻译失败，跳过此行
✓ 已保存到文件: 123/4500 条

[124/4500] 翻译进度: 2.8%
藏语原文: འོ་ན་ཁྱེད་རང་ལྟར་ན།

开始翻译流程 (尝试 1/2):
========================================
步骤1: 输入藏语文本...
输入文本时出错: Message: tab crashed
  (Session info: chrome=143.0.7499.169)

✗ 输入文本失败

开始翻译流程 (尝试 2/2):
========================================
步骤1: 输入藏语文本...
输入文本时出错: Message: tab crashed
  (Session info: chrome=143.0.7499.169)

✗ 输入文本失败
========================================
✗ 翻译失败，跳过此行
✓ 已保存到文件: 124/4500 条

[125/4500] 翻译进度: 2.8%
藏语原文: རང་བཞིན་དེ་གཉིས་གཅིག་པ་ཡིས་རྒྱུ་དུ་མ་གནས་སྐབས་ཐ་དད...

开始翻译流程 (尝试 1/2):
========================================
步骤1: 输入藏语文本...
输入文本时出错: Message: tab crashed
  (Session info: chrome=143.0.7499.169)

✗ 输入文本失败

开始翻译流程 (尝试 2/2):
========================================
步骤1: 输入藏语文本...
输入文本时出错: Message: tab crashed
  (Session info: chrome=143.0.7499.169)

✗ 输入文本失败
========================================
✗ 翻译失败，跳过此行
✓ 已保存到文件: 125/4500 条

[126/4500] 翻译进度: 2.8%
藏语原文: རྔ་ཞོས་མཚོན་པའི་དངོས་པོ་ཐམས་ཅད་རང་དང་རང་མ་ཡིན་གཉི་...

开始翻译流程 (尝试 1/2):
========================================
步骤1: 输入藏语文本...
输入文本时出错: Message: tab crashed
  (Session info: chrome=143.0.7499.169)

✗ 输入文本失败

开始翻译流程 (尝试 2/2):
========================================
步骤1: 输入藏语文本...
输入文本时出错: Message: tab crashed
  (Session info: chrome=143.0.7499.169)

✗ 输入文本失败
========================================
✗ 翻译失败，跳过此行
✓ 已保存到文件: 126/4500 条

[127/4500] 翻译进度: 2.8%
藏语原文: ཁྱབ་བྱེད་མ་དམིགས་པའི་རྟགས་འཇུག་དུས་ནི།

开始翻译流程 (尝试 1/2):
========================================
步骤1: 输入藏语文本...
输入文本时出错: Message: tab crashed
  (Session info: chrome=143.0.7499.169)

✗ 输入文本失败

开始翻译流程 (尝试 2/2):
========================================
步骤1: 输入藏语文本...
输入文本时出错: Message: tab crashed
  (Session info: chrome=143.0.7499.169)

✗ 输入文本失败
========================================
✗ 翻译失败，跳过此行
✓ 已保存到文件: 127/4500 条

[128/4500] 翻译进度: 2.8%
藏语原文: གཞན་དག་ཡི་གེའི་ངོ་བོ་མི་འགྱུར་བར་འདོད་ཅིང་རང་ལུགས་...

开始翻译流程 (尝试 1/2):
========================================
步骤1: 输入藏语文本...
输入文本时出错: Message: tab crashed
  (Session info: chrome=143.0.7499.169)

✗ 输入文本失败

开始翻译流程 (尝试 2/2):
========================================
步骤1: 输入藏语文本...
输入文本时出错: Message: tab crashed
  (Session info: chrome=143.0.7499.169)

✗ 输入文本失败
========================================
✗ 翻译失败，跳过此行
✓ 已保存到文件: 128/4500 条

[129/4500] 翻译进度: 2.9%
藏语原文: བུམ་པའི་དངོས་པོ་དང་དེའི་འཇིག་པ་བུམ་པའི་དངོས་པོར་མེ...

开始翻译流程 (尝试 1/2):
========================================
步骤1: 输入藏语文本...
输入文本时出错: Message: tab crashed
  (Session info: chrome=143.0.7499.169)

✗ 输入文本失败

开始翻译流程 (尝试 2/2):
========================================
步骤1: 输入藏语文本...
输入文本时出错: Message: tab crashed
  (Session info: chrome=143.0.7499.169)

✗ 输入文本失败
========================================
✗ 翻译失败，跳过此行
✓ 已保存到文件: 129/4500 条

[130/4500] 翻译进度: 2.9%
藏语原文: ཆོ་ག་ལ་སོགས་པ་གསར་དུ་རྩོམ་ཤེས་ཤིང་རང་ཇི་ལྟར་འདོད་པ...

开始翻译流程 (尝试 1/2):
========================================
步骤1: 输入藏语文本...
输入文本时出错: Message: tab crashed
  (Session info: chrome=143.0.7499.169)

✗ 输入文本失败

开始翻译流程 (尝试 2/2):
========================================
步骤1: 输入藏语文本...
输入文本时出错: Message: tab crashed
  (Session info: chrome=143.0.7499.169)

✗ 输入文本失败
========================================
✗ 翻译失败，跳过此行
✓ 已保存到文件: 130/4500 条

[131/4500] 翻译进度: 2.9%
藏语原文: འོ་ན་ཁྱེད་རང་ཡང་ཡིད་ཆེས་ཚིག་ནི་མི་སླུ་བའི།

开始翻译流程 (尝试 1/2):
========================================
步骤1: 输入藏语文本...
输入文本时出错: Message: tab crashed
  (Session info: chrome=143.0.7499.169)

✗ 输入文本失败

开始翻译流程 (尝试 2/2):
========================================
步骤1: 输入藏语文本...
输入文本时出错: Message: tab crashed
  (Session info: chrome=143.0.7499.169)

✗ 输入文本失败
========================================
✗ 翻译失败，跳过此行
✓ 已保存到文件: 131/4500 条

[132/4500] 翻译进度: 2.9%
藏语原文: ཐ་སྙད་ཀྱི་ཁྱད་པར་ཅི་འདུག་སོམས་ཤིག།

开始翻译流程 (尝试 1/2):
========================================
步骤1: 输入藏语文本...
输入文本时出错: Message: tab crashed
  (Session info: chrome=143.0.7499.169)

✗ 输入文本失败

开始翻译流程 (尝试 2/2):
========================================
步骤1: 输入藏语文本...
输入文本时出错: Message: tab crashed
  (Session info: chrome=143.0.7499.169)

✗ 输入文本失败
========================================
✗ 翻译失败，跳过此行
✓ 已保存到文件: 132/4500 条

[133/4500] 翻译进度: 3.0%
藏语原文: ཁྱེད་རང་སྒྲུབ་བྱེད་དུ་འདོད་པ་ལ་ཡང་བརྟག་པ་དེ་མཚུངས་...

开始翻译流程 (尝试 1/2):
========================================
步骤1: 输入藏语文本...
输入文本时出错: Message: tab crashed
  (Session info: chrome=143.0.7499.169)

✗ 输入文本失败

开始翻译流程 (尝试 2/2):
========================================
步骤1: 输入藏语文本...
输入文本时出错: Message: tab crashed
  (Session info: chrome=143.0.7499.169)

✗ 输入文本失败
========================================
✗ 翻译失败，跳过此行
✓ 已保存到文件: 133/4500 条

[134/4500] 翻译进度: 3.0%
藏语原文: བདག་དུས་ཕྱོགས་ནམ་མཁའ་བཞིའོ།

开始翻译流程 (尝试 1/2):
========================================
步骤1: 输入藏语文本...
输入文本时出错: Message: tab crashed
  (Session info: chrome=143.0.7499.169)

✗ 输入文本失败

开始翻译流程 (尝试 2/2):
========================================
步骤1: 输入藏语文本...
输入文本时出错: Message: tab crashed
  (Session info: chrome=143.0.7499.169)

✗ 输入文本失败
========================================
✗ 翻译失败，跳过此行
✓ 已保存到文件: 134/4500 条

[135/4500] 翻译进度: 3.0%
藏语原文: འབྲས་བུ་མི་སྐྱེད་པ་དང་རང་བཞིན་ཁྱད་པར་མེད་པའི་ཕྱིར།

开始翻译流程 (尝试 1/2):
========================================
步骤1: 输入藏语文本...
输入文本时出错: Message: tab crashed
  (Session info: chrome=143.0.7499.169)

✗ 输入文本失败

开始翻译流程 (尝试 2/2):
========================================
步骤1: 输入藏语文本...
输入文本时出错: Message: tab crashed
  (Session info: chrome=143.0.7499.169)

✗ 输入文本失败
========================================
✗ 翻译失败，跳过此行
✓ 已保存到文件: 135/4500 条

[136/4500] 翻译进度: 3.0%
藏语原文: འོ་ན་ཁྱེད་རང་ལ་ཡང་ས་སོགས་མྱུ་གུ་མི་སྐྱེད་པའི་སྐབས་...

开始翻译流程 (尝试 1/2):
========================================
步骤1: 输入藏语文本...
输入文本时出错: Message: tab crashed
  (Session info: chrome=143.0.7499.169)

✗ 输入文本失败

开始翻译流程 (尝试 2/2):
========================================
步骤1: 输入藏语文本...
输入文本时出错: Message: tab crashed
  (Session info: chrome=143.0.7499.169)

✗ 输入文本失败
========================================
✗ 翻译失败，跳过此行
✓ 已保存到文件: 136/4500 条

[137/4500] 翻译进度: 3.0%
藏语原文: འབྲས་བུ་མི་སྐྱེད་པ་དང་རང་བཞིན་ཁྱད་པར་མེད་པའི་ཕྱིར།

开始翻译流程 (尝试 1/2):
========================================
步骤1: 输入藏语文本...
输入文本时出错: Message: tab crashed
  (Session info: chrome=143.0.7499.169)

✗ 输入文本失败

开始翻译流程 (尝试 2/2):
========================================
步骤1: 输入藏语文本...
输入文本时出错: Message: tab crashed
  (Session info: chrome=143.0.7499.169)

✗ 输入文本失败
========================================
✗ 翻译失败，跳过此行
✓ 已保存到文件: 137/4500 条

[138/4500] 翻译进度: 3.1%
藏语原文: འགལ་རྐྱེན་གྱིས་བཅོམ་པས་འབྲས་བུ་མི་སྐྱེད་པ་ཁྱེད་རང་...

开始翻译流程 (尝试 1/2):
========================================
步骤1: 输入藏语文本...
输入文本时出错: Message: tab crashed
  (Session info: chrome=143.0.7499.169)

✗ 输入文本失败

开始翻译流程 (尝试 2/2):
========================================
步骤1: 输入藏语文本...
输入文本时出错: Message: tab crashed
  (Session info: chrome=143.0.7499.169)

✗ 输入文本失败
========================================
✗ 翻译失败，跳过此行
✓ 已保存到文件: 138/4500 条

[139/4500] 翻译进度: 3.1%
藏语原文: རྟེན་མི་བརྟན་པ་ཉིད་དུ་འགྱུར་ན་ཁྱད་པར་དག་མཐའ་མེད་དུ...

开始翻译流程 (尝试 1/2):
========================================
步骤1: 输入藏语文本...
输入文本时出错: Message: tab crashed
  (Session info: chrome=143.0.7499.169)

✗ 输入文本失败

开始翻译流程 (尝试 2/2):
========================================
步骤1: 输入藏语文本...
输入文本时出错: Message: tab crashed
  (Session info: chrome=143.0.7499.169)

✗ 输入文本失败
========================================
✗ 翻译失败，跳过此行
✓ 已保存到文件: 139/4500 条

[140/4500] 翻译进度: 3.1%
藏语原文: པོ་ལ་གཞན་དུ་ན་ཁྱེད་རང་ལ་ཁས་བླངས་འགལ་བར་འགྱུར་རོ་ཞེ...

开始翻译流程 (尝试 1/2):
========================================
步骤1: 输入藏语文本...
输入文本时出错: Message: tab crashed
  (Session info: chrome=143.0.7499.169)

✗ 输入文本失败

开始翻译流程 (尝试 2/2):
========================================
步骤1: 输入藏语文本...
输入文本时出错: Message: tab crashed
  (Session info: chrome=143.0.7499.169)

✗ 输入文本失败
========================================
✗ 翻译失败，跳过此行
✓ 已保存到文件: 140/4500 条

[141/4500] 翻译进度: 3.1%
藏语原文: ཡང་ན་ཕུང་པོ་དང་རང་བཞིན་གཅིག་དང་ཐ་དད་དུ་མེད་པ་དེ་རང...

开始翻译流程 (尝试 1/2):
========================================
步骤1: 输入藏语文本...
输入文本时出错: Message: tab crashed
  (Session info: chrome=143.0.7499.169)

✗ 输入文本失败

开始翻译流程 (尝试 2/2):
========================================
步骤1: 输入藏语文本...
输入文本时出错: Message: tab crashed
  (Session info: chrome=143.0.7499.169)

✗ 输入文本失败
========================================
✗ 翻译失败，跳过此行
✓ 已保存到文件: 141/4500 条

[142/4500] 翻译进度: 3.2%
藏语原文: ཞེན་བྱེད་ཀྱི་བློ་དང་རང་བཞིན་གཉིས་བེམ་པོ་དང་།

开始翻译流程 (尝试 1/2):
========================================
步骤1: 输入藏语文本...
输入文本时出错: Message: tab crashed
  (Session info: chrome=143.0.7499.169)

✗ 输入文本失败

开始翻译流程 (尝试 2/2):
========================================
步骤1: 输入藏语文本...
输入文本时出错: Message: tab crashed
  (Session info: chrome=143.0.7499.169)

✗ 输入文本失败
========================================
✗ 翻译失败，跳过此行
✓ 已保存到文件: 142/4500 条

[143/4500] 翻译进度: 3.2%
藏语原文: འོ་ན་ཁྱེད་རང་ལྟར་ན་ཆགས་བྲལ་གང་ཡིན་ཞེ་ན།

开始翻译流程 (尝试 1/2):
========================================
步骤1: 输入藏语文本...
输入文本时出错: Message: tab crashed
  (Session info: chrome=143.0.7499.169)

✗ 输入文本失败

开始翻译流程 (尝试 2/2):
========================================
步骤1: 输入藏语文本...
输入文本时出错: Message: tab crashed
  (Session info: chrome=143.0.7499.169)

✗ 输入文本失败
========================================
✗ 翻译失败，跳过此行
✓ 已保存到文件: 143/4500 条

[144/4500] 翻译进度: 3.2%
藏语原文: ཁོ་བོ་ཅག་ལྟར་ན་ལྡན་མིན་འདུ་བྱེད་ཀྱིས་བསྡུས་པའི་མིང...

开始翻译流程 (尝试 1/2):
========================================
步骤1: 输入藏语文本...
输入文本时出错: Message: tab crashed
  (Session info: chrome=143.0.7499.169)

✗ 输入文本失败

开始翻译流程 (尝试 2/2):
========================================
步骤1: 输入藏语文本...
输入文本时出错: Message: tab crashed
  (Session info: chrome=143.0.7499.169)

✗ 输入文本失败
========================================
✗ 翻译失败，跳过此行
✓ 已保存到文件: 144/4500 条

[145/4500] 翻译进度: 3.2%
藏语原文: སྒྲ་དེས་འཆད་ཉན་བྱེད་པའི་བློ་ཁོ་ན་དང་འབྲེལ་བའི་མིང་...

开始翻译流程 (尝试 1/2):
========================================
步骤1: 输入藏语文本...
输入文本时出错: Message: tab crashed
  (Session info: chrome=143.0.7499.169)

✗ 输入文本失败

开始翻译流程 (尝试 2/2):
========================================
步骤1: 输入藏语文本...
输入文本时出错: Message: tab crashed
  (Session info: chrome=143.0.7499.169)

✗ 输入文本失败
========================================
✗ 翻译失败，跳过此行
✓ 已保存到文件: 145/4500 条

[146/4500] 翻译进度: 3.2%
藏语原文: མིང་རང་མཚན་གྱི་རྣམ་པ་ཤར་བར་ཁས་ལེན་ནོ་ཞེ་ན་ཡང་།

开始翻译流程 (尝试 1/2):
========================================
步骤1: 输入藏语文本...
输入文本时出错: Message: tab crashed
  (Session info: chrome=143.0.7499.169)

✗ 输入文本失败

开始翻译流程 (尝试 2/2):
========================================
步骤1: 输入藏语文本...
输入文本时出错: Message: tab crashed
  (Session info: chrome=143.0.7499.169)

✗ 输入文本失败
========================================
✗ 翻译失败，跳过此行
✓ 已保存到文件: 146/4500 条

[147/4500] 翻译进度: 3.3%
藏语原文: དེ་འདྲའི་མིང་རང་མཚན་ལོག་སྟོབས་ཀྱིས་རང་འཛིན་ཤེས་རྒྱ...

开始翻译流程 (尝试 1/2):
========================================
步骤1: 输入藏语文本...
输入文本时出错: Message: tab crashed
  (Session info: chrome=143.0.7499.169)

✗ 输入文本失败

开始翻译流程 (尝试 2/2):
========================================
步骤1: 输入藏语文本...
输入文本时出错: Message: tab crashed
  (Session info: chrome=143.0.7499.169)

✗ 输入文本失败
========================================
✗ 翻译失败，跳过此行
✓ 已保存到文件: 147/4500 条

[148/4500] 翻译进度: 3.3%
藏语原文: རུང་ཡུལ་དེར་གནས་པའི་སྐྱེས་བུ་གཞན་གྱིས་མི་ཤེས་པར་རང...

开始翻译流程 (尝试 1/2):
========================================
步骤1: 输入藏语文本...
输入文本时出错: Message: tab crashed
  (Session info: chrome=143.0.7499.169)

✗ 输入文本失败

开始翻译流程 (尝试 2/2):
========================================
步骤1: 输入藏语文本...
输入文本时出错: Message: tab crashed
  (Session info: chrome=143.0.7499.169)

✗ 输入文本失败
========================================
✗ 翻译失败，跳过此行
✓ 已保存到文件: 148/4500 条

[149/4500] 翻译进度: 3.3%
藏语原文: འཆད་ཉན་བྱེད་པ་པོའི་བློ་དང་དོན་རང་མཚན་གང་དང་ཡང་འབྲེ...

开始翻译流程 (尝试 1/2):
========================================
步骤1: 输入藏语文本...
输入文本时出错: Message: tab crashed
  (Session info: chrome=143.0.7499.169)

✗ 输入文本失败

开始翻译流程 (尝试 2/2):
========================================
步骤1: 输入藏语文本...
输入文本时出错: Message: tab crashed
  (Session info: chrome=143.0.7499.169)

✗ 输入文本失败
========================================
✗ 翻译失败，跳过此行
✓ 已保存到文件: 149/4500 条

[150/4500] 翻译进度: 3.3%
藏语原文: གལ་ཏེ་དོན་རང་མཚན་དང་འབྲེལ་བ་དང་ལྡན་པའི་མིང་རང་མཚན་...

开始翻译流程 (尝试 1/2):
========================================
步骤1: 输入藏语文本...
输入文本时出错: Message: tab crashed
  (Session info: chrome=143.0.7499.169)

✗ 输入文本失败

开始翻译流程 (尝试 2/2):
========================================
步骤1: 输入藏语文本...
输入文本时出错: Message: tab crashed
  (Session info: chrome=143.0.7499.169)

✗ 输入文本失败
========================================
✗ 翻译失败，跳过此行
✓ 已保存到文件: 150/4500 条

[151/4500] 翻译进度: 3.4%
藏语原文: ཐོག་མ་མེད་པའི་དུས་ཅན་གྱི་ཤིང་རང་མཚན་མཐོང་བ་གོམས་པའ...

开始翻译流程 (尝试 1/2):
========================================
步骤1: 输入藏语文本...
输入文本时出错: Message: tab crashed
  (Session info: chrome=143.0.7499.169)

✗ 输入文本失败

开始翻译流程 (尝试 2/2):
========================================
步骤1: 输入藏语文本...
输入文本时出错: Message: tab crashed
  (Session info: chrome=143.0.7499.169)

✗ 输入文本失败
========================================
✗ 翻译失败，跳过此行
✓ 已保存到文件: 151/4500 条

[152/4500] 翻译进度: 3.4%
藏语原文: འཇིག་པ་དངོས་པོ་ཡོད་ཙམ་དང་རང་ཆས་སུ་རྗེས་སུ་འབྲེལ་བའ...

开始翻译流程 (尝试 1/2):
========================================
步骤1: 输入藏语文本...
输入文本时出错: Message: tab crashed
  (Session info: chrome=143.0.7499.169)

✗ 输入文本失败

开始翻译流程 (尝试 2/2):
========================================
步骤1: 输入藏语文本...
输入文本时出错: Message: tab crashed
  (Session info: chrome=143.0.7499.169)

✗ 输入文本失败
========================================
✗ 翻译失败，跳过此行
✓ 已保存到文件: 152/4500 条

[153/4500] 翻译进度: 3.4%
藏语原文: དེ་ལ་སྤྱོད་པ་ཡང་རང་མཚན་སྤྱོད་པའི་ཡུལ་དུ་དོར་ནས་བྱེ...

开始翻译流程 (尝试 1/2):
========================================
步骤1: 输入藏语文本...
输入文本时出错: Message: tab crashed
  (Session info: chrome=143.0.7499.169)

✗ 输入文本失败

开始翻译流程 (尝试 2/2):
========================================
步骤1: 输入藏语文本...
输入文本时出错: Message: tab crashed
  (Session info: chrome=143.0.7499.169)

✗ 输入文本失败
========================================
✗ 翻译失败，跳过此行
✓ 已保存到文件: 153/4500 条

[154/4500] 翻译进度: 3.4%
藏语原文: མི་རུང་ཞེས་དཔྱད་པར་བྱ་བའི་གཞི་ཡང་རང་མཚན་དང་།

开始翻译流程 (尝试 1/2):
========================================
步骤1: 输入藏语文本...
输入文本时出错: Message: tab crashed
  (Session info: chrome=143.0.7499.169)

✗ 输入文本失败

开始翻译流程 (尝试 2/2):
========================================
步骤1: 输入藏语文本...
输入文本时出错: Message: tab crashed
  (Session info: chrome=143.0.7499.169)

✗ 输入文本失败
========================================
✗ 翻译失败，跳过此行
✓ 已保存到文件: 154/4500 条

[155/4500] 翻译进度: 3.4%
藏语原文: ལ་རང་མཚན་ལྟར་སྣང་བའི་རྣམ་པ་གཞན་གྱིས་ཀྱང་རང་མཚན་གསར...

开始翻译流程 (尝试 1/2):
========================================
步骤1: 输入藏语文本...
输入文本时出错: Message: tab crashed
  (Session info: chrome=143.0.7499.169)

✗ 输入文本失败

开始翻译流程 (尝试 2/2):
========================================
步骤1: 输入藏语文本...
输入文本时出错: Message: tab crashed
  (Session info: chrome=143.0.7499.169)

✗ 输入文本失败
========================================
✗ 翻译失败，跳过此行
✓ 已保存到文件: 155/4500 条

[156/4500] 翻译进度: 3.5%
藏语原文: འཁྲུལ་པ་ཡིན་ཡང་རང་མཚན་ལ་མི་སླུ་བའི་དཔེ་སྟོན་པ་ནི།

开始翻译流程 (尝试 1/2):
========================================
步骤1: 输入藏语文本...
输入文本时出错: Message: tab crashed
  (Session info: chrome=143.0.7499.169)

✗ 输入文本失败

开始翻译流程 (尝试 2/2):
========================================
步骤1: 输入藏语文本...
输入文本时出错: Message: tab crashed
  (Session info: chrome=143.0.7499.169)

✗ 输入文本失败
========================================
✗ 翻译失败，跳过此行
✓ 已保存到文件: 156/4500 条

[157/4500] 翻译进度: 3.5%
藏语原文: འོད་སྒོ་གསེབ་ན་འདུག་པ་མཐོང་ནས།

开始翻译流程 (尝试 1/2):
========================================
步骤1: 输入藏语文本...
输入文本时出错: Message: tab crashed
  (Session info: chrome=143.0.7499.169)

✗ 输入文本失败

开始翻译流程 (尝试 2/2):
========================================
步骤1: 输入藏语文本...
输入文本时出错: Message: tab crashed
  (Session info: chrome=143.0.7499.169)

✗ 输入文本失败
========================================
✗ 翻译失败，跳过此行
✓ 已保存到文件: 157/4500 条

[158/4500] 翻译进度: 3.5%
藏语原文: སྔར་ཡོད་ཀྱང་ཡོད་པ་ཉིད་དང་རང་རྒྱུ་དང་ལྷན་ཅིག་ཏུ་འབྲ...

开始翻译流程 (尝试 1/2):
========================================
步骤1: 输入藏语文本...
输入文本时出错: Message: tab crashed
  (Session info: chrome=143.0.7499.169)

✗ 输入文本失败

开始翻译流程 (尝试 2/2):
========================================
步骤1: 输入藏语文本...
输入文本时出错: Message: tab crashed
  (Session info: chrome=143.0.7499.169)

✗ 输入文本失败
========================================
✗ 翻译失败，跳过此行
✓ 已保存到文件: 158/4500 条

[159/4500] 翻译进度: 3.5%
藏语原文: ཤིང་སྒྲ་དེའི་བརྗོད་བྱ་ཤིང་འཛིན་རྣམ་པར་རྟོག་པའི་གཟུ...

开始翻译流程 (尝试 1/2):
========================================
步骤1: 输入藏语文本...
输入文本时出错: Message: tab crashed
  (Session info: chrome=143.0.7499.169)

✗ 输入文本失败

开始翻译流程 (尝试 2/2):
========================================
步骤1: 输入藏语文本...
输入文本时出错: Message: tab crashed
  (Session info: chrome=143.0.7499.169)

✗ 输入文本失败
========================================
✗ 翻译失败，跳过此行
✓ 已保存到文件: 159/4500 条

[160/4500] 翻译进度: 3.6%
藏语原文: གཞན་རིག་ཏུ་འདོད་པ་དེ་དག་ཀྱང་རང་རིག་མིན་ན་འདིས་གཞན་...

开始翻译流程 (尝试 1/2):
========================================
步骤1: 输入藏语文本...
输入文本时出错: Message: tab crashed
  (Session info: chrome=143.0.7499.169)

✗ 输入文本失败

开始翻译流程 (尝试 2/2):
========================================
步骤1: 输入藏语文本...
输入文本时出错: Message: tab crashed
  (Session info: chrome=143.0.7499.169)

✗ 输入文本失败
========================================
✗ 翻译失败，跳过此行
✓ 已保存到文件: 160/4500 条

[161/4500] 翻译进度: 3.6%
藏语原文: ཁྱེད་རང་སེམས་ཀྱི་འཁོར་དུ་སེམས་བྱུང་དུ་མ་ཅིག་ཅར་སྐྱ...

开始翻译流程 (尝试 1/2):
========================================
步骤1: 输入藏语文本...
输入文本时出错: Message: tab crashed
  (Session info: chrome=143.0.7499.169)

✗ 输入文本失败

开始翻译流程 (尝试 2/2):
========================================
步骤1: 输入藏语文本...
输入文本时出错: Message: tab crashed
  (Session info: chrome=143.0.7499.169)

✗ 输入文本失败
========================================
✗ 翻译失败，跳过此行
✓ 已保存到文件: 161/4500 条

[162/4500] 翻译进度: 3.6%
藏语原文: གཙོ་བོ་རྟོག་པ་གཅིག་ཁོ་ན་འདུག་ལ།

开始翻译流程 (尝试 1/2):
========================================
步骤1: 输入藏语文本...
输入文本时出错: Message: tab crashed
  (Session info: chrome=143.0.7499.169)

✗ 输入文本失败

开始翻译流程 (尝试 2/2):
========================================
步骤1: 输入藏语文本...
输入文本时出错: Message: tab crashed
  (Session info: chrome=143.0.7499.169)

✗ 输入文本失败
========================================
✗ 翻译失败，跳过此行
✓ 已保存到文件: 162/4500 条

[163/4500] 翻译进度: 3.6%
藏语原文: འཁོར་རྟོག་པ་རྫས་ཐ་དད་དུ་མ་འདུག་གོ་སྙམ་དུ་གང་ལས་ངེས...

开始翻译流程 (尝试 1/2):
========================================
步骤1: 输入藏语文本...
输入文本时出错: Message: tab crashed
  (Session info: chrome=143.0.7499.169)

✗ 输入文本失败

开始翻译流程 (尝试 2/2):
========================================
步骤1: 输入藏语文本...
输入文本时出错: Message: tab crashed
  (Session info: chrome=143.0.7499.169)

✗ 输入文本失败
========================================
✗ 翻译失败，跳过此行
✓ 已保存到文件: 163/4500 条

[164/4500] 翻译进度: 3.6%
藏语原文: རྟོག་པ་རྫས་ཐ་དད་དུ་མ་དུས་ཅིག་ཅར་སྦྲུལ་མགོའི་གདེངས་...

开始翻译流程 (尝试 1/2):
========================================
步骤1: 输入藏语文本...
输入文本时出错: Message: tab crashed
  (Session info: chrome=143.0.7499.169)

✗ 输入文本失败

开始翻译流程 (尝试 2/2):
========================================
步骤1: 输入藏语文本...
输入文本时出错: Message: tab crashed
  (Session info: chrome=143.0.7499.169)

✗ 输入文本失败
========================================
✗ 翻译失败，跳过此行
✓ 已保存到文件: 164/4500 条

[165/4500] 翻译进度: 3.7%
藏语原文: དེ་མྱོང་རང་རིག་མངོན་སུམ་ལ་གསལ་བར་སྣང་བའི་ཕྱིར་ཅེ་ན...

开始翻译流程 (尝试 1/2):
========================================
步骤1: 输入藏语文本...
输入文本时出错: Message: tab crashed
  (Session info: chrome=143.0.7499.169)

✗ 输入文本失败

开始翻译流程 (尝试 2/2):
========================================
步骤1: 输入藏语文本...
输入文本时出错: Message: tab crashed
  (Session info: chrome=143.0.7499.169)

✗ 输入文本失败
========================================
✗ 翻译失败，跳过此行
✓ 已保存到文件: 165/4500 条

[166/4500] 翻译进度: 3.7%
藏语原文: དེ་བཞིན་དུ་འདི་ན་སྦྲུལ་འདུག་ཅེས་བརྗོད་པ་ཙམ་གྱིས་སྦ...

开始翻译流程 (尝试 1/2):
========================================
步骤1: 输入藏语文本...
输入文本时出错: Message: tab crashed
  (Session info: chrome=143.0.7499.169)

✗ 输入文本失败

开始翻译流程 (尝试 2/2):
========================================
步骤1: 输入藏语文本...
输入文本时出错: Message: tab crashed
  (Session info: chrome=143.0.7499.169)

✗ 输入文本失败
========================================
✗ 翻译失败，跳过此行
✓ 已保存到文件: 166/4500 条

[167/4500] 翻译进度: 3.7%
藏语原文: སྔོན་པོ་ཤེས་པའི་རྫས་སུ་འདོད་པ་དེ་ལའང་རང་མྱོང་བའི་མ...

开始翻译流程 (尝试 1/2):
========================================
步骤1: 输入藏语文本...
输入文本时出错: Message: tab crashed
  (Session info: chrome=143.0.7499.169)

✗ 输入文本失败

开始翻译流程 (尝试 2/2):
========================================
步骤1: 输入藏语文本...
输入文本时出错: Message: tab crashed
  (Session info: chrome=143.0.7499.169)

✗ 输入文本失败
========================================
✗ 翻译失败，跳过此行
✓ 已保存到文件: 167/4500 条

[168/4500] 翻译进度: 3.7%
藏语原文: གཟུང་རྣམ་དང་འཛིན་རྣམ་གྱི་ཚུལ་གཉིས་སྒྲུབ་པར་བྱེད་པའ...

开始翻译流程 (尝试 1/2):
========================================
步骤1: 输入藏语文本...
输入文本时出错: Message: tab crashed
  (Session info: chrome=143.0.7499.169)

✗ 输入文本失败

开始翻译流程 (尝试 2/2):
========================================
步骤1: 输入藏语文本...
输入文本时出错: Message: tab crashed
  (Session info: chrome=143.0.7499.169)

✗ 输入文本失败
========================================
✗ 翻译失败，跳过此行
✓ 已保存到文件: 168/4500 条

[169/4500] 翻译进度: 3.8%
藏语原文: བློ་མངོན་གྱུར་དུ་འདོད་ཀྱང་རང་རིག་མེད་པ་མི་འཐད།

开始翻译流程 (尝试 1/2):
========================================
步骤1: 输入藏语文本...
输入文本时出错: Message: tab crashed
  (Session info: chrome=143.0.7499.169)

✗ 输入文本失败

开始翻译流程 (尝试 2/2):
========================================
步骤1: 输入藏语文本...
输入文本时出错: Message: tab crashed
  (Session info: chrome=143.0.7499.169)

✗ 输入文本失败
========================================
✗ 翻译失败，跳过此行
✓ 已保存到文件: 169/4500 条

[170/4500] 翻译进度: 3.8%
藏语原文: ཤེས་པས་གསལ་བར་གྱུར་པའི་དོན་ཡང་རང་བློ་སྒྲུབ་པའི་རྟག...

开始翻译流程 (尝试 1/2):
========================================
步骤1: 输入藏语文本...
输入文本时出错: Message: tab crashed
  (Session info: chrome=143.0.7499.169)

✗ 输入文本失败

开始翻译流程 (尝试 2/2):
========================================
步骤1: 输入藏语文本...
输入文本时出错: Message: tab crashed
  (Session info: chrome=143.0.7499.169)

✗ 输入文本失败
========================================
✗ 翻译失败，跳过此行
✓ 已保存到文件: 170/4500 条

[171/4500] 翻译进度: 3.8%
藏语原文: ཁྱེད་རང་ཤེས་པ་དུ་མ་ཅིག་ཅར་སྐྱེ་བར་འདོད་པ་བཞིན་ནོ་ཞ...

开始翻译流程 (尝试 1/2):
========================================
步骤1: 输入藏语文本...
输入文本时出错: Message: tab crashed
  (Session info: chrome=143.0.7499.169)

✗ 输入文本失败

开始翻译流程 (尝试 2/2):
========================================
步骤1: 输入藏语文本...
输入文本时出错: Message: tab crashed
  (Session info: chrome=143.0.7499.169)

✗ 输入文本失败
========================================
✗ 翻译失败，跳过此行
✓ 已保存到文件: 171/4500 条

[172/4500] 翻译进度: 3.8%
藏语原文: སྔོ་སྣང་ཤེས་པའི་རྣམ་པ་སྣང་བའི་བློ་རྫས་གཞན་དག་དུས་ག...

开始翻译流程 (尝试 1/2):
========================================
步骤1: 输入藏语文本...
输入文本时出错: Message: tab crashed
  (Session info: chrome=143.0.7499.169)

✗ 输入文本失败

开始翻译流程 (尝试 2/2):
========================================
步骤1: 输入藏语文本...
输入文本时出错: Message: tab crashed
  (Session info: chrome=143.0.7499.169)

✗ 输入文本失败
========================================
✗ 翻译失败，跳过此行
✓ 已保存到文件: 172/4500 条

[173/4500] 翻译进度: 3.8%
藏语原文: སྐྱེས་བུ་འགས་ཀྱང་རང་རྒྱུད་ཀྱི་བློ་མྱོང་བར་མི་འགྱུར...

开始翻译流程 (尝试 1/2):
========================================
步骤1: 输入藏语文本...
输入文本时出错: Message: tab crashed
  (Session info: chrome=143.0.7499.169)

✗ 输入文本失败

开始翻译流程 (尝试 2/2):
========================================
步骤1: 输入藏语文本...
输入文本时出错: Message: tab crashed
  (Session info: chrome=143.0.7499.169)

✗ 输入文本失败
========================================
✗ 翻译失败，跳过此行
✓ 已保存到文件: 173/4500 条

[174/4500] 翻译进度: 3.9%
藏语原文: སྒྲ་མ་བྱས་པར་འདོད་དགོས་པར་འདུག་སྙམ་པ་ནི་མི་འདོད་པ་...

开始翻译流程 (尝试 1/2):
========================================
步骤1: 输入藏语文本...
输入文本时出错: Message: tab crashed
  (Session info: chrome=143.0.7499.169)

✗ 输入文本失败

开始翻译流程 (尝试 2/2):
========================================
步骤1: 输入藏语文本...
输入文本时出错: Message: tab crashed
  (Session info: chrome=143.0.7499.169)

✗ 输入文本失败
========================================
✗ 翻译失败，跳过此行
✓ 已保存到文件: 174/4500 条

[175/4500] 翻译进度: 3.9%
藏语原文: ཚིག་དེ་ལ་ཡང་རང་ཉིད་ལ་སྒྲུབ་པའི་ནུས་པ་མེད་དོ་ཞེས་པའ...

开始翻译流程 (尝试 1/2):
========================================
步骤1: 输入藏语文本...
输入文本时出错: Message: tab crashed
  (Session info: chrome=143.0.7499.169)

✗ 输入文本失败

开始翻译流程 (尝试 2/2):
========================================
步骤1: 输入藏语文本...
输入文本时出错: Message: tab crashed
  (Session info: chrome=143.0.7499.169)

✗ 输入文本失败
========================================
✗ 翻译失败，跳过此行
✓ 已保存到文件: 175/4500 条

[176/4500] 翻译进度: 3.9%
藏语原文: ཚིག་ཕྲད་ཀྱང་རང་ཉིད་ཀྱི་ཞར་བྱུང་ཙམ་ཡིན་པས།

开始翻译流程 (尝试 1/2):
========================================
步骤1: 输入藏语文本...
输入文本时出错: Message: tab crashed
  (Session info: chrome=143.0.7499.169)

✗ 输入文本失败

开始翻译流程 (尝试 2/2):
========================================
步骤1: 输入藏语文本...
输入文本时出错: Message: tab crashed
  (Session info: chrome=143.0.7499.169)

✗ 输入文本失败
========================================
✗ 翻译失败，跳过此行
✓ 已保存到文件: 176/4500 条

[177/4500] 翻译进度: 3.9%
藏语原文: ལུང་ཚིག་དང་རང་ཚིག་གང་ཡིན་ཡང་རུང་།

开始翻译流程 (尝试 1/2):
========================================
步骤1: 输入藏语文本...
输入文本时出错: Message: tab crashed
  (Session info: chrome=143.0.7499.169)

✗ 输入文本失败

开始翻译流程 (尝试 2/2):
========================================
步骤1: 输入藏语文本...
输入文本时出错: Message: tab crashed
  (Session info: chrome=143.0.7499.169)

✗ 输入文本失败
========================================
✗ 翻译失败，跳过此行
✓ 已保存到文件: 177/4500 条

[178/4500] 翻译进度: 4.0%
藏语原文: བསྟན་བཅོས་དང་འགལ་བ་ཡང་རང་ཚིག་དང་འགལ་བར་འགྱུར་བའི་ཕ...

开始翻译流程 (尝试 1/2):
========================================
步骤1: 输入藏语文本...
输入文本时出错: Message: tab crashed
  (Session info: chrome=143.0.7499.169)

✗ 输入文本失败

开始翻译流程 (尝试 2/2):
========================================
步骤1: 输入藏语文本...
输入文本时出错: Message: tab crashed
  (Session info: chrome=143.0.7499.169)

✗ 输入文本失败
========================================
✗ 翻译失败，跳过此行
✓ 已保存到文件: 178/4500 条

[179/4500] 翻译进度: 4.0%
藏语原文: འཇིམ་རིལ་ལྕིད་མཉམ་བཅུ་ཚན་གཉིས་ཡོད་པ་དེའི་བཅུ་ཚན་གཅ...

开始翻译流程 (尝试 1/2):
========================================
步骤1: 输入藏语文本...
输入文本时出错: Message: tab crashed
  (Session info: chrome=143.0.7499.169)

✗ 输入文本失败

开始翻译流程 (尝试 2/2):
========================================
步骤1: 输入藏语文本...
输入文本时出错: Message: tab crashed
  (Session info: chrome=143.0.7499.169)

✗ 输入文本失败
========================================
✗ 翻译失败，跳过此行
✓ 已保存到文件: 179/4500 条

[180/4500] 翻译进度: 4.0%
藏语原文: རང་མཚན་གཟུང་དོན་དུ་ཡོད་པ་དེ་དང་ལྡན་པ་ཉིད་མིན་ཡང་རང...

开始翻译流程 (尝试 1/2):
========================================
步骤1: 输入藏语文本...
输入文本时出错: Message: tab crashed
  (Session info: chrome=143.0.7499.169)

✗ 输入文本失败

开始翻译流程 (尝试 2/2):
========================================
步骤1: 输入藏语文本...
输入文本时出错: Message: tab crashed
  (Session info: chrome=143.0.7499.169)

✗ 输入文本失败
========================================
✗ 翻译失败，跳过此行
✓ 已保存到文件: 180/4500 条

[181/4500] 翻译进度: 4.0%
藏语原文: དུ་ལྡན་ལ་ལ་མེ་གོ་བྱེད་དུ་འདུག་པའི་ཕྱིར།

开始翻译流程 (尝试 1/2):
========================================
步骤1: 输入藏语文本...
输入文本时出错: Message: tab crashed
  (Session info: chrome=143.0.7499.169)

✗ 输入文本失败

开始翻译流程 (尝试 2/2):
========================================
步骤1: 输入藏语文本...
输入文本时出错: Message: tab crashed
  (Session info: chrome=143.0.7499.169)

✗ 输入文本失败
========================================
✗ 翻译失败，跳过此行
✓ 已保存到文件: 181/4500 条

[182/4500] 翻译进度: 4.0%
藏语原文: བྱས་པ་འཇིག་པར་འགྱུར་བ་ཡང་རང་ཡོད་ཙམ་དུ་བསྐྱེད་པའི་ར...

开始翻译流程 (尝试 1/2):
========================================
步骤1: 输入藏语文本...
输入文本时出错: Message: tab crashed
  (Session info: chrome=143.0.7499.169)

✗ 输入文本失败

开始翻译流程 (尝试 2/2):
========================================
步骤1: 输入藏语文本...
输入文本时出错: Message: tab crashed
  (Session info: chrome=143.0.7499.169)

✗ 输入文本失败
========================================
✗ 翻译失败，跳过此行
✓ 已保存到文件: 182/4500 条

[183/4500] 翻译进度: 4.1%
藏语原文: དོན་དམ་ཞེ་སྡང་རང་སྟོང་མ་ཡིན་ལ།

开始翻译流程 (尝试 1/2):
========================================
步骤1: 输入藏语文本...
输入文本时出错: Message: tab crashed
  (Session info: chrome=143.0.7499.169)

✗ 输入文本失败

开始翻译流程 (尝试 2/2):
========================================
步骤1: 输入藏语文本...
输入文本时出错: Message: tab crashed
  (Session info: chrome=143.0.7499.169)

✗ 输入文本失败
========================================
✗ 翻译失败，跳过此行
✓ 已保存到文件: 183/4500 条

[184/4500] 翻译进度: 4.1%
藏语原文: ལྷ་སའི་པོ་ཏཱ་ལའི་ཞོལ་རྡོ་རིང་ལྷོ་ངོས་སུ་བརྐོས་འདུག...

开始翻译流程 (尝试 1/2):
========================================
步骤1: 输入藏语文本...
输入文本时出错: Message: tab crashed
  (Session info: chrome=143.0.7499.169)

✗ 输入文本失败

开始翻译流程 (尝试 2/2):
========================================
步骤1: 输入藏语文本...
输入文本时出错: Message: tab crashed
  (Session info: chrome=143.0.7499.169)

✗ 输入文本失败
========================================
✗ 翻译失败，跳过此行
✓ 已保存到文件: 184/4500 条

[185/4500] 翻译进度: 4.1%
藏语原文: གྱི་ཟིང་ཆ་སློང་རྩིས་འདུག་དེར་བལྟ་ཞིབ་དང་སྦྲག་ང་ཕོད...

开始翻译流程 (尝试 1/2):
========================================
步骤1: 输入藏语文本...
输入文本时出错: Message: tab crashed
  (Session info: chrome=143.0.7499.169)

✗ 输入文本失败

开始翻译流程 (尝试 2/2):
========================================
步骤1: 输入藏语文本...
输入文本时出错: Message: tab crashed
  (Session info: chrome=143.0.7499.169)

✗ 输入文本失败
========================================
✗ 翻译失败，跳过此行
✓ 已保存到文件: 185/4500 条

[186/4500] 翻译进度: 4.1%
藏语原文: བདག་སྤྲོད་མ་གནང་ཞེས་བརྗོད་འདུག་ཅིང་།

开始翻译流程 (尝试 1/2):
========================================
步骤1: 输入藏语文本...
输入文本时出错: Message: tab crashed
  (Session info: chrome=143.0.7499.169)

✗ 输入文本失败

开始翻译流程 (尝试 2/2):
========================================
步骤1: 输入藏语文本...
输入文本时出错: Message: tab crashed
  (Session info: chrome=143.0.7499.169)

✗ 输入文本失败
========================================
✗ 翻译失败，跳过此行
✓ 已保存到文件: 186/4500 条

[187/4500] 翻译进度: 4.2%
藏语原文: དེའི་སྐོར་བཀའ་ཤག་ཏུའང་བརྗོད་འདུག་བཀའ་ཤག་ནས་སྲིད་བླ...

开始翻译流程 (尝试 1/2):
========================================
步骤1: 输入藏语文本...
输入文本时出错: Message: tab crashed
  (Session info: chrome=143.0.7499.169)

✗ 输入文本失败

开始翻译流程 (尝试 2/2):
========================================
步骤1: 输入藏语文本...
输入文本时出错: Message: tab crashed
  (Session info: chrome=143.0.7499.169)

✗ 输入文本失败
========================================
✗ 翻译失败，跳过此行
✓ 已保存到文件: 187/4500 条

[188/4500] 翻译进度: 4.2%
藏语原文: ཁྱབ་ཅིང་རང་བཞིན་མེད་པ་ཡི།

开始翻译流程 (尝试 1/2):
========================================
步骤1: 输入藏语文本...
输入文本时出错: Message: tab crashed
  (Session info: chrome=143.0.7499.169)

✗ 输入文本失败

开始翻译流程 (尝试 2/2):
========================================
步骤1: 输入藏语文本...
输入文本时出错: Message: tab crashed
  (Session info: chrome=143.0.7499.169)

✗ 输入文本失败
========================================
✗ 翻译失败，跳过此行
✓ 已保存到文件: 188/4500 条

[189/4500] 翻译进度: 4.2%
藏语原文: དག་ཅིང་རང་བཞིན་དྲི་མ་མེད།

开始翻译流程 (尝试 1/2):
========================================
步骤1: 输入藏语文本...
输入文本时出错: Message: tab crashed
  (Session info: chrome=143.0.7499.169)

✗ 输入文本失败

开始翻译流程 (尝试 2/2):
========================================
步骤1: 输入藏语文本...
输入文本时出错: Message: tab crashed
  (Session info: chrome=143.0.7499.169)

✗ 输入文本失败
========================================
✗ 翻译失败，跳过此行
✓ 已保存到文件: 189/4500 条

[190/4500] 翻译进度: 4.2%
藏语原文: དག་ཅིང་རང་བཞིན་དྲི་མ་མེད།

开始翻译流程 (尝试 1/2):
========================================
步骤1: 输入藏语文本...
输入文本时出错: Message: tab crashed
  (Session info: chrome=143.0.7499.169)

✗ 输入文本失败

开始翻译流程 (尝试 2/2):
========================================
步骤1: 输入藏语文本...
输入文本时出错: Message: tab crashed
  (Session info: chrome=143.0.7499.169)

✗ 输入文本失败
========================================
✗ 翻译失败，跳过此行
✓ 已保存到文件: 190/4500 条

[191/4500] 翻译进度: 4.2%
藏语原文: གསལ་ཞིང་རང་བཞིན་དྲི་མ་མེད།

开始翻译流程 (尝试 1/2):
========================================
步骤1: 输入藏语文本...
输入文本时出错: Message: tab crashed
  (Session info: chrome=143.0.7499.169)

✗ 输入文本失败

开始翻译流程 (尝试 2/2):
========================================
步骤1: 输入藏语文本...
输入文本时出错: Message: tab crashed
  (Session info: chrome=143.0.7499.169)

✗ 输入文本失败
========================================
✗ 翻译失败，跳过此行
✓ 已保存到文件: 191/4500 条

[192/4500] 翻译进度: 4.3%
藏语原文: དག་ཅིང་རང་བཞིན་དྲི་མ་མེད།

开始翻译流程 (尝试 1/2):
========================================
步骤1: 输入藏语文本...
输入文本时出错: Message: tab crashed
  (Session info: chrome=143.0.7499.169)

✗ 输入文本失败

开始翻译流程 (尝试 2/2):
========================================
步骤1: 输入藏语文本...
输入文本时出错: Message: tab crashed
  (Session info: chrome=143.0.7499.169)

✗ 输入文本失败
========================================
✗ 翻译失败，跳过此行
✓ 已保存到文件: 192/4500 条

[193/4500] 翻译进度: 4.3%
藏语原文: འདུ་འཛི་རྟག་ཏུ་རིང་དུ་སྤངས་ཤིང་རང་བཞིན་གཡོ་བའི་སེམ...

开始翻译流程 (尝试 1/2):
========================================
步骤1: 输入藏语文本...
输入文本时出错: Message: tab crashed
  (Session info: chrome=143.0.7499.169)

✗ 输入文本失败

开始翻译流程 (尝试 2/2):
========================================
步骤1: 输入藏语文本...
输入文本时出错: Message: tab crashed
  (Session info: chrome=143.0.7499.169)

✗ 输入文本失败
========================================
✗ 翻译失败，跳过此行
✓ 已保存到文件: 193/4500 条

[194/4500] 翻译进度: 4.3%
藏语原文: དག་ཅིང་རང་བཞིན་དྲི་མ་མེད།

开始翻译流程 (尝试 1/2):
========================================
步骤1: 输入藏语文本...
输入文本时出错: Message: tab crashed
  (Session info: chrome=143.0.7499.169)

✗ 输入文本失败

开始翻译流程 (尝试 2/2):
========================================
步骤1: 输入藏语文本...
输入文本时出错: Message: tab crashed
  (Session info: chrome=143.0.7499.169)

✗ 输入文本失败
========================================
✗ 翻译失败，跳过此行
✓ 已保存到文件: 194/4500 条

[195/4500] 翻译进度: 4.3%
藏语原文: འདུག་དང་གནས་དང་ཉལ་བ་དང་།

开始翻译流程 (尝试 1/2):
========================================
步骤1: 输入藏语文本...
输入文本时出错: Message: tab crashed
  (Session info: chrome=143.0.7499.169)

✗ 输入文本失败

开始翻译流程 (尝试 2/2):
========================================
步骤1: 输入藏语文本...
输入文本时出错: Message: tab crashed
  (Session info: chrome=143.0.7499.169)

✗ 输入文本失败
========================================
✗ 翻译失败，跳过此行
✓ 已保存到文件: 195/4500 条

[196/4500] 翻译进度: 4.4%
藏语原文: གང་ཞིག་དུས་ཀུན་པ་མིན་པ།

开始翻译流程 (尝试 1/2):
========================================
步骤1: 输入藏语文本...
输入文本时出错: Message: tab crashed
  (Session info: chrome=143.0.7499.169)

✗ 输入文本失败

开始翻译流程 (尝试 2/2):
========================================
步骤1: 输入藏语文本...
输入文本时出错: Message: tab crashed
  (Session info: chrome=143.0.7499.169)

✗ 输入文本失败
========================================
✗ 翻译失败，跳过此行
✓ 已保存到文件: 196/4500 条

[197/4500] 翻译进度: 4.4%
藏语原文: རང་རང་ངོ་བོ་གསལ་བས་ན།

开始翻译流程 (尝试 1/2):
========================================
步骤1: 输入藏语文本...
输入文本时出错: Message: tab crashed
  (Session info: chrome=143.0.7499.169)

✗ 输入文本失败

开始翻译流程 (尝试 2/2):
========================================
步骤1: 输入藏语文本...
输入文本时出错: Message: tab crashed
  (Session info: chrome=143.0.7499.169)

✗ 输入文本失败
========================================
✗ 翻译失败，跳过此行
✓ 已保存到文件: 197/4500 条

[198/4500] 翻译进度: 4.4%
藏语原文: སེམས་དང་སེམས་བྱུང་རང་བཞིན་གྱིས།

开始翻译流程 (尝试 1/2):
========================================
步骤1: 输入藏语文本...
输入文本时出错: Message: tab crashed
  (Session info: chrome=143.0.7499.169)

✗ 输入文本失败

开始翻译流程 (尝试 2/2):
========================================
步骤1: 输入藏语文本...
输入文本时出错: Message: tab crashed
  (Session info: chrome=143.0.7499.169)

✗ 输入文本失败
========================================
✗ 翻译失败，跳过此行
✓ 已保存到文件: 198/4500 条

[199/4500] 翻译进度: 4.4%
藏语原文: རྟག་ཏུ་འབྱུང་ཞིང་རང་ལ་གནས།

开始翻译流程 (尝试 1/2):
========================================
步骤1: 输入藏语文本...
输入文本时出错: Message: tab crashed
  (Session info: chrome=143.0.7499.169)

✗ 输入文本失败

开始翻译流程 (尝试 2/2):
========================================
步骤1: 输入藏语文本...
输入文本时出错: Message: tab crashed
  (Session info: chrome=143.0.7499.169)

✗ 输入文本失败
========================================
✗ 翻译失败，跳过此行
✓ 已保存到文件: 199/4500 条

[200/4500] 翻译进度: 4.4%
藏语原文: རང་རང་ངོ་བོ་སྟོན་པ་པོ།

开始翻译流程 (尝试 1/2):
========================================
步骤1: 输入藏语文本...
输入文本时出错: Message: tab crashed
  (Session info: chrome=143.0.7499.169)

✗ 输入文本失败

开始翻译流程 (尝试 2/2):
========================================
步骤1: 输入藏语文本...
输入文本时出错: Message: tab crashed
  (Session info: chrome=143.0.7499.169)

✗ 输入文本失败
========================================
✗ 翻译失败，跳过此行
✓ 已保存到文件: 200/4500 条

[201/4500] 翻译进度: 4.5%
藏语原文: སྐྲ་ཁམ་པར་འདུག་པ།

开始翻译流程 (尝试 1/2):
========================================
步骤1: 输入藏语文本...
输入文本时出错: Message: tab crashed
  (Session info: chrome=143.0.7499.169)

✗ 输入文本失败

开始翻译流程 (尝试 2/2):
========================================
步骤1: 输入藏语文本...
输入文本时出错: Message: tab crashed
  (Session info: chrome=143.0.7499.169)

✗ 输入文本失败
========================================
✗ 翻译失败，跳过此行
✓ 已保存到文件: 201/4500 条

[202/4500] 翻译进度: 4.5%
藏语原文: རྩྭ་དང་ཤིང་ཤུན་ལུས་ལ་གྱོན་པར་འདུག་པ།

开始翻译流程 (尝试 1/2):
========================================
步骤1: 输入藏语文本...
输入文本时出错: Message: tab crashed
  (Session info: chrome=143.0.7499.169)

✗ 输入文本失败

开始翻译流程 (尝试 2/2):
========================================
步骤1: 输入藏语文本...
输入文本时出错: Message: tab crashed
  (Session info: chrome=143.0.7499.169)

✗ 输入文本失败
========================================
✗ 翻译失败，跳过此行
✓ 已保存到文件: 202/4500 条

[203/4500] 翻译进度: 4.5%
藏语原文: རྟག་ཏུ་འབྱུང་ཞིང་རང་ལ་གནས།

开始翻译流程 (尝试 1/2):
========================================
步骤1: 输入藏语文本...
输入文本时出错: Message: tab crashed
  (Session info: chrome=143.0.7499.169)

✗ 输入文本失败

开始翻译流程 (尝试 2/2):
========================================
步骤1: 输入藏语文本...
输入文本时出错: Message: tab crashed
  (Session info: chrome=143.0.7499.169)

✗ 输入文本失败
========================================
✗ 翻译失败，跳过此行
✓ 已保存到文件: 203/4500 条

[204/4500] 翻译进度: 4.5%
藏语原文: འདུག་སྟངས་སམ།

开始翻译流程 (尝试 1/2):
========================================
步骤1: 输入藏语文本...
输入文本时出错: Message: tab crashed
  (Session info: chrome=143.0.7499.169)

✗ 输入文本失败

开始翻译流程 (尝试 2/2):
========================================
步骤1: 输入藏语文本...
输入文本时出错: Message: tab crashed
  (Session info: chrome=143.0.7499.169)

✗ 输入文本失败
========================================
✗ 翻译失败，跳过此行
✓ 已保存到文件: 204/4500 条

[205/4500] 翻译进度: 4.6%
藏语原文: ཞེས་བྱ་བ་ནི་ལྷན་ཅིག་སྐྱེས་པའི་ཚུལ་དང་རང་བཞིན་དུ་གན...

开始翻译流程 (尝试 1/2):
========================================
步骤1: 输入藏语文本...
输入文本时出错: Message: tab crashed
  (Session info: chrome=143.0.7499.169)

✗ 输入文本失败

开始翻译流程 (尝试 2/2):
========================================
步骤1: 输入藏语文本...
输入文本时出错: Message: tab crashed
  (Session info: chrome=143.0.7499.169)

✗ 输入文本失败
========================================
✗ 翻译失败，跳过此行
✓ 已保存到文件: 205/4500 条

[206/4500] 翻译进度: 4.6%
藏语原文: རང་རང་ངོ་བོ་སྟོན་པ་པོ།

开始翻译流程 (尝试 1/2):
========================================
步骤1: 输入藏语文本...
输入文本时出错: Message: tab crashed
  (Session info: chrome=143.0.7499.169)

✗ 输入文本失败

开始翻译流程 (尝试 2/2):
========================================
步骤1: 输入藏语文本...
输入文本时出错: Message: tab crashed
  (Session info: chrome=143.0.7499.169)

✗ 输入文本失败
========================================
✗ 翻译失败，跳过此行
✓ 已保存到文件: 206/4500 条

[207/4500] 翻译进度: 4.6%
藏语原文: མཚམས་སུ་འདུག་ནས་དྲིལ་བུ་འཁྲོལ།

开始翻译流程 (尝试 1/2):
========================================
步骤1: 输入藏语文本...
输入文本时出错: Message: tab crashed
  (Session info: chrome=143.0.7499.169)

✗ 输入文本失败

开始翻译流程 (尝试 2/2):
========================================
步骤1: 输入藏语文本...
输入文本时出错: Message: tab crashed
  (Session info: chrome=143.0.7499.169)

✗ 输入文本失败
========================================
✗ 翻译失败，跳过此行
✓ 已保存到文件: 207/4500 条

[208/4500] 翻译进度: 4.6%
藏语原文: ཟས་སྐོམ་འཆམས་དང་འགྲོ་དང་འདུག་པ་དང་།

开始翻译流程 (尝试 1/2):
========================================
步骤1: 输入藏语文本...
输入文本时出错: Message: tab crashed
  (Session info: chrome=143.0.7499.169)

✗ 输入文本失败

开始翻译流程 (尝试 2/2):
========================================
步骤1: 输入藏语文本...
输入文本时出错: Message: tab crashed
  (Session info: chrome=143.0.7499.169)

✗ 输入文本失败
========================================
✗ 翻译失败，跳过此行
✓ 已保存到文件: 208/4500 条

[209/4500] 翻译进度: 4.6%
藏语原文: འདུག་པར་གྱུར་ཀྱང་ངོ་མ་ཤེས།

开始翻译流程 (尝试 1/2):
========================================
步骤1: 输入藏语文本...
输入文本时出错: Message: tab crashed
  (Session info: chrome=143.0.7499.169)

✗ 输入文本失败

开始翻译流程 (尝试 2/2):
========================================
步骤1: 输入藏语文本...
输入文本时出错: Message: tab crashed
  (Session info: chrome=143.0.7499.169)

✗ 输入文本失败
========================================
✗ 翻译失败，跳过此行
✓ 已保存到文件: 209/4500 条

[210/4500] 翻译进度: 4.7%
藏语原文: བདག་པོ་ཟ་ཞིང་རང་བཞིན་མཛེས།

开始翻译流程 (尝试 1/2):
========================================
步骤1: 输入藏语文本...
输入文本时出错: Message: tab crashed
  (Session info: chrome=143.0.7499.169)

✗ 输入文本失败

开始翻译流程 (尝试 2/2):
========================================
步骤1: 输入藏语文本...
输入文本时出错: Message: tab crashed
  (Session info: chrome=143.0.7499.169)

✗ 输入文本失败
========================================
✗ 翻译失败，跳过此行
✓ 已保存到文件: 210/4500 条

[211/4500] 翻译进度: 4.7%
藏语原文: ནགས་སུ་མ་འགྲོ་ཁྱིམ་དུ་མ་འདུག་ཅིག།

开始翻译流程 (尝试 1/2):
========================================
步骤1: 输入藏语文本...
输入文本时出错: Message: tab crashed
  (Session info: chrome=143.0.7499.169)

✗ 输入文本失败

开始翻译流程 (尝试 2/2):
========================================
步骤1: 输入藏语文本...
输入文本时出错: Message: tab crashed
  (Session info: chrome=143.0.7499.169)

✗ 输入文本失败
========================================
✗ 翻译失败，跳过此行
✓ 已保存到文件: 211/4500 条

[212/4500] 翻译进度: 4.7%
藏语原文: ལངས་དང་འདུག་པར་བྱེད་པ་དང་།

开始翻译流程 (尝试 1/2):
========================================
步骤1: 输入藏语文本...
输入文本时出错: Message: tab crashed
  (Session info: chrome=143.0.7499.169)

✗ 输入文本失败

开始翻译流程 (尝试 2/2):
========================================
步骤1: 输入藏语文本...
输入文本时出错: Message: tab crashed
  (Session info: chrome=143.0.7499.169)

✗ 输入文本失败
========================================
✗ 翻译失败，跳过此行
✓ 已保存到文件: 212/4500 条

[213/4500] 翻译进度: 4.7%
藏语原文: བདེ་བ་མི་འབྱུང་རང་བཞིན་གྱིས།

开始翻译流程 (尝试 1/2):
========================================
步骤1: 输入藏语文本...
输入文本时出错: Message: tab crashed
  (Session info: chrome=143.0.7499.169)

✗ 输入文本失败

开始翻译流程 (尝试 2/2):
========================================
步骤1: 输入藏语文本...
输入文本时出错: Message: tab crashed
  (Session info: chrome=143.0.7499.169)

✗ 输入文本失败
========================================
✗ 翻译失败，跳过此行
✓ 已保存到文件: 213/4500 条

[214/4500] 翻译进度: 4.8%
藏语原文: ཨ་ཙིནྟ་ཀྲ་མ་ཨུ་པ་དེ་ཤ་ནཱ་མ།

开始翻译流程 (尝试 1/2):
========================================
步骤1: 输入藏语文本...
输入文本时出错: Message: tab crashed
  (Session info: chrome=143.0.7499.169)

✗ 输入文本失败

开始翻译流程 (尝试 2/2):
========================================
步骤1: 输入藏语文本...
输入文本时出错: Message: tab crashed
  (Session info: chrome=143.0.7499.169)

✗ 输入文本失败
========================================
✗ 翻译失败，跳过此行
✓ 已保存到文件: 214/4500 条

[215/4500] 翻译进度: 4.8%
藏语原文: གཞན་ཡང་རང་ཉིད་སྐྱེ་བར་འགྱུར།

开始翻译流程 (尝试 1/2):
========================================
步骤1: 输入藏语文本...
输入文本时出错: Message: tab crashed
  (Session info: chrome=143.0.7499.169)

✗ 输入文本失败

开始翻译流程 (尝试 2/2):
========================================
步骤1: 输入藏语文本...
输入文本时出错: Message: tab crashed
  (Session info: chrome=143.0.7499.169)

✗ 输入文本失败
========================================
✗ 翻译失败，跳过此行
✓ 已保存到文件: 215/4500 条

[216/4500] 翻译进度: 4.8%
藏语原文: མཆོག་དང་རང་རྒྱལ་དག་ནི་ཁ་ཆེ་བའོ།

开始翻译流程 (尝试 1/2):
========================================
步骤1: 输入藏语文本...
输入文本时出错: Message: tab crashed
  (Session info: chrome=143.0.7499.169)

✗ 输入文本失败

开始翻译流程 (尝试 2/2):
========================================
步骤1: 输入藏语文本...
输入文本时出错: Message: tab crashed
  (Session info: chrome=143.0.7499.169)

✗ 输入文本失败
========================================
✗ 翻译失败，跳过此行
✓ 已保存到文件: 216/4500 条

[217/4500] 翻译进度: 4.8%
藏语原文: རྟེན་ཅིང་འབྲེལ་འབྱུང་རང་བཞིན་ཕྱིར།

开始翻译流程 (尝试 1/2):
========================================
步骤1: 输入藏语文本...
输入文本时出错: Message: tab crashed
  (Session info: chrome=143.0.7499.169)

✗ 输入文本失败

开始翻译流程 (尝试 2/2):
========================================
步骤1: 输入藏语文本...
输入文本时出错: Message: tab crashed
  (Session info: chrome=143.0.7499.169)

✗ 输入文本失败
========================================
✗ 翻译失败，跳过此行
✓ 已保存到文件: 217/4500 条

[218/4500] 翻译进度: 4.8%
藏语原文: བར་དུ་འདུག་པའང་མི་འདོད་ལ།

开始翻译流程 (尝试 1/2):
========================================
步骤1: 输入藏语文本...
输入文本时出错: Message: tab crashed
  (Session info: chrome=143.0.7499.169)

✗ 输入文本失败

开始翻译流程 (尝试 2/2):
========================================
步骤1: 输入藏语文本...
输入文本时出错: Message: tab crashed
  (Session info: chrome=143.0.7499.169)

✗ 输入文本失败
========================================
✗ 翻译失败，跳过此行
✓ 已保存到文件: 218/4500 条

[219/4500] 翻译进度: 4.9%
藏语原文: ཤེས་པ་མི་གཟུང་རང་དྭངས་ཞོག།

开始翻译流程 (尝试 1/2):
========================================
步骤1: 输入藏语文本...
输入文本时出错: Message: tab crashed
  (Session info: chrome=143.0.7499.169)

✗ 输入文本失败

开始翻译流程 (尝试 2/2):
========================================
步骤1: 输入藏语文本...
输入文本时出错: Message: tab crashed
  (Session info: chrome=143.0.7499.169)

✗ 输入文本失败
========================================
✗ 翻译失败，跳过此行
✓ 已保存到文件: 219/4500 条

[220/4500] 翻译进度: 4.9%
藏语原文: ཉམས་སུ་མྱོང་དང་རང་བཞིན་མེད།

开始翻译流程 (尝试 1/2):
========================================
步骤1: 输入藏语文本...
输入文本时出错: Message: tab crashed
  (Session info: chrome=143.0.7499.169)

✗ 输入文本失败

开始翻译流程 (尝试 2/2):
========================================
步骤1: 输入藏语文本...
输入文本时出错: Message: tab crashed
  (Session info: chrome=143.0.7499.169)

✗ 输入文本失败
========================================
✗ 翻译失败，跳过此行
✓ 已保存到文件: 220/4500 条

[221/4500] 翻译进度: 4.9%
藏语原文: དེ་ཡང་རང་རིག་ཡེ་ཤེས་སུ་བལྟ་བ་དང་།

开始翻译流程 (尝试 1/2):
========================================
步骤1: 输入藏语文本...
输入文本时出错: Message: tab crashed
  (Session info: chrome=143.0.7499.169)

✗ 输入文本失败

开始翻译流程 (尝试 2/2):
========================================
步骤1: 输入藏语文本...
输入文本时出错: Message: tab crashed
  (Session info: chrome=143.0.7499.169)

✗ 输入文本失败
========================================
✗ 翻译失败，跳过此行
✓ 已保存到文件: 221/4500 条

[222/4500] 翻译进度: 4.9%
藏语原文: ཕྱག་ན་རྡོ་རྗེའི་ལག་ན་འདུག།

开始翻译流程 (尝试 1/2):
========================================
步骤1: 输入藏语文本...
输入文本时出错: Message: tab crashed
  (Session info: chrome=143.0.7499.169)

✗ 输入文本失败

开始翻译流程 (尝试 2/2):
========================================
步骤1: 输入藏语文本...
输入文本时出错: Message: tab crashed
  (Session info: chrome=143.0.7499.169)

✗ 输入文本失败
========================================
✗ 翻译失败，跳过此行
✓ 已保存到文件: 222/4500 条

[223/4500] 翻译进度: 5.0%
藏语原文: དེ་ཡང་རང་བཟོ་མ་ཡིན་ཏེ།

开始翻译流程 (尝试 1/2):
========================================
步骤1: 输入藏语文本...
输入文本时出错: Message: tab crashed
  (Session info: chrome=143.0.7499.169)

✗ 输入文本失败

开始翻译流程 (尝试 2/2):
========================================
步骤1: 输入藏语文本...
输入文本时出错: Message: tab crashed
  (Session info: chrome=143.0.7499.169)

✗ 输入文本失败
========================================
✗ 翻译失败，跳过此行
✓ 已保存到文件: 223/4500 条

[224/4500] 翻译进度: 5.0%
藏语原文: བར་དུ་འདུག་པའང་མི་འདོད་ལ།

开始翻译流程 (尝试 1/2):
========================================
步骤1: 输入藏语文本...
输入文本时出错: Message: tab crashed
  (Session info: chrome=143.0.7499.169)

✗ 输入文本失败

开始翻译流程 (尝试 2/2):
========================================
步骤1: 输入藏语文本...
输入文本时出错: Message: tab crashed
  (Session info: chrome=143.0.7499.169)

✗ 输入文本失败
========================================
✗ 翻译失败，跳过此行
✓ 已保存到文件: 224/4500 条

[225/4500] 翻译进度: 5.0%
藏语原文: དེ་ཉིད་ལ་རྟག་ཏུ་གོམས་པ་ནི་ཙ་ན་ར་ཙ་བ་བཞིན་ནོ།

开始翻译流程 (尝试 1/2):
========================================
步骤1: 输入藏语文本...
输入文本时出错: Message: tab crashed
  (Session info: chrome=143.0.7499.169)

✗ 输入文本失败

开始翻译流程 (尝试 2/2):
========================================
步骤1: 输入藏语文本...
输入文本时出错: Message: tab crashed
  (Session info: chrome=143.0.7499.169)

✗ 输入文本失败
========================================
✗ 翻译失败，跳过此行
✓ 已保存到文件: 225/4500 条

[226/4500] 翻译进度: 5.0%
藏语原文: ཡུལ་ར་མ་ལའི་རྒྱལ་པོ་ཙ་ན་ར་ཙ་བ་བསྙུངས་པས།

开始翻译流程 (尝试 1/2):
========================================
步骤1: 输入藏语文本...
输入文本时出错: Message: tab crashed
  (Session info: chrome=143.0.7499.169)

✗ 输入文本失败

开始翻译流程 (尝试 2/2):
========================================
步骤1: 输入藏语文本...
输入文本时出错: Message: tab crashed
  (Session info: chrome=143.0.7499.169)

✗ 输入文本失败
========================================
✗ 翻译失败，跳过此行
✓ 已保存到文件: 226/4500 条

[227/4500] 翻译进度: 5.0%
藏语原文: ཙ་ན་ར་ཙ་ལ་འབྲུ་མར་ཀ་ཏོ་ར་གང་བསྐུར་ནས།

开始翻译流程 (尝试 1/2):
========================================
步骤1: 输入藏语文本...
输入文本时出错: Message: tab crashed
  (Session info: chrome=143.0.7499.169)

✗ 输入文本失败

开始翻译流程 (尝试 2/2):
========================================
步骤1: 输入藏语文本...
输入文本时出错: Message: tab crashed
  (Session info: chrome=143.0.7499.169)

✗ 输入文本失败
========================================
✗ 翻译失败，跳过此行
✓ 已保存到文件: 227/4500 条

[228/4500] 翻译进度: 5.1%
藏语原文: དེའང་རང་བཞིན་མེད་པའི་ངོ་བོ་ཉིད།

开始翻译流程 (尝试 1/2):
========================================
步骤1: 输入藏语文本...
输入文本时出错: Message: tab crashed
  (Session info: chrome=143.0.7499.169)

✗ 输入文本失败

开始翻译流程 (尝试 2/2):
========================================
步骤1: 输入藏语文本...
输入文本时出错: Message: tab crashed
  (Session info: chrome=143.0.7499.169)

✗ 输入文本失败
========================================
✗ 翻译失败，跳过此行
✓ 已保存到文件: 228/4500 条

[229/4500] 翻译进度: 5.1%
藏语原文: དེ་ལའང་རང་བཞིན་མེད་པ་ནི་རྣམ་པ་སྣ་ཚོགས་པའི་སྐད་ཅིག་...

开始翻译流程 (尝试 1/2):
========================================
步骤1: 输入藏语文本...
输入文本时出错: Message: tab crashed
  (Session info: chrome=143.0.7499.169)

✗ 输入文本失败

开始翻译流程 (尝试 2/2):
========================================
步骤1: 输入藏语文本...
输入文本时出错: Message: tab crashed
  (Session info: chrome=143.0.7499.169)

✗ 输入文本失败
========================================
✗ 翻译失败，跳过此行
✓ 已保存到文件: 229/4500 条

[230/4500] 翻译进度: 5.1%
藏语原文: རོལ་པ་འགག་མེད་དང་རང་བཞིན་མེད་པ་གཉིས་སུ་མེད་པར་མྱོང...

开始翻译流程 (尝试 1/2):
========================================
步骤1: 输入藏语文本...
输入文本时出错: Message: tab crashed
  (Session info: chrome=143.0.7499.169)

✗ 输入文本失败

开始翻译流程 (尝试 2/2):
========================================
步骤1: 输入藏语文本...
输入文本时出错: Message: tab crashed
  (Session info: chrome=143.0.7499.169)

✗ 输入文本失败
========================================
✗ 翻译失败，跳过此行
✓ 已保存到文件: 230/4500 条

[231/4500] 翻译进度: 5.1%
藏语原文: འགྲོ་འཆགས་ཉལ་དང་འདུག་སོགས་ལ།

开始翻译流程 (尝试 1/2):
========================================
步骤1: 输入藏语文本...
输入文本时出错: Message: tab crashed
  (Session info: chrome=143.0.7499.169)

✗ 输入文本失败

开始翻译流程 (尝试 2/2):
========================================
步骤1: 输入藏语文本...
输入文本时出错: Message: tab crashed
  (Session info: chrome=143.0.7499.169)

✗ 输入文本失败
========================================
✗ 翻译失败，跳过此行
✓ 已保存到文件: 231/4500 条

[232/4500] 翻译进度: 5.2%
藏语原文: སྤྱོད་པ་མི་སྒྲུབ་རང་བྱུང་རང་ཆས་སུ་ཡོད་པས་སོ།

开始翻译流程 (尝试 1/2):
========================================
步骤1: 输入藏语文本...
输入文本时出错: Message: tab crashed
  (Session info: chrome=143.0.7499.169)

✗ 输入文本失败

开始翻译流程 (尝试 2/2):
========================================
步骤1: 输入藏语文本...
输入文本时出错: Message: tab crashed
  (Session info: chrome=143.0.7499.169)

✗ 输入文本失败
========================================
✗ 翻译失败，跳过此行
✓ 已保存到文件: 232/4500 条

[233/4500] 翻译进度: 5.2%
藏语原文: དེ་ལྟར་བདེ་བས་གང་ཙ་ན་ནཱ་ད་གནས་པར་བྱ་སྟེ།

开始翻译流程 (尝试 1/2):
========================================
步骤1: 输入藏语文本...
输入文本时出错: Message: tab crashed
  (Session info: chrome=143.0.7499.169)

✗ 输入文本失败

开始翻译流程 (尝试 2/2):
========================================
步骤1: 输入藏语文本...
输入文本时出错: Message: tab crashed
  (Session info: chrome=143.0.7499.169)

✗ 输入文本失败
========================================
✗ 翻译失败，跳过此行
✓ 已保存到文件: 233/4500 条

[234/4500] 翻译进度: 5.2%
藏语原文: འོག་སྒོ་རས་ཀྱིས་བཅིངས་ཏེ་ཙོག་པུར་འདུག་ནས།

开始翻译流程 (尝试 1/2):
========================================
步骤1: 输入藏语文本...
输入文本时出错: Message: tab crashed
  (Session info: chrome=143.0.7499.169)

✗ 输入文本失败

开始翻译流程 (尝试 2/2):
========================================
步骤1: 输入藏语文本...
输入文本时出错: Message: tab crashed
  (Session info: chrome=143.0.7499.169)

✗ 输入文本失败
========================================
✗ 翻译失败，跳过此行
✓ 已保存到文件: 234/4500 条

[235/4500] 翻译进度: 5.2%
藏语原文: དེ་ལས་བདེ་བར་འདུག།

开始翻译流程 (尝试 1/2):
========================================
步骤1: 输入藏语文本...
输入文本时出错: Message: tab crashed
  (Session info: chrome=143.0.7499.169)

✗ 输入文本失败

开始翻译流程 (尝试 2/2):
========================================
步骤1: 输入藏语文本...
输入文本时出错: Message: tab crashed
  (Session info: chrome=143.0.7499.169)

✗ 输入文本失败
========================================
✗ 翻译失败，跳过此行
✓ 已保存到文件: 235/4500 条

[236/4500] 翻译进度: 5.2%
藏语原文: སྟོང་པར་འདུག་སྙམ་པ་དེ་ལ་མཆོག་དགའ།

开始翻译流程 (尝试 1/2):
========================================
步骤1: 输入藏语文本...
输入文本时出错: Message: tab crashed
  (Session info: chrome=143.0.7499.169)

✗ 输入文本失败

开始翻译流程 (尝试 2/2):
========================================
步骤1: 输入藏语文本...
输入文本时出错: Message: tab crashed
  (Session info: chrome=143.0.7499.169)

✗ 输入文本失败
========================================
✗ 翻译失败，跳过此行
✓ 已保存到文件: 236/4500 条

[237/4500] 翻译进度: 5.3%
藏语原文: མཉམ་བཞག་ལ་དེ་ལྟར་འདུག་ཀྱང་རྗེས་ཐོབ་ལ་སྣ་ཚོགས་སུ་སྣ...

开始翻译流程 (尝试 1/2):
========================================
步骤1: 输入藏语文本...
输入文本时出错: Message: tab crashed
  (Session info: chrome=143.0.7499.169)

✗ 输入文本失败

开始翻译流程 (尝试 2/2):
========================================
步骤1: 输入藏语文本...
输入文本时出错: Message: tab crashed
  (Session info: chrome=143.0.7499.169)

✗ 输入文本失败
========================================
✗ 翻译失败，跳过此行
✓ 已保存到文件: 237/4500 条

[238/4500] 翻译进度: 5.3%
藏语原文: དེ་ནས་བདེ་སྟོང་དབྱེར་མེད་དུ་ཉམས་སུ་མྱོང་བའི་རྟགས་ཆ...

开始翻译流程 (尝试 1/2):
========================================
步骤1: 输入藏语文本...
输入文本时出错: Message: tab crashed
  (Session info: chrome=143.0.7499.169)

✗ 输入文本失败

开始翻译流程 (尝试 2/2):
========================================
步骤1: 输入藏语文本...
输入文本时出错: Message: tab crashed
  (Session info: chrome=143.0.7499.169)

✗ 输入文本失败
========================================
✗ 翻译失败，跳过此行
✓ 已保存到文件: 238/4500 条

[239/4500] 翻译进度: 5.3%
藏语原文: འབྲས་བུ་མ་བསམས་ཤིང་རང་བྱུང་བའོ།

开始翻译流程 (尝试 1/2):
========================================
步骤1: 输入藏语文本...
输入文本时出错: Message: tab crashed
  (Session info: chrome=143.0.7499.169)

✗ 输入文本失败

开始翻译流程 (尝试 2/2):
========================================
步骤1: 输入藏语文本...
输入文本时出错: Message: tab crashed
  (Session info: chrome=143.0.7499.169)

✗ 输入文本失败
========================================
✗ 翻译失败，跳过此行
✓ 已保存到文件: 239/4500 条

[240/4500] 翻译进度: 5.3%
藏语原文: ཐམས་ཅད་བདེ་སྟོང་ཆེན་པོར་རྟོགས་ཙ་ན་ཀུན་རྫོབ་དང་དོན་...

开始翻译流程 (尝试 1/2):
========================================
步骤1: 输入藏语文本...
输入文本时出错: Message: tab crashed
  (Session info: chrome=143.0.7499.169)

✗ 输入文本失败

开始翻译流程 (尝试 2/2):
========================================
步骤1: 输入藏语文本...
输入文本时出错: Message: tab crashed
  (Session info: chrome=143.0.7499.169)

✗ 输入文本失败
========================================
✗ 翻译失败，跳过此行
✓ 已保存到文件: 240/4500 条

[241/4500] 翻译进度: 5.4%
藏语原文: དྲུང་ན་འདུག་པའི་ཚིག་ཉིད་ཀྱིས་རྡོ་རྗེ་ལས་ཕྱི་རོལ་གྱ...

开始翻译流程 (尝试 1/2):
========================================
步骤1: 输入藏语文本...
输入文本时出错: Message: tab crashed
  (Session info: chrome=143.0.7499.169)

✗ 输入文本失败

开始翻译流程 (尝试 2/2):
========================================
步骤1: 输入藏语文本...
输入文本时出错: Message: tab crashed
  (Session info: chrome=143.0.7499.169)

✗ 输入文本失败
========================================
✗ 翻译失败，跳过此行
✓ 已保存到文件: 241/4500 条

[242/4500] 翻译进度: 5.4%
藏语原文: ཕྱོགས་གཅིག་ཏུ་འདུག་པ་དང་།

开始翻译流程 (尝试 1/2):
========================================
步骤1: 输入藏语文本...
输入文本时出错: Message: tab crashed
  (Session info: chrome=143.0.7499.169)

✗ 输入文本失败

开始翻译流程 (尝试 2/2):
========================================
步骤1: 输入藏语文本...
输入文本时出错: Message: tab crashed
  (Session info: chrome=143.0.7499.169)

✗ 输入文本失败
========================================
✗ 翻译失败，跳过此行
✓ 已保存到文件: 242/4500 条

[243/4500] 翻译进度: 5.4%
藏语原文: ཞག་བདུན་དུ་ཕ་དང་མའི་ལུས་ལ་ཡང་དེ་བར་ཆད་མེད་པར་འདུག་...

开始翻译流程 (尝试 1/2):
========================================
步骤1: 输入藏语文本...
输入文本时出错: Message: tab crashed
  (Session info: chrome=143.0.7499.169)

✗ 输入文本失败

开始翻译流程 (尝试 2/2):
========================================
步骤1: 输入藏语文本...
输入文本时出错: Message: tab crashed
  (Session info: chrome=143.0.7499.169)

✗ 输入文本失败
========================================
✗ 翻译失败，跳过此行
✓ 已保存到文件: 243/4500 条

[244/4500] 翻译进度: 5.4%
藏语原文: དེ་ཡང་བཅག་ནས་སྲུང་མ་དག་ན་ཏེ་འདི་དག་ནི་རྫེའུ་སྟོང་པ...

开始翻译流程 (尝试 1/2):
========================================
步骤1: 输入藏语文本...
输入文本时出错: Message: tab crashed
  (Session info: chrome=143.0.7499.169)

✗ 输入文本失败

开始翻译流程 (尝试 2/2):
========================================
步骤1: 输入藏语文本...
输入文本时出错: Message: tab crashed
  (Session info: chrome=143.0.7499.169)

✗ 输入文本失败
========================================
✗ 翻译失败，跳过此行
✓ 已保存到文件: 244/4500 条

[245/4500] 翻译进度: 5.4%
藏语原文: དེ་སྐྲག་ནས་ཅང་མི་སྨྲ་བར་འདུག་པ་དང་།

开始翻译流程 (尝试 1/2):
========================================
步骤1: 输入藏语文本...
输入文本时出错: Message: tab crashed
  (Session info: chrome=143.0.7499.169)

✗ 输入文本失败

开始翻译流程 (尝试 2/2):
========================================
步骤1: 输入藏语文本...
输入文本时出错: Message: tab crashed
  (Session info: chrome=143.0.7499.169)

✗ 输入文本失败
========================================
✗ 翻译失败，跳过此行
✓ 已保存到文件: 245/4500 条

[246/4500] 翻译进度: 5.5%
藏语原文: རྒྱལ་པོ་སེམས་ཁོང་དུ་ཆུད་ཅིང་འདུག་པ་དང་།

开始翻译流程 (尝试 1/2):
========================================
步骤1: 输入藏语文本...
输入文本时出错: Message: tab crashed
  (Session info: chrome=143.0.7499.169)

✗ 输入文本失败

开始翻译流程 (尝试 2/2):
========================================
步骤1: 输入藏语文本...
输入文本时出错: Message: tab crashed
  (Session info: chrome=143.0.7499.169)

✗ 输入文本失败
========================================
✗ 翻译失败，跳过此行
✓ 已保存到文件: 246/4500 条

[247/4500] 翻译进度: 5.5%
藏语原文: དེ་ནས་འདིས་སེམས་གདུག་པས་དྲང་སྲོང་ལ་ཕྱོགས་འདི་ཉིད་ད...

开始翻译流程 (尝试 1/2):
========================================
步骤1: 输入藏语文本...
输入文本时出错: Message: tab crashed
  (Session info: chrome=143.0.7499.169)

✗ 输入文本失败

开始翻译流程 (尝试 2/2):
========================================
步骤1: 输入藏语文本...
输入文本时出错: Message: tab crashed
  (Session info: chrome=143.0.7499.169)

✗ 输入文本失败
========================================
✗ 翻译失败，跳过此行
✓ 已保存到文件: 247/4500 条

[248/4500] 翻译进度: 5.5%
藏语原文: དེ་ནས་བདུད་རྩི་ཟས་ཀྱིས་བཅོམ་ལྡན་འདས་ཀྱི་ཞབས་གཉིས་ལ...

开始翻译流程 (尝试 1/2):
========================================
步骤1: 输入藏语文本...
输入文本时出错: Message: tab crashed
  (Session info: chrome=143.0.7499.169)

✗ 输入文本失败

开始翻译流程 (尝试 2/2):
========================================
步骤1: 输入藏语文本...
输入文本时出错: Message: tab crashed
  (Session info: chrome=143.0.7499.169)

✗ 输入文本失败
========================================
✗ 翻译失败，跳过此行
✓ 已保存到文件: 248/4500 条

[249/4500] 翻译进度: 5.5%
藏语原文: ཕྱོགས་གཅིག་ཏུ་འདུག་པ་དང་།

开始翻译流程 (尝试 1/2):
========================================
步骤1: 输入藏语文本...
输入文本时出错: Message: tab crashed
  (Session info: chrome=143.0.7499.169)

✗ 输入文本失败

开始翻译流程 (尝试 2/2):
========================================
步骤1: 输入藏语文本...
输入文本时出错: Message: tab crashed
  (Session info: chrome=143.0.7499.169)

✗ 输入文本失败
========================================
✗ 翻译失败，跳过此行
✓ 已保存到文件: 249/4500 条

[250/4500] 翻译进度: 5.6%
藏语原文: བཅོམ་ལྡན་འདས་ཀྱི་ཞབས་གཉིས་ལ་མགོ་བོས་ཕྱག་བྱས་ཏེ་ཕྱོ...

开始翻译流程 (尝试 1/2):
========================================
步骤1: 输入藏语文本...
输入文本时出错: Message: tab crashed
  (Session info: chrome=143.0.7499.169)

✗ 输入文本失败

开始翻译流程 (尝试 2/2):
========================================
步骤1: 输入藏语文本...
输入文本时出错: Message: tab crashed
  (Session info: chrome=143.0.7499.169)

✗ 输入文本失败
========================================
✗ 翻译失败，跳过此行
✓ 已保存到文件: 250/4500 条

[251/4500] 翻译进度: 5.6%
藏语原文: ཞལ་རྫུན་གསུངས་དགོས་དོན་མི་འདུག་པས།

开始翻译流程 (尝试 1/2):
========================================
步骤1: 输入藏语文本...
输入文本时出错: Message: tab crashed
  (Session info: chrome=143.0.7499.169)

✗ 输入文本失败

开始翻译流程 (尝试 2/2):
========================================
步骤1: 输入藏语文本...
输入文本时出错: Message: tab crashed
  (Session info: chrome=143.0.7499.169)

✗ 输入文本失败
========================================
✗ 翻译失败，跳过此行
✓ 已保存到文件: 251/4500 条

[252/4500] 翻译进度: 5.6%
藏语原文: སྒྲ་མིར་རྟག་པ་ཟེར་བ་དེ་ངས་གསལ་བོ་དྲན་གྱི་འདུག་དེར་...

开始翻译流程 (尝试 1/2):
========================================
步骤1: 输入藏语文本...
输入文本时出错: Message: tab crashed
  (Session info: chrome=143.0.7499.169)

✗ 输入文本失败

开始翻译流程 (尝试 2/2):
========================================
步骤1: 输入藏语文本...
输入文本时出错: Message: tab crashed
  (Session info: chrome=143.0.7499.169)

✗ 输入文本失败
========================================
✗ 翻译失败，跳过此行
✓ 已保存到文件: 252/4500 条

[253/4500] 翻译进度: 5.6%
藏语原文: ནམ་རྒྱུན་སྲད་རྒྱུད་ཀྱི་ཚོགས་འདོན་དུ་གསང་འདུས་ལེའུ་...

开始翻译流程 (尝试 1/2):
========================================
步骤1: 输入藏语文本...
输入文本时出错: Message: tab crashed
  (Session info: chrome=143.0.7499.169)

✗ 输入文本失败

开始翻译流程 (尝试 2/2):
========================================
步骤1: 输入藏语文本...
输入文本时出错: Message: tab crashed
  (Session info: chrome=143.0.7499.169)

✗ 输入文本失败
========================================
✗ 翻译失败，跳过此行
✓ 已保存到文件: 253/4500 条

[254/4500] 翻译进度: 5.6%
藏语原文: ཕལ་ཆེར་ས་སྐྱའི་ཕྱོགས་ལ་ཡང་དཀོན་པོ་འདུག་ལ།

开始翻译流程 (尝试 1/2):
========================================
步骤1: 输入藏语文本...
输入文本时出错: Message: tab crashed
  (Session info: chrome=143.0.7499.169)

✗ 输入文本失败

开始翻译流程 (尝试 2/2):
========================================
步骤1: 输入藏语文本...
输入文本时出错: Message: tab crashed
  (Session info: chrome=143.0.7499.169)

✗ 输入文本失败
========================================
✗ 翻译失败，跳过此行
✓ 已保存到文件: 254/4500 条

[255/4500] 翻译进度: 5.7%
藏语原文: བཀའ་བརྒྱུད་ཀྱི་ཕྱོགས་ལ་ཡང་དཀོན་པོ་འདུག་དེ་ལྟར་སྲད་...

开始翻译流程 (尝试 1/2):
========================================
步骤1: 输入藏语文本...
输入文本时出错: Message: tab crashed
  (Session info: chrome=143.0.7499.169)

✗ 输入文本失败

开始翻译流程 (尝试 2/2):
========================================
步骤1: 输入藏语文本...
输入文本时出错: Message: tab crashed
  (Session info: chrome=143.0.7499.169)

✗ 输入文本失败
========================================
✗ 翻译失败，跳过此行
✓ 已保存到文件: 255/4500 条

[256/4500] 翻译进度: 5.7%
藏语原文: རྡོ་རྗེ་མཆེད་གསུམ་ཞེས་བསམ་གྱིས་མི་ཁྱབ་པ་ཞིག་བྱུང་འ...

开始翻译流程 (尝试 1/2):
========================================
步骤1: 输入藏语文本...
输入文本时出错: Message: tab crashed
  (Session info: chrome=143.0.7499.169)

✗ 输入文本失败

开始翻译流程 (尝试 2/2):
========================================
步骤1: 输入藏语文本...
输入文本时出错: Message: tab crashed
  (Session info: chrome=143.0.7499.169)

✗ 输入文本失败
========================================
✗ 翻译失败，跳过此行
✓ 已保存到文件: 256/4500 条

[257/4500] 翻译进度: 5.7%
藏语原文: རྒྱལ་བ་དབེན་ས་པའི་གསུང་ངམ་དབེན་ས་བཀའ་འབུམ་གྱི་ནང་ལ...

开始翻译流程 (尝试 1/2):
========================================
步骤1: 输入藏语文本...
输入文本时出错: Message: tab crashed
  (Session info: chrome=143.0.7499.169)

✗ 输入文本失败

开始翻译流程 (尝试 2/2):
========================================
步骤1: 输入藏语文本...
输入文本时出错: Message: tab crashed
  (Session info: chrome=143.0.7499.169)

✗ 输入文本失败
========================================
✗ 翻译失败，跳过此行
✓ 已保存到文件: 257/4500 条

[258/4500] 翻译进度: 5.7%
藏语原文: དེ་ལྟ་བུའི་རང་བཞིན་བརྗོད་པ་ཞིག་གསུངས་འདུག་པ་ལྟར་བས...

开始翻译流程 (尝试 1/2):
========================================
步骤1: 输入藏语文本...
输入文本时出错: Message: tab crashed
  (Session info: chrome=143.0.7499.169)

✗ 输入文本失败

开始翻译流程 (尝试 2/2):
========================================
步骤1: 输入藏语文本...
输入文本时出错: Message: tab crashed
  (Session info: chrome=143.0.7499.169)

✗ 输入文本失败
========================================
✗ 翻译失败，跳过此行
✓ 已保存到文件: 258/4500 条

[259/4500] 翻译进度: 5.8%
藏语原文: རྒྱུད་པ་ཁག་གཉིས་འདུག་སྟེ།

开始翻译流程 (尝试 1/2):
========================================
步骤1: 输入藏语文本...
输入文本时出错: Message: tab crashed
  (Session info: chrome=143.0.7499.169)

✗ 输入文本失败

开始翻译流程 (尝试 2/2):
========================================
步骤1: 输入藏语文本...
输入文本时出错: Message: tab crashed
  (Session info: chrome=143.0.7499.169)

✗ 输入文本失败
========================================
✗ 翻译失败，跳过此行
✓ 已保存到文件: 259/4500 条

[260/4500] 翻译进度: 5.8%
藏语原文: ཞེས་གསུངས་འདུག་པ་ལྟར།

开始翻译流程 (尝试 1/2):
========================================
步骤1: 输入藏语文本...
输入文本时出错: Message: tab crashed
  (Session info: chrome=143.0.7499.169)

✗ 输入文本失败

开始翻译流程 (尝试 2/2):
========================================
步骤1: 输入藏语文本...
输入文本时出错: Message: tab crashed
  (Session info: chrome=143.0.7499.169)

✗ 输入文本失败
========================================
✗ 翻译失败，跳过此行
✓ 已保存到文件: 260/4500 条

[261/4500] 翻译进度: 5.8%
藏语原文: སྐྱེས་ཙམ་ཉིད་ནས་དང་རང་སྟོབས་ཀྱིས་མི་ཡོང་བས་བསླབས་ན...

开始翻译流程 (尝试 1/2):
========================================
步骤1: 输入藏语文本...
输入文本时出错: Message: tab crashed
  (Session info: chrome=143.0.7499.169)

✗ 输入文本失败

开始翻译流程 (尝试 2/2):
========================================
步骤1: 输入藏语文本...
输入文本时出错: Message: tab crashed
  (Session info: chrome=143.0.7499.169)

✗ 输入文本失败
========================================
✗ 翻译失败，跳过此行
✓ 已保存到文件: 261/4500 条

[262/4500] 翻译进度: 5.8%
藏语原文: བཟོ་ལྟ་ཅང་མི་འདུག་ཅེས་སོགས་ལབ་ཀྱང་ཁྱད་མེད།

开始翻译流程 (尝试 1/2):
========================================
步骤1: 输入藏语文本...
输入文本时出错: Message: tab crashed
  (Session info: chrome=143.0.7499.169)

✗ 输入文本失败

开始翻译流程 (尝试 2/2):
========================================
步骤1: 输入藏语文本...
输入文本时出错: Message: tab crashed
  (Session info: chrome=143.0.7499.169)

✗ 输入文本失败
========================================
✗ 翻译失败，跳过此行
✓ 已保存到文件: 262/4500 条

[263/4500] 翻译进度: 5.8%
藏语原文: འཕྲལ་དུ་དགོས་པ་ཅི་ཞིག་འདུག་ཕུགས་ལ་ཕན་ཐོགས་ཅི་ཞིག་འ...

开始翻译流程 (尝试 1/2):
========================================
步骤1: 输入藏语文本...
输入文本时出错: Message: tab crashed
  (Session info: chrome=143.0.7499.169)

✗ 输入文本失败

开始翻译流程 (尝试 2/2):
========================================
步骤1: 输入藏语文本...
输入文本时出错: Message: tab crashed
  (Session info: chrome=143.0.7499.169)

✗ 输入文本失败
========================================
✗ 翻译失败，跳过此行
✓ 已保存到文件: 263/4500 条

[264/4500] 翻译进度: 5.9%
藏语原文: བློ་ཕྱོགས་སུ་ལྷུང་ན་རང་དང་རང་ཕྱོགས་ཀྱི་སྐྱོན་ཡང་ཡོ...

开始翻译流程 (尝试 1/2):
========================================
步骤1: 输入藏语文本...
输入文本时出错: Message: tab crashed
  (Session info: chrome=143.0.7499.169)

✗ 输入文本失败

开始翻译流程 (尝试 2/2):
========================================
步骤1: 输入藏语文本...
输入文本时出错: Message: tab crashed
  (Session info: chrome=143.0.7499.169)

✗ 输入文本失败
========================================
✗ 翻译失败，跳过此行
✓ 已保存到文件: 264/4500 条

[265/4500] 翻译进度: 5.9%
藏语原文: འགལ་འདུ་ཡོད་པ་ཅི་ཞིག་འདུག་སོགས་ཀྱི་དོན་ལ་བསམ་བློ་བ...

开始翻译流程 (尝试 1/2):
========================================
步骤1: 输入藏语文本...
输入文本时出错: Message: tab crashed
  (Session info: chrome=143.0.7499.169)

✗ 输入文本失败

开始翻译流程 (尝试 2/2):
========================================
步骤1: 输入藏语文本...
输入文本时出错: Message: tab crashed
  (Session info: chrome=143.0.7499.169)

✗ 输入文本失败
========================================
✗ 翻译失败，跳过此行
✓ 已保存到文件: 265/4500 条

[266/4500] 翻译进度: 5.9%
藏语原文: དེ་སྒྲ་ཇི་བཞིན་པར་ཁས་བླང་ན་རིགས་པས་གནོད་པ་ཅི་ཞིག་འ...

开始翻译流程 (尝试 1/2):
========================================
步骤1: 输入藏语文本...
输入文本时出错: Message: tab crashed
  (Session info: chrome=143.0.7499.169)

✗ 输入文本失败

开始翻译流程 (尝试 2/2):
========================================
步骤1: 输入藏语文本...
输入文本时出错: Message: tab crashed
  (Session info: chrome=143.0.7499.169)

✗ 输入文本失败
========================================
✗ 翻译失败，跳过此行
✓ 已保存到文件: 266/4500 条

[267/4500] 翻译进度: 5.9%
藏语原文: དོན་མ་གྲུབ་ལག་ནས་འཆོར་ཉེན་གདའ།

开始翻译流程 (尝试 1/2):
========================================
步骤1: 输入藏语文本...
输入文本时出错: Message: tab crashed
  (Session info: chrome=143.0.7499.169)

✗ 输入文本失败

开始翻译流程 (尝试 2/2):
========================================
步骤1: 输入藏语文本...
输入文本时出错: Message: tab crashed
  (Session info: chrome=143.0.7499.169)

✗ 输入文本失败
========================================
✗ 翻译失败，跳过此行
✓ 已保存到文件: 267/4500 条

[268/4500] 翻译进度: 6.0%
藏语原文: འདིའི་རིགས་མགོ་རྙོག་ཅུང་ཆེ་བར་འདུག་པས་བསམ་བློ་ཧ་ཅང...

开始翻译流程 (尝试 1/2):
========================================
步骤1: 输入藏语文本...
输入文本时出错: Message: tab crashed
  (Session info: chrome=143.0.7499.169)

✗ 输入文本失败

开始翻译流程 (尝试 2/2):
========================================
步骤1: 输入藏语文本...
输入文本时出错: Message: tab crashed
  (Session info: chrome=143.0.7499.169)

✗ 输入文本失败
========================================
✗ 翻译失败，跳过此行
✓ 已保存到文件: 268/4500 条

[269/4500] 翻译进度: 6.0%
藏语原文: རྒྱུད་འདུལ་དགོས་ཀྱི་འདུག་སྙམ་པའི་བསམ་བློ་གཏོང་དགོས...

开始翻译流程 (尝试 1/2):
========================================
步骤1: 输入藏语文本...
输入文本时出错: Message: tab crashed
  (Session info: chrome=143.0.7499.169)

✗ 输入文本失败

开始翻译流程 (尝试 2/2):
========================================
步骤1: 输入藏语文本...
输入文本时出错: Message: tab crashed
  (Session info: chrome=143.0.7499.169)

✗ 输入文本失败
========================================
✗ 翻译失败，跳过此行
✓ 已保存到文件: 269/4500 条

[270/4500] 翻译进度: 6.0%
藏语原文: ཡི་དམ་ངོ་བོ་དབྱེར་མེད་དང་རང་བཞིན་གཅིག་ཆགས་ཡོད།

开始翻译流程 (尝试 1/2):
========================================
步骤1: 输入藏语文本...
输入文本时出错: Message: tab crashed
  (Session info: chrome=143.0.7499.169)

✗ 输入文本失败

开始翻译流程 (尝试 2/2):
========================================
步骤1: 输入藏语文本...
输入文本时出错: Message: tab crashed
  (Session info: chrome=143.0.7499.169)

✗ 输入文本失败
========================================
✗ 翻译失败，跳过此行
✓ 已保存到文件: 270/4500 条

[271/4500] 翻译进度: 6.0%
藏语原文: མི་འདུག་ལབ་ཀྱང་ཅུང་ཁ་ཐབས་དྲག་གྲས་ཡིན་ཏེ།

开始翻译流程 (尝试 1/2):
========================================
步骤1: 输入藏语文本...
输入文本时出错: Message: tab crashed
  (Session info: chrome=143.0.7499.169)

✗ 输入文本失败

开始翻译流程 (尝试 2/2):
========================================
步骤1: 输入藏语文本...
输入文本时出错: Message: tab crashed
  (Session info: chrome=143.0.7499.169)

✗ 输入文本失败
========================================
✗ 翻译失败，跳过此行
✓ 已保存到文件: 271/4500 条

[272/4500] 翻译进度: 6.0%
藏语原文: སྟན་བདེ་བ་ལ་ལུས་འདུག་ལུགས་བརྒྱད་དང་སྤྱོད་ལམ་གང་བདེ...

开始翻译流程 (尝试 1/2):
========================================
步骤1: 输入藏语文本...
输入文本时出错: Message: tab crashed
  (Session info: chrome=143.0.7499.169)

✗ 输入文本失败

开始翻译流程 (尝试 2/2):
========================================
步骤1: 输入藏语文本...
输入文本时出错: Message: tab crashed
  (Session info: chrome=143.0.7499.169)

✗ 输入文本失败
========================================
✗ 翻译失败，跳过此行
✓ 已保存到文件: 272/4500 条

[273/4500] 翻译进度: 6.1%
藏语原文: ཚོགས་ཞིང་རང་གནས་སུ་གཤེགས་པའི་དམིགས་པ་བྱེད་པ་སོགས་ཡ...

开始翻译流程 (尝试 1/2):
========================================
步骤1: 输入藏语文本...
输入文本时出错: Message: tab crashed
  (Session info: chrome=143.0.7499.169)

✗ 输入文本失败

开始翻译流程 (尝试 2/2):
========================================
步骤1: 输入藏语文本...
输入文本时出错: Message: tab crashed
  (Session info: chrome=143.0.7499.169)

✗ 输入文本失败
========================================
✗ 翻译失败，跳过此行
✓ 已保存到文件: 273/4500 条

[274/4500] 翻译进度: 6.1%
藏语原文: གཞི་ནས་གཉུག་མའི་ཉམས་མྱོང་འགོ་ཚུགས་པ་ལྟ་བུ་ཡོང་འདུག...

开始翻译流程 (尝试 1/2):
========================================
步骤1: 输入藏语文本...
输入文本时出错: Message: tab crashed
  (Session info: chrome=143.0.7499.169)

✗ 输入文本失败

开始翻译流程 (尝试 2/2):
========================================
步骤1: 输入藏语文本...
输入文本时出错: Message: tab crashed
  (Session info: chrome=143.0.7499.169)

✗ 输入文本失败
========================================
✗ 翻译失败，跳过此行
✓ 已保存到文件: 274/4500 条

[275/4500] 翻译进度: 6.1%
藏语原文: དེ་ལས་གཤིན་རྗེ་དེ་སྐྱབས་སུ་མཆི་བསམ་པ་བྱས་ན་ཡག་ཡག་འ...

开始翻译流程 (尝试 1/2):
========================================
步骤1: 输入藏语文本...
输入文本时出错: Message: tab crashed
  (Session info: chrome=143.0.7499.169)

✗ 输入文本失败

开始翻译流程 (尝试 2/2):
========================================
步骤1: 输入藏语文本...
输入文本时出错: Message: tab crashed
  (Session info: chrome=143.0.7499.169)

✗ 输入文本失败
========================================
✗ 翻译失败，跳过此行
✓ 已保存到文件: 275/4500 条

[276/4500] 翻译进度: 6.1%
藏语原文: སོ་སྐྱེ་ལས་དང་པོ་བ་ཞིག་ཆགས་འདུག་ཀྱང་།

开始翻译流程 (尝试 1/2):
========================================
步骤1: 输入藏语文本...
输入文本时出错: Message: tab crashed
  (Session info: chrome=143.0.7499.169)

✗ 输入文本失败

开始翻译流程 (尝试 2/2):
========================================
步骤1: 输入藏语文本...
输入文本时出错: Message: tab crashed
  (Session info: chrome=143.0.7499.169)

✗ 输入文本失败
========================================
✗ 翻译失败，跳过此行
✓ 已保存到文件: 276/4500 条

[277/4500] 翻译进度: 6.2%
藏语原文: ནམ་རྒྱུན་རྫོགས་པ་ཆེན་པོའི་ཀུན་ཏུ་བཟང་པོ་ཞེས་པ་སྐུ་...

开始翻译流程 (尝试 1/2):
========================================
步骤1: 输入藏语文本...
输入文本时出错: Message: tab crashed
  (Session info: chrome=143.0.7499.169)

✗ 输入文本失败

开始翻译流程 (尝试 2/2):
========================================
步骤1: 输入藏语文本...
输入文本时出错: Message: tab crashed
  (Session info: chrome=143.0.7499.169)

✗ 输入文本失败
========================================
✗ 翻译失败，跳过此行
✓ 已保存到文件: 277/4500 条

[278/4500] 翻译进度: 6.2%
藏语原文: གང་ཟག་དེ་ཅི་འདྲ་ཞིག་འདུག་ཕུང་པོ་ལྔ་དང་ངོ་བོ་ཉིད་ཀྱ...

开始翻译流程 (尝试 1/2):
========================================
步骤1: 输入藏语文本...
输入文本时出错: Message: tab crashed
  (Session info: chrome=143.0.7499.169)

✗ 输入文本失败

开始翻译流程 (尝试 2/2):
========================================
步骤1: 输入藏语文本...
输入文本时出错: Message: tab crashed
  (Session info: chrome=143.0.7499.169)

✗ 输入文本失败
========================================
✗ 翻译失败，跳过此行
✓ 已保存到文件: 278/4500 条

[279/4500] 翻译进度: 6.2%
藏语原文: ཞེས་བཏོན་ན་ཡང་ཡག་པོ་འདུགརབ་དཀར་དགེ་སེམས་ཆེན་པོའི་ང...

开始翻译流程 (尝试 1/2):
========================================
步骤1: 输入藏语文本...
输入文本时出错: Message: tab crashed
  (Session info: chrome=143.0.7499.169)

✗ 输入文本失败

开始翻译流程 (尝试 2/2):
========================================
步骤1: 输入藏语文本...
输入文本时出错: Message: tab crashed
  (Session info: chrome=143.0.7499.169)

✗ 输入文本失败
========================================
✗ 翻译失败，跳过此行
✓ 已保存到文件: 279/4500 条

[280/4500] 翻译进度: 6.2%
藏语原文: མཉམ་པར་བཞག་པའི་བཞག་དུས་ལ་ང་རྒྱལ་ཡོད་གསུངས་པ་བཞིན་ད...

开始翻译流程 (尝试 1/2):
========================================
步骤1: 输入藏语文本...
输入文本时出错: Message: tab crashed
  (Session info: chrome=143.0.7499.169)

✗ 输入文本失败

开始翻译流程 (尝试 2/2):
========================================
步骤1: 输入藏语文本...
输入文本时出错: Message: tab crashed
  (Session info: chrome=143.0.7499.169)

✗ 输入文本失败
========================================
✗ 翻译失败，跳过此行
✓ 已保存到文件: 280/4500 条

[281/4500] 翻译进度: 6.2%
藏语原文: འདི་ལྟར་བྱས་ན་ཡང་འདུམ་བདེ་བོ་འདུག་ཡང་དེ་ནས་ཉམས་བསྡ...

开始翻译流程 (尝试 1/2):
========================================
步骤1: 输入藏语文本...
输入文本时出错: Message: tab crashed
  (Session info: chrome=143.0.7499.169)

✗ 输入文本失败

开始翻译流程 (尝试 2/2):
========================================
步骤1: 输入藏语文本...
输入文本时出错: Message: tab crashed
  (Session info: chrome=143.0.7499.169)

✗ 输入文本失败
========================================
✗ 翻译失败，跳过此行
✓ 已保存到文件: 281/4500 条

[282/4500] 翻译进度: 6.3%
藏语原文: དགའ་མཁན་དང་སྐྱོ་མཁན་གྱི་བདག་ཅེས་པ་ཅི་འདྲར་འདུག་པ་ད...

开始翻译流程 (尝试 1/2):
========================================
步骤1: 输入藏语文本...
输入文本时出错: Message: tab crashed
  (Session info: chrome=143.0.7499.169)

✗ 输入文本失败

开始翻译流程 (尝试 2/2):
========================================
步骤1: 输入藏语文本...
输入文本时出错: Message: tab crashed
  (Session info: chrome=143.0.7499.169)

✗ 输入文本失败
========================================
✗ 翻译失败，跳过此行
✓ 已保存到文件: 282/4500 条

[283/4500] 翻译进度: 6.3%
藏语原文: མཐར་གཏུགས་ནས་ཡོང་ན་ང་ཡིད་ཆེས་ཀྱི་མི་འདུག་ཟེར་བ་ཙམ་...

开始翻译流程 (尝试 1/2):
========================================
步骤1: 输入藏语文本...
输入文本时出错: Message: tab crashed
  (Session info: chrome=143.0.7499.169)

✗ 输入文本失败

开始翻译流程 (尝试 2/2):
========================================
步骤1: 输入藏语文本...
输入文本时出错: Message: tab crashed
  (Session info: chrome=143.0.7499.169)

✗ 输入文本失败
========================================
✗ 翻译失败，跳过此行
✓ 已保存到文件: 283/4500 条

[284/4500] 翻译进度: 6.3%
藏语原文: ཞེས་པའི་སྡོམ་ཞིག་ཀྱང་འདུག་པའི་ནང་གསལ་ལྟར་མཚན་ལམ་ཧ་...

开始翻译流程 (尝试 1/2):
========================================
步骤1: 输入藏语文本...
输入文本时出错: Message: tab crashed
  (Session info: chrome=143.0.7499.169)

✗ 输入文本失败

开始翻译流程 (尝试 2/2):
========================================
步骤1: 输入藏语文本...
输入文本时出错: Message: tab crashed
  (Session info: chrome=143.0.7499.169)

✗ 输入文本失败
========================================
✗ 翻译失败，跳过此行
✓ 已保存到文件: 284/4500 条

[285/4500] 翻译进度: 6.3%
藏语原文: ཨ་ར་པ་ཙ་ན།

开始翻译流程 (尝试 1/2):
========================================
步骤1: 输入藏语文本...
输入文本时出错: Message: tab crashed
  (Session info: chrome=143.0.7499.169)

✗ 输入文本失败

开始翻译流程 (尝试 2/2):
========================================
步骤1: 输入藏语文本...
输入文本时出错: Message: tab crashed
  (Session info: chrome=143.0.7499.169)

✗ 输入文本失败
========================================
✗ 翻译失败，跳过此行
✓ 已保存到文件: 285/4500 条

[286/4500] 翻译进度: 6.4%
藏语原文: དགའ་ལྷང་ལྷང་ཡོད་པའི་བདེ་ཉམས་ཤིག་བཏོན་པའི་ཐོག་ནས་བད...

开始翻译流程 (尝试 1/2):
========================================
步骤1: 输入藏语文本...
输入文本时出错: Message: tab crashed
  (Session info: chrome=143.0.7499.169)

✗ 输入文本失败

开始翻译流程 (尝试 2/2):
========================================
步骤1: 输入藏语文本...
输入文本时出错: Message: tab crashed
  (Session info: chrome=143.0.7499.169)

✗ 输入文本失败
========================================
✗ 翻译失败，跳过此行
✓ 已保存到文件: 286/4500 条

[287/4500] 翻译进度: 6.4%
藏语原文: བཅོམ་ལྡན་འདས་ཀྱི་ཡོན་ཏན་བརྗོད་སྐབས་གཙོ་བོ་བརྩེ་བའི...

开始翻译流程 (尝试 1/2):
========================================
步骤1: 输入藏语文本...
输入文本时出错: Message: tab crashed
  (Session info: chrome=143.0.7499.169)

✗ 输入文本失败

开始翻译流程 (尝试 2/2):
========================================
步骤1: 输入藏语文本...
输入文本时出错: Message: tab crashed
  (Session info: chrome=143.0.7499.169)

✗ 输入文本失败
========================================
✗ 翻译失败，跳过此行
✓ 已保存到文件: 287/4500 条

[288/4500] 翻译进度: 6.4%
藏语原文: འདོན་པ་མང་ཆེ་བ་ཡང་བོད་སྐད་ནང་འདོན་གྱི་འདུག་པས།

开始翻译流程 (尝试 1/2):
========================================
步骤1: 输入藏语文本...
输入文本时出错: Message: tab crashed
  (Session info: chrome=143.0.7499.169)

✗ 输入文本失败

开始翻译流程 (尝试 2/2):
========================================
步骤1: 输入藏语文本...
输入文本时出错: Message: tab crashed
  (Session info: chrome=143.0.7499.169)

✗ 输入文本失败
========================================
✗ 翻译失败，跳过此行
✓ 已保存到文件: 288/4500 条

[289/4500] 翻译进度: 6.4%
藏语原文: ང་རང་ཡང་ཧ་ཅང་དགའ་བོ་བྱུང་།

开始翻译流程 (尝试 1/2):
========================================
步骤1: 输入藏语文本...
输入文本时出错: Message: tab crashed
  (Session info: chrome=143.0.7499.169)

✗ 输入文本失败

开始翻译流程 (尝试 2/2):
========================================
步骤1: 输入藏语文本...
输入文本时出错: Message: tab crashed
  (Session info: chrome=143.0.7499.169)

✗ 输入文本失败
========================================
✗ 翻译失败，跳过此行
✓ 已保存到文件: 289/4500 条

[290/4500] 翻译进度: 6.4%
藏语原文: དེ་ནས་སྟན་བདེ་བ་ལ་ལུས་འདུག་ལུགས་བརྒྱད་དམ་སྤྱོད་ལམ་...

开始翻译流程 (尝试 1/2):
========================================
步骤1: 输入藏语文本...
输入文本时出错: Message: tab crashed
  (Session info: chrome=143.0.7499.169)

✗ 输入文本失败

开始翻译流程 (尝试 2/2):
========================================
步骤1: 输入藏语文本...
输入文本时出错: Message: tab crashed
  (Session info: chrome=143.0.7499.169)

✗ 输入文本失败
========================================
✗ 翻译失败，跳过此行
✓ 已保存到文件: 290/4500 条

[291/4500] 翻译进度: 6.5%
藏语原文: དེ་འདྲའི་ལུས་འདུག་ལུགས་བརྒྱད་དམ་སྤྱོད་ལམ་གང་བདེར་འ...

开始翻译流程 (尝试 1/2):
========================================
步骤1: 输入藏语文本...
输入文本时出错: Message: tab crashed
  (Session info: chrome=143.0.7499.169)

✗ 输入文本失败

开始翻译流程 (尝试 2/2):
========================================
步骤1: 输入藏语文本...
输入文本时出错: Message: tab crashed
  (Session info: chrome=143.0.7499.169)

✗ 输入文本失败
========================================
✗ 翻译失败，跳过此行
✓ 已保存到文件: 291/4500 条

[292/4500] 翻译进度: 6.5%
藏语原文: ད་ལྟ་ཤི་བ་ཡིན་ན་མི་ཚེ་འདིར་ཕྱི་མ་ལ་ཕན་ཐོགས་ངེས་ཤིང...

开始翻译流程 (尝试 1/2):
========================================
步骤1: 输入藏语文本...
输入文本时出错: Message: tab crashed
  (Session info: chrome=143.0.7499.169)

✗ 输入文本失败

开始翻译流程 (尝试 2/2):
========================================
步骤1: 输入藏语文本...
输入文本时出错: Message: tab crashed
  (Session info: chrome=143.0.7499.169)

✗ 输入文本失败
========================================
✗ 翻译失败，跳过此行
✓ 已保存到文件: 292/4500 条

[293/4500] 翻译进度: 6.5%
藏语原文: སྡོམ་པ་བླངས་པ་སོགས་བྱས་ཡོད་ཀྱང་རང་བློ་རང་ལ་ལྐོག་ཏུ...

开始翻译流程 (尝试 1/2):
========================================
步骤1: 输入藏语文本...
输入文本时出错: Message: tab crashed
  (Session info: chrome=143.0.7499.169)

✗ 输入文本失败

开始翻译流程 (尝试 2/2):
========================================
步骤1: 输入藏语文本...
输入文本时出错: Message: tab crashed
  (Session info: chrome=143.0.7499.169)

✗ 输入文本失败
========================================
✗ 翻译失败，跳过此行
✓ 已保存到文件: 293/4500 条

[294/4500] 翻译进度: 6.5%
藏语原文: ད་ལྟ་ཤི་ན་གདེང་འཁེལ་བ་ཅི་ཞིག་བྱས་འདུག་བསམ་བློ་བཏང་...

开始翻译流程 (尝试 1/2):
========================================
步骤1: 输入藏语文本...
输入文本时出错: Message: tab crashed
  (Session info: chrome=143.0.7499.169)

✗ 输入文本失败

开始翻译流程 (尝试 2/2):
========================================
步骤1: 输入藏语文本...
输入文本时出错: Message: tab crashed
  (Session info: chrome=143.0.7499.169)

✗ 输入文本失败
========================================
✗ 翻译失败，跳过此行
✓ 已保存到文件: 294/4500 条

[295/4500] 翻译进度: 6.6%
藏语原文: ད་ལྟ་ཤི་ན་ཇི་ལྟར་བྱེད་བསམ་བློ་བཏང་ན་གདེང་འཁེལ་རྒྱུ...

开始翻译流程 (尝试 1/2):
========================================
步骤1: 输入藏语文本...
输入文本时出错: Message: tab crashed
  (Session info: chrome=143.0.7499.169)

✗ 输入文本失败

开始翻译流程 (尝试 2/2):
========================================
步骤1: 输入藏语文本...
输入文本时出错: Message: tab crashed
  (Session info: chrome=143.0.7499.169)

✗ 输入文本失败
========================================
✗ 翻译失败，跳过此行
✓ 已保存到文件: 295/4500 条

[296/4500] 翻译进度: 6.6%
藏语原文: སྐྱབས་ཡུལ་རྣམས་ཀྱང་རང་ལ་ཐུགས་ཤིན་ཏུ་དགྱེས་པའི་ངང་ན...

开始翻译流程 (尝试 1/2):
========================================
步骤1: 输入藏语文本...
输入文本时出错: Message: tab crashed
  (Session info: chrome=143.0.7499.169)

✗ 输入文本失败

开始翻译流程 (尝试 2/2):
========================================
步骤1: 输入藏语文本...
输入文本时出错: Message: tab crashed
  (Session info: chrome=143.0.7499.169)

✗ 输入文本失败
========================================
✗ 翻译失败，跳过此行
✓ 已保存到文件: 296/4500 条

[297/4500] 翻译进度: 6.6%
藏语原文: དེ་བཞིན་གཤེགས་པ་རང་ངོས་ནས་མི་སྣང་ཞེས་གསུངས་འདུག་པར...

开始翻译流程 (尝试 1/2):
========================================
步骤1: 输入藏语文本...
输入文本时出错: Message: tab crashed
  (Session info: chrome=143.0.7499.169)

✗ 输入文本失败

开始翻译流程 (尝试 2/2):
========================================
步骤1: 输入藏语文本...
输入文本时出错: Message: tab crashed
  (Session info: chrome=143.0.7499.169)

✗ 输入文本失败
========================================
✗ 翻译失败，跳过此行
✓ 已保存到文件: 297/4500 条

[298/4500] 翻译进度: 6.6%
藏语原文: བསམ་བློ་གཏང་ས་ཡོད་པའི་བཟོ་ཞིག་འདུག་དེར་བརྟེན་རང་བཞ...

开始翻译流程 (尝试 1/2):
========================================
步骤1: 输入藏语文本...
输入文本时出错: Message: tab crashed
  (Session info: chrome=143.0.7499.169)

✗ 输入文本失败

开始翻译流程 (尝试 2/2):
========================================
步骤1: 输入藏语文本...
输入文本时出错: Message: tab crashed
  (Session info: chrome=143.0.7499.169)

✗ 输入文本失败
========================================
✗ 翻译失败，跳过此行
✓ 已保存到文件: 298/4500 条

[299/4500] 翻译进度: 6.6%
藏语原文: སྟན་བདེ་བ་ལ་ལུས་འདུག་ལུགས་བརྒྱད་དང་སྤྱོད་ལམ་གང་བདེ...

开始翻译流程 (尝试 1/2):
========================================
步骤1: 输入藏语文本...
输入文本时出错: Message: tab crashed
  (Session info: chrome=143.0.7499.169)

✗ 输入文本失败

开始翻译流程 (尝试 2/2):
========================================
步骤1: 输入藏语文本...
输入文本时出错: Message: tab crashed
  (Session info: chrome=143.0.7499.169)

✗ 输入文本失败
========================================
✗ 翻译失败，跳过此行
✓ 已保存到文件: 299/4500 条

[300/4500] 翻译进度: 6.7%
藏语原文: དུད་འགྲོ་ཚོར་བལྟས་ཀྱང་ཅུང་ཙམ་དུད་འགྲོ་སེམས་བཟང་བ་ད...

开始翻译流程 (尝试 1/2):
========================================
步骤1: 输入藏语文本...
输入文本时出错: Message: tab crashed
  (Session info: chrome=143.0.7499.169)

✗ 输入文本失败

开始翻译流程 (尝试 2/2):
========================================
步骤1: 输入藏语文本...
输入文本时出错: Message: tab crashed
  (Session info: chrome=143.0.7499.169)

✗ 输入文本失败
========================================
✗ 翻译失败，跳过此行
✓ 已保存到文件: 300/4500 条

[301/4500] 翻译进度: 6.7%
藏语原文: འཇིག་རྟེན་བཀོད་པ་པོས་སེམས་བཟང་པོ་བྱེད་དགོས་པར་གསུང...

开始翻译流程 (尝试 1/2):
========================================
步骤1: 输入藏语文本...
输入文本时出错: Message: tab crashed
  (Session info: chrome=143.0.7499.169)

✗ 输入文本失败

开始翻译流程 (尝试 2/2):
========================================
步骤1: 输入藏语文本...
输入文本时出错: Message: tab crashed
  (Session info: chrome=143.0.7499.169)

✗ 输入文本失败
========================================
✗ 翻译失败，跳过此行
✓ 已保存到文件: 301/4500 条

[302/4500] 翻译进度: 6.7%
藏语原文: དགའ་ཚོར་མྱོང་མཁན་དེ་ཅི་འདྲ་ཞིག་འདུག་བསམ་བློ་བཏང་ན།

开始翻译流程 (尝试 1/2):
========================================
步骤1: 输入藏语文本...
输入文本时出错: Message: tab crashed
  (Session info: chrome=143.0.7499.169)

✗ 输入文本失败

开始翻译流程 (尝试 2/2):
========================================
步骤1: 输入藏语文本...
输入文本时出错: Message: tab crashed
  (Session info: chrome=143.0.7499.169)

✗ 输入文本失败
========================================
✗ 翻译失败，跳过此行
✓ 已保存到文件: 302/4500 条

[303/4500] 翻译进度: 6.7%
藏语原文: གང་ལྟར་གཉིས་ཆར་གོ་རྒྱུ་འདུག་ཀྱང་།

开始翻译流程 (尝试 1/2):
========================================
步骤1: 输入藏语文本...
输入文本时出错: Message: tab crashed
  (Session info: chrome=143.0.7499.169)

✗ 输入文本失败

开始翻译流程 (尝试 2/2):
========================================
步骤1: 输入藏语文本...
输入文本时出错: Message: tab crashed
  (Session info: chrome=143.0.7499.169)

✗ 输入文本失败
========================================
✗ 翻译失败，跳过此行
✓ 已保存到文件: 303/4500 条

[304/4500] 翻译进度: 6.8%
藏语原文: གསུམ་ལ་རིང་ཐུང་ཡོད་པར་བསམ་ན་ཡང་ཡག་པོ་འདུག་པས།

开始翻译流程 (尝试 1/2):
========================================
步骤1: 输入藏语文本...
输入文本时出错: Message: tab crashed
  (Session info: chrome=143.0.7499.169)

✗ 输入文本失败

开始翻译流程 (尝试 2/2):
========================================
步骤1: 输入藏语文本...
输入文本时出错: Message: tab crashed
  (Session info: chrome=143.0.7499.169)

✗ 输入文本失败
========================================
✗ 翻译失败，跳过此行
✓ 已保存到文件: 304/4500 条

[305/4500] 翻译进度: 6.8%
藏语原文: རྒྱབ་ལོགས་སུ་སྒྲོ་ཏོག་ཙམ་ཡོད་པ་ཞིག་འདུག་སྔར་དེ་ལྟར...

开始翻译流程 (尝试 1/2):
========================================
步骤1: 输入藏语文本...
输入文本时出错: Message: tab crashed
  (Session info: chrome=143.0.7499.169)

✗ 输入文本失败

开始翻译流程 (尝试 2/2):
========================================
步骤1: 输入藏语文本...
输入文本时出错: Message: tab crashed
  (Session info: chrome=143.0.7499.169)

✗ 输入文本失败
========================================
✗ 翻译失败，跳过此行
✓ 已保存到文件: 305/4500 条

[306/4500] 翻译进度: 6.8%
藏语原文: དེ་ལྟ་བུའི་ང་དེ་གང་དུ་འདུག་པ་དང་།

开始翻译流程 (尝试 1/2):
========================================
步骤1: 输入藏语文本...
输入文本时出错: Message: tab crashed
  (Session info: chrome=143.0.7499.169)

✗ 输入文本失败

开始翻译流程 (尝试 2/2):
========================================
步骤1: 输入藏语文本...
输入文本时出错: Message: tab crashed
  (Session info: chrome=143.0.7499.169)

✗ 输入文本失败
========================================
✗ 翻译失败，跳过此行
✓ 已保存到文件: 306/4500 条

[307/4500] 翻译进度: 6.8%
藏语原文: ང་རང་བཞིན་མེད་པར་བསམ་བློ་བཏང་སྟེ།

开始翻译流程 (尝试 1/2):
========================================
步骤1: 输入藏语文本...
输入文本时出错: Message: tab crashed
  (Session info: chrome=143.0.7499.169)

✗ 输入文本失败

开始翻译流程 (尝试 2/2):
========================================
步骤1: 输入藏语文本...
输入文本时出错: Message: tab crashed
  (Session info: chrome=143.0.7499.169)

✗ 输入文本失败
========================================
✗ 翻译失败，跳过此行
✓ 已保存到文件: 307/4500 条

[308/4500] 翻译进度: 6.8%
藏语原文: དེའི་ངོ་བོ་ལ་བལྟ་བ་དང་རང་བཞིན་ལ་བལྟ་བར་གསུངས་པ་མ་ག...

开始翻译流程 (尝试 1/2):
========================================
步骤1: 输入藏语文本...
输入文本时出错: Message: tab crashed
  (Session info: chrome=143.0.7499.169)

✗ 输入文本失败

开始翻译流程 (尝试 2/2):
========================================
步骤1: 输入藏语文本...
输入文本时出错: Message: tab crashed
  (Session info: chrome=143.0.7499.169)

✗ 输入文本失败
========================================
✗ 翻译失败，跳过此行
✓ 已保存到文件: 308/4500 条

[309/4500] 翻译进度: 6.9%
藏语原文: ཁྲིད་ཡིག་ཚོའི་ནང་ལ་ཡང་གསལ་ཁ་དམིགས་བསལ་མི་འདུག་པས།

开始翻译流程 (尝试 1/2):
========================================
步骤1: 输入藏语文本...
输入文本时出错: Message: tab crashed
  (Session info: chrome=143.0.7499.169)

✗ 输入文本失败

开始翻译流程 (尝试 2/2):
========================================
步骤1: 输入藏语文本...
输入文本时出错: Message: tab crashed
  (Session info: chrome=143.0.7499.169)

✗ 输入文本失败
========================================
✗ 翻译失败，跳过此行
✓ 已保存到文件: 309/4500 条

[310/4500] 翻译进度: 6.9%
藏语原文: ཡང་ན་ཁྲོ་བོ་དེ་རྒྱབ་ལ་སྒོམ་སྟངས་གཅིག་བཅས་གསུངས་འདུ...

开始翻译流程 (尝试 1/2):
========================================
步骤1: 输入藏语文本...
输入文本时出错: Message: tab crashed
  (Session info: chrome=143.0.7499.169)

✗ 输入文本失败

开始翻译流程 (尝试 2/2):
========================================
步骤1: 输入藏语文本...
输入文本时出错: Message: tab crashed
  (Session info: chrome=143.0.7499.169)

✗ 输入文本失败
========================================
✗ 翻译失败，跳过此行
✓ 已保存到文件: 310/4500 条

[311/4500] 翻译进度: 6.9%
藏语原文: འགྲེལ་བ་སྒྲོན་གསལ་དུ་ཡང་ལུང་དེ་དྲངས་འདུག་པས།

开始翻译流程 (尝试 1/2):
========================================
步骤1: 输入藏语文本...
输入文本时出错: Message: tab crashed
  (Session info: chrome=143.0.7499.169)

✗ 输入文本失败

开始翻译流程 (尝试 2/2):
========================================
步骤1: 输入藏语文本...
输入文本时出错: Message: tab crashed
  (Session info: chrome=143.0.7499.169)

✗ 输入文本失败
========================================
✗ 翻译失败，跳过此行
✓ 已保存到文件: 311/4500 条

[312/4500] 翻译进度: 6.9%
藏语原文: བྱང་སྒྲ་མི་སྙན་ཡང་ཁོ་རང་ལ་བལྟོས་ཏེ་གཡས་གཡོན་གཉིས་ལ...

开始翻译流程 (尝试 1/2):
========================================
步骤1: 输入藏语文本...
输入文本时出错: Message: tab crashed
  (Session info: chrome=143.0.7499.169)

✗ 输入文本失败

开始翻译流程 (尝试 2/2):
========================================
步骤1: 输入藏语文本...
输入文本时出错: Message: tab crashed
  (Session info: chrome=143.0.7499.169)

✗ 输入文本失败
========================================
✗ 翻译失败，跳过此行
✓ 已保存到文件: 312/4500 条

[313/4500] 翻译进度: 7.0%
藏语原文: ཉི་ཟླའི་མཐོ་དམན་དང་ཉི་ཟླའི་ཆེ་ཆུང་ལ་ཧ་ཅང་ཧེ་བག་ཆེན...

开始翻译流程 (尝试 1/2):
========================================
步骤1: 输入藏语文本...
输入文本时出错: Message: tab crashed
  (Session info: chrome=143.0.7499.169)

✗ 输入文本失败

开始翻译流程 (尝试 2/2):
========================================
步骤1: 输入藏语文本...
输入文本时出错: Message: tab crashed
  (Session info: chrome=143.0.7499.169)

✗ 输入文本失败
========================================
✗ 翻译失败，跳过此行
✓ 已保存到文件: 313/4500 条

[314/4500] 翻译进度: 7.0%
藏语原文: ཟླ་བ་ཐག་ཉེ་རུ་ཉེ་རུ་ཡོང་བའི་སྐད་ཆ་མི་འདུག་པས་ཏོག་ཙ...

开始翻译流程 (尝试 1/2):
========================================
步骤1: 输入藏语文本...
输入文本时出错: Message: tab crashed
  (Session info: chrome=143.0.7499.169)

✗ 输入文本失败

开始翻译流程 (尝试 2/2):
========================================
步骤1: 输入藏语文本...
输入文本时出错: Message: tab crashed
  (Session info: chrome=143.0.7499.169)

✗ 输入文本失败
========================================
✗ 翻译失败，跳过此行
✓ 已保存到文件: 314/4500 条

[315/4500] 翻译进度: 7.0%
藏语原文: རང་བྱུང་རང་བྱུང་སྟོན་པ་འཇིག་རྟེན་ན།

开始翻译流程 (尝试 1/2):
========================================
步骤1: 输入藏语文本...
输入文本时出错: Message: tab crashed
  (Session info: chrome=143.0.7499.169)

✗ 输入文本失败

开始翻译流程 (尝试 2/2):
========================================
步骤1: 输入藏语文本...
输入文本时出错: Message: tab crashed
  (Session info: chrome=143.0.7499.169)

✗ 输入文本失败
========================================
✗ 翻译失败，跳过此行
✓ 已保存到文件: 315/4500 条

[316/4500] 翻译进度: 7.0%
藏语原文: ཞེས་གསུངས་པ་ལྟར་ཧ་ཅང་སེམས་སྐྱོ་བོ་འདུག་དེ་ལྟར་སྟོན...

开始翻译流程 (尝试 1/2):
========================================
步骤1: 输入藏语文本...
输入文本时出错: Message: tab crashed
  (Session info: chrome=143.0.7499.169)

✗ 输入文本失败

开始翻译流程 (尝试 2/2):
========================================
步骤1: 输入藏语文本...
输入文本时出错: Message: tab crashed
  (Session info: chrome=143.0.7499.169)

✗ 输入文本失败
========================================
✗ 翻译失败，跳过此行
✓ 已保存到文件: 316/4500 条

[317/4500] 翻译进度: 7.0%
藏语原文: སྟོན་པའི་བསྟན་པ་ནི་ལྐོག་མར་སྲོག་ཕྱིན་པ་ལྟར་གྱི་དུས...

开始翻译流程 (尝试 1/2):
========================================
步骤1: 输入藏语文本...
输入文本时出错: Message: tab crashed
  (Session info: chrome=143.0.7499.169)

✗ 输入文本失败

开始翻译流程 (尝试 2/2):
========================================
步骤1: 输入藏语文本...
输入文本时出错: Message: tab crashed
  (Session info: chrome=143.0.7499.169)

✗ 输入文本失败
========================================
✗ 翻译失败，跳过此行
✓ 已保存到文件: 317/4500 条

[318/4500] 翻译进度: 7.1%
藏语原文: དེ་ལས་ཤར་བ་རྣམས་ལ་གཞི་སྣང་ཞེས་ཤ་གས་ཆེན་པོ་གསུངས་འད...

开始翻译流程 (尝试 1/2):
========================================
步骤1: 输入藏语文本...
输入文本时出错: Message: tab crashed
  (Session info: chrome=143.0.7499.169)

✗ 输入文本失败

开始翻译流程 (尝试 2/2):
========================================
步骤1: 输入藏语文本...
输入文本时出错: Message: tab crashed
  (Session info: chrome=143.0.7499.169)

✗ 输入文本失败
========================================
✗ 翻译失败，跳过此行
✓ 已保存到文件: 318/4500 条

[319/4500] 翻译进度: 7.1%
藏语原文: ཐམས་ཅད་རྣལ་འབྱོར་དུ་སེམས་བསྐྱེད་པ་གསུངས་མི་འདུག་པས...

开始翻译流程 (尝试 1/2):
========================================
步骤1: 输入藏语文本...
输入文本时出错: Message: tab crashed
  (Session info: chrome=143.0.7499.169)

✗ 输入文本失败

开始翻译流程 (尝试 2/2):
========================================
步骤1: 输入藏语文本...
输入文本时出错: Message: tab crashed
  (Session info: chrome=143.0.7499.169)

✗ 输入文本失败
========================================
✗ 翻译失败，跳过此行
✓ 已保存到文件: 319/4500 条

[320/4500] 翻译进度: 7.1%
藏语原文: དེ་སྟབས་བདེ་བོ་ཞིག་འདུག་དེ་ནས་ལམ་ཡོངས་རྫོགས་ལ་བཤར་...

开始翻译流程 (尝试 1/2):
========================================
步骤1: 输入藏语文本...
输入文本时出错: Message: tab crashed
  (Session info: chrome=143.0.7499.169)

✗ 输入文本失败

开始翻译流程 (尝试 2/2):
========================================
步骤1: 输入藏语文本...
输入文本时出错: Message: tab crashed
  (Session info: chrome=143.0.7499.169)

✗ 输入文本失败
========================================
✗ 翻译失败，跳过此行
✓ 已保存到文件: 320/4500 条

[321/4500] 翻译进度: 7.1%
藏语原文: ཕ་རོལ་པོའི་ཀུན་སློང་ཅི་འདྲ་ཡིན་ཡང་རང་ངོས་ལ་དངོས་གན...

开始翻译流程 (尝试 1/2):
========================================
步骤1: 输入藏语文本...
输入文本时出错: Message: tab crashed
  (Session info: chrome=143.0.7499.169)

✗ 输入文本失败

开始翻译流程 (尝试 2/2):
========================================
步骤1: 输入藏语文本...
输入文本时出错: Message: tab crashed
  (Session info: chrome=143.0.7499.169)

✗ 输入文本失败
========================================
✗ 翻译失败，跳过此行
✓ 已保存到文件: 321/4500 条

[322/4500] 翻译进度: 7.2%
藏语原文: རང་དོན་དུ་བསམ་བློ་བཏང་ཡང་རང་ཡལ་བར་འདོར་བ་དང་གཞན་གཅ...

开始翻译流程 (尝试 1/2):
========================================
步骤1: 输入藏语文本...
输入文本时出错: Message: tab crashed
  (Session info: chrome=143.0.7499.169)

✗ 输入文本失败

开始翻译流程 (尝试 2/2):
========================================
步骤1: 输入藏语文本...
输入文本时出错: Message: tab crashed
  (Session info: chrome=143.0.7499.169)

✗ 输入文本失败
========================================
✗ 翻译失败，跳过此行
✓ 已保存到文件: 322/4500 条

[323/4500] 翻译进度: 7.2%
藏语原文: བསླབ་བཏུས་སུ་ཕར་རི་དང་ཚུར་རི་བཞིན་ཞེས་པའི་ཚིག་ཅིག་...

开始翻译流程 (尝试 1/2):
========================================
步骤1: 输入藏语文本...
输入文本时出错: Message: tab crashed
  (Session info: chrome=143.0.7499.169)

✗ 输入文本失败

开始翻译流程 (尝试 2/2):
========================================
步骤1: 输入藏语文本...
输入文本时出错: Message: tab crashed
  (Session info: chrome=143.0.7499.169)

✗ 输入文本失败
========================================
✗ 翻译失败，跳过此行
✓ 已保存到文件: 323/4500 条

[324/4500] 翻译进度: 7.2%
藏语原文: ལེ་ལན་ཐམས་ཅད་དམ་ཁག་གཡོག་ས་ཆ་ཚང་རང་གཅེས་འཛིན་གྱི་མག...

开始翻译流程 (尝试 1/2):
========================================
步骤1: 输入藏语文本...
输入文本时出错: Message: tab crashed
  (Session info: chrome=143.0.7499.169)

✗ 输入文本失败

开始翻译流程 (尝试 2/2):
========================================
步骤1: 输入藏语文本...
输入文本时出错: Message: tab crashed
  (Session info: chrome=143.0.7499.169)

✗ 输入文本失败
========================================
✗ 翻译失败，跳过此行
✓ 已保存到文件: 324/4500 条

[325/4500] 翻译进度: 7.2%
藏语原文: གཞན་ཞེས་པ་གལ་ཆེན་པོར་འདུག་སྙམ་པའི་ཚེ།

开始翻译流程 (尝试 1/2):
========================================
步骤1: 输入藏语文本...
输入文本时出错: Message: tab crashed
  (Session info: chrome=143.0.7499.169)

✗ 输入文本失败

开始翻译流程 (尝试 2/2):
========================================
步骤1: 输入藏语文本...
输入文本时出错: Message: tab crashed
  (Session info: chrome=143.0.7499.169)

✗ 输入文本失败
========================================
✗ 翻译失败，跳过此行
✓ 已保存到文件: 325/4500 条

[326/4500] 翻译进度: 7.2%
藏语原文: ཞེས་ཐུགས་རྗེ་སྐུལ་བའི་ཚིག་འདི་ལྟ་བུ་ཞིག་ཡོད་ན་ཡག་པ...

开始翻译流程 (尝试 1/2):
========================================
步骤1: 输入藏语文本...
输入文本时出错: Message: tab crashed
  (Session info: chrome=143.0.7499.169)

✗ 输入文本失败

开始翻译流程 (尝试 2/2):
========================================
步骤1: 输入藏语文本...
输入文本时出错: Message: tab crashed
  (Session info: chrome=143.0.7499.169)

✗ 输入文本失败
========================================
✗ 翻译失败，跳过此行
✓ 已保存到文件: 326/4500 条

[327/4500] 翻译进度: 7.3%
藏语原文: ཐབས་གཞན་ནི་མི་འདུག་པས།

开始翻译流程 (尝试 1/2):
========================================
步骤1: 输入藏语文本...
输入文本时出错: Message: tab crashed
  (Session info: chrome=143.0.7499.169)

✗ 输入文本失败

开始翻译流程 (尝试 2/2):
========================================
步骤1: 输入藏语文本...
输入文本时出错: Message: tab crashed
  (Session info: chrome=143.0.7499.169)

✗ 输入文本失败
========================================
✗ 翻译失败，跳过此行
✓ 已保存到文件: 327/4500 条

[328/4500] 翻译进度: 7.3%
藏语原文: སྔོན་ལ་སོ་སོའི་གྲོད་ཁོག་གལ་ཆེ་བར་འདུག་པས།

开始翻译流程 (尝试 1/2):
========================================
步骤1: 输入藏语文本...
输入文本时出错: Message: tab crashed
  (Session info: chrome=143.0.7499.169)

✗ 输入文本失败

开始翻译流程 (尝试 2/2):
========================================
步骤1: 输入藏语文本...
输入文本时出错: Message: tab crashed
  (Session info: chrome=143.0.7499.169)

✗ 输入文本失败
========================================
✗ 翻译失败，跳过此行
✓ 已保存到文件: 328/4500 条

[329/4500] 翻译进度: 7.3%
藏语原文: ཁྱེད་རང་མགོ་སེར་ཚོར་ཡེ་ཤ་འི་འཁྲུངས་སྐར་ལ་འཚམས་འདྲི...

开始翻译流程 (尝试 1/2):
========================================
步骤1: 输入藏语文本...
输入文本时出错: Message: tab crashed
  (Session info: chrome=143.0.7499.169)

✗ 输入文本失败

开始翻译流程 (尝试 2/2):
========================================
步骤1: 输入藏语文本...
输入文本时出错: Message: tab crashed
  (Session info: chrome=143.0.7499.169)

✗ 输入文本失败
========================================
✗ 翻译失败，跳过此行
✓ 已保存到文件: 329/4500 条

[330/4500] 翻译进度: 7.3%
藏语原文: སེམས་ཀྱི་སོ་ཤི་སྟེ་ཅི་ཡང་འཇོན་གྱི་མི་འདུག་སྙམ་པ།

开始翻译流程 (尝试 1/2):
========================================
步骤1: 输入藏语文本...
输入文本时出错: Message: tab crashed
  (Session info: chrome=143.0.7499.169)

✗ 输入文本失败

开始翻译流程 (尝试 2/2):
========================================
步骤1: 输入藏语文本...
输入文本时出错: Message: tab crashed
  (Session info: chrome=143.0.7499.169)

✗ 输入文本失败
========================================
✗ 翻译失败，跳过此行
✓ 已保存到文件: 330/4500 条

[331/4500] 翻译进度: 7.4%
藏语原文: གྲོགས་མཆེད་ཁྱེད་རང་མ་ལགས་པར།

开始翻译流程 (尝试 1/2):
========================================
步骤1: 输入藏语文本...
输入文本时出错: Message: tab crashed
  (Session info: chrome=143.0.7499.169)

✗ 输入文本失败

开始翻译流程 (尝试 2/2):
========================================
步骤1: 输入藏语文本...
输入文本时出错: Message: tab crashed
  (Session info: chrome=143.0.7499.169)

✗ 输入文本失败
========================================
✗ 翻译失败，跳过此行
✓ 已保存到文件: 331/4500 条

[332/4500] 翻译进度: 7.4%
藏语原文: ཡག་པོ་མི་འདུག་དེ་མིན་བདུན་ཚིགས་དང་།

开始翻译流程 (尝试 1/2):
========================================
步骤1: 输入藏语文本...
输入文本时出错: Message: tab crashed
  (Session info: chrome=143.0.7499.169)

✗ 输入文本失败

开始翻译流程 (尝试 2/2):
========================================
步骤1: 输入藏语文本...
输入文本时出错: Message: tab crashed
  (Session info: chrome=143.0.7499.169)

✗ 输入文本失败
========================================
✗ 翻译失败，跳过此行
✓ 已保存到文件: 332/4500 条

[333/4500] 翻译进度: 7.4%
藏语原文: བདག་འཇུག་རྒྱས་པ་མི་ནུས་ན་འདི་ཧ་ཅང་ཡག་པོ་འདུགདེ་ལྟར...

开始翻译流程 (尝试 1/2):
========================================
步骤1: 输入藏语文本...
输入文本时出错: Message: tab crashed
  (Session info: chrome=143.0.7499.169)

✗ 输入文本失败

开始翻译流程 (尝试 2/2):
========================================
步骤1: 输入藏语文本...
输入文本时出错: Message: tab crashed
  (Session info: chrome=143.0.7499.169)

✗ 输入文本失败
========================================
✗ 翻译失败，跳过此行
✓ 已保存到文件: 333/4500 条

[334/4500] 翻译进度: 7.4%
藏语原文: དམིགས་བསལ་བློ་འཛིན་བྱེད་ཀྱིན་བསྡད་ན་དགོས་པ་ལྷག་པོ་...

开始翻译流程 (尝试 1/2):
========================================
步骤1: 输入藏语文本...
输入文本时出错: Message: tab crashed
  (Session info: chrome=143.0.7499.169)

✗ 输入文本失败

开始翻译流程 (尝试 2/2):
========================================
步骤1: 输入藏语文本...
输入文本时出错: Message: tab crashed
  (Session info: chrome=143.0.7499.169)

✗ 输入文本失败
========================================
✗ 翻译失败，跳过此行
✓ 已保存到文件: 334/4500 条

[335/4500] 翻译进度: 7.4%
藏语原文: དེ་རིང་འདིར་སེར་སྐྱ་མང་པོ་ཞིག་འཛོམས་འདུག་ལ།

开始翻译流程 (尝试 1/2):
========================================
步骤1: 输入藏语文本...
输入文本时出错: Message: tab crashed
  (Session info: chrome=143.0.7499.169)

✗ 输入文本失败

开始翻译流程 (尝试 2/2):
========================================
步骤1: 输入藏语文本...
输入文本时出错: Message: tab crashed
  (Session info: chrome=143.0.7499.169)

✗ 输入文本失败
========================================
✗ 翻译失败，跳过此行
✓ 已保存到文件: 335/4500 条

[336/4500] 翻译进度: 7.5%
藏语原文: ཕལ་ཆེར་ད་ལྟའི་བར་རྒྱ་ཡིག་ལ་བསྒྱུར་མེད་ཚོད་འདུག་པས།

开始翻译流程 (尝试 1/2):
========================================
步骤1: 输入藏语文本...
输入文本时出错: Message: tab crashed
  (Session info: chrome=143.0.7499.169)

✗ 输入文本失败

开始翻译流程 (尝试 2/2):
========================================
步骤1: 输入藏语文本...
输入文本时出错: Message: tab crashed
  (Session info: chrome=143.0.7499.169)

✗ 输入文本失败
========================================
✗ 翻译失败，跳过此行
✓ 已保存到文件: 336/4500 条

[337/4500] 翻译进度: 7.5%
藏语原文: ཉམས་བཞེས་གནང་མཁན་ཅི་རིགས་འདུག་ཡིན་ན་ཡང་མང་ཆེ་བ་བྱ་...

开始翻译流程 (尝试 1/2):
========================================
步骤1: 输入藏语文本...
输入文本时出错: Message: tab crashed
  (Session info: chrome=143.0.7499.169)

✗ 输入文本失败

开始翻译流程 (尝试 2/2):
========================================
步骤1: 输入藏语文本...
输入文本时出错: Message: tab crashed
  (Session info: chrome=143.0.7499.169)

✗ 输入文本失败
========================================
✗ 翻译失败，跳过此行
✓ 已保存到文件: 337/4500 条

[338/4500] 翻译进度: 7.5%
藏语原文: ཚན་རིག་པར་ཧ་ཅང་ཕན་ཐོགས་འདུག་ཅེས་དགའ་བོ་བྱེད།

开始翻译流程 (尝试 1/2):
========================================
步骤1: 输入藏语文本...
输入文本时出错: Message: tab crashed
  (Session info: chrome=143.0.7499.169)

✗ 输入文本失败

开始翻译流程 (尝试 2/2):
========================================
步骤1: 输入藏语文本...
输入文本时出错: Message: tab crashed
  (Session info: chrome=143.0.7499.169)

✗ 输入文本失败
========================================
✗ 翻译失败，跳过此行
✓ 已保存到文件: 338/4500 条

[339/4500] 翻译进度: 7.5%
藏语原文: ཞིག་འཇོན་པོ་དང་རྒོད་པོ་ཇི་ཙམ་ཡོད་ཀྱང་རང་ཉིད་འཚོ་གན...

开始翻译流程 (尝试 1/2):
========================================
步骤1: 输入藏语文本...
输入文本时出错: Message: tab crashed
  (Session info: chrome=143.0.7499.169)

✗ 输入文本失败

开始翻译流程 (尝试 2/2):
========================================
步骤1: 输入藏语文本...
输入文本时出错: Message: tab crashed
  (Session info: chrome=143.0.7499.169)

✗ 输入文本失败
========================================
✗ 翻译失败，跳过此行
✓ 已保存到文件: 339/4500 条

[340/4500] 翻译进度: 7.6%
藏语原文: ངའི་ངོ་ཤེས་ཕྱུག་པོ་དངུལ་ལ་ཐོགས་པ་མེད་པ་དེ་འདྲ་ཡང་ས...

开始翻译流程 (尝试 1/2):
========================================
步骤1: 输入藏语文本...
输入文本时出错: Message: tab crashed
  (Session info: chrome=143.0.7499.169)

✗ 输入文本失败

开始翻译流程 (尝试 2/2):
========================================
步骤1: 输入藏语文本...
输入文本时出错: Message: tab crashed
  (Session info: chrome=143.0.7499.169)

✗ 输入文本失败
========================================
✗ 翻译失败，跳过此行
✓ 已保存到文件: 340/4500 条

[341/4500] 翻译进度: 7.6%
藏语原文: སེམས་སུ་དེས་ན་ཁོ་ལ་ཡང་ཁག་མི་འདུག་སྙམ་པ་ཡོང་།

开始翻译流程 (尝试 1/2):
========================================
步骤1: 输入藏语文本...
输入文本时出错: Message: tab crashed
  (Session info: chrome=143.0.7499.169)

✗ 输入文本失败

开始翻译流程 (尝试 2/2):
========================================
步骤1: 输入藏语文本...
输入文本时出错: Message: tab crashed
  (Session info: chrome=143.0.7499.169)

✗ 输入文本失败
========================================
✗ 翻译失败，跳过此行
✓ 已保存到文件: 341/4500 条

[342/4500] 翻译进度: 7.6%
藏语原文: ཉན་ཐོས་དང་རང་རྒྱལ་བྱང་སེམས་བཅས་ལས་སྔོན་ལ་ཉན་ཐོས་ཀྱ...

开始翻译流程 (尝试 1/2):
========================================
步骤1: 输入藏语文本...
输入文本时出错: Message: tab crashed
  (Session info: chrome=143.0.7499.169)

✗ 输入文本失败

开始翻译流程 (尝试 2/2):
========================================
步骤1: 输入藏语文本...
输入文本时出错: Message: tab crashed
  (Session info: chrome=143.0.7499.169)

✗ 输入文本失败
========================================
✗ 翻译失败，跳过此行
✓ 已保存到文件: 342/4500 条

[343/4500] 翻译进度: 7.6%
藏语原文: སྐབས་དེར་གནམ་ཐང་དེར་ལས་ཀ་བྱེད་མཁན་རྒྱ་གར་བ་ཞིག་འདུ...

开始翻译流程 (尝试 1/2):
========================================
步骤1: 输入藏语文本...
输入文本时出错: Message: tab crashed
  (Session info: chrome=143.0.7499.169)

✗ 输入文本失败

开始翻译流程 (尝试 2/2):
========================================
步骤1: 输入藏语文本...
输入文本时出错: Message: tab crashed
  (Session info: chrome=143.0.7499.169)

✗ 输入文本失败
========================================
✗ 翻译失败，跳过此行
✓ 已保存到文件: 343/4500 条

[344/4500] 翻译进度: 7.6%
藏语原文: འདོན་པའི་དོན་བང་བསྒྲིགས་ནས་བསམ་བློ་བཏང་བ་ཡིན་ན་ཧ་ཅ...

开始翻译流程 (尝试 1/2):
========================================
步骤1: 输入藏语文本...
输入文本时出错: Message: tab crashed
  (Session info: chrome=143.0.7499.169)

✗ 输入文本失败

开始翻译流程 (尝试 2/2):
========================================
步骤1: 输入藏语文本...
输入文本时出错: Message: tab crashed
  (Session info: chrome=143.0.7499.169)

✗ 输入文本失败
========================================
✗ 翻译失败，跳过此行
✓ 已保存到文件: 344/4500 条

[345/4500] 翻译进度: 7.7%
藏语原文: ཉམས་ལེན་ཡག་པོ་ཡོད་མཁན་ཞིག་ཡིན་ན་ཡང་མཐོང་མེད་པའི་བཟ...

开始翻译流程 (尝试 1/2):
========================================
步骤1: 输入藏语文本...
输入文本时出错: Message: tab crashed
  (Session info: chrome=143.0.7499.169)

✗ 输入文本失败

开始翻译流程 (尝试 2/2):
========================================
步骤1: 输入藏语文本...
输入文本时出错: Message: tab crashed
  (Session info: chrome=143.0.7499.169)

✗ 输入文本失败
========================================
✗ 翻译失败，跳过此行
✓ 已保存到文件: 345/4500 条

[346/4500] 翻译进度: 7.7%
藏语原文: དེའི་ཚད་དང་འགྲོ་སྟངས་རྣམས་དེ་འདྲ་ཡིན་འདུག་སྙམ་ཐུབ་...

开始翻译流程 (尝试 1/2):
========================================
步骤1: 输入藏语文本...
输入文本时出错: Message: tab crashed
  (Session info: chrome=143.0.7499.169)

✗ 输入文本失败

开始翻译流程 (尝试 2/2):
========================================
步骤1: 输入藏语文本...
输入文本时出错: Message: tab crashed
  (Session info: chrome=143.0.7499.169)

✗ 输入文本失败
========================================
✗ 翻译失败，跳过此行
✓ 已保存到文件: 346/4500 条

[347/4500] 翻译进度: 7.7%
藏语原文: ང་རང་སྤྱིར་བོད་པ་དང་།

开始翻译流程 (尝试 1/2):
========================================
步骤1: 输入藏语文本...
输入文本时出错: Message: tab crashed
  (Session info: chrome=143.0.7499.169)

✗ 输入文本失败

开始翻译流程 (尝试 2/2):
========================================
步骤1: 输入藏语文本...
输入文本时出错: Message: tab crashed
  (Session info: chrome=143.0.7499.169)

✗ 输入文本失败
========================================
✗ 翻译失败，跳过此行
✓ 已保存到文件: 347/4500 条

[348/4500] 翻译进度: 7.7%
藏语原文: མི་དམིགས་པ་ཡང་རང་བཞིན་གྱི་གཏན་ཚིགས་ཀྱི་རྣམ་པ་ཉིད་ཡ...

开始翻译流程 (尝试 1/2):
========================================
步骤1: 输入藏语文本...
输入文本时出错: Message: tab crashed
  (Session info: chrome=143.0.7499.169)

✗ 输入文本失败

开始翻译流程 (尝试 2/2):
========================================
步骤1: 输入藏语文本...
输入文本时出错: Message: tab crashed
  (Session info: chrome=143.0.7499.169)

✗ 输入文本失败
========================================
✗ 翻译失败，跳过此行
✓ 已保存到文件: 348/4500 条

[349/4500] 翻译进度: 7.8%
藏语原文: དེ་ཡང་རང་རིག་པས་གྲུབ་པའི་ཕྱིར།

开始翻译流程 (尝试 1/2):
========================================
步骤1: 输入藏语文本...
输入文本时出错: Message: tab crashed
  (Session info: chrome=143.0.7499.169)

✗ 输入文本失败

开始翻译流程 (尝试 2/2):
========================================
步骤1: 输入藏语文本...
输入文本时出错: Message: tab crashed
  (Session info: chrome=143.0.7499.169)

✗ 输入文本失败
========================================
✗ 翻译失败，跳过此行
✓ 已保存到文件: 349/4500 条

[350/4500] 翻译进度: 7.8%
藏语原文: དམིགས་པར་བྱ་བ་ཡང་རང་རང་ལ་ངེས་པ་ཡིན་པའི་ཕྱིར་ན།

开始翻译流程 (尝试 1/2):
========================================
步骤1: 输入藏语文本...
输入文本时出错: Message: tab crashed
  (Session info: chrome=143.0.7499.169)

✗ 输入文本失败

开始翻译流程 (尝试 2/2):
========================================
步骤1: 输入藏语文本...
输入文本时出错: Message: tab crashed
  (Session info: chrome=143.0.7499.169)

✗ 输入文本失败
========================================
✗ 翻译失败，跳过此行
✓ 已保存到文件: 350/4500 条

[351/4500] 翻译进度: 7.8%
藏语原文: གལ་ཏེ་བྱ་བའམ་རྣམ་པར་རྟོག་པའི་༧ཕྱི་རོལ་རྟོགས་པར་བྱེ...

开始翻译流程 (尝试 1/2):
========================================
步骤1: 输入藏语文本...
输入文本时出错: Message: tab crashed
  (Session info: chrome=143.0.7499.169)

✗ 输入文本失败

开始翻译流程 (尝试 2/2):
========================================
步骤1: 输入藏语文本...
输入文本时出错: Message: tab crashed
  (Session info: chrome=143.0.7499.169)

✗ 输入文本失败
========================================
✗ 翻译失败，跳过此行
✓ 已保存到文件: 351/4500 条

[352/4500] 翻译进度: 7.8%
藏语原文: འོན་ཏེ་དེ་དང་འབྲེལ་པ་ཅན་བརྗོད་ན་དེར་མི་འཇུག་པ་ཇི་ལ...

开始翻译流程 (尝试 1/2):
========================================
步骤1: 输入藏语文本...
输入文本时出错: Message: tab crashed
  (Session info: chrome=143.0.7499.169)

✗ 输入文本失败

开始翻译流程 (尝试 2/2):
========================================
步骤1: 输入藏语文本...
输入文本时出错: Message: tab crashed
  (Session info: chrome=143.0.7499.169)

✗ 输入文本失败
========================================
✗ 翻译失败，跳过此行
✓ 已保存到文件: 352/4500 条

[353/4500] 翻译进度: 7.8%
藏语原文: འོ་ན་ཕྱི་རོལ་ན་འདུག་པ་མཐོང་བ་ཡིན་ནོ་སྙམ་ན།

开始翻译流程 (尝试 1/2):
========================================
步骤1: 输入藏语文本...
输入文本时出错: Message: tab crashed
  (Session info: chrome=143.0.7499.169)

✗ 输入文本失败

开始翻译流程 (尝试 2/2):
========================================
步骤1: 输入藏语文本...
输入文本时出错: Message: tab crashed
  (Session info: chrome=143.0.7499.169)

✗ 输入文本失败
========================================
✗ 翻译失败，跳过此行
✓ 已保存到文件: 353/4500 条

[354/4500] 翻译进度: 7.9%
藏语原文: ཅི་སྟེ་ཡང་རང་བཞིན་གང་ཞིག་རྣམ་པར་རྟོག་པ་ལ་སྣང་བའི་ར...

开始翻译流程 (尝试 1/2):
========================================
步骤1: 输入藏语文本...
输入文本时出错: Message: tab crashed
  (Session info: chrome=143.0.7499.169)

✗ 输入文本失败

开始翻译流程 (尝试 2/2):
========================================
步骤1: 输入藏语文本...
输入文本时出错: Message: tab crashed
  (Session info: chrome=143.0.7499.169)

✗ 输入文本失败
========================================
✗ 翻译失败，跳过此行
✓ 已保存到文件: 354/4500 条

[355/4500] 翻译进度: 7.9%
藏语原文: འབྲས་བུ་དང་རང་བཞིན་གྱི་གཏན་ཚིགས་ཅི་ལྟར་ཐ་དད་ཅེ་ན།

开始翻译流程 (尝试 1/2):
========================================
步骤1: 输入藏语文本...
输入文本时出错: Message: tab crashed
  (Session info: chrome=143.0.7499.169)

✗ 输入文本失败

开始翻译流程 (尝试 2/2):
========================================
步骤1: 输入藏语文本...
输入文本时出错: Message: tab crashed
  (Session info: chrome=143.0.7499.169)

✗ 输入文本失败
========================================
✗ 翻译失败，跳过此行
✓ 已保存到文件: 355/4500 条

[356/4500] 翻译进度: 7.9%
藏语原文: ཐུག་པ་མེད་པ་མ་ཡིན་ན་དེ་ལྟ་ན་དོན་མེད་པ་ཡང་རང་ལས་འགྲ...

开始翻译流程 (尝试 1/2):
========================================
步骤1: 输入藏语文本...
输入文本时出错: Message: tab crashed
  (Session info: chrome=143.0.7499.169)

✗ 输入文本失败

开始翻译流程 (尝试 2/2):
========================================
步骤1: 输入藏语文本...
输入文本时出错: Message: tab crashed
  (Session info: chrome=143.0.7499.169)

✗ 输入文本失败
========================================
✗ 翻译失败，跳过此行
✓ 已保存到文件: 356/4500 条

[357/4500] 翻译进度: 7.9%
藏语原文: ཤེས་པ་མེད་པ་ཡང་རང་ལས་འགྲུབ་པ་མ་ཡིན་པས་ན་ཐུག་པ་མེད་...

开始翻译流程 (尝试 1/2):
========================================
步骤1: 输入藏语文本...
输入文本时出错: Message: tab crashed
  (Session info: chrome=143.0.7499.169)

✗ 输入文本失败

开始翻译流程 (尝试 2/2):
========================================
步骤1: 输入藏语文本...
输入文本时出错: Message: tab crashed
  (Session info: chrome=143.0.7499.169)

✗ 输入文本失败
========================================
✗ 翻译失败，跳过此行
✓ 已保存到文件: 357/4500 条

[358/4500] 翻译进度: 8.0%
藏语原文: འབྲས་བུ་དང་རང་བཞིན་གྱི་རྟགས་དང་འབྲེལ་པའི་ཕྱིར་གོ་བ...

开始翻译流程 (尝试 1/2):
========================================
步骤1: 输入藏语文本...
输入文本时出错: Message: tab crashed
  (Session info: chrome=143.0.7499.169)

✗ 输入文本失败

开始翻译流程 (尝试 2/2):
========================================
步骤1: 输入藏语文本...
输入文本时出错: Message: tab crashed
  (Session info: chrome=143.0.7499.169)

✗ 输入文本失败
========================================
✗ 翻译失败，跳过此行
✓ 已保存到文件: 358/4500 条

[359/4500] 翻译进度: 8.0%
藏语原文: སྐད་ཅིག་སོ་སོར་མི་འཇིག་ན་མཐའི་སྐད་ཅིག་ལ་ཡང་རང་བཞིན...

开始翻译流程 (尝试 1/2):
========================================
步骤1: 输入藏语文本...
输入文本时出错: Message: tab crashed
  (Session info: chrome=143.0.7499.169)

✗ 输入文本失败

开始翻译流程 (尝试 2/2):
========================================
步骤1: 输入藏语文本...
输入文本时出错: Message: tab crashed
  (Session info: chrome=143.0.7499.169)

✗ 输入文本失败
========================================
✗ 翻译失败，跳过此行
✓ 已保存到文件: 359/4500 条

[360/4500] 翻译进度: 8.0%
藏语原文: འོན་ཀྱང་འདུག་བཞིན་དུའོ།

开始翻译流程 (尝试 1/2):
========================================
步骤1: 输入藏语文本...
输入文本时出错: Message: tab crashed
  (Session info: chrome=143.0.7499.169)

✗ 输入文本失败

开始翻译流程 (尝试 2/2):
========================================
步骤1: 输入藏语文本...
输入文本时出错: Message: tab crashed
  (Session info: chrome=143.0.7499.169)

✗ 输入文本失败
========================================
✗ 翻译失败，跳过此行
✓ 已保存到文件: 360/4500 条

[361/4500] 翻译进度: 8.0%
藏语原文: འདིར་ཡང་རང་བཞིན་དུ་འགྱུར་རོ་སྙམ་ན་སྣ་ཚོགས་པ་ནི་འདི...

开始翻译流程 (尝试 1/2):
========================================
步骤1: 输入藏语文本...
输入文本时出错: Message: tab crashed
  (Session info: chrome=143.0.7499.169)

✗ 输入文本失败

开始翻译流程 (尝试 2/2):
========================================
步骤1: 输入藏语文本...
输入文本时出错: Message: tab crashed
  (Session info: chrome=143.0.7499.169)

✗ 输入文本失败
========================================
✗ 翻译失败，跳过此行
✓ 已保存到文件: 361/4500 条

[362/4500] 翻译进度: 8.0%
藏语原文: གཞན་ཡང་རང་རིག་པ་ཡིན་ན་ནི་ཤེས་པ་གཞན་རིག་པ་ལ་དགོས་པ་...

开始翻译流程 (尝试 1/2):
========================================
步骤1: 输入藏语文本...
输入文本时出错: Message: tab crashed
  (Session info: chrome=143.0.7499.169)

✗ 输入文本失败

开始翻译流程 (尝试 2/2):
========================================
步骤1: 输入藏语文本...
输入文本时出错: Message: tab crashed
  (Session info: chrome=143.0.7499.169)

✗ 输入文本失败
========================================
✗ 翻译失败，跳过此行
✓ 已保存到文件: 362/4500 条

[363/4500] 翻译进度: 8.1%
藏语原文: དེས་ན་བདག་དེ་ཡང་རང་རིག་པའམ་གཞན་རིག་པར་འགྱུར་ཞེས་པའ...

开始翻译流程 (尝试 1/2):
========================================
步骤1: 输入藏语文本...
输入文本时出错: Message: tab crashed
  (Session info: chrome=143.0.7499.169)

✗ 输入文本失败

开始翻译流程 (尝试 2/2):
========================================
步骤1: 输入藏语文本...
输入文本时出错: Message: tab crashed
  (Session info: chrome=143.0.7499.169)

✗ 输入文本失败
========================================
✗ 翻译失败，跳过此行
✓ 已保存到文件: 363/4500 条

[364/4500] 翻译进度: 8.1%
藏语原文: གཞན་ལ་ཕྱོགས་པས་ཀྱང་རང་བཞིན་གཞན་ཁོ་ན་རིག་པ་དེས་ནའོ།

开始翻译流程 (尝试 1/2):
========================================
步骤1: 输入藏语文本...
输入文本时出错: Message: tab crashed
  (Session info: chrome=143.0.7499.169)

✗ 输入文本失败

开始翻译流程 (尝试 2/2):
========================================
步骤1: 输入藏语文本...
输入文本时出错: Message: tab crashed
  (Session info: chrome=143.0.7499.169)

✗ 输入文本失败
========================================
✗ 翻译失败，跳过此行
✓ 已保存到文件: 364/4500 条

[365/4500] 翻译进度: 8.1%
藏语原文: ཡུལ་དང་དུས་དང་རང་བཞིན་རྣམས་འབྲེལ་པ་སྟེ།

开始翻译流程 (尝试 1/2):
========================================
步骤1: 输入藏语文本...
输入文本时出错: Message: tab crashed
  (Session info: chrome=143.0.7499.169)

✗ 输入文本失败

开始翻译流程 (尝试 2/2):
========================================
步骤1: 输入藏语文本...
输入文本时出错: Message: tab crashed
  (Session info: chrome=143.0.7499.169)

✗ 输入文本失败
========================================
✗ 翻译失败，跳过此行
✓ 已保存到文件: 365/4500 条

[366/4500] 翻译进度: 8.1%
藏语原文: འདིས་ནི་ཡིད་ཀྱི་མངོན་སུམ་དང་རང་རིག་པ་ཡང་བརྗོད་པ་ཡི...

开始翻译流程 (尝试 1/2):
========================================
步骤1: 输入藏语文本...
输入文本时出错: Message: tab crashed
  (Session info: chrome=143.0.7499.169)

✗ 输入文本失败

开始翻译流程 (尝试 2/2):
========================================
步骤1: 输入藏语文本...
输入文本时出错: Message: tab crashed
  (Session info: chrome=143.0.7499.169)

✗ 输入文本失败
========================================
✗ 翻译失败，跳过此行
✓ 已保存到文件: 366/4500 条

[367/4500] 翻译进度: 8.2%
藏语原文: འདི་ནི་ཞེས་བྱ་བ་ནི་ཡོད་པ་དང་རང་རིག་པ་ལ་སོགས་པའོ།

开始翻译流程 (尝试 1/2):
========================================
步骤1: 输入藏语文本...
输入文本时出错: Message: tab crashed
  (Session info: chrome=143.0.7499.169)

✗ 输入文本失败

开始翻译流程 (尝试 2/2):
========================================
步骤1: 输入藏语文本...
输入文本时出错: Message: tab crashed
  (Session info: chrome=143.0.7499.169)

✗ 输入文本失败
========================================
✗ 翻译失败，跳过此行
✓ 已保存到文件: 367/4500 条

[368/4500] 翻译进度: 8.2%
藏语原文: རང་བྱུང་རང་ཉིད་ཁོ་ན་སྤྲུལ།

开始翻译流程 (尝试 1/2):
========================================
步骤1: 输入藏语文本...
输入文本时出错: Message: tab crashed
  (Session info: chrome=143.0.7499.169)

✗ 输入文本失败

开始翻译流程 (尝试 2/2):
========================================
步骤1: 输入藏语文本...
输入文本时出错: Message: tab crashed
  (Session info: chrome=143.0.7499.169)

✗ 输入文本失败
========================================
✗ 翻译失败，跳过此行
✓ 已保存到文件: 368/4500 条

[369/4500] 翻译进度: 8.2%
藏语原文: འོན་ཏེ་མངོན་སུམ་དང་རྗེས་སུ་དཔག་པ་དག་དུས་མཚུངས་པ་ཁོ...

开始翻译流程 (尝试 1/2):
========================================
步骤1: 输入藏语文本...
输入文本时出错: Message: tab crashed
  (Session info: chrome=143.0.7499.169)

✗ 输入文本失败

开始翻译流程 (尝试 2/2):
========================================
步骤1: 输入藏语文本...
输入文本时出错: Message: tab crashed
  (Session info: chrome=143.0.7499.169)

✗ 输入文本失败
========================================
✗ 翻译失败，跳过此行
✓ 已保存到文件: 369/4500 条

[370/4500] 翻译进度: 8.2%
藏语原文: ོབློས་ཅི་བྱ་དེས་ན་ཉེས་པ་སོ་ན་འདུག་གོ་ཞེས་དགོངས་པའོ...

开始翻译流程 (尝试 1/2):
========================================
步骤1: 输入藏语文本...
输入文本时出错: Message: tab crashed
  (Session info: chrome=143.0.7499.169)

✗ 输入文本失败

开始翻译流程 (尝试 2/2):
========================================
步骤1: 输入藏语文本...
输入文本时出错: Message: tab crashed
  (Session info: chrome=143.0.7499.169)

✗ 输入文本失败
========================================
✗ 翻译失败，跳过此行
✓ 已保存到文件: 370/4500 条

[371/4500] 翻译进度: 8.2%
藏语原文: དེའི་ཚེ་ངེས་པ་ཡང་རང་ཉིད་ནུས་པ་མེད་པར་ཇི་ལྟར་བྱེད།

开始翻译流程 (尝试 1/2):
========================================
步骤1: 输入藏语文本...
输入文本时出错: Message: tab crashed
  (Session info: chrome=143.0.7499.169)

✗ 输入文本失败

开始翻译流程 (尝试 2/2):
========================================
步骤1: 输入藏语文本...
输入文本时出错: Message: tab crashed
  (Session info: chrome=143.0.7499.169)

✗ 输入文本失败
========================================
✗ 翻译失败，跳过此行
✓ 已保存到文件: 371/4500 条

[372/4500] 翻译进度: 8.3%
藏语原文: གཞན་ལ་ཡང་རང་བཞིན་དུ་གྱུར་པའི་ཉམས་སུ་མྱོང་བའི་ངོ་བོ...

开始翻译流程 (尝试 1/2):
========================================
步骤1: 输入藏语文本...
输入文本时出错: Message: tab crashed
  (Session info: chrome=143.0.7499.169)

✗ 输入文本失败

开始翻译流程 (尝试 2/2):
========================================
步骤1: 输入藏语文本...
输入文本时出错: Message: tab crashed
  (Session info: chrome=143.0.7499.169)

✗ 输入文本失败
========================================
✗ 翻译失败，跳过此行
✓ 已保存到文件: 372/4500 条

[373/4500] 翻译进度: 8.3%
藏语原文: དེས་ན་རྗེས་སུ་དཔག་པ་མཐའ་ཡས་དག་འཆད་པ་ནི་སོ་ན་འདུག་ག...

开始翻译流程 (尝试 1/2):
========================================
步骤1: 输入藏语文本...
输入文本时出错: Message: tab crashed
  (Session info: chrome=143.0.7499.169)

✗ 输入文本失败

开始翻译流程 (尝试 2/2):
========================================
步骤1: 输入藏语文本...
输入文本时出错: Message: tab crashed
  (Session info: chrome=143.0.7499.169)

✗ 输入文本失败
========================================
✗ 翻译失败，跳过此行
✓ 已保存到文件: 373/4500 条

[374/4500] 翻译进度: 8.3%
藏语原文: གསལ་བ་ཡང་རང་ལས་འགྱུར་བ་ཉིད་དེ་ལྟར་ན་མཐོང་བ་ནི་རང་ཉ...

开始翻译流程 (尝试 1/2):
========================================
步骤1: 输入藏语文本...
输入文本时出错: Message: tab crashed
  (Session info: chrome=143.0.7499.169)

✗ 输入文本失败

开始翻译流程 (尝试 2/2):
========================================
步骤1: 输入藏语文本...
输入文本时出错: Message: tab crashed
  (Session info: chrome=143.0.7499.169)

✗ 输入文本失败
========================================
✗ 翻译失败，跳过此行
✓ 已保存到文件: 374/4500 条

[375/4500] 翻译进度: 8.3%
藏语原文: སྔོན་པོ་ལ་སོགས་པ་ཡང་རང་རིག་པར་བྱ་བའི་དོན་ཏོ།

开始翻译流程 (尝试 1/2):
========================================
步骤1: 输入藏语文本...
输入文本时出错: Message: tab crashed
  (Session info: chrome=143.0.7499.169)

✗ 输入文本失败

开始翻译流程 (尝试 2/2):
========================================
步骤1: 输入藏语文本...
输入文本时出错: Message: tab crashed
  (Session info: chrome=143.0.7499.169)

✗ 输入文本失败
========================================
✗ 翻译失败，跳过此行
✓ 已保存到文件: 375/4500 条

[376/4500] 翻译进度: 8.4%
藏语原文: གཉིས་ཀའི་རང་བཞིན་ཞེས་བྱ་བ་ནི་རྫས་དང་རང་རིག་པའི་རང་...

开始翻译流程 (尝试 1/2):
========================================
步骤1: 输入藏语文本...
输入文本时出错: Message: tab crashed
  (Session info: chrome=143.0.7499.169)

✗ 输入文本失败

开始翻译流程 (尝试 2/2):
========================================
步骤1: 输入藏语文本...
输入文本时出错: Message: tab crashed
  (Session info: chrome=143.0.7499.169)

✗ 输入文本失败
========================================
✗ 翻译失败，跳过此行
✓ 已保存到文件: 376/4500 条

[377/4500] 翻译进度: 8.4%
藏语原文: ཡུལ་ཐ་དད་པར་ཞེས་བྱ་བའོ་། གལ་ཏེ་ཡུལ་ཐ་དད་པས་གཅིག་མ་...

开始翻译流程 (尝试 1/2):
========================================
步骤1: 输入藏语文本...
输入文本时出错: Message: tab crashed
  (Session info: chrome=143.0.7499.169)

✗ 输入文本失败

开始翻译流程 (尝试 2/2):
========================================
步骤1: 输入藏语文本...
输入文本时出错: Message: tab crashed
  (Session info: chrome=143.0.7499.169)

✗ 输入文本失败
========================================
✗ 翻译失败，跳过此行
✓ 已保存到文件: 377/4500 条

[378/4500] 翻译进度: 8.4%
藏语原文: དེ་ལས་ཞེས་བྱ་བ་དང་རང་བཞིན་ལས་ཐ་དད་པར་མི་མཐོང་བའི་ཕ...

开始翻译流程 (尝试 1/2):
========================================
步骤1: 输入藏语文本...
输入文本时出错: Message: tab crashed
  (Session info: chrome=143.0.7499.169)

✗ 输入文本失败

开始翻译流程 (尝试 2/2):
========================================
步骤1: 输入藏语文本...
输入文本时出错: Message: tab crashed
  (Session info: chrome=143.0.7499.169)

✗ 输入文本失败
========================================
✗ 翻译失败，跳过此行
✓ 已保存到文件: 378/4500 条

[379/4500] 翻译进度: 8.4%
藏语原文: རྣམ་པར་ཤེས་པར་སྨྲ་བས་ནིའོ་། གལ་ཏེ་ཇི་ལྟར་བློ་རང་རི...

开始翻译流程 (尝试 1/2):
========================================
步骤1: 输入藏语文本...
输入文本时出错: Message: tab crashed
  (Session info: chrome=143.0.7499.169)

✗ 输入文本失败

开始翻译流程 (尝试 2/2):
========================================
步骤1: 输入藏语文本...
输入文本时出错: Message: tab crashed
  (Session info: chrome=143.0.7499.169)

✗ 输入文本失败
========================================
✗ 翻译失败，跳过此行
✓ 已保存到文件: 379/4500 条

[380/4500] 翻译进度: 8.4%
藏语原文: དེའི་ཞེས་བྱ་བ་རྣམ་པར་ཤེས་པའི་བདག་ཉིད་ལ་ནི་ཇི་ལྟར་ཐ...

开始翻译流程 (尝试 1/2):
========================================
步骤1: 输入藏语文本...
输入文本时出错: Message: tab crashed
  (Session info: chrome=143.0.7499.169)

✗ 输入文本失败

开始翻译流程 (尝试 2/2):
========================================
步骤1: 输入藏语文本...
输入文本时出错: Message: tab crashed
  (Session info: chrome=143.0.7499.169)

✗ 输入文本失败
========================================
✗ 翻译失败，跳过此行
✓ 已保存到文件: 380/4500 条

[381/4500] 翻译进度: 8.5%
藏语原文: འོན་ཀྱང་གང་ལ་ཡང་རང་རིག་པ་ཡོད་པ་དེ་ལ་ནི།

开始翻译流程 (尝试 1/2):
========================================
步骤1: 输入藏语文本...
输入文本时出错: Message: tab crashed
  (Session info: chrome=143.0.7499.169)

✗ 输入文本失败

开始翻译流程 (尝试 2/2):
========================================
步骤1: 输入藏语文本...
输入文本时出错: Message: tab crashed
  (Session info: chrome=143.0.7499.169)

✗ 输入文本失败
========================================
✗ 翻译失败，跳过此行
✓ 已保存到文件: 381/4500 条

[382/4500] 翻译进度: 8.5%
藏语原文: འོན་ཀྱང་རང་རིག་པ་ལའོ་ཞེས་བསྟན་པ་ཡིན་ནོ།

开始翻译流程 (尝试 1/2):
========================================
步骤1: 输入藏语文本...
输入文本时出错: Message: tab crashed
  (Session info: chrome=143.0.7499.169)

✗ 输入文本失败

开始翻译流程 (尝试 2/2):
========================================
步骤1: 输入藏语文本...
输入文本时出错: Message: tab crashed
  (Session info: chrome=143.0.7499.169)

✗ 输入文本失败
========================================
✗ 翻译失败，跳过此行
✓ 已保存到文件: 382/4500 条

[383/4500] 翻译进度: 8.5%
藏语原文: དེ་ཉིད་དེ་རིང་ན་འདུག་པའི་དངོས་པོ་ཉིད་གསལ་བའི་ཕྱིར་...

开始翻译流程 (尝试 1/2):
========================================
步骤1: 输入藏语文本...
输入文本时出错: Message: tab crashed
  (Session info: chrome=143.0.7499.169)

✗ 输入文本失败

开始翻译流程 (尝试 2/2):
========================================
步骤1: 输入藏语文本...
输入文本时出错: Message: tab crashed
  (Session info: chrome=143.0.7499.169)

✗ 输入文本失败
========================================
✗ 翻译失败，跳过此行
✓ 已保存到文件: 383/4500 条

[384/4500] 翻译进度: 8.5%
藏语原文: རྣམ་པ་དང་བཅས་པ་ན་ཡང་རང་རིག་པ་༦ཁོ་ནའོ།

开始翻译流程 (尝试 1/2):
========================================
步骤1: 输入藏语文本...
输入文本时出错: Message: tab crashed
  (Session info: chrome=143.0.7499.169)

✗ 输入文本失败

开始翻译流程 (尝试 2/2):
========================================
步骤1: 输入藏语文本...
输入文本时出错: Message: tab crashed
  (Session info: chrome=143.0.7499.169)

✗ 输入文本失败
========================================
✗ 翻译失败，跳过此行
✓ 已保存到文件: 384/4500 条

[385/4500] 翻译进度: 8.6%
藏语原文: པེ་སྣར་ཙ་ནི་པེ་སྣར་མཐའ།

开始翻译流程 (尝试 1/2):
========================================
步骤1: 输入藏语文本...
输入文本时出错: Message: tab crashed
  (Session info: chrome=143.0.7499.169)

✗ 输入文本失败

开始翻译流程 (尝试 2/2):
========================================
步骤1: 输入藏语文本...
输入文本时出错: Message: tab crashed
  (Session info: chrome=143.0.7499.169)

✗ 输入文本失败
========================================
✗ 翻译失败，跳过此行
✓ 已保存到文件: 385/4500 条

[386/4500] 翻译进度: 8.6%
藏语原文: པེ་སྣར་དོན་ཡོངས་སུ་འདོར་བ་དེ་བཞིན་དུ་དོན་ཡང་རང་རིག...

开始翻译流程 (尝试 1/2):
========================================
步骤1: 输入藏语文本...
输入文本时出错: Message: tab crashed
  (Session info: chrome=143.0.7499.169)

✗ 输入文本失败

开始翻译流程 (尝试 2/2):
========================================
步骤1: 输入藏语文本...
输入文本时出错: Message: tab crashed
  (Session info: chrome=143.0.7499.169)

✗ 输入文本失败
========================================
✗ 翻译失败，跳过此行
✓ 已保存到文件: 386/4500 条

[387/4500] 翻译进度: 8.6%
藏语原文: འབྲས་བུའི་གནས་སྐབས་ཀྱང་རང་དང་གཞན་གྱི་དོན་ཕུན་སུམ་ཚ...

开始翻译流程 (尝试 1/2):
========================================
步骤1: 输入藏语文本...
输入文本时出错: Message: tab crashed
  (Session info: chrome=143.0.7499.169)

✗ 输入文本失败

开始翻译流程 (尝试 2/2):
========================================
步骤1: 输入藏语文本...
输入文本时出错: Message: tab crashed
  (Session info: chrome=143.0.7499.169)

✗ 输入文本失败
========================================
✗ 翻译失败，跳过此行
✓ 已保存到文件: 387/4500 条

[388/4500] 翻译进度: 8.6%
藏语原文: རྒྱུ་རྣམས་ཀྱི་ཞེས་བྱ་བ་ནི་ཚིག་རྣམས་ཀྱིའོ་ཞེས་དེ་ལྟ...

开始翻译流程 (尝试 1/2):
========================================
步骤1: 输入藏语文本...
输入文本时出错: Message: tab crashed
  (Session info: chrome=143.0.7499.169)

✗ 输入文本失败

开始翻译流程 (尝试 2/2):
========================================
步骤1: 输入藏语文本...
输入文本时出错: Message: tab crashed
  (Session info: chrome=143.0.7499.169)

✗ 输入文本失败
========================================
✗ 翻译失败，跳过此行
✓ 已保存到文件: 388/4500 条

[389/4500] 翻译进度: 8.6%
藏语原文: སྔར་དམིགས་པའི་དུ་བ་དང་རང་བཞིན་མཚུངས་པ་ཡིན་པའི་ཕྱིར...

开始翻译流程 (尝试 1/2):
========================================
步骤1: 输入藏语文本...
输入文本时出错: Message: tab crashed
  (Session info: chrome=143.0.7499.169)

✗ 输入文本失败

开始翻译流程 (尝试 2/2):
========================================
步骤1: 输入藏语文本...
输入文本时出错: Message: tab crashed
  (Session info: chrome=143.0.7499.169)

✗ 输入文本失败
========================================
✗ 翻译失败，跳过此行
✓ 已保存到文件: 389/4500 条

[390/4500] 翻译进度: 8.7%
藏语原文: ངེས་པར་བརྗོད་པར་འདོད་པ་གང་ཡང་རང་ཁོ་ནས་ཞེས་ངེས་པར་བ...

开始翻译流程 (尝试 1/2):
========================================
步骤1: 输入藏语文本...
输入文本时出错: Message: tab crashed
  (Session info: chrome=143.0.7499.169)

✗ 输入文本失败

开始翻译流程 (尝试 2/2):
========================================
步骤1: 输入藏语文本...
输入文本时出错: Message: tab crashed
  (Session info: chrome=143.0.7499.169)

✗ 输入文本失败
========================================
✗ 翻译失败，跳过此行
✓ 已保存到文件: 390/4500 条

[391/4500] 翻译进度: 8.7%
藏语原文: གཞན་གང་རང་བཞིན་གཞན་གྱིས་སྟོང་པའི་ཕྱིར་ཞེས་བྱ་བའི་ག...

开始翻译流程 (尝试 1/2):
========================================
步骤1: 输入藏语文本...
输入文本时出错: Message: tab crashed
  (Session info: chrome=143.0.7499.169)

✗ 输入文本失败

开始翻译流程 (尝试 2/2):
========================================
步骤1: 输入藏语文本...
输入文本时出错: Message: tab crashed
  (Session info: chrome=143.0.7499.169)

✗ 输入文本失败
========================================
✗ 翻译失败，跳过此行
✓ 已保存到文件: 391/4500 条

[392/4500] 翻译进度: 8.7%
藏语原文: ཐ་དད་པ་ཞེས་བྱ་བ་ནི་མདུན་ན་འདུག་པའི་རྣམ་པ་ཅན་ལས་རྣམ...

开始翻译流程 (尝试 1/2):
========================================
步骤1: 输入藏语文本...
输入文本时出错: Message: tab crashed
  (Session info: chrome=143.0.7499.169)

✗ 输入文本失败

开始翻译流程 (尝试 2/2):
========================================
步骤1: 输入藏语文本...
输入文本时出错: Message: tab crashed
  (Session info: chrome=143.0.7499.169)

✗ 输入文本失败
========================================
✗ 翻译失败，跳过此行
✓ 已保存到文件: 392/4500 条

[393/4500] 翻译进度: 8.7%
藏语原文: གལ་ཏེ་མདུན་ན་འདུག་པ་རྣམ་པ་དང་ལྡན་པ་རྣམ་པ་བཟུང་བ་ན་...

开始翻译流程 (尝试 1/2):
========================================
步骤1: 输入藏语文本...
输入文本时出错: Message: tab crashed
  (Session info: chrome=143.0.7499.169)

✗ 输入文本失败

开始翻译流程 (尝试 2/2):
========================================
步骤1: 输入藏语文本...
输入文本时出错: Message: tab crashed
  (Session info: chrome=143.0.7499.169)

✗ 输入文本失败
========================================
✗ 翻译失败，跳过此行
✓ 已保存到文件: 393/4500 条

[394/4500] 翻译进度: 8.8%
藏语原文: གང་ལ་ལྟོས་༤ ཏེ་སྣང་བཞིན་པ་མདུན་ན་འདུག་པའི་རྣམ་པ་ཐ་...

开始翻译流程 (尝试 1/2):
========================================
步骤1: 输入藏语文本...
输入文本时出错: Message: tab crashed
  (Session info: chrome=143.0.7499.169)

✗ 输入文本失败

开始翻译流程 (尝试 2/2):
========================================
步骤1: 输入藏语文本...
输入文本时出错: Message: tab crashed
  (Session info: chrome=143.0.7499.169)

✗ 输入文本失败
========================================
✗ 翻译失败，跳过此行
✓ 已保存到文件: 394/4500 条

[395/4500] 翻译进度: 8.8%
藏语原文: གཞན་གྱི་རྟོགས་པ་ཡང་རང་ལ་གྲུབ་པའི་རྟགས་ཀྱིས་རྗེས་སུ...

开始翻译流程 (尝试 1/2):
========================================
步骤1: 输入藏语文本...
输入文本时出错: Message: tab crashed
  (Session info: chrome=143.0.7499.169)

✗ 输入文本失败

开始翻译流程 (尝试 2/2):
========================================
步骤1: 输入藏语文本...
输入文本时出错: Message: tab crashed
  (Session info: chrome=143.0.7499.169)

✗ 输入文本失败
========================================
✗ 翻译失败，跳过此行
✓ 已保存到文件: 395/4500 条

[396/4500] 翻译进度: 8.8%
藏语原文: གཞན་གྱི་ཐག་རིང་ན་འདུག་པ་ཞེས་སྨྲས་༤སོ།

开始翻译流程 (尝试 1/2):
========================================
步骤1: 输入藏语文本...
输入文本时出错: Message: tab crashed
  (Session info: chrome=143.0.7499.169)

✗ 输入文本失败

开始翻译流程 (尝试 2/2):
========================================
步骤1: 输入藏语文本...
输入文本时出错: Message: tab crashed
  (Session info: chrome=143.0.7499.169)

✗ 输入文本失败
========================================
✗ 翻译失败，跳过此行
✓ 已保存到文件: 396/4500 条

[397/4500] 翻译进度: 8.8%
藏语原文: གལ་ཏེ་བསྟན་བཅོས་བྱེད་པའི་འདོད་པ་ཡང་རང་ཉིད་སྨོས་པས་...

开始翻译流程 (尝试 1/2):
========================================
步骤1: 输入藏语文本...
输入文本时出错: Message: tab crashed
  (Session info: chrome=143.0.7499.169)

✗ 输入文本失败

开始翻译流程 (尝试 2/2):
========================================
步骤1: 输入藏语文本...
输入文本时出错: Message: tab crashed
  (Session info: chrome=143.0.7499.169)

✗ 输入文本失败
========================================
✗ 翻译失败，跳过此行
✓ 已保存到文件: 397/4500 条

[398/4500] 翻译进度: 8.8%
藏语原文: དེས་ན་རྟོག་པ་སྔོན་དུ་བྱེད་པ་མ་ཡིན་པར་འཇུག་པའི་དོན་...

开始翻译流程 (尝试 1/2):
========================================
步骤1: 输入藏语文本...
输入文本时出错: Message: tab crashed
  (Session info: chrome=143.0.7499.169)

✗ 输入文本失败

开始翻译流程 (尝试 2/2):
========================================
步骤1: 输入藏语文本...
输入文本时出错: Message: tab crashed
  (Session info: chrome=143.0.7499.169)

✗ 输入文本失败
========================================
✗ 翻译失败，跳过此行
✓ 已保存到文件: 398/4500 条

[399/4500] 翻译进度: 8.9%
藏语原文: དེའི་ཕྱིར་རྟོག་པ་གཉི་ག་ལ་ལྟོས་ནས་ཀྱང་རང་ཉིད་སྨོས་པ...

开始翻译流程 (尝试 1/2):
========================================
步骤1: 输入藏语文本...
输入文本时出错: Message: tab crashed
  (Session info: chrome=143.0.7499.169)

✗ 输入文本失败

开始翻译流程 (尝试 2/2):
========================================
步骤1: 输入藏语文本...
输入文本时出错: Message: tab crashed
  (Session info: chrome=143.0.7499.169)

✗ 输入文本失败
========================================
✗ 翻译失败，跳过此行
✓ 已保存到文件: 399/4500 条

[400/4500] 翻译进度: 8.9%
藏语原文: འོན་ཀྱང་རང་བཞིན་དང་འབྲས་བུ་དང་དེ་དག་བརྙན་མའི་དབྱེ་...

开始翻译流程 (尝试 1/2):
========================================
步骤1: 输入藏语文本...
输入文本时出错: Message: tab crashed
  (Session info: chrome=143.0.7499.169)

✗ 输入文本失败

开始翻译流程 (尝试 2/2):
========================================
步骤1: 输入藏语文本...
输入文本时出错: Message: tab crashed
  (Session info: chrome=143.0.7499.169)

✗ 输入文本失败
========================================
✗ 翻译失败，跳过此行
✓ 已保存到文件: 400/4500 条

[401/4500] 翻译进度: 8.9%
藏语原文: དེ་བཞིན་དུ་འདི་ཡང་ཡིན་ནོ་ཞེས་བྱ་བ་ནི་འདོད་པའི་སྒྲས...

开始翻译流程 (尝试 1/2):
========================================
步骤1: 输入藏语文本...
输入文本时出错: Message: tab crashed
  (Session info: chrome=143.0.7499.169)

✗ 输入文本失败

开始翻译流程 (尝试 2/2):
========================================
步骤1: 输入藏语文本...
输入文本时出错: Message: tab crashed
  (Session info: chrome=143.0.7499.169)

✗ 输入文本失败
========================================
✗ 翻译失败，跳过此行
✓ 已保存到文件: 401/4500 条

[402/4500] 翻译进度: 8.9%
藏语原文: དེ་ལྟ་ན་ཡང་རང་རིག་པར་བྱ་བའི་རུང་བ་ཉིད་དེ་ལས་ཐ་སྙད་...

开始翻译流程 (尝试 1/2):
========================================
步骤1: 输入藏语文本...
输入文本时出错: Message: tab crashed
  (Session info: chrome=143.0.7499.169)

✗ 输入文本失败

开始翻译流程 (尝试 2/2):
========================================
步骤1: 输入藏语文本...
输入文本时出错: Message: tab crashed
  (Session info: chrome=143.0.7499.169)

✗ 输入文本失败
========================================
✗ 翻译失败，跳过此行
✓ 已保存到文件: 402/4500 条

[403/4500] 翻译进度: 9.0%
藏语原文: གལ་ཏེ་ཐམས་ཅད་ཀྱི་ཚེ་སྤྱི་ཁྱད་པར་ཉིད་ཡིན་ན་དེའི་ཚེ་...

开始翻译流程 (尝试 1/2):
========================================
步骤1: 输入藏语文本...
输入文本时出错: Message: tab crashed
  (Session info: chrome=143.0.7499.169)

✗ 输入文本失败

开始翻译流程 (尝试 2/2):
========================================
步骤1: 输入藏语文本...
输入文本时出错: Message: tab crashed
  (Session info: chrome=143.0.7499.169)

✗ 输入文本失败
========================================
✗ 翻译失败，跳过此行
✓ 已保存到文件: 403/4500 条

[404/4500] 翻译进度: 9.0%
藏语原文: དེ་ལྟ་ཡིན་དང་སྲང་དམའ་བའི་ཁྱད་པར་དུ་འགྱུར་རོ་ཞེས་བྱ...

开始翻译流程 (尝试 1/2):
========================================
步骤1: 输入藏语文本...
输入文本时出错: Message: tab crashed
  (Session info: chrome=143.0.7499.169)

✗ 输入文本失败

开始翻译流程 (尝试 2/2):
========================================
步骤1: 输入藏语文本...
输入文本时出错: Message: tab crashed
  (Session info: chrome=143.0.7499.169)

✗ 输入文本失败
========================================
✗ 翻译失败，跳过此行
✓ 已保存到文件: 404/4500 条

[405/4500] 翻译进度: 9.0%
藏语原文: འདིས་ནི་འདུག་པར་ཡང་མི་བྱ་འགྲོ་བར་ཡང་མི་བྱ་ཞེས་བྱ་བ...

开始翻译流程 (尝试 1/2):
========================================
步骤1: 输入藏语文本...
输入文本时出错: Message: tab crashed
  (Session info: chrome=143.0.7499.169)

✗ 输入文本失败

开始翻译流程 (尝试 2/2):
========================================
步骤1: 输入藏语文本...
输入文本时出错: Message: tab crashed
  (Session info: chrome=143.0.7499.169)

✗ 输入文本失败
========================================
✗ 翻译失败，跳过此行
✓ 已保存到文件: 405/4500 条

[406/4500] 翻译进度: 9.0%
藏语原文: ༢༡༡༣༡རྟོགས་པའི་རྒྱུ་ཡིན་པ་དེ་བཞིན་དུ་སྒྲའི་སྒྲ་ཉིད...

开始翻译流程 (尝试 1/2):
========================================
步骤1: 输入藏语文本...
输入文本时出错: Message: tab crashed
  (Session info: chrome=143.0.7499.169)

✗ 输入文本失败

开始翻译流程 (尝试 2/2):
========================================
步骤1: 输入藏语文本...
输入文本时出错: Message: tab crashed
  (Session info: chrome=143.0.7499.169)

✗ 输入文本失败
========================================
✗ 翻译失败，跳过此行
✓ 已保存到文件: 406/4500 条

[407/4500] 翻译进度: 9.0%
藏语原文: བླ་འོག་ཏུ་ཞེས་བྱ་བ་སྟེ་དངོས་པོ་མེད་པ་འོག་ཏུ་གནས་པའ...

开始翻译流程 (尝试 1/2):
========================================
步骤1: 输入藏语文本...
输入文本时出错: Message: tab crashed
  (Session info: chrome=143.0.7499.169)

✗ 输入文本失败

开始翻译流程 (尝试 2/2):
========================================
步骤1: 输入藏语文本...
输入文本时出错: Message: tab crashed
  (Session info: chrome=143.0.7499.169)

✗ 输入文本失败
========================================
✗ 翻译失败，跳过此行
✓ 已保存到文件: 407/4500 条

[408/4500] 翻译进度: 9.1%
藏语原文: གསལ་བའི་རང་བཞིན་ལས་ཐ་དད་པ་དང་ཐ་མི་དད་པ་དག་ཏུ་སྣང་བ...

开始翻译流程 (尝试 1/2):
========================================
步骤1: 输入藏语文本...
输入文本时出错: Message: tab crashed
  (Session info: chrome=143.0.7499.169)

✗ 输入文本失败

开始翻译流程 (尝试 2/2):
========================================
步骤1: 输入藏语文本...
输入文本时出错: Message: tab crashed
  (Session info: chrome=143.0.7499.169)

✗ 输入文本失败
========================================
✗ 翻译失败，跳过此行
✓ 已保存到文件: 408/4500 条

[409/4500] 翻译进度: 9.1%
藏语原文: དེའི་འོག་ཏུ་ཡང་རང་བཞིན་གཉིས་པའི་སྤྱི་གཞན་མེད་པའི་ཕ...

开始翻译流程 (尝试 1/2):
========================================
步骤1: 输入藏语文本...
输入文本时出错: Message: tab crashed
  (Session info: chrome=143.0.7499.169)

✗ 输入文本失败

开始翻译流程 (尝试 2/2):
========================================
步骤1: 输入藏语文本...
输入文本时出错: Message: tab crashed
  (Session info: chrome=143.0.7499.169)

✗ 输入文本失败
========================================
✗ 翻译失败，跳过此行
✓ 已保存到文件: 409/4500 条

[410/4500] 翻译进度: 9.1%
藏语原文: དེ་ལྟ་ན་འོ་ན་སྤྱི་དེ་ཡང་རང་བཞིན་གཉིས་པ་ཡིན་པའི་ཕྱི...

开始翻译流程 (尝试 1/2):
========================================
步骤1: 输入藏语文本...
输入文本时出错: Message: tab crashed
  (Session info: chrome=143.0.7499.169)

✗ 输入文本失败

开始翻译流程 (尝试 2/2):
========================================
步骤1: 输入藏语文本...
输入文本时出错: Message: tab crashed
  (Session info: chrome=143.0.7499.169)

✗ 输入文本失败
========================================
✗ 翻译失败，跳过此行
✓ 已保存到文件: 410/4500 条

[411/4500] 翻译进度: 9.1%
藏语原文: འོན་ཀྱང་རང་བཞིན་ཁོ་ནས་ཁྱབ་པ་ཡིན་ནོ།

开始翻译流程 (尝试 1/2):
========================================
步骤1: 输入藏语文本...
输入文本时出错: Message: tab crashed
  (Session info: chrome=143.0.7499.169)

✗ 输入文本失败

开始翻译流程 (尝试 2/2):
========================================
步骤1: 输入藏语文本...
输入文本时出错: Message: tab crashed
  (Session info: chrome=143.0.7499.169)

✗ 输入文本失败
========================================
✗ 翻译失败，跳过此行
✓ 已保存到文件: 411/4500 条

[412/4500] 翻译进度: 9.2%
藏语原文: དེ་ཡང་རང་བཞིན་གཞན་ཡིན་པ་ནི་སྒྲའི་རང་བཞིན་གཞན་ཡིན་པ...

开始翻译流程 (尝试 1/2):
========================================
步骤1: 输入藏语文本...
输入文本时出错: Message: tab crashed
  (Session info: chrome=143.0.7499.169)

✗ 输入文本失败

开始翻译流程 (尝试 2/2):
========================================
步骤1: 输入藏语文本...
输入文本时出错: Message: tab crashed
  (Session info: chrome=143.0.7499.169)

✗ 输入文本失败
========================================
✗ 翻译失败，跳过此行
✓ 已保存到文件: 412/4500 条

[413/4500] 翻译进度: 9.2%
藏语原文: འབྱུང་ཁུངས་མ་ཡིན་ནོ་ཞེས་ཟུར་ན་འདུག་པའི་རྩོད་པ་བརྗོ...

开始翻译流程 (尝试 1/2):
========================================
步骤1: 输入藏语文本...
输入文本时出错: Message: tab crashed
  (Session info: chrome=143.0.7499.169)

✗ 输入文本失败

开始翻译流程 (尝试 2/2):
========================================
步骤1: 输入藏语文本...
输入文本时出错: Message: tab crashed
  (Session info: chrome=143.0.7499.169)

✗ 输入文本失败
========================================
✗ 翻译失败，跳过此行
✓ 已保存到文件: 413/4500 条

[414/4500] 翻译进度: 9.2%
藏语原文: དེས་ན་རིགས་པ་ཅན་ལ་སོགས་པ་སྒྲའི་དོན་རང་བཞིན་མེད་པ་ཅ...

开始翻译流程 (尝试 1/2):
========================================
步骤1: 输入藏语文本...
输入文本时出错: Message: tab crashed
  (Session info: chrome=143.0.7499.169)

✗ 输入文本失败

开始翻译流程 (尝试 2/2):
========================================
步骤1: 输入藏语文本...
输入文本时出错: Message: tab crashed
  (Session info: chrome=143.0.7499.169)

✗ 输入文本失败
========================================
✗ 翻译失败，跳过此行
✓ 已保存到文件: 414/4500 条

[415/4500] 翻译进度: 9.2%
藏语原文: དེས་ན་དུ་བ་༤མེ་ལས་འཁྲུལ་པར་དོགས་པ་གང་ལ་ཡོད་མེ་ལ་སོ...

开始翻译流程 (尝试 1/2):
========================================
步骤1: 输入藏语文本...
输入文本时出错: Message: tab crashed
  (Session info: chrome=143.0.7499.169)

✗ 输入文本失败

开始翻译流程 (尝试 2/2):
========================================
步骤1: 输入藏语文本...
输入文本时出错: Message: tab crashed
  (Session info: chrome=143.0.7499.169)

✗ 输入文本失败
========================================
✗ 翻译失败，跳过此行
✓ 已保存到文件: 415/4500 条

[416/4500] 翻译进度: 9.2%
藏语原文: རྟགས་དུ་བ་ལས་རྟོགས་པ་ཡང་རང་བཞིན་དེ་ཉིད་ཀྱིས་ཡིན་ཏེ...

开始翻译流程 (尝试 1/2):
========================================
步骤1: 输入藏语文本...
输入文本时出错: Message: tab crashed
  (Session info: chrome=143.0.7499.169)

✗ 输入文本失败

开始翻译流程 (尝试 2/2):
========================================
步骤1: 输入藏语文本...
输入文本时出错: Message: tab crashed
  (Session info: chrome=143.0.7499.169)

✗ 输入文本失败
========================================
✗ 翻译失败，跳过此行
✓ 已保存到文件: 416/4500 条

[417/4500] 翻译进度: 9.3%
藏语原文: གྲུབ་པའི་མི་དམིགས་པ་དེས་ཀྱང་རང་ཉིད་ཙམ་གྱི་འཇུག་པ་ག...

开始翻译流程 (尝试 1/2):
========================================
步骤1: 输入藏语文本...
输入文本时出错: Message: tab crashed
  (Session info: chrome=143.0.7499.169)

✗ 输入文本失败

开始翻译流程 (尝试 2/2):
========================================
步骤1: 输入藏语文本...
输入文本时出错: Message: tab crashed
  (Session info: chrome=143.0.7499.169)

✗ 输入文本失败
========================================
✗ 翻译失败，跳过此行
✓ 已保存到文件: 417/4500 条

[418/4500] 翻译进度: 9.3%
藏语原文: ཤེས་པ་ནི་རང་ཉིད་ཀྱིས་འགྲུབ་པས་ན་དེ་མེད་པ་ཡང་རང་ལས་...

开始翻译流程 (尝试 1/2):
========================================
步骤1: 输入藏语文本...
输入文本时出错: Message: tab crashed
  (Session info: chrome=143.0.7499.169)

✗ 输入文本失败

开始翻译流程 (尝试 2/2):
========================================
步骤1: 输入藏语文本...
输入文本时出错: Message: tab crashed
  (Session info: chrome=143.0.7499.169)

✗ 输入文本失败
========================================
✗ 翻译失败，跳过此行
✓ 已保存到文件: 418/4500 条

[419/4500] 翻译进度: 9.3%
藏语原文: རིག་པ་མི་དམིགས་པ་ནི་གསལ་བར་ཡང་རང་བཞིན་མི་དམིགས་པར་...

开始翻译流程 (尝试 1/2):
========================================
步骤1: 输入藏语文本...
输入文本时出错: Message: tab crashed
  (Session info: chrome=143.0.7499.169)

✗ 输入文本失败

开始翻译流程 (尝试 2/2):
========================================
步骤1: 输入藏语文本...
输入文本时出错: Message: tab crashed
  (Session info: chrome=143.0.7499.169)

✗ 输入文本失败
========================================
✗ 翻译失败，跳过此行
✓ 已保存到文件: 419/4500 条

[420/4500] 翻译进度: 9.3%
藏语原文: འབྲས་བུ་དང་རང་བཞིན་འབའ་ཞིག་ཏུ་ནི་མ་ཟད་ཀྱི་རྒྱུ་དང་...

开始翻译流程 (尝试 1/2):
========================================
步骤1: 输入藏语文本...
输入文本时出错: Message: tab crashed
  (Session info: chrome=143.0.7499.169)

✗ 输入文本失败

开始翻译流程 (尝试 2/2):
========================================
步骤1: 输入藏语文本...
输入文本时出错: Message: tab crashed
  (Session info: chrome=143.0.7499.169)

✗ 输入文本失败
========================================
✗ 翻译失败，跳过此行
✓ 已保存到文件: 420/4500 条

[421/4500] 翻译进度: 9.4%
藏语原文: གལ་ཏེ་དེ་ལྟ་ན་ཡང་རང་བཞིན་མི་དམིགས་པ་ལས་རང་བཞིན་འགལ...

开始翻译流程 (尝试 1/2):
========================================
步骤1: 输入藏语文本...
输入文本时出错: Message: tab crashed
  (Session info: chrome=143.0.7499.169)

✗ 输入文本失败

开始翻译流程 (尝试 2/2):
========================================
步骤1: 输入藏语文本...
输入文本时出错: Message: tab crashed
  (Session info: chrome=143.0.7499.169)

✗ 输入文本失败
========================================
✗ 翻译失败，跳过此行
✓ 已保存到文件: 421/4500 条

[422/4500] 翻译进度: 9.4%
藏语原文: འགལ་བའི་འབྲས་བུ་དམིགས་པ་ཡང་རང་བཞིན་མི་དམིགས་པ་ལས་ག...

开始翻译流程 (尝试 1/2):
========================================
步骤1: 输入藏语文本...
输入文本时出错: Message: tab crashed
  (Session info: chrome=143.0.7499.169)

✗ 输入文本失败

开始翻译流程 (尝试 2/2):
========================================
步骤1: 输入藏语文本...
输入文本时出错: Message: tab crashed
  (Session info: chrome=143.0.7499.169)

✗ 输入文本失败
========================================
✗ 翻译失败，跳过此行
✓ 已保存到文件: 422/4500 条

[423/4500] 翻译进度: 9.4%
藏语原文: ཁྱབ་བྱ་གང་ཡིན་པ་དེ་སྦྱར་བ་གང་ཡིན་པ་དེར་ནི་སྟེ་འགལ་...

开始翻译流程 (尝试 1/2):
========================================
步骤1: 输入藏语文本...
输入文本时出错: Message: tab crashed
  (Session info: chrome=143.0.7499.169)

✗ 输入文本失败

开始翻译流程 (尝试 2/2):
========================================
步骤1: 输入藏语文本...
输入文本时出错: Message: tab crashed
  (Session info: chrome=143.0.7499.169)

✗ 输入文本失败
========================================
✗ 翻译失败，跳过此行
✓ 已保存到文件: 423/4500 条

[424/4500] 翻译进度: 9.4%
藏语原文: དེ་ནི་ཞེས་བྱ་བ་ནི་འབྲས་བུ་དང་རང་བཞིན་དག་མི་དམིགས་པ...

开始翻译流程 (尝试 1/2):
========================================
步骤1: 输入藏语文本...
输入文本时出错: Message: tab crashed
  (Session info: chrome=143.0.7499.169)

✗ 输入文本失败

开始翻译流程 (尝试 2/2):
========================================
步骤1: 输入藏语文本...
输入文本时出错: Message: tab crashed
  (Session info: chrome=143.0.7499.169)

✗ 输入文本失败
========================================
✗ 翻译失败，跳过此行
✓ 已保存到文件: 424/4500 条

[425/4500] 翻译进度: 9.4%
藏语原文: གལ་ཏེ་འབྲས་བུ་དང་རང་བཞིན་དག་གཞན་གྱིས་མི་དམིགས་པའི་...

开始翻译流程 (尝试 1/2):
========================================
步骤1: 输入藏语文本...
输入文本时出错: Message: tab crashed
  (Session info: chrome=143.0.7499.169)

✗ 输入文本失败

开始翻译流程 (尝试 2/2):
========================================
步骤1: 输入藏语文本...
输入文本时出错: Message: tab crashed
  (Session info: chrome=143.0.7499.169)

✗ 输入文本失败
========================================
✗ 翻译失败，跳过此行
✓ 已保存到文件: 425/4500 条

[426/4500] 翻译进度: 9.5%
藏语原文: འགལ་བའི་འབྲས་བུ་དམིགས་པ་ཞེས་བརྗོད་པ་ཙམ་གྱིས་ནི་འབྲ...

开始翻译流程 (尝试 1/2):
========================================
步骤1: 输入藏语文本...
输入文本时出错: Message: tab crashed
  (Session info: chrome=143.0.7499.169)

✗ 输入文本失败

开始翻译流程 (尝试 2/2):
========================================
步骤1: 输入藏语文本...
输入文本时出错: Message: tab crashed
  (Session info: chrome=143.0.7499.169)

✗ 输入文本失败
========================================
✗ 翻译失败，跳过此行
✓ 已保存到文件: 426/4500 条

[427/4500] 翻译进度: 9.5%
藏语原文: ༡༥༣༢༧པེ་སྣར་དང་རང་བཞིན།

开始翻译流程 (尝试 1/2):
========================================
步骤1: 输入藏语文本...
输入文本时出错: Message: tab crashed
  (Session info: chrome=143.0.7499.169)

✗ 输入文本失败

开始翻译流程 (尝试 2/2):
========================================
步骤1: 输入藏语文本...
输入文本时出错: Message: tab crashed
  (Session info: chrome=143.0.7499.169)

✗ 输入文本失败
========================================
✗ 翻译失败，跳过此行
✓ 已保存到文件: 427/4500 条

[428/4500] 翻译进度: 9.5%
藏语原文: ཞེས་པའི་གཡུང་དྲུང་རྟགས་བར་གྱི་ཡི་གེ་རྣམས་པེ་ལ་གོང་...

开始翻译流程 (尝试 1/2):
========================================
步骤1: 输入藏语文本...
输入文本时出错: Message: tab crashed
  (Session info: chrome=143.0.7499.169)

✗ 输入文本失败

开始翻译流程 (尝试 2/2):
========================================
步骤1: 输入藏语文本...
输入文本时出错: Message: tab crashed
  (Session info: chrome=143.0.7499.169)

✗ 输入文本失败
========================================
✗ 翻译失败，跳过此行
✓ 已保存到文件: 428/4500 条

[429/4500] 翻译进度: 9.5%
藏语原文: རང་ཉིད་བདེ་བའི་སྟན་འདུག་སྟེ།

开始翻译流程 (尝试 1/2):
========================================
步骤1: 输入藏语文本...
输入文本时出错: Message: tab crashed
  (Session info: chrome=143.0.7499.169)

✗ 输入文本失败

开始翻译流程 (尝试 2/2):
========================================
步骤1: 输入藏语文本...
输入文本时出错: Message: tab crashed
  (Session info: chrome=143.0.7499.169)

✗ 输入文本失败
========================================
✗ 翻译失败，跳过此行
✓ 已保存到文件: 429/4500 条

[430/4500] 翻译进度: 9.6%
藏语原文: རང་རང་དགྱེས་པའི་གདན་ལ་བརྟན་པར་བཞུགས།

开始翻译流程 (尝试 1/2):
========================================
步骤1: 输入藏语文本...
输入文本时出错: Message: tab crashed
  (Session info: chrome=143.0.7499.169)

✗ 输入文本失败

开始翻译流程 (尝试 2/2):
========================================
步骤1: 输入藏语文本...
输入文本时出错: Message: tab crashed
  (Session info: chrome=143.0.7499.169)

✗ 输入文本失败
========================================
✗ 翻译失败，跳过此行
✓ 已保存到文件: 430/4500 条

[431/4500] 翻译进度: 9.6%
藏语原文: རང་རང་འདོད་པའི་དངོས་པོར་གྱུར་པས་བསང་།

开始翻译流程 (尝试 1/2):
========================================
步骤1: 输入藏语文本...
输入文本时出错: Message: tab crashed
  (Session info: chrome=143.0.7499.169)

✗ 输入文本失败

开始翻译流程 (尝试 2/2):
========================================
步骤1: 输入藏语文本...
输入文本时出错: Message: tab crashed
  (Session info: chrome=143.0.7499.169)

✗ 输入文本失败
========================================
✗ 翻译失败，跳过此行
✓ 已保存到文件: 431/4500 条

[432/4500] 翻译进度: 9.6%
藏语原文: རྣམ་པར་རང་རང་སོ་སོའི་གནས་སུ་གཤེགས།

开始翻译流程 (尝试 1/2):
========================================
步骤1: 输入藏语文本...
输入文本时出错: Message: tab crashed
  (Session info: chrome=143.0.7499.169)

✗ 输入文本失败

开始翻译流程 (尝试 2/2):
========================================
步骤1: 输入藏语文本...
输入文本时出错: Message: tab crashed
  (Session info: chrome=143.0.7499.169)

✗ 输入文本失败
========================================
✗ 翻译失败，跳过此行
✓ 已保存到文件: 432/4500 条

[433/4500] 翻译进度: 9.6%
藏语原文: རང་རང་སོ་སོའི་གནས་མཆོག་ནས།

开始翻译流程 (尝试 1/2):
========================================
步骤1: 输入藏语文本...
输入文本时出错: Message: tab crashed
  (Session info: chrome=143.0.7499.169)

✗ 输入文本失败

开始翻译流程 (尝试 2/2):
========================================
步骤1: 输入藏语文本...
输入文本时出错: Message: tab crashed
  (Session info: chrome=143.0.7499.169)

✗ 输入文本失败
========================================
✗ 翻译失败，跳过此行
✓ 已保存到文件: 433/4500 条

[434/4500] 翻译进度: 9.6%
藏语原文: གཏང་རག་དུས་གཏོར་ཆག་པ་སོགས།

开始翻译流程 (尝试 1/2):
========================================
步骤1: 输入藏语文本...
输入文本时出错: Message: tab crashed
  (Session info: chrome=143.0.7499.169)

✗ 输入文本失败

开始翻译流程 (尝试 2/2):
========================================
步骤1: 输入藏语文本...
输入文本时出错: Message: tab crashed
  (Session info: chrome=143.0.7499.169)

✗ 输入文本失败
========================================
✗ 翻译失败，跳过此行
✓ 已保存到文件: 434/4500 条

[435/4500] 翻译进度: 9.7%
藏语原文: དགྲ་ལྷ་གཉན་པོ་མཆོད་ཙ་ན།

开始翻译流程 (尝试 1/2):
========================================
步骤1: 输入藏语文本...
输入文本时出错: Message: tab crashed
  (Session info: chrome=143.0.7499.169)

✗ 输入文本失败

开始翻译流程 (尝试 2/2):
========================================
步骤1: 输入藏语文本...
输入文本时出错: Message: tab crashed
  (Session info: chrome=143.0.7499.169)

✗ 输入文本失败
========================================
✗ 翻译失败，跳过此行
✓ 已保存到文件: 435/4500 条

[436/4500] 翻译进度: 9.7%
藏语原文: བདག་ཅག་གར་འགྲོ་གར་འདུག་ཀྱང་།

开始翻译流程 (尝试 1/2):
========================================
步骤1: 输入藏语文本...
输入文本时出错: Message: tab crashed
  (Session info: chrome=143.0.7499.169)

✗ 输入文本失败

开始翻译流程 (尝试 2/2):
========================================
步骤1: 输入藏语文本...
输入文本时出错: Message: tab crashed
  (Session info: chrome=143.0.7499.169)

✗ 输入文本失败
========================================
✗ 翻译失败，跳过此行
✓ 已保存到文件: 436/4500 条

[437/4500] 翻译进度: 9.7%
藏语原文: ལྷ་སྲིན་མ་འདུག་མ་ཕྱེ་བའི

开始翻译流程 (尝试 1/2):
========================================
步骤1: 输入藏语文本...
输入文本时出错: Message: tab crashed
  (Session info: chrome=143.0.7499.169)

✗ 输入文本失败

开始翻译流程 (尝试 2/2):
========================================
步骤1: 输入藏语文本...
输入文本时出错: Message: tab crashed
  (Session info: chrome=143.0.7499.169)

✗ 输入文本失败
========================================
✗ 翻译失败，跳过此行
✓ 已保存到文件: 437/4500 条

[438/4500] 翻译进度: 9.7%
藏语原文: རང་རང་བདེ་བར་གཤེགས་ནས་ཀྱང་

开始翻译流程 (尝试 1/2):
========================================
步骤1: 输入藏语文本...
输入文本时出错: Message: tab crashed
  (Session info: chrome=143.0.7499.169)

✗ 输入文本失败

开始翻译流程 (尝试 2/2):
========================================
步骤1: 输入藏语文本...
输入文本时出错: Message: tab crashed
  (Session info: chrome=143.0.7499.169)

✗ 输入文本失败
========================================
✗ 翻译失败，跳过此行
✓ 已保存到文件: 438/4500 条

[439/4500] 翻译进度: 9.8%
藏语原文: རང་རང་སོ་སོའི་སྤྱོད་ཡུལ་དུ།

开始翻译流程 (尝试 1/2):
========================================
步骤1: 输入藏语文本...
输入文本时出错: Message: tab crashed
  (Session info: chrome=143.0.7499.169)

✗ 输入文本失败

开始翻译流程 (尝试 2/2):
========================================
步骤1: 输入藏语文本...
输入文本时出错: Message: tab crashed
  (Session info: chrome=143.0.7499.169)

✗ 输入文本失败
========================================
✗ 翻译失败，跳过此行
✓ 已保存到文件: 439/4500 条

[440/4500] 翻译进度: 9.8%
藏语原文: རྒྱལ་པོ་དང་ཡུལ་ལྷ་ཐམས་ཅད་འཁྲུགས་པར་འདུག་ཟེར་བ་ལ།

开始翻译流程 (尝试 1/2):
========================================
步骤1: 输入藏语文本...
输入文本时出错: Message: tab crashed
  (Session info: chrome=143.0.7499.169)

✗ 输入文本失败

开始翻译流程 (尝试 2/2):
========================================
步骤1: 输入藏语文本...
输入文本时出错: Message: tab crashed
  (Session info: chrome=143.0.7499.169)

✗ 输入文本失败
========================================
✗ 翻译失败，跳过此行
✓ 已保存到文件: 440/4500 条

[441/4500] 翻译进度: 9.8%
藏语原文: འདུག་པའི་མལ་ས་མནོལ་བ་ཡོད་ན་ཡང་།

开始翻译流程 (尝试 1/2):
========================================
步骤1: 输入藏语文本...
输入文本时出错: Message: tab crashed
  (Session info: chrome=143.0.7499.169)

✗ 输入文本失败

开始翻译流程 (尝试 2/2):
========================================
步骤1: 输入藏语文本...
输入文本时出错: Message: tab crashed
  (Session info: chrome=143.0.7499.169)

✗ 输入文本失败
========================================
✗ 翻译失败，跳过此行
✓ 已保存到文件: 441/4500 条

[442/4500] 翻译进度: 9.8%
藏语原文: ལོ་བླ་ཞག་དུས་སྤར་སྨེ་གཟའ་སྐར་དང་།

开始翻译流程 (尝试 1/2):
========================================
步骤1: 输入藏语文本...
输入文本时出错: Message: tab crashed
  (Session info: chrome=143.0.7499.169)

✗ 输入文本失败

开始翻译流程 (尝试 2/2):
========================================
步骤1: 输入藏语文本...
输入文本时出错: Message: tab crashed
  (Session info: chrome=143.0.7499.169)

✗ 输入文本失败
========================================
✗ 翻译失败，跳过此行
✓ 已保存到文件: 442/4500 条

[443/4500] 翻译进度: 9.8%
藏语原文: གཞི་ལ་འདུག་ན་ཁ་འཛིན་མཛོད།

开始翻译流程 (尝试 1/2):
========================================
步骤1: 输入藏语文本...
输入文本时出错: Message: tab crashed
  (Session info: chrome=143.0.7499.169)

✗ 输入文本失败

开始翻译流程 (尝试 2/2):
========================================
步骤1: 输入藏语文本...
输入文本时出错: Message: tab crashed
  (Session info: chrome=143.0.7499.169)

✗ 输入文本失败
========================================
✗ 翻译失败，跳过此行
✓ 已保存到文件: 443/4500 条

[444/4500] 翻译进度: 9.9%
藏语原文: སྤར་སྨེ་གཟའ་སྐར་ལོ་ཟླ་ཞག་དུས་ལྷ།

开始翻译流程 (尝试 1/2):
========================================
步骤1: 输入藏语文本...
输入文本时出错: Message: tab crashed
  (Session info: chrome=143.0.7499.169)

✗ 输入文本失败

开始翻译流程 (尝试 2/2):
========================================
步骤1: 输入藏语文本...
输入文本时出错: Message: tab crashed
  (Session info: chrome=143.0.7499.169)

✗ 输入文本失败
========================================
✗ 翻译失败，跳过此行
✓ 已保存到文件: 444/4500 条

[445/4500] 翻译进度: 9.9%
藏语原文: བརྟེན་གནས་འགྲོ་འདུག་སྤྱོད་ལམ་སྨྲ་བརྗོད་སོགས།

开始翻译流程 (尝试 1/2):
========================================
步骤1: 输入藏语文本...
输入文本时出错: Message: tab crashed
  (Session info: chrome=143.0.7499.169)

✗ 输入文本失败

开始翻译流程 (尝试 2/2):
========================================
步骤1: 输入藏语文本...
输入文本时出错: Message: tab crashed
  (Session info: chrome=143.0.7499.169)

✗ 输入文本失败
========================================
✗ 翻译失败，跳过此行
✓ 已保存到文件: 445/4500 条

[446/4500] 翻译进度: 9.9%
藏语原文: རང་རང་འདོད་པའི་གདན་ལ་བཞུགས་སུ་གསོལ།

开始翻译流程 (尝试 1/2):
========================================
步骤1: 输入藏语文本...
输入文本时出错: Message: tab crashed
  (Session info: chrome=143.0.7499.169)

✗ 输入文本失败

开始翻译流程 (尝试 2/2):
========================================
步骤1: 输入藏语文本...
输入文本时出错: Message: tab crashed
  (Session info: chrome=143.0.7499.169)

✗ 输入文本失败
========================================
✗ 翻译失败，跳过此行
✓ 已保存到文件: 446/4500 条

[447/4500] 翻译进度: 9.9%
藏语原文: རང་རང་གནས་ནས་སྣ་ཚོགས་རྣམ་རོལ་གྱིས།

开始翻译流程 (尝试 1/2):
========================================
步骤1: 输入藏语文本...
输入文本时出错: Message: tab crashed
  (Session info: chrome=143.0.7499.169)

✗ 输入文本失败

开始翻译流程 (尝试 2/2):
========================================
步骤1: 输入藏语文本...
输入文本时出错: Message: tab crashed
  (Session info: chrome=143.0.7499.169)

✗ 输入文本失败
========================================
✗ 翻译失败，跳过此行
✓ 已保存到文件: 447/4500 条

[448/4500] 翻译进度: 10.0%
藏语原文: རྣམ་པ་རང་རང་དགྱེས་པའི་གནས་སུ་གཤེགས།

开始翻译流程 (尝试 1/2):
========================================
步骤1: 输入藏语文本...
输入文本时出错: Message: tab crashed
  (Session info: chrome=143.0.7499.169)

✗ 输入文本失败

开始翻译流程 (尝试 2/2):
========================================
步骤1: 输入藏语文本...
输入文本时出错: Message: tab crashed
  (Session info: chrome=143.0.7499.169)

✗ 输入文本失败
========================================
✗ 翻译失败，跳过此行
✓ 已保存到文件: 448/4500 条

[449/4500] 翻译进度: 10.0%
藏语原文: ཆུ་བྱ་ངང་བ་ཁྲུང་ཁྲུང་རང་སྒྲ་སྒྲོག།

开始翻译流程 (尝试 1/2):
========================================
步骤1: 输入藏语文本...
输入文本时出错: Message: tab crashed
  (Session info: chrome=143.0.7499.169)

✗ 输入文本失败

开始翻译流程 (尝试 2/2):
========================================
步骤1: 输入藏语文本...
输入文本时出错: Message: tab crashed
  (Session info: chrome=143.0.7499.169)

✗ 输入文本失败
========================================
✗ 翻译失败，跳过此行
✓ 已保存到文件: 449/4500 条

[450/4500] 翻译进度: 10.0%
藏语原文: རྣམ་པ་རང་རང་དགྱེས་པའི་གནས་སུ་གཤེགས།

开始翻译流程 (尝试 1/2):
========================================
步骤1: 输入藏语文本...
输入文本时出错: Message: tab crashed
  (Session info: chrome=143.0.7499.169)

✗ 输入文本失败

开始翻译流程 (尝试 2/2):
========================================
步骤1: 输入藏语文本...
输入文本时出错: Message: tab crashed
  (Session info: chrome=143.0.7499.169)

✗ 输入文本失败
========================================
✗ 翻译失败，跳过此行
✓ 已保存到文件: 450/4500 条

[451/4500] 翻译进度: 10.0%
藏语原文: རྣམ་པ་རང་རང་དགྱེས་པའི་གནས་སུ་གཤེགས།

开始翻译流程 (尝试 1/2):
========================================
步骤1: 输入藏语文本...
输入文本时出错: Message: tab crashed
  (Session info: chrome=143.0.7499.169)

✗ 输入文本失败

开始翻译流程 (尝试 2/2):
========================================
步骤1: 输入藏语文本...
输入文本时出错: Message: tab crashed
  (Session info: chrome=143.0.7499.169)

✗ 输入文本失败
========================================
✗ 翻译失败，跳过此行
✓ 已保存到文件: 451/4500 条

[452/4500] 翻译进度: 10.0%
藏语原文: ཨོཾ་རུ་རུ་སྤུ་རུ་ཛྭ་ལ་ཏིཥྛ་སིད་རྙ་ལོ་ཙ་ནི་སརྦ་མཐོ་...

开始翻译流程 (尝试 1/2):
========================================
步骤1: 输入藏语文本...
输入文本时出错: Message: tab crashed
  (Session info: chrome=143.0.7499.169)

✗ 输入文本失败

开始翻译流程 (尝试 2/2):
========================================
步骤1: 输入藏语文本...
输入文本时出错: Message: tab crashed
  (Session info: chrome=143.0.7499.169)

✗ 输入文本失败
========================================
✗ 翻译失败，跳过此行
✓ 已保存到文件: 452/4500 条

[453/4500] 翻译进度: 10.1%
藏语原文: བདག་ཅག་གར་འགྲོ་གར་འདུག་ཀྱང་།

开始翻译流程 (尝试 1/2):
========================================
步骤1: 输入藏语文本...
输入文本时出错: Message: tab crashed
  (Session info: chrome=143.0.7499.169)

✗ 输入文本失败

开始翻译流程 (尝试 2/2):
========================================
步骤1: 输入藏语文本...
输入文本时出错: Message: tab crashed
  (Session info: chrome=143.0.7499.169)

✗ 输入文本失败
========================================
✗ 翻译失败，跳过此行
✓ 已保存到文件: 453/4500 条

[454/4500] 翻译进度: 10.1%
藏语原文: གཞི་ལམ་བྱེས་གསུམ་གར་འགྲོ་གང་འདུག་ཀྱང་།

开始翻译流程 (尝试 1/2):
========================================
步骤1: 输入藏语文本...
输入文本时出错: Message: tab crashed
  (Session info: chrome=143.0.7499.169)

✗ 输入文本失败

开始翻译流程 (尝试 2/2):
========================================
步骤1: 输入藏语文本...
输入文本时出错: Message: tab crashed
  (Session info: chrome=143.0.7499.169)

✗ 输入文本失败
========================================
✗ 翻译失败，跳过此行
✓ 已保存到文件: 454/4500 条

[455/4500] 翻译进度: 10.1%
藏语原文: ཅིར་ཡང་འཆར་བའི་རང་རང་གནས་སུ་གཤེགས།

开始翻译流程 (尝试 1/2):
========================================
步骤1: 输入藏语文本...
输入文本时出错: Message: tab crashed
  (Session info: chrome=143.0.7499.169)

✗ 输入文本失败

开始翻译流程 (尝试 2/2):
========================================
步骤1: 输入藏语文本...
输入文本时出错: Message: tab crashed
  (Session info: chrome=143.0.7499.169)

✗ 输入文本失败
========================================
✗ 翻译失败，跳过此行
✓ 已保存到文件: 455/4500 条

[456/4500] 翻译进度: 10.1%
藏语原文: ཀུན་ཀྱང་རང་རང་དགྱེས་པའི་གདན་ཁྲི་ལ།

开始翻译流程 (尝试 1/2):
========================================
步骤1: 输入藏语文本...
输入文本时出错: Message: tab crashed
  (Session info: chrome=143.0.7499.169)

✗ 输入文本失败

开始翻译流程 (尝试 2/2):
========================================
步骤1: 输入藏语文本...
输入文本时出错: Message: tab crashed
  (Session info: chrome=143.0.7499.169)

✗ 输入文本失败
========================================
✗ 翻译失败，跳过此行
✓ 已保存到文件: 456/4500 条

[457/4500] 翻译进度: 10.2%
藏语原文: རང་རང་གནས་སུ་བཞུགས་པའི་སྲུང་མ་རྣམས།

开始翻译流程 (尝试 1/2):
========================================
步骤1: 输入藏语文本...
输入文本时出错: Message: tab crashed
  (Session info: chrome=143.0.7499.169)

✗ 输入文本失败

开始翻译流程 (尝试 2/2):
========================================
步骤1: 输入藏语文本...
输入文本时出错: Message: tab crashed
  (Session info: chrome=143.0.7499.169)

✗ 输入文本失败
========================================
✗ 翻译失败，跳过此行
✓ 已保存到文件: 457/4500 条

[458/4500] 翻译进度: 10.2%
藏语原文: རང་རང་འདོད་པའི་གནས་ལ་བཞུགས་སུ་གསོལ།

开始翻译流程 (尝试 1/2):
========================================
步骤1: 输入藏语文本...
输入文本时出错: Message: tab crashed
  (Session info: chrome=143.0.7499.169)

✗ 输入文本失败

开始翻译流程 (尝试 2/2):
========================================
步骤1: 输入藏语文本...
输入文本时出错: Message: tab crashed
  (Session info: chrome=143.0.7499.169)

✗ 输入文本失败
========================================
✗ 翻译失败，跳过此行
✓ 已保存到文件: 458/4500 条

[459/4500] 翻译进度: 10.2%
藏语原文: བྱེས་སུ་འདུག་པའི་དུས་སུ་སྲུང་མ་མཛོད།

开始翻译流程 (尝试 1/2):
========================================
步骤1: 输入藏语文本...
输入文本时出错: Message: tab crashed
  (Session info: chrome=143.0.7499.169)

✗ 输入文本失败

开始翻译流程 (尝试 2/2):
========================================
步骤1: 输入藏语文本...
输入文本时出错: Message: tab crashed
  (Session info: chrome=143.0.7499.169)

✗ 输入文本失败
========================================
✗ 翻译失败，跳过此行
✓ 已保存到文件: 459/4500 条

[460/4500] 翻译进度: 10.2%
藏语原文: གཞི་ལམ་གྱེས་གསུམ་གར་འགྲོ་གར་འདུག་ཀྱང་།

开始翻译流程 (尝试 1/2):
========================================
步骤1: 输入藏语文本...
输入文本时出错: Message: tab crashed
  (Session info: chrome=143.0.7499.169)

✗ 输入文本失败

开始翻译流程 (尝试 2/2):
========================================
步骤1: 输入藏语文本...
输入文本时出错: Message: tab crashed
  (Session info: chrome=143.0.7499.169)

✗ 输入文本失败
========================================
✗ 翻译失败，跳过此行
✓ 已保存到文件: 460/4500 条

[461/4500] 翻译进度: 10.2%
藏语原文: རང་རང་དགྱེས་པའི་གནས་དང་རྟེན་རྣམས་ལ།

开始翻译流程 (尝试 1/2):
========================================
步骤1: 输入藏语文本...
输入文本时出错: Message: tab crashed
  (Session info: chrome=143.0.7499.169)

✗ 输入文本失败

开始翻译流程 (尝试 2/2):
========================================
步骤1: 输入藏语文本...
输入文本时出错: Message: tab crashed
  (Session info: chrome=143.0.7499.169)

✗ 输入文本失败
========================================
✗ 翻译失败，跳过此行
✓ 已保存到文件: 461/4500 条

[462/4500] 翻译进度: 10.3%
藏语原文: འདིར་བྱོན་རང་རང་དགྱེས་པའི་གདན་ལ་བཞུགས།

开始翻译流程 (尝试 1/2):
========================================
步骤1: 输入藏语文本...
输入文本时出错: Message: tab crashed
  (Session info: chrome=143.0.7499.169)

✗ 输入文本失败

开始翻译流程 (尝试 2/2):
========================================
步骤1: 输入藏语文本...
输入文本时出错: Message: tab crashed
  (Session info: chrome=143.0.7499.169)

✗ 输入文本失败
========================================
✗ 翻译失败，跳过此行
✓ 已保存到文件: 462/4500 条

[463/4500] 翻译进度: 10.3%
藏语原文: རང་རང་དགྱེས་པའི་གདན་ལ་ལེགས་བཞུགས་ནས།

开始翻译流程 (尝试 1/2):
========================================
步骤1: 输入藏语文本...
输入文本时出错: Message: tab crashed
  (Session info: chrome=143.0.7499.169)

✗ 输入文本失败

开始翻译流程 (尝试 2/2):
========================================
步骤1: 输入藏语文本...
输入文本时出错: Message: tab crashed
  (Session info: chrome=143.0.7499.169)

✗ 输入文本失败
========================================
✗ 翻译失败，跳过此行
✓ 已保存到文件: 463/4500 条

[464/4500] 翻译进度: 10.3%
藏语原文: གཞི་ལ་འདུག་ཚེ་སེམས་ཉིད་དགའ་བས་ཚིམས།

开始翻译流程 (尝试 1/2):
========================================
步骤1: 输入藏语文本...
输入文本时出错: Message: tab crashed
  (Session info: chrome=143.0.7499.169)

✗ 输入文本失败

开始翻译流程 (尝试 2/2):
========================================
步骤1: 输入藏语文本...
输入文本时出错: Message: tab crashed
  (Session info: chrome=143.0.7499.169)

✗ 输入文本失败
========================================
✗ 翻译失败，跳过此行
✓ 已保存到文件: 464/4500 条

[465/4500] 翻译进度: 10.3%
藏语原文: རྣམ་པ་རང་རང་སོ་སོའི་གནས་སུ་གཤེགས།

开始翻译流程 (尝试 1/2):
========================================
步骤1: 输入藏语文本...
输入文本时出错: Message: tab crashed
  (Session info: chrome=143.0.7499.169)

✗ 输入文本失败

开始翻译流程 (尝试 2/2):
========================================
步骤1: 输入藏语文本...
输入文本时出错: Message: tab crashed
  (Session info: chrome=143.0.7499.169)

✗ 输入文本失败
========================================
✗ 翻译失败，跳过此行
✓ 已保存到文件: 465/4500 条

[466/4500] 翻译进度: 10.4%
藏语原文: ཐམས་ཅད་འདིར་གཤེགས་རང་རང་གདན་ལ་བཞུགས།

开始翻译流程 (尝试 1/2):
========================================
步骤1: 输入藏语文本...
输入文本时出错: Message: tab crashed
  (Session info: chrome=143.0.7499.169)

✗ 输入文本失败

开始翻译流程 (尝试 2/2):
========================================
步骤1: 输入藏语文本...
输入文本时出错: Message: tab crashed
  (Session info: chrome=143.0.7499.169)

✗ 输入文本失败
========================================
✗ 翻译失败，跳过此行
✓ 已保存到文件: 466/4500 条

[467/4500] 翻译进度: 10.4%
藏语原文: སྣང་ངོར་རང་རང་གནས་གཤེགས་དགྱེས་པར་མཛོད།

开始翻译流程 (尝试 1/2):
========================================
步骤1: 输入藏语文本...
输入文本时出错: Message: tab crashed
  (Session info: chrome=143.0.7499.169)

✗ 输入文本失败

开始翻译流程 (尝试 2/2):
========================================
步骤1: 输入藏语文本...
输入文本时出错: Message: tab crashed
  (Session info: chrome=143.0.7499.169)

✗ 输入文本失败
========================================
✗ 翻译失败，跳过此行
✓ 已保存到文件: 467/4500 条

[468/4500] 翻译进度: 10.4%
藏语原文: རང་རང་འཁོར་དང་བཅས་ཏེ་གནས་འདིར་བྱོན།

开始翻译流程 (尝试 1/2):
========================================
步骤1: 输入藏语文本...
输入文本时出错: Message: tab crashed
  (Session info: chrome=143.0.7499.169)

✗ 输入文本失败

开始翻译流程 (尝试 2/2):
========================================
步骤1: 输入藏语文本...
输入文本时出错: Message: tab crashed
  (Session info: chrome=143.0.7499.169)

✗ 输入文本失败
========================================
✗ 翻译失败，跳过此行
✓ 已保存到文件: 468/4500 条

[469/4500] 翻译进度: 10.4%
藏语原文: རང་རང་འཁོར་གཡོག་དང་བཅས་གནས་འདིར་གཤེགས།

开始翻译流程 (尝试 1/2):
========================================
步骤1: 输入藏语文本...
输入文本时出错: Message: tab crashed
  (Session info: chrome=143.0.7499.169)

✗ 输入文本失败

开始翻译流程 (尝试 2/2):
========================================
步骤1: 输入藏语文本...
输入文本时出错: Message: tab crashed
  (Session info: chrome=143.0.7499.169)

✗ 输入文本失败
========================================
✗ 翻译失败，跳过此行
✓ 已保存到文件: 469/4500 条

[470/4500] 翻译进度: 10.4%
藏语原文: རྣམ་པ་རང་རང་སོ་སོའི་གནས་སུ་གཤེགས།

开始翻译流程 (尝试 1/2):
========================================
步骤1: 输入藏语文本...
输入文本时出错: Message: tab crashed
  (Session info: chrome=143.0.7499.169)

✗ 输入文本失败

开始翻译流程 (尝试 2/2):
========================================
步骤1: 输入藏语文本...
输入文本时出错: Message: tab crashed
  (Session info: chrome=143.0.7499.169)

✗ 输入文本失败
========================================
✗ 翻译失败，跳过此行
✓ 已保存到文件: 470/4500 条

[471/4500] 翻译进度: 10.5%
藏语原文: མདུན་དུ་རང་རང་ཇི་ལྟར་འོས་པ་ཡི།

开始翻译流程 (尝试 1/2):
========================================
步骤1: 输入藏语文本...
输入文本时出错: Message: tab crashed
  (Session info: chrome=143.0.7499.169)

✗ 输入文本失败

开始翻译流程 (尝试 2/2):
========================================
步骤1: 输入藏语文本...
输入文本时出错: Message: tab crashed
  (Session info: chrome=143.0.7499.169)

✗ 输入文本失败
========================================
✗ 翻译失败，跳过此行
✓ 已保存到文件: 471/4500 条

[472/4500] 翻译进度: 10.5%
藏语原文: གཞི་ལམ་བྱེས་གསུམ་གར་འགྲོ་གར་འདུག་ཀྱང་།

开始翻译流程 (尝试 1/2):
========================================
步骤1: 输入藏语文本...
输入文本时出错: Message: tab crashed
  (Session info: chrome=143.0.7499.169)

✗ 输入文本失败

开始翻译流程 (尝试 2/2):
========================================
步骤1: 输入藏语文本...
输入文本时出错: Message: tab crashed
  (Session info: chrome=143.0.7499.169)

✗ 输入文本失败
========================================
✗ 翻译失败，跳过此行
✓ 已保存到文件: 472/4500 条

[473/4500] 翻译进度: 10.5%
藏语原文: རང་རང་གནས་ནས་ཐོགས་པ་མེད་པར་གཤེགས།

开始翻译流程 (尝试 1/2):
========================================
步骤1: 输入藏语文本...
输入文本时出错: Message: tab crashed
  (Session info: chrome=143.0.7499.169)

✗ 输入文本失败

开始翻译流程 (尝试 2/2):
========================================
步骤1: 输入藏语文本...
输入文本时出错: Message: tab crashed
  (Session info: chrome=143.0.7499.169)

✗ 输入文本失败
========================================
✗ 翻译失败，跳过此行
✓ 已保存到文件: 473/4500 条

[474/4500] 翻译进度: 10.5%
藏语原文: གཞི་ལམ་གྱེས་གསུམ་གར་འགྲོ་གར་འདུག་ཀྱང་།

开始翻译流程 (尝试 1/2):
========================================
步骤1: 输入藏语文本...
输入文本时出错: Message: tab crashed
  (Session info: chrome=143.0.7499.169)

✗ 输入文本失败

开始翻译流程 (尝试 2/2):
========================================
步骤1: 输入藏语文本...
输入文本时出错: Message: tab crashed
  (Session info: chrome=143.0.7499.169)

✗ 输入文本失败
========================================
✗ 翻译失败，跳过此行
✓ 已保存到文件: 474/4500 条

[475/4500] 翻译进度: 10.6%
藏语原文: རང་རང་ཞོན་པ་ཕྱག་མཚན་རྒྱན་ཆ་ལུགས།

开始翻译流程 (尝试 1/2):
========================================
步骤1: 输入藏语文本...
输入文本时出错: Message: tab crashed
  (Session info: chrome=143.0.7499.169)

✗ 输入文本失败

开始翻译流程 (尝试 2/2):
========================================
步骤1: 输入藏语文本...
输入文本时出错: Message: tab crashed
  (Session info: chrome=143.0.7499.169)

✗ 输入文本失败
========================================
✗ 翻译失败，跳过此行
✓ 已保存到文件: 475/4500 条

[476/4500] 翻译进度: 10.6%
藏语原文: རང་རང་འོས་པའི་གདན་ལ་བཞུགས་སུ་གསོལ།

开始翻译流程 (尝试 1/2):
========================================
步骤1: 输入藏语文本...
输入文本时出错: Message: tab crashed
  (Session info: chrome=143.0.7499.169)

✗ 输入文本失败

开始翻译流程 (尝试 2/2):
========================================
步骤1: 输入藏语文本...
输入文本时出错: Message: tab crashed
  (Session info: chrome=143.0.7499.169)

✗ 输入文本失败
========================================
✗ 翻译失败，跳过此行
✓ 已保存到文件: 476/4500 条

[477/4500] 翻译进度: 10.6%
藏语原文: འདིར་བྱོན་རང་རང་དགྱེས་པའི་གདན་ལ་བཞུགས།

开始翻译流程 (尝试 1/2):
========================================
步骤1: 输入藏语文本...
输入文本时出错: Message: tab crashed
  (Session info: chrome=143.0.7499.169)

✗ 输入文本失败

开始翻译流程 (尝试 2/2):
========================================
步骤1: 输入藏语文本...
输入文本时出错: Message: tab crashed
  (Session info: chrome=143.0.7499.169)

✗ 输入文本失败
========================================
✗ 翻译失败，跳过此行
✓ 已保存到文件: 477/4500 条

[478/4500] 翻译进度: 10.6%
藏语原文: རང་རང་ཇི་ལྟར་འོས་པའི་གདན་ཁྲི་ལ།

开始翻译流程 (尝试 1/2):
========================================
步骤1: 输入藏语文本...
输入文本时出错: Message: tab crashed
  (Session info: chrome=143.0.7499.169)

✗ 输入文本失败

开始翻译流程 (尝试 2/2):
========================================
步骤1: 输入藏语文本...
输入文本时出错: Message: tab crashed
  (Session info: chrome=143.0.7499.169)

✗ 输入文本失败
========================================
✗ 翻译失败，跳过此行
✓ 已保存到文件: 478/4500 条

[479/4500] 翻译进度: 10.6%
藏语原文: ཨོཾ་རུ་རུ་སྤྲུ་རུ་ཛྭ་ལ་ཏིཥྛ་སིད་བྷ་ལོ་ཙ་ནི་སརྦ་ཨརྦ...

开始翻译流程 (尝试 1/2):
========================================
步骤1: 输入藏语文本...
输入文本时出错: Message: tab crashed
  (Session info: chrome=143.0.7499.169)

✗ 输入文本失败

开始翻译流程 (尝试 2/2):
========================================
步骤1: 输入藏语文本...
输入文本时出错: Message: tab crashed
  (Session info: chrome=143.0.7499.169)

✗ 输入文本失败
========================================
✗ 翻译失败，跳过此行
✓ 已保存到文件: 479/4500 条

[480/4500] 翻译进度: 10.7%
藏语原文: རང་རང་དགྱེས་པའི་གདན་ལ་བཞུགས་སུ་གསོལ།

开始翻译流程 (尝试 1/2):
========================================
步骤1: 输入藏语文本...
输入文本时出错: Message: tab crashed
  (Session info: chrome=143.0.7499.169)

✗ 输入文本失败

开始翻译流程 (尝试 2/2):
========================================
步骤1: 输入藏语文本...
输入文本时出错: Message: tab crashed
  (Session info: chrome=143.0.7499.169)

✗ 输入文本失败
========================================
✗ 翻译失败，跳过此行
✓ 已保存到文件: 480/4500 条

[481/4500] 翻译进度: 10.7%
藏语原文: ཆུ་བྱ་ངང་བ་ཁྲུང་ཁྲུང་རང་སྒྲ་སྒྲོག།

开始翻译流程 (尝试 1/2):
========================================
步骤1: 输入藏语文本...
输入文本时出错: Message: tab crashed
  (Session info: chrome=143.0.7499.169)

✗ 输入文本失败

开始翻译流程 (尝试 2/2):
========================================
步骤1: 输入藏语文本...
输入文本时出错: Message: tab crashed
  (Session info: chrome=143.0.7499.169)

✗ 输入文本失败
========================================
✗ 翻译失败，跳过此行
✓ 已保存到文件: 481/4500 条

[482/4500] 翻译进度: 10.7%
藏语原文: རང་རང་གནས་སུ་གཤེགས་པར་གྱུར།

开始翻译流程 (尝试 1/2):
========================================
步骤1: 输入藏语文本...
输入文本时出错: Message: tab crashed
  (Session info: chrome=143.0.7499.169)

✗ 输入文本失败

开始翻译流程 (尝试 2/2):
========================================
步骤1: 输入藏语文本...
输入文本时出错: Message: tab crashed
  (Session info: chrome=143.0.7499.169)

✗ 输入文本失败
========================================
✗ 翻译失败，跳过此行
✓ 已保存到文件: 482/4500 条

[483/4500] 翻译进度: 10.7%
藏语原文: གཏང་རག་དུས་སུ་མ་མཐོང་མཐོལ་ལོ་བཤགས།

开始翻译流程 (尝试 1/2):
========================================
步骤1: 输入藏语文本...
输入文本时出错: Message: tab crashed
  (Session info: chrome=143.0.7499.169)

✗ 输入文本失败

开始翻译流程 (尝试 2/2):
========================================
步骤1: 输入藏语文本...
输入文本时出错: Message: tab crashed
  (Session info: chrome=143.0.7499.169)

✗ 输入文本失败
========================================
✗ 翻译失败，跳过此行
✓ 已保存到文件: 483/4500 条

[484/4500] 翻译进度: 10.8%
藏语原文: རང་རང་འཁོར་གཡོག་དང་བཅས་པ།

开始翻译流程 (尝试 1/2):
========================================
步骤1: 输入藏语文本...
输入文本时出错: Message: tab crashed
  (Session info: chrome=143.0.7499.169)

✗ 输入文本失败

开始翻译流程 (尝试 2/2):
========================================
步骤1: 输入藏语文本...
输入文本时出错: Message: tab crashed
  (Session info: chrome=143.0.7499.169)

✗ 输入文本失败
========================================
✗ 翻译失败，跳过此行
✓ 已保存到文件: 484/4500 条

[485/4500] 翻译进度: 10.8%
藏语原文: རྣམ་པ་རང་རང་གནས་སུ་གཤེགས།

开始翻译流程 (尝试 1/2):
========================================
步骤1: 输入藏语文本...
输入文本时出错: Message: tab crashed
  (Session info: chrome=143.0.7499.169)

✗ 输入文本失败

开始翻译流程 (尝试 2/2):
========================================
步骤1: 输入藏语文本...
输入文本时出错: Message: tab crashed
  (Session info: chrome=143.0.7499.169)

✗ 输入文本失败
========================================
✗ 翻译失败，跳过此行
✓ 已保存到文件: 485/4500 条

[486/4500] 翻译进度: 10.8%
藏语原文: ལོ་ཟླ་ཞག་དུས་གཞི་བྱེས་ལམ་གྱི་ལྷ།

开始翻译流程 (尝试 1/2):
========================================
步骤1: 输入藏语文本...
输入文本时出错: Message: tab crashed
  (Session info: chrome=143.0.7499.169)

✗ 输入文本失败

开始翻译流程 (尝试 2/2):
========================================
步骤1: 输入藏语文本...
输入文本时出错: Message: tab crashed
  (Session info: chrome=143.0.7499.169)

✗ 输入文本失败
========================================
✗ 翻译失败，跳过此行
✓ 已保存到文件: 486/4500 条

[487/4500] 翻译进度: 10.8%
藏语原文: གཞི་ལམ་བྱེས་གསུམ་འགྲོ་འདུག་གང་དུ་ཡང་།

开始翻译流程 (尝试 1/2):
========================================
步骤1: 输入藏语文本...
输入文本时出错: Message: tab crashed
  (Session info: chrome=143.0.7499.169)

✗ 输入文本失败

开始翻译流程 (尝试 2/2):
========================================
步骤1: 输入藏语文本...
输入文本时出错: Message: tab crashed
  (Session info: chrome=143.0.7499.169)

✗ 输入文本失败
========================================
✗ 翻译失败，跳过此行
✓ 已保存到文件: 487/4500 条

[488/4500] 翻译进度: 10.8%
藏语原文: ནམ་འཆི་ལ་ངེས་པ་མི་འདུག་སྙམས་ནས།

开始翻译流程 (尝试 1/2):
========================================
步骤1: 输入藏语文本...
输入文本时出错: Message: tab crashed
  (Session info: chrome=143.0.7499.169)

✗ 输入文本失败

开始翻译流程 (尝试 2/2):
========================================
步骤1: 输入藏语文本...
输入文本时出错: Message: tab crashed
  (Session info: chrome=143.0.7499.169)

✗ 输入文本失败
========================================
✗ 翻译失败，跳过此行
✓ 已保存到文件: 488/4500 条

[489/4500] 翻译进度: 10.9%
藏语原文: ཚེ་འདིའི་བསྒྲུབ་བྱ་ཆེ་ཙ་ན་ཐུགས་མི་བདེ།

开始翻译流程 (尝试 1/2):
========================================
步骤1: 输入藏语文本...
输入文本时出错: Message: tab crashed
  (Session info: chrome=143.0.7499.169)

✗ 输入文本失败

开始翻译流程 (尝试 2/2):
========================================
步骤1: 输入藏语文本...
输入文本时出错: Message: tab crashed
  (Session info: chrome=143.0.7499.169)

✗ 输入文本失败
========================================
✗ 翻译失败，跳过此行
✓ 已保存到文件: 489/4500 条

[490/4500] 翻译进度: 10.9%
藏语原文: དེ་ཙ་ན་སྡིག་སྡུག་གཏམ་ངན་གསུམ་དུས་གཅིག་ལ་སླེབ་འོང་།

开始翻译流程 (尝试 1/2):
========================================
步骤1: 输入藏语文本...
输入文本时出错: Message: tab crashed
  (Session info: chrome=143.0.7499.169)

✗ 输入文本失败

开始翻译流程 (尝试 2/2):
========================================
步骤1: 输入藏语文本...
输入文本时出错: Message: tab crashed
  (Session info: chrome=143.0.7499.169)

✗ 输入文本失败
========================================
✗ 翻译失败，跳过此行
✓ 已保存到文件: 490/4500 条

[491/4500] 翻译进度: 10.9%
藏语原文: ཅིས་ཀྱང་དགོས་པ་མེད་ཙ་ན།

开始翻译流程 (尝试 1/2):
========================================
步骤1: 输入藏语文本...
输入文本时出错: Message: tab crashed
  (Session info: chrome=143.0.7499.169)

✗ 输入文本失败

开始翻译流程 (尝试 2/2):
========================================
步骤1: 输入藏语文本...
输入文本时出错: Message: tab crashed
  (Session info: chrome=143.0.7499.169)

✗ 输入文本失败
========================================
✗ 翻译失败，跳过此行
✓ 已保存到文件: 491/4500 条

[492/4500] 翻译进度: 10.9%
藏语原文: འདོད་པ་སྤངས་པའི་རྩ་ན་གདའ།

开始翻译流程 (尝试 1/2):
========================================
步骤1: 输入藏语文本...
输入文本时出错: Message: tab crashed
  (Session info: chrome=143.0.7499.169)

✗ 输入文本失败

开始翻译流程 (尝试 2/2):
========================================
步骤1: 输入藏语文本...
输入文本时出错: Message: tab crashed
  (Session info: chrome=143.0.7499.169)

✗ 输入文本失败
========================================
✗ 翻译失败，跳过此行
✓ 已保存到文件: 492/4500 条

[493/4500] 翻译进度: 11.0%
藏语原文: བདག་ཅག་གཉིས་བློ་རྨོངས་པས་བསྟེན་ཚུལ་མི་ཤེས་པར་འདུག་...

开始翻译流程 (尝试 1/2):
========================================
步骤1: 输入藏语文本...
输入文本时出错: Message: tab crashed
  (Session info: chrome=143.0.7499.169)

✗ 输入文本失败

开始翻译流程 (尝试 2/2):
========================================
步骤1: 输入藏语文本...
输入文本时出错: Message: tab crashed
  (Session info: chrome=143.0.7499.169)

✗ 输入文本失败
========================================
✗ 翻译失败，跳过此行
✓ 已保存到文件: 493/4500 条

[494/4500] 翻译进度: 11.0%
藏语原文: གོ་རུང་བསྟེན་ཚུལ་མི་ཤེས་གདའ།

开始翻译流程 (尝试 1/2):
========================================
步骤1: 输入藏语文本...
输入文本时出错: Message: tab crashed
  (Session info: chrome=143.0.7499.169)

✗ 输入文本失败

开始翻译流程 (尝试 2/2):
========================================
步骤1: 输入藏语文本...
输入文本时出错: Message: tab crashed
  (Session info: chrome=143.0.7499.169)

✗ 输入文本失败
========================================
✗ 翻译失败，跳过此行
✓ 已保存到文件: 494/4500 条

[495/4500] 翻译进度: 11.0%
藏语原文: འདི་གསུམ་མགོ་མཉམ་ཡོང་ཞིང་གདའ།

开始翻译流程 (尝试 1/2):
========================================
步骤1: 输入藏语文本...
输入文本时出错: Message: tab crashed
  (Session info: chrome=143.0.7499.169)

✗ 输入文本失败

开始翻译流程 (尝试 2/2):
========================================
步骤1: 输入藏语文本...
输入文本时出错: Message: tab crashed
  (Session info: chrome=143.0.7499.169)

✗ 输入文本失败
========================================
✗ 翻译失败，跳过此行
✓ 已保存到文件: 495/4500 条

[496/4500] 翻译进度: 11.0%
藏语原文: ནམ་འདོར་ཆ་མི་འདུག།

开始翻译流程 (尝试 1/2):
========================================
步骤1: 输入藏语文本...
输入文本时出错: Message: tab crashed
  (Session info: chrome=143.0.7499.169)

✗ 输入文本失败

开始翻译流程 (尝试 2/2):
========================================
步骤1: 输入藏语文本...
输入文本时出错: Message: tab crashed
  (Session info: chrome=143.0.7499.169)

✗ 输入文本失败
========================================
✗ 翻译失败，跳过此行
✓ 已保存到文件: 496/4500 条

[497/4500] 翻译进度: 11.0%
藏语原文: བྱ་བ་ཅི་བྱས་ཀྱང་སྡུག་བསྔལ་སྒྲུབ་པའི་ཐབས་འབའ་ཞིག་ལས...

开始翻译流程 (尝试 1/2):
========================================
步骤1: 输入藏语文本...
输入文本时出错: Message: tab crashed
  (Session info: chrome=143.0.7499.169)

✗ 输入文本失败

开始翻译流程 (尝试 2/2):
========================================
步骤1: 输入藏语文本...
输入文本时出错: Message: tab crashed
  (Session info: chrome=143.0.7499.169)

✗ 输入文本失败
========================================
✗ 翻译失败，跳过此行
✓ 已保存到文件: 497/4500 条

[498/4500] 翻译进度: 11.1%
藏语原文: དེ་ཡི་བསྲུང་ཚུལ་མི་ཤེས་གདའ།

开始翻译流程 (尝试 1/2):
========================================
步骤1: 输入藏语文本...
输入文本时出错: Message: tab crashed
  (Session info: chrome=143.0.7499.169)

✗ 输入文本失败

开始翻译流程 (尝试 2/2):
========================================
步骤1: 输入藏语文本...
输入文本时出错: Message: tab crashed
  (Session info: chrome=143.0.7499.169)

✗ 输入文本失败
========================================
✗ 翻译失败，跳过此行
✓ 已保存到文件: 498/4500 条

[499/4500] 翻译进度: 11.1%
藏语原文: ཁམ་པ་ལུང་པ་ཁོང་ཅི་མཛད་ཀྱིན་གདའ་གསུངས་པ་ལ།

开始翻译流程 (尝试 1/2):
========================================
步骤1: 输入藏语文本...
输入文本时出错: Message: tab crashed
  (Session info: chrome=143.0.7499.169)

✗ 输入文本失败

开始翻译流程 (尝试 2/2):
========================================
步骤1: 输入藏语文本...
输入文本时出错: Message: tab crashed
  (Session info: chrome=143.0.7499.169)

✗ 输入文本失败
========================================
✗ 翻译失败，跳过此行
✓ 已保存到文件: 499/4500 条

[500/4500] 翻译进度: 11.1%
藏语原文: དབུ་བཏུམས་ཏེ་བཤུམ་པ་འབའ་ཞིག་མཛད་ཅིང་གདའ་ཞུས་པས།

开始翻译流程 (尝试 1/2):
========================================
步骤1: 输入藏语文本...
输入文本时出错: Message: tab crashed
  (Session info: chrome=143.0.7499.169)

✗ 输入文本失败

开始翻译流程 (尝试 2/2):
========================================
步骤1: 输入藏语文本...
输入文本时出错: Message: tab crashed
  (Session info: chrome=143.0.7499.169)

✗ 输入文本失败
========================================
✗ 翻译失败，跳过此行
✓ 已保存到文件: 500/4500 条

[501/4500] 翻译进度: 11.1%
藏语原文: དེས་ན་ཇོ་བོ་བཀའ་བརྒྱུད་རྣམས་ཀྱང་ཐུགས་དམ་གྱི་གཙོ་བོ...

开始翻译流程 (尝试 1/2):
========================================
步骤1: 输入藏语文本...
输入文本时出错: Message: tab crashed
  (Session info: chrome=143.0.7499.169)

✗ 输入文本失败

开始翻译流程 (尝试 2/2):
========================================
步骤1: 输入藏语文本...
输入文本时出错: Message: tab crashed
  (Session info: chrome=143.0.7499.169)

✗ 输入文本失败
========================================
✗ 翻译失败，跳过此行
✓ 已保存到文件: 501/4500 条

[502/4500] 翻译进度: 11.2%
藏语原文: ཕ་མར་ཤེས་ཙ་ན།

开始翻译流程 (尝试 1/2):
========================================
步骤1: 输入藏语文本...
输入文本时出错: Message: tab crashed
  (Session info: chrome=143.0.7499.169)

✗ 输入文本失败

开始翻译流程 (尝试 2/2):
========================================
步骤1: 输入藏语文本...
输入文本时出错: Message: tab crashed
  (Session info: chrome=143.0.7499.169)

✗ 输入文本失败
========================================
✗ 翻译失败，跳过此行
✓ 已保存到文件: 502/4500 条

[503/4500] 翻译进度: 11.2%
藏语原文: དགའ་བ་སྡོ་ཙ་ན་ཐམས་ཅད་ལ་ཉེ་རིང་དང་ཕྱོགས་རིས་མེད་པ།

开始翻译流程 (尝试 1/2):
========================================
步骤1: 输入藏语文本...
输入文本时出错: Message: tab crashed
  (Session info: chrome=143.0.7499.169)

✗ 输入文本失败

开始翻译流程 (尝试 2/2):
========================================
步骤1: 输入藏语文本...
输入文本时出错: Message: tab crashed
  (Session info: chrome=143.0.7499.169)

✗ 输入文本失败
========================================
✗ 翻译失败，跳过此行
✓ 已保存到文件: 503/4500 条

[504/4500] 翻译进度: 11.2%
藏语原文: རྟག་པར་རང་ལའང་ཚེ་འདིའི་ཕུན་ཚོགས་ཐོབ་འདོད་ཀྱི་བློ་ཕ...

开始翻译流程 (尝试 1/2):
========================================
步骤1: 输入藏语文本...
输入文本时出错: Message: tab crashed
  (Session info: chrome=143.0.7499.169)

✗ 输入文本失败

开始翻译流程 (尝试 2/2):
========================================
步骤1: 输入藏语文本...
输入文本时出错: Message: tab crashed
  (Session info: chrome=143.0.7499.169)

✗ 输入文本失败
========================================
✗ 翻译失败，跳过此行
✓ 已保存到文件: 504/4500 条

[505/4500] 翻译进度: 11.2%
藏语原文: དེ་ནས་ཀྱང་གཡང་འཇིགས་སུ་རུང་བར་ལྷུང་བར་འདུག་ན།

开始翻译流程 (尝试 1/2):
========================================
步骤1: 输入藏语文本...
输入文本时出错: Message: tab crashed
  (Session info: chrome=143.0.7499.169)

✗ 输入文本失败

开始翻译流程 (尝试 2/2):
========================================
步骤1: 输入藏语文本...
输入文本时出错: Message: tab crashed
  (Session info: chrome=143.0.7499.169)

✗ 输入文本失败
========================================
✗ 翻译失败，跳过此行
✓ 已保存到文件: 505/4500 条

[506/4500] 翻译进度: 11.2%
藏语原文: ཞེས་སྨྲས་པའོ། ། ཡང་རང་བཞིན་གྱིས་བསམ་པ་བཟང་ཞིང་།

开始翻译流程 (尝试 1/2):
========================================
步骤1: 输入藏语文本...
输入文本时出错: Message: tab crashed
  (Session info: chrome=143.0.7499.169)

✗ 输入文本失败

开始翻译流程 (尝试 2/2):
========================================
步骤1: 输入藏语文本...
输入文本时出错: Message: tab crashed
  (Session info: chrome=143.0.7499.169)

✗ 输入文本失败
========================================
✗ 翻译失败，跳过此行
✓ 已保存到文件: 506/4500 条

[507/4500] 翻译进度: 11.3%
藏语原文: ད་དུང་ཆེན་པོ་མི་ཤེས་གདའ།

开始翻译流程 (尝试 1/2):
========================================
步骤1: 输入藏语文本...
输入文本时出错: Message: tab crashed
  (Session info: chrome=143.0.7499.169)

✗ 输入文本失败

开始翻译流程 (尝试 2/2):
========================================
步骤1: 输入藏语文本...
输入文本时出错: Message: tab crashed
  (Session info: chrome=143.0.7499.169)

✗ 输入文本失败
========================================
✗ 翻译失败，跳过此行
✓ 已保存到文件: 507/4500 条

[508/4500] 翻译进度: 11.3%
藏语原文: དབྱིབས་ཁོ་ཡང་ཡན་ལག་ལས་ཟུར་དུ་ཅི་འདྲ་འདུག་ཅེས་རིགས་...

开始翻译流程 (尝试 1/2):
========================================
步骤1: 输入藏语文本...
输入文本时出错: Message: tab crashed
  (Session info: chrome=143.0.7499.169)

✗ 输入文本失败

开始翻译流程 (尝试 2/2):
========================================
步骤1: 输入藏语文本...
输入文本时出错: Message: tab crashed
  (Session info: chrome=143.0.7499.169)

✗ 输入文本失败
========================================
✗ 翻译失败，跳过此行
✓ 已保存到文件: 508/4500 条

[509/4500] 翻译进度: 11.3%
藏语原文: འོན་ཀྱང་ཡིན་དུ་སྲིད་ཀྱང་དབྱིབས་ཁོ་ཡང་ཕུང་པོ་ལྔ་ལས་...

开始翻译流程 (尝试 1/2):
========================================
步骤1: 输入藏语文本...
输入文本时出错: Message: tab crashed
  (Session info: chrome=143.0.7499.169)

✗ 输入文本失败

开始翻译流程 (尝试 2/2):
========================================
步骤1: 输入藏语文本...
输入文本时出错: Message: tab crashed
  (Session info: chrome=143.0.7499.169)

✗ 输入文本失败
========================================
✗ 翻译失败，跳过此行
✓ 已保存到文件: 509/4500 条

[510/4500] 翻译进度: 11.3%
藏语原文: དེའི་ཚེ་ང་རང་བཞིན་གྱིས་མ་གྲུབ་པར་སྟོང་པ་ཉིད་དུ་འདུ...

开始翻译流程 (尝试 1/2):
========================================
步骤1: 输入藏语文本...
输入文本时出错: Message: tab crashed
  (Session info: chrome=143.0.7499.169)

✗ 输入文本失败

开始翻译流程 (尝试 2/2):
========================================
步骤1: 输入藏语文本...
输入文本时出错: Message: tab crashed
  (Session info: chrome=143.0.7499.169)

✗ 输入文本失败
========================================
✗ 翻译失败，跳过此行
✓ 已保存到文件: 510/4500 条

[511/4500] 翻译进度: 11.4%
藏语原文: ང་ཡང་རང་བཞིན་མེད་པར་ཤེས་པར་བྱ།

开始翻译流程 (尝试 1/2):
========================================
步骤1: 输入藏语文本...
输入文本时出错: Message: tab crashed
  (Session info: chrome=143.0.7499.169)

✗ 输入文本失败

开始翻译流程 (尝试 2/2):
========================================
步骤1: 输入藏语文本...
输入文本时出错: Message: tab crashed
  (Session info: chrome=143.0.7499.169)

✗ 输入文本失败
========================================
✗ 翻译失败，跳过此行
✓ 已保存到文件: 511/4500 条

[512/4500] 翻译进度: 11.4%
藏语原文: རལ་གྲིའི་འཁྲུལ་འཁོར་ཡང་ཡང་བསྐོར་ཙ་ན།

开始翻译流程 (尝试 1/2):
========================================
步骤1: 输入藏语文本...
输入文本时出错: Message: tab crashed
  (Session info: chrome=143.0.7499.169)

✗ 输入文本失败

开始翻译流程 (尝试 2/2):
========================================
步骤1: 输入藏语文本...
输入文本时出错: Message: tab crashed
  (Session info: chrome=143.0.7499.169)

✗ 输入文本失败
========================================
✗ 翻译失败，跳过此行
✓ 已保存到文件: 512/4500 条

[513/4500] 翻译进度: 11.4%
藏语原文: རང་རང་གདགས་གཞིའི་སྟེང་དུ་མིང་བཏགས་པ།

开始翻译流程 (尝试 1/2):
========================================
步骤1: 输入藏语文本...
输入文本时出错: Message: tab crashed
  (Session info: chrome=143.0.7499.169)

✗ 输入文本失败

开始翻译流程 (尝试 2/2):
========================================
步骤1: 输入藏语文本...
输入文本时出错: Message: tab crashed
  (Session info: chrome=143.0.7499.169)

✗ 输入文本失败
========================================
✗ 翻译失败，跳过此行
✓ 已保存到文件: 513/4500 条

[514/4500] 翻译进度: 11.4%
藏语原文: ང་རང་ཡང་ནམ་འཆི་ཆ་མི་འདུག།

开始翻译流程 (尝试 1/2):
========================================
步骤1: 输入藏语文本...
输入文本时出错: Message: tab crashed
  (Session info: chrome=143.0.7499.169)

✗ 输入文本失败

开始翻译流程 (尝试 2/2):
========================================
步骤1: 输入藏语文本...
输入文本时出错: Message: tab crashed
  (Session info: chrome=143.0.7499.169)

✗ 输入文本失败
========================================
✗ 翻译失败，跳过此行
✓ 已保存到文件: 514/4500 条

[515/4500] 翻译进度: 11.4%
藏语原文: དུས་དོ་ནུབ་ཡིན་ཡང་འཆི་ཉེན་གདའ།

开始翻译流程 (尝试 1/2):
========================================
步骤1: 输入藏语文本...
输入文本时出错: Message: tab crashed
  (Session info: chrome=143.0.7499.169)

✗ 输入文本失败

开始翻译流程 (尝试 2/2):
========================================
步骤1: 输入藏语文本...
输入文本时出错: Message: tab crashed
  (Session info: chrome=143.0.7499.169)

✗ 输入文本失败
========================================
✗ 翻译失败，跳过此行
✓ 已保存到文件: 515/4500 条

[516/4500] 翻译进度: 11.5%
藏语原文: ཡང་ཡང་མི་མཇལ་བར་གདའ།

开始翻译流程 (尝试 1/2):
========================================
步骤1: 输入藏语文本...
输入文本时出错: Message: tab crashed
  (Session info: chrome=143.0.7499.169)

✗ 输入文本失败

开始翻译流程 (尝试 2/2):
========================================
步骤1: 输入藏语文本...
输入文本时出错: Message: tab crashed
  (Session info: chrome=143.0.7499.169)

✗ 输入文本失败
========================================
✗ 翻译失败，跳过此行
✓ 已保存到文件: 516/4500 条

[517/4500] 翻译进度: 11.5%
藏语原文: རྨ་བྱ་དུག་དང་འཕྲད་ཙ་ན།

开始翻译流程 (尝试 1/2):
========================================
步骤1: 输入藏语文本...
输入文本时出错: Message: tab crashed
  (Session info: chrome=143.0.7499.169)

✗ 输入文本失败

开始翻译流程 (尝试 2/2):
========================================
步骤1: 输入藏语文本...
输入文本时出错: Message: tab crashed
  (Session info: chrome=143.0.7499.169)

✗ 输入文本失败
========================================
✗ 翻译失败，跳过此行
✓ 已保存到文件: 517/4500 条

[518/4500] 翻译进度: 11.5%
藏语原文: སྡུག་བསྔལ་བདེ་བར་ཤར་ཙ་ན།

开始翻译流程 (尝试 1/2):
========================================
步骤1: 输入藏语文本...
输入文本时出错: Message: tab crashed
  (Session info: chrome=143.0.7499.169)

✗ 输入文本失败

开始翻译流程 (尝试 2/2):
========================================
步骤1: 输入藏语文本...
输入文本时出错: Message: tab crashed
  (Session info: chrome=143.0.7499.169)

✗ 输入文本失败
========================================
✗ 翻译失败，跳过此行
✓ 已保存到文件: 518/4500 条

[519/4500] 翻译进度: 11.5%
藏语原文: ན་བ་ལ་སོགས་པ་བྱུང་དུས་སུ་ཕན་ཆེ་བར་གདའ་ཟེར་བའི་ལན་ད...

开始翻译流程 (尝试 1/2):
========================================
步骤1: 输入藏语文本...
输入文本时出错: Message: tab crashed
  (Session info: chrome=143.0.7499.169)

✗ 输入文本失败

开始翻译流程 (尝试 2/2):
========================================
步骤1: 输入藏语文本...
输入文本时出错: Message: tab crashed
  (Session info: chrome=143.0.7499.169)

✗ 输入文本失败
========================================
✗ 翻译失败，跳过此行
✓ 已保存到文件: 519/4500 条

[520/4500] 翻译进度: 11.6%
藏语原文: གཅོག་མང་པོ་མྱོང་ཏེ་བཟོད་པར་གདའ།

开始翻译流程 (尝试 1/2):
========================================
步骤1: 输入藏语文本...
输入文本时出错: Message: tab crashed
  (Session info: chrome=143.0.7499.169)

✗ 输入文本失败

开始翻译流程 (尝试 2/2):
========================================
步骤1: 输入藏语文本...
输入文本时出错: Message: tab crashed
  (Session info: chrome=143.0.7499.169)

✗ 输入文本失败
========================================
✗ 翻译失败，跳过此行
✓ 已保存到文件: 520/4500 条

[521/4500] 翻译进度: 11.6%
藏语原文: སེམས་གྱོང་པོ་ཐུལ་བའི་དུས་མི་གདའ།

开始翻译流程 (尝试 1/2):
========================================
步骤1: 输入藏语文本...
输入文本时出错: Message: tab crashed
  (Session info: chrome=143.0.7499.169)

✗ 输入文本失败

开始翻译流程 (尝试 2/2):
========================================
步骤1: 输入藏语文本...
输入文本时出错: Message: tab crashed
  (Session info: chrome=143.0.7499.169)

✗ 输入文本失败
========================================
✗ 翻译失败，跳过此行
✓ 已保存到文件: 521/4500 条

[522/4500] 翻译进度: 11.6%
藏语原文: དེའི་ཚེ་ཡང་བློའི་ཟུར་གྱིས་གསལ་བ་དེ་ལ་ངོས་བཟུང་གཏད་...

开始翻译流程 (尝试 1/2):
========================================
步骤1: 输入藏语文本...
输入文本时出错: Message: tab crashed
  (Session info: chrome=143.0.7499.169)

✗ 输入文本失败

开始翻译流程 (尝试 2/2):
========================================
步骤1: 输入藏语文本...
输入文本时出错: Message: tab crashed
  (Session info: chrome=143.0.7499.169)

✗ 输入文本失败
========================================
✗ 翻译失败，跳过此行
✓ 已保存到文件: 522/4500 条

[523/4500] 翻译进度: 11.6%
藏语原文: རྟག་ཆད་གཡང་ལ་ལྷུང་ས་ཞིག་མི་གདའ།

开始翻译流程 (尝试 1/2):
========================================
步骤1: 输入藏语文本...
输入文本时出错: Message: tab crashed
  (Session info: chrome=143.0.7499.169)

✗ 输入文本失败

开始翻译流程 (尝试 2/2):
========================================
步骤1: 输入藏语文本...
输入文本时出错: Message: tab crashed
  (Session info: chrome=143.0.7499.169)

✗ 输入文本失败
========================================
✗ 翻译失败，跳过此行
✓ 已保存到文件: 523/4500 条

[524/4500] 翻译进度: 11.6%
藏语原文: སྤྲོས་པ་མང་པོ་བྱེད་རྒྱུ་ཞིག་མི་གདའ།

开始翻译流程 (尝试 1/2):
========================================
步骤1: 输入藏语文本...
输入文本时出错: Message: tab crashed
  (Session info: chrome=143.0.7499.169)

✗ 输入文本失败

开始翻译流程 (尝试 2/2):
========================================
步骤1: 输入藏语文本...
输入文本时出错: Message: tab crashed
  (Session info: chrome=143.0.7499.169)

✗ 输入文本失败
========================================
✗ 翻译失败，跳过此行
✓ 已保存到文件: 524/4500 条

[525/4500] 翻译进度: 11.7%
藏语原文: རང་ཉིད་ནམ་འཆི་ལ་ཆ་མི་འདུག་པས།

开始翻译流程 (尝试 1/2):
========================================
步骤1: 输入藏语文本...
输入文本时出错: Message: tab crashed
  (Session info: chrome=143.0.7499.169)

✗ 输入文本失败

开始翻译流程 (尝试 2/2):
========================================
步骤1: 输入藏语文本...
输入文本时出错: Message: tab crashed
  (Session info: chrome=143.0.7499.169)

✗ 输入文本失败
========================================
✗ 翻译失败，跳过此行
✓ 已保存到文件: 525/4500 条

[526/4500] 翻译进度: 11.7%
藏语原文: ནམ་འཆི་ངེས་པ་མི་འདུག་པས།

开始翻译流程 (尝试 1/2):
========================================
步骤1: 输入藏语文本...
输入文本时出错: Message: tab crashed
  (Session info: chrome=143.0.7499.169)

✗ 输入文本失败

开始翻译流程 (尝试 2/2):
========================================
步骤1: 输入藏语文本...
输入文本时出错: Message: tab crashed
  (Session info: chrome=143.0.7499.169)

✗ 输入文本失败
========================================
✗ 翻译失败，跳过此行
✓ 已保存到文件: 526/4500 条

[527/4500] 翻译进度: 11.7%
藏语原文: དེ་ལྟར་ལམ་ཉམས་སུ་བླངས་པའི་མཐུས་གནས་སྐབས་སུ་ཡང་རང་ག...

开始翻译流程 (尝试 1/2):
========================================
步骤1: 输入藏语文本...
输入文本时出错: Message: tab crashed
  (Session info: chrome=143.0.7499.169)

✗ 输入文本失败

开始翻译流程 (尝试 2/2):
========================================
步骤1: 输入藏语文本...
输入文本时出错: Message: tab crashed
  (Session info: chrome=143.0.7499.169)

✗ 输入文本失败
========================================
✗ 翻译失败，跳过此行
✓ 已保存到文件: 527/4500 条

[528/4500] 翻译进度: 11.7%
藏语原文: གནས་ལུགས་འདུག་ཚུལ་འདི་ལྟ་བུ།

开始翻译流程 (尝试 1/2):
========================================
步骤1: 输入藏语文本...
输入文本时出错: Message: tab crashed
  (Session info: chrome=143.0.7499.169)

✗ 输入文本失败

开始翻译流程 (尝试 2/2):
========================================
步骤1: 输入藏语文本...
输入文本时出错: Message: tab crashed
  (Session info: chrome=143.0.7499.169)

✗ 输入文本失败
========================================
✗ 翻译失败，跳过此行
✓ 已保存到文件: 528/4500 条

[529/4500] 翻译进度: 11.8%
藏语原文: ཚིག་འདི་དག་ནི་ཉན་ཐོས་དང་རང་རྒྱལ་ལ་སོགས་པའི་ནང་དུ་ར...

开始翻译流程 (尝试 1/2):
========================================
步骤1: 输入藏语文本...
输入文本时出错: Message: tab crashed
  (Session info: chrome=143.0.7499.169)

✗ 输入文本失败

开始翻译流程 (尝试 2/2):
========================================
步骤1: 输入藏语文本...
输入文本时出错: Message: tab crashed
  (Session info: chrome=143.0.7499.169)

✗ 输入文本失败
========================================
✗ 翻译失败，跳过此行
✓ 已保存到文件: 529/4500 条

[530/4500] 翻译进度: 11.8%
藏语原文: ད་ནི་ང་ཡི་བུ་རས་ཆུང་བ་ཡང་ཕྱག་རྒྱ་ཆེན་པོའི་གདོན་གྱི...

开始翻译流程 (尝试 1/2):
========================================
步骤1: 输入藏语文本...
输入文本时出错: Message: tab crashed
  (Session info: chrome=143.0.7499.169)

✗ 输入文本失败

开始翻译流程 (尝试 2/2):
========================================
步骤1: 输入藏语文本...
输入文本时出错: Message: tab crashed
  (Session info: chrome=143.0.7499.169)

✗ 输入文本失败
========================================
✗ 翻译失败，跳过此行
✓ 已保存到文件: 530/4500 条

[531/4500] 翻译进度: 11.8%
藏语原文: སེམས་ལ་བྱུང་གནས་འགྲོ་གསུམ་ཨེ་འདུག་ལྟོས།

开始翻译流程 (尝试 1/2):
========================================
步骤1: 输入藏语文本...
输入文本时出错: Message: tab crashed
  (Session info: chrome=143.0.7499.169)

✗ 输入文本失败

开始翻译流程 (尝试 2/2):
========================================
步骤1: 输入藏语文本...
输入文本时出错: Message: tab crashed
  (Session info: chrome=143.0.7499.169)

✗ 输入文本失败
========================================
✗ 翻译失败，跳过此行
✓ 已保存到文件: 531/4500 条

[532/4500] 翻译进度: 11.8%
藏语原文: སྟོང་པ་ཉིད་ལ་ངོས་བཟུང་ཨེ་འདུག་ལྟོས།

开始翻译流程 (尝试 1/2):
========================================
步骤1: 输入藏语文本...
输入文本时出错: Message: tab crashed
  (Session info: chrome=143.0.7499.169)

✗ 输入文本失败

开始翻译流程 (尝试 2/2):
========================================
步骤1: 输入藏语文本...
输入文本时出错: Message: tab crashed
  (Session info: chrome=143.0.7499.169)

✗ 输入文本失败
========================================
✗ 翻译失败，跳过此行
✓ 已保存到文件: 532/4500 条

[533/4500] 翻译进度: 11.8%
藏语原文: ངོས་བཟུང་མེད་ན་མཐའ་དབུས་ཨེ་འདུག་ལྟོས།

开始翻译流程 (尝试 1/2):
========================================
步骤1: 输入藏语文本...
输入文本时出错: Message: tab crashed
  (Session info: chrome=143.0.7499.169)

✗ 输入文本失败

开始翻译流程 (尝试 2/2):
========================================
步骤1: 输入藏语文本...
输入文本时出错: Message: tab crashed
  (Session info: chrome=143.0.7499.169)

✗ 输入文本失败
========================================
✗ 翻译失败，跳过此行
✓ 已保存到文件: 533/4500 条

[534/4500] 翻译进度: 11.9%
藏语原文: མཉམ་གཞག་ལེགས་པོ་འབྱོངས་ཙ་ན།

开始翻译流程 (尝试 1/2):
========================================
步骤1: 输入藏语文本...
输入文本时出错: Message: tab crashed
  (Session info: chrome=143.0.7499.169)

✗ 输入文本失败

开始翻译流程 (尝试 2/2):
========================================
步骤1: 输入藏语文本...
输入文本时出错: Message: tab crashed
  (Session info: chrome=143.0.7499.169)

✗ 输入文本失败
========================================
✗ 翻译失败，跳过此行
✓ 已保存到文件: 534/4500 条

[535/4500] 翻译进度: 11.9%
藏语原文: སྦྱངས་ནས་ལྷ་རུ་སྒོམ་ཙ་ན།

开始翻译流程 (尝试 1/2):
========================================
步骤1: 输入藏语文本...
输入文本时出错: Message: tab crashed
  (Session info: chrome=143.0.7499.169)

✗ 输入文本失败

开始翻译流程 (尝试 2/2):
========================================
步骤1: 输入藏语文本...
输入文本时出错: Message: tab crashed
  (Session info: chrome=143.0.7499.169)

✗ 输入文本失败
========================================
✗ 翻译失败，跳过此行
✓ 已保存到文件: 535/4500 条

[536/4500] 翻译进度: 11.9%
藏语原文: མཁས་པས་བལྟས་ན་གཅིག་ཏུ་འདུག།

开始翻译流程 (尝试 1/2):
========================================
步骤1: 输入藏语文本...
输入文本时出错: Message: tab crashed
  (Session info: chrome=143.0.7499.169)

✗ 输入文本失败

开始翻译流程 (尝试 2/2):
========================================
步骤1: 输入藏语文本...
输入文本时出错: Message: tab crashed
  (Session info: chrome=143.0.7499.169)

✗ 输入文本失败
========================================
✗ 翻译失败，跳过此行
✓ 已保存到文件: 536/4500 条

[537/4500] 翻译进度: 11.9%
藏语原文: ནང་ན་འགལ་བ་ལྟར་སྣང་མང་པོ་གདའ།

开始翻译流程 (尝试 1/2):
========================================
步骤1: 输入藏语文本...
输入文本时出错: Message: tab crashed
  (Session info: chrome=143.0.7499.169)

✗ 输入文本失败

开始翻译流程 (尝试 2/2):
========================================
步骤1: 输入藏语文本...
输入文本时出错: Message: tab crashed
  (Session info: chrome=143.0.7499.169)

✗ 输入文本失败
========================================
✗ 翻译失败，跳过此行
✓ 已保存到文件: 537/4500 条

[538/4500] 翻译进度: 12.0%
藏语原文: གསུངས་པ་མ་ཡིན་འགྲོ་ཀུན་དོན་དུ་གསུངས།

开始翻译流程 (尝试 1/2):
========================================
步骤1: 输入藏语文本...
输入文本时出错: Message: tab crashed
  (Session info: chrome=143.0.7499.169)

✗ 输入文本失败

开始翻译流程 (尝试 2/2):
========================================
步骤1: 输入藏语文本...
输入文本时出错: Message: tab crashed
  (Session info: chrome=143.0.7499.169)

✗ 输入文本失败
========================================
✗ 翻译失败，跳过此行
✓ 已保存到文件: 538/4500 条

[539/4500] 翻译进度: 12.0%
藏语原文: རྗེས་དཔག་དང་རང་དོན་རྗེས་དཔག་གཉིས་དོན་གཅིག་གཉིས་པ་ད...

开始翻译流程 (尝试 1/2):
========================================
步骤1: 输入藏语文本...
输入文本时出错: Message: tab crashed
  (Session info: chrome=143.0.7499.169)

✗ 输入文本失败

开始翻译流程 (尝试 2/2):
========================================
步骤1: 输入藏语文本...
输入文本时出错: Message: tab crashed
  (Session info: chrome=143.0.7499.169)

✗ 输入文本失败
========================================
✗ 翻译失败，跳过此行
✓ 已保存到文件: 539/4500 条

[540/4500] 翻译进度: 12.0%
藏语原文: ཕུང་བོ་དང་རང་བཞིན་གཅིག་དང་ཐ་དད་གང་དུ་ཡང་མེད་པའི་ཕྱ...

开始翻译流程 (尝试 1/2):
========================================
步骤1: 输入藏语文本...
输入文本时出错: Message: tab crashed
  (Session info: chrome=143.0.7499.169)

✗ 输入文本失败

开始翻译流程 (尝试 2/2):
========================================
步骤1: 输入藏语文本...
输入文本时出错: Message: tab crashed
  (Session info: chrome=143.0.7499.169)

✗ 输入文本失败
========================================
✗ 翻译失败，跳过此行
✓ 已保存到文件: 540/4500 条

[541/4500] 翻译进度: 12.0%
藏语原文: དེ་ལྟར་ཡང་རང་འགྲེལ་ལས།

开始翻译流程 (尝试 1/2):
========================================
步骤1: 输入藏语文本...
输入文本时出错: Message: tab crashed
  (Session info: chrome=143.0.7499.169)

✗ 输入文本失败

开始翻译流程 (尝试 2/2):
========================================
步骤1: 输入藏语文本...
输入文本时出错: Message: tab crashed
  (Session info: chrome=143.0.7499.169)

✗ 输入文本失败
========================================
✗ 翻译失败，跳过此行
✓ 已保存到文件: 541/4500 条

[542/4500] 翻译进度: 12.0%
藏语原文: དེ་ལྟར་ཡང་རང་འགྲེལ་ལས།

开始翻译流程 (尝试 1/2):
========================================
步骤1: 输入藏语文本...
输入文本时出错: Message: tab crashed
  (Session info: chrome=143.0.7499.169)

✗ 输入文本失败

开始翻译流程 (尝试 2/2):
========================================
步骤1: 输入藏语文本...
输入文本时出错: Message: tab crashed
  (Session info: chrome=143.0.7499.169)

✗ 输入文本失败
========================================
✗ 翻译失败，跳过此行
✓ 已保存到文件: 542/4500 条

[543/4500] 翻译进度: 12.1%
藏语原文: མཐུན་གྱི་རྒྱུ་དང་རང་རྒྱུ་ལས་སྐྱེའོ་ཞེས་ཤེས་པར་བྱ་བ...

开始翻译流程 (尝试 1/2):
========================================
步骤1: 输入藏语文本...
输入文本时出错: Message: tab crashed
  (Session info: chrome=143.0.7499.169)

✗ 输入文本失败

开始翻译流程 (尝试 2/2):
========================================
步骤1: 输入藏语文本...
输入文本时出错: Message: tab crashed
  (Session info: chrome=143.0.7499.169)

✗ 输入文本失败
========================================
✗ 翻译失败，跳过此行
✓ 已保存到文件: 543/4500 条

[544/4500] 翻译进度: 12.1%
藏语原文: ནས་ས་ཆུ་ལུད་དྲོད་གཤེར་ཚོགས་པའི་ཞིང་རང་འབྲས་ནས་མྱུག...

开始翻译流程 (尝试 1/2):
========================================
步骤1: 输入藏语文本...
输入文本时出错: Message: tab crashed
  (Session info: chrome=143.0.7499.169)

✗ 输入文本失败

开始翻译流程 (尝试 2/2):
========================================
步骤1: 输入藏语文本...
输入文本时出错: Message: tab crashed
  (Session info: chrome=143.0.7499.169)

✗ 输入文本失败
========================================
✗ 翻译失败，跳过此行
✓ 已保存到文件: 544/4500 条

[545/4500] 翻译进度: 12.1%
藏语原文: དེས་ན་ཚོགས་པ་ཙམ་ནི་རང་གྲུབ་ཙམ་ནས་རང་སྐྱེ་རུང་རང་ཆས...

开始翻译流程 (尝试 1/2):
========================================
步骤1: 输入藏语文本...
输入文本时出错: Message: tab crashed
  (Session info: chrome=143.0.7499.169)

✗ 输入文本失败

开始翻译流程 (尝试 2/2):
========================================
步骤1: 输入藏语文本...
输入文本时出错: Message: tab crashed
  (Session info: chrome=143.0.7499.169)

✗ 输入文本失败
========================================
✗ 翻译失败，跳过此行
✓ 已保存到文件: 545/4500 条

[546/4500] 翻译进度: 12.1%
藏语原文: དགག་གཞི་དེར་མངོན་སུམ་ལ་སྣང་དུ་མི་རུང་བ་ལ་ཞེས་པ་ནས་...

开始翻译流程 (尝试 1/2):
========================================
步骤1: 输入藏语文本...
输入文本时出错: Message: tab crashed
  (Session info: chrome=143.0.7499.169)

✗ 输入文本失败

开始翻译流程 (尝试 2/2):
========================================
步骤1: 输入藏语文本...
输入文本时出错: Message: tab crashed
  (Session info: chrome=143.0.7499.169)

✗ 输入文本失败
========================================
✗ 翻译失败，跳过此行
✓ 已保存到文件: 546/4500 条

[547/4500] 翻译进度: 12.2%
藏语原文: དེའི་ཕྱིར་རྒྱུ་དང་རང་བཞིན་དང་།

开始翻译流程 (尝试 1/2):
========================================
步骤1: 输入藏语文本...
输入文本时出错: Message: tab crashed
  (Session info: chrome=143.0.7499.169)

✗ 输入文本失败

开始翻译流程 (尝试 2/2):
========================================
步骤1: 输入藏语文本...
输入文本时出错: Message: tab crashed
  (Session info: chrome=143.0.7499.169)

✗ 输入文本失败
========================================
✗ 翻译失败，跳过此行
✓ 已保存到文件: 547/4500 条

[548/4500] 翻译进度: 12.2%
藏语原文: ཡུལ་དང་དུས་དང་རང་བཞིན་གྱིས་བསྐལ་བས་ན་བསྐལ་བ་ནི་རྣམ...

开始翻译流程 (尝试 1/2):
========================================
步骤1: 输入藏语文本...
输入文本时出错: Message: tab crashed
  (Session info: chrome=143.0.7499.169)

✗ 输入文本失败

开始翻译流程 (尝试 2/2):
========================================
步骤1: 输入藏语文本...
输入文本时出错: Message: tab crashed
  (Session info: chrome=143.0.7499.169)

✗ 输入文本失败
========================================
✗ 翻译失败，跳过此行
✓ 已保存到文件: 548/4500 条

[549/4500] 翻译进度: 12.2%
藏语原文: དེ་ཡང་ཡུལ་དེ་དང་གང་ཟག་དེ་དག་དུས་མཉམ་པར་ཡོད་པས་དུས་...

开始翻译流程 (尝试 1/2):
========================================
步骤1: 输入藏语文本...
输入文本时出错: Message: tab crashed
  (Session info: chrome=143.0.7499.169)

✗ 输入文本失败

开始翻译流程 (尝试 2/2):
========================================
步骤1: 输入藏语文本...
输入文本时出错: Message: tab crashed
  (Session info: chrome=143.0.7499.169)

✗ 输入文本失败
========================================
✗ 翻译失败，跳过此行
✓ 已保存到文件: 549/4500 条

[550/4500] 翻译进度: 12.2%
藏语原文: གྲངས་ཅན་གྱི་ལུགས་ལ་རྒྱུ་དང་རང་བཞིན་དོན་གཅིག་འབྲས་བ...

开始翻译流程 (尝试 1/2):
========================================
步骤1: 输入藏语文本...
输入文本时出错: Message: tab crashed
  (Session info: chrome=143.0.7499.169)

✗ 输入文本失败

开始翻译流程 (尝试 2/2):
========================================
步骤1: 输入藏语文本...
输入文本时出错: Message: tab crashed
  (Session info: chrome=143.0.7499.169)

✗ 输入文本失败
========================================
✗ 翻译失败，跳过此行
✓ 已保存到文件: 550/4500 条

[551/4500] 翻译进度: 12.2%
藏语原文: དེ་ཡང་རྒྱུ་རྐྱེན་རྣམས་དང་རང་བཞིན་གཅིག་པའི་གཙོ་བོ་ག...

开始翻译流程 (尝试 1/2):
========================================
步骤1: 输入藏语文本...
输入文本时出错: Message: tab crashed
  (Session info: chrome=143.0.7499.169)

✗ 输入文本失败

开始翻译流程 (尝试 2/2):
========================================
步骤1: 输入藏语文本...
输入文本时出错: Message: tab crashed
  (Session info: chrome=143.0.7499.169)

✗ 输入文本失败
========================================
✗ 翻译失败，跳过此行
✓ 已保存到文件: 551/4500 条

[552/4500] 翻译进度: 12.3%
藏语原文: གཟུགས་ཅན་མ་བསྐྱེད་པའི་མཚན་ཉིད་དང་རང་བཞིན་དང་དེ་བཞི...

开始翻译流程 (尝试 1/2):
========================================
步骤1: 输入藏语文本...
输入文本时出错: Message: tab crashed
  (Session info: chrome=143.0.7499.169)

✗ 输入文本失败

开始翻译流程 (尝试 2/2):
========================================
步骤1: 输入藏语文本...
输入文本时出错: Message: tab crashed
  (Session info: chrome=143.0.7499.169)

✗ 输入文本失败
========================================
✗ 翻译失败，跳过此行
✓ 已保存到文件: 552/4500 条

[553/4500] 翻译进度: 12.3%
藏语原文: དེ་ཡང་རང་སྟེ་རང་དང་གཞན་གྱི་དོན་ཕུན་སུམ་ཚོགས་པ་རྣམ་...

开始翻译流程 (尝试 1/2):
========================================
步骤1: 输入藏语文本...
输入文本时出错: Message: tab crashed
  (Session info: chrome=143.0.7499.169)

✗ 输入文本失败

开始翻译流程 (尝试 2/2):
========================================
步骤1: 输入藏语文本...
输入文本时出错: Message: tab crashed
  (Session info: chrome=143.0.7499.169)

✗ 输入文本失败
========================================
✗ 翻译失败，跳过此行
✓ 已保存到文件: 553/4500 条

[554/4500] 翻译进度: 12.3%
藏语原文: འགྲོ་བའི་དངོས་པོ་རྣམས་ཀྱང་རང་བཞིན་མེད་པར་དགོངས་སོ།

开始翻译流程 (尝试 1/2):
========================================
步骤1: 输入藏语文本...
输入文本时出错: Message: tab crashed
  (Session info: chrome=143.0.7499.169)

✗ 输入文本失败

开始翻译流程 (尝试 2/2):
========================================
步骤1: 输入藏语文本...
输入文本时出错: Message: tab crashed
  (Session info: chrome=143.0.7499.169)

✗ 输入文本失败
========================================
✗ 翻译失败，跳过此行
✓ 已保存到文件: 554/4500 条

[555/4500] 翻译进度: 12.3%
藏语原文: ཅི་དེ་ཡང་རང་བཞིན་ཀྱིས་གྲུབ་པ་ཞིག་གམ་འོན་ཏེ་མ་ཡིན་ཞ...

开始翻译流程 (尝试 1/2):
========================================
步骤1: 输入藏语文本...
输入文本时出错: Message: tab crashed
  (Session info: chrome=143.0.7499.169)

✗ 输入文本失败

开始翻译流程 (尝试 2/2):
========================================
步骤1: 输入藏语文本...
输入文本时出错: Message: tab crashed
  (Session info: chrome=143.0.7499.169)

✗ 输入文本失败
========================================
✗ 翻译失败，跳过此行
✓ 已保存到文件: 555/4500 条

[556/4500] 翻译进度: 12.4%
藏语原文: དེ་ལྟར་སེམས་ཀྱི་རང་བཞིན་མ་གྲུབ་ན་ཚོར་བ་ལ་སོགས་པའི་...

开始翻译流程 (尝试 1/2):
========================================
步骤1: 输入藏语文本...
输入文本时出错: Message: tab crashed
  (Session info: chrome=143.0.7499.169)

✗ 输入文本失败

开始翻译流程 (尝试 2/2):
========================================
步骤1: 输入藏语文本...
输入文本时出错: Message: tab crashed
  (Session info: chrome=143.0.7499.169)

✗ 输入文本失败
========================================
✗ 翻译失败，跳过此行
✓ 已保存到文件: 556/4500 条

[557/4500] 翻译进度: 12.4%
藏语原文: དེ་ལྟར་གཟུགས་དང་སེམས་དང་སེམས་རྟེ་ལས་བྱུང་བ་རྣམས་མ་...

开始翻译流程 (尝试 1/2):
========================================
步骤1: 输入藏语文本...
输入文本时出错: Message: tab crashed
  (Session info: chrome=143.0.7499.169)

✗ 输入文本失败

开始翻译流程 (尝试 2/2):
========================================
步骤1: 输入藏语文本...
输入文本时出错: Message: tab crashed
  (Session info: chrome=143.0.7499.169)

✗ 输入文本失败
========================================
✗ 翻译失败，跳过此行
✓ 已保存到文件: 557/4500 条

[558/4500] 翻译进度: 12.4%
藏语原文: ས་ཙ་ནི་ཟླུམ་པ་སྟེ་གཉིས་སུ་མེད་པའོ།

开始翻译流程 (尝试 1/2):
========================================
步骤1: 输入藏语文本...
输入文本时出错: Message: tab crashed
  (Session info: chrome=143.0.7499.169)

✗ 输入文本失败

开始翻译流程 (尝试 2/2):
========================================
步骤1: 输入藏语文本...
输入文本时出错: Message: tab crashed
  (Session info: chrome=143.0.7499.169)

✗ 输入文本失败
========================================
✗ 翻译失败，跳过此行
✓ 已保存到文件: 558/4500 条

[559/4500] 翻译进度: 12.4%
藏语原文: དེ་དག་ཀུན་ཀྱང་རོ་སྨད་སྤྲིན་གྱི་དཀྱིལ་འཁོར་ལ་རོ་སྟོ...

开始翻译流程 (尝试 1/2):
========================================
步骤1: 输入藏语文本...
输入文本时出错: Message: tab crashed
  (Session info: chrome=143.0.7499.169)

✗ 输入文本失败

开始翻译流程 (尝试 2/2):
========================================
步骤1: 输入藏语文本...
输入文本时出错: Message: tab crashed
  (Session info: chrome=143.0.7499.169)

✗ 输入文本失败
========================================
✗ 翻译失败，跳过此行
✓ 已保存到文件: 559/4500 条

[560/4500] 翻译进度: 12.4%
藏语原文: སྤྲིན་ལ་བདུག་པ་ནི་སྤྲིན་ཕྱོགས་སུ་འདུག་ཁྱེ་པའོ།་།

开始翻译流程 (尝试 1/2):
========================================
步骤1: 输入藏语文本...
输入文本时出错: Message: tab crashed
  (Session info: chrome=143.0.7499.169)

✗ 输入文本失败

开始翻译流程 (尝试 2/2):
========================================
步骤1: 输入藏语文本...
输入文本时出错: Message: tab crashed
  (Session info: chrome=143.0.7499.169)

✗ 输入文本失败
========================================
✗ 翻译失败，跳过此行
✓ 已保存到文件: 560/4500 条

[561/4500] 翻译进度: 12.5%
藏语原文: ཐམས་ཅད་བསྡུས་པས་ཨོཾ་བཛྲ་བེ་རོ་ཙ་ནཱི་ཡེ་སྭཱ་ཧཱ་ཞེས་...

开始翻译流程 (尝试 1/2):
========================================
步骤1: 输入藏语文本...
输入文本时出错: Message: tab crashed
  (Session info: chrome=143.0.7499.169)

✗ 输入文本失败

开始翻译流程 (尝试 2/2):
========================================
步骤1: 输入藏语文本...
输入文本时出错: Message: tab crashed
  (Session info: chrome=143.0.7499.169)

✗ 输入文本失败
========================================
✗ 翻译失败，跳过此行
✓ 已保存到文件: 561/4500 条

[562/4500] 翻译进度: 12.5%
藏语原文: འདི་ཞེས་བྱ་བ་ནི་འདི་བཟླས་པ་ཙམ་གྱིས་མཁའ་འགྲོ་མ་ཀུན་...

开始翻译流程 (尝试 1/2):
========================================
步骤1: 输入藏语文本...
输入文本时出错: Message: tab crashed
  (Session info: chrome=143.0.7499.169)

✗ 输入文本失败

开始翻译流程 (尝试 2/2):
========================================
步骤1: 输入藏语文本...
输入文本时出错: Message: tab crashed
  (Session info: chrome=143.0.7499.169)

✗ 输入文本失败
========================================
✗ 翻译失败，跳过此行
✓ 已保存到文件: 562/4500 条

[563/4500] 翻译进度: 12.5%
藏语原文: དེ་ཉིད་ནི་བརྩོན་འགྲུས་བརྟན་པའི་ཕྱིར་རྡོ་རྗེ་སེམས་ད...

开始翻译流程 (尝试 1/2):
========================================
步骤1: 输入藏语文本...
输入文本时出错: Message: tab crashed
  (Session info: chrome=143.0.7499.169)

✗ 输入文本失败

开始翻译流程 (尝试 2/2):
========================================
步骤1: 输入藏语文本...
输入文本时出错: Message: tab crashed
  (Session info: chrome=143.0.7499.169)

✗ 输入文本失败
========================================
✗ 翻译失败，跳过此行
✓ 已保存到文件: 563/4500 条

[564/4500] 翻译进度: 12.5%
藏语原文: དངོས་པོ་རྣམས་ཀྱི་གནས་སྐབས་དང་རང་བཞིན་བསྟན་པ་སྟེ་རྟ...

开始翻译流程 (尝试 1/2):
========================================
步骤1: 输入藏语文本...
输入文本时出错: Message: tab crashed
  (Session info: chrome=143.0.7499.169)

✗ 输入文本失败

开始翻译流程 (尝试 2/2):
========================================
步骤1: 输入藏语文本...
输入文本时出错: Message: tab crashed
  (Session info: chrome=143.0.7499.169)

✗ 输入文本失败
========================================
✗ 翻译失败，跳过此行
✓ 已保存到文件: 564/4500 条

[565/4500] 翻译进度: 12.6%
藏语原文: བེ་རོ་ཙ་ནའི་རིག་པ་ཆེ།

开始翻译流程 (尝试 1/2):
========================================
步骤1: 输入藏语文本...
输入文本时出错: Message: tab crashed
  (Session info: chrome=143.0.7499.169)

✗ 输入文本失败

开始翻译流程 (尝试 2/2):
========================================
步骤1: 输入藏语文本...
输入文本时出错: Message: tab crashed
  (Session info: chrome=143.0.7499.169)

✗ 输入文本失败
========================================
✗ 翻译失败，跳过此行
✓ 已保存到文件: 565/4500 条

[566/4500] 翻译进度: 12.6%
藏语原文: དེ་ལ་ཤར་ཕྱོགས་ནས་བརྩམས་ནས་འདབ་མ་བརྒྱད་ལ་ནི་ཨོཾ་བཛྲ...

开始翻译流程 (尝试 1/2):
========================================
步骤1: 输入藏语文本...
输入文本时出错: Message: tab crashed
  (Session info: chrome=143.0.7499.169)

✗ 输入文本失败

开始翻译流程 (尝试 2/2):
========================================
步骤1: 输入藏语文本...
输入文本时出错: Message: tab crashed
  (Session info: chrome=143.0.7499.169)

✗ 输入文本失败
========================================
✗ 翻译失败，跳过此行
✓ 已保存到文件: 566/4500 条

[567/4500] 翻译进度: 12.6%
藏语原文: བྱ་བ་དེ་དག་དང་གདོན་ལ་སོགས་པ་ལས་བསྲུང་བར་རྐྱེའདོད་ན...

开始翻译流程 (尝试 1/2):
========================================
步骤1: 输入藏语文本...
输入文本时出错: Message: tab crashed
  (Session info: chrome=143.0.7499.169)

✗ 输入文本失败

开始翻译流程 (尝试 2/2):
========================================
步骤1: 输入藏语文本...
输入文本时出错: Message: tab crashed
  (Session info: chrome=143.0.7499.169)

✗ 输入文本失败
========================================
✗ 翻译失败，跳过此行
✓ 已保存到文件: 567/4500 条

[568/4500] 翻译进度: 12.6%
藏语原文: ལས་ནི་ཆུ་དང་གོ་རོ་ཙ་ནས་བྱུག་པ་ལ་སོགས་པའོ།

开始翻译流程 (尝试 1/2):
========================================
步骤1: 输入藏语文本...
输入文本时出错: Message: tab crashed
  (Session info: chrome=143.0.7499.169)

✗ 输入文本失败

开始翻译流程 (尝试 2/2):
========================================
步骤1: 输入藏语文本...
输入文本时出错: Message: tab crashed
  (Session info: chrome=143.0.7499.169)

✗ 输入文本失败
========================================
✗ 翻译失败，跳过此行
✓ 已保存到文件: 568/4500 条

[569/4500] 翻译进度: 12.6%
藏语原文: ཞེས་བྱ་བ་ནི་ཆུའི་ཁྱད་པར་ཏེ་ལན་བརྒྱ་བཟླས་པའི་ཆུ་དང་...

开始翻译流程 (尝试 1/2):
========================================
步骤1: 输入藏语文本...
输入文本时出错: Message: tab crashed
  (Session info: chrome=143.0.7499.169)

✗ 输入文本失败

开始翻译流程 (尝试 2/2):
========================================
步骤1: 输入藏语文本...
输入文本时出错: Message: tab crashed
  (Session info: chrome=143.0.7499.169)

✗ 输入文本失败
========================================
✗ 翻译失败，跳过此行
✓ 已保存到文件: 569/4500 条

[570/4500] 翻译进度: 12.7%
藏语原文: ལ་གུ་ཙ་ནི་དུ་ཧུའི་འབྲས་བུའོ།

开始翻译流程 (尝试 1/2):
========================================
步骤1: 输入藏语文本...
输入文本时出错: Message: tab crashed
  (Session info: chrome=143.0.7499.169)

✗ 输入文本失败

开始翻译流程 (尝试 2/2):
========================================
步骤1: 输入藏语文本...
输入文本时出错: Message: tab crashed
  (Session info: chrome=143.0.7499.169)

✗ 输入文本失败
========================================
✗ 翻译失败，跳过此行
✓ 已保存到文件: 570/4500 条

[571/4500] 翻译进度: 12.7%
藏语原文: མ་ར་ཙ་ནི་ཨ་བ་ཀུ་ཙེ་འུཞེས་བྱ་བའོ།་

开始翻译流程 (尝试 1/2):
========================================
步骤1: 输入藏语文本...
输入文本时出错: Message: tab crashed
  (Session info: chrome=143.0.7499.169)

✗ 输入文本失败

开始翻译流程 (尝试 2/2):
========================================
步骤1: 输入藏语文本...
输入文本时出错: Message: tab crashed
  (Session info: chrome=143.0.7499.169)

✗ 输入文本失败
========================================
✗ 翻译失败，跳过此行
✓ 已保存到文件: 571/4500 条

[572/4500] 翻译进度: 12.7%
藏语原文: སྐབས་སྐབས་སུ་སྐྱ་རླེག་ཏུ་འདུག་པ་དང་།

开始翻译流程 (尝试 1/2):
========================================
步骤1: 输入藏语文本...
输入文本时出错: Message: tab crashed
  (Session info: chrome=143.0.7499.169)

✗ 输入文本失败

开始翻译流程 (尝试 2/2):
========================================
步骤1: 输入藏语文本...
输入文本时出错: Message: tab crashed
  (Session info: chrome=143.0.7499.169)

✗ 输入文本失败
========================================
✗ 翻译失败，跳过此行
✓ 已保存到文件: 572/4500 条

[573/4500] 翻译进度: 12.7%
藏语原文: གྲིབ་མ་ལ་འདུག་པ་དང་།

开始翻译流程 (尝试 1/2):
========================================
步骤1: 输入藏语文本...
输入文本时出错: Message: tab crashed
  (Session info: chrome=143.0.7499.169)

✗ 输入文本失败

开始翻译流程 (尝试 2/2):
========================================
步骤1: 输入藏语文本...
输入文本时出错: Message: tab crashed
  (Session info: chrome=143.0.7499.169)

✗ 输入文本失败
========================================
✗ 翻译失败，跳过此行
✓ 已保存到文件: 573/4500 条

[574/4500] 翻译进度: 12.8%
藏语原文: དེ་དག་ཐམས་ཅད་ཀྱང་སྐྲ་གྲོལ་ཞིང་རྒྱན་ཐམས་ཅད་ཀྱིས་བརྒ...

开始翻译流程 (尝试 1/2):
========================================
步骤1: 输入藏语文本...
输入文本时出错: Message: tab crashed
  (Session info: chrome=143.0.7499.169)

✗ 输入文本失败

开始翻译流程 (尝试 2/2):
========================================
步骤1: 输入藏语文本...
输入文本时出错: Message: tab crashed
  (Session info: chrome=143.0.7499.169)

✗ 输入文本失败
========================================
✗ 翻译失败，跳过此行
✓ 已保存到文件: 574/4500 条

[575/4500] 翻译进度: 12.8%
藏语原文: རང་རང་དམ་ཚིག་ལས་བྱུང་ཞིང་།

开始翻译流程 (尝试 1/2):
========================================
步骤1: 输入藏语文本...
输入文本时出错: Message: tab crashed
  (Session info: chrome=143.0.7499.169)

✗ 输入文本失败

开始翻译流程 (尝试 2/2):
========================================
步骤1: 输入藏语文本...
输入文本时出错: Message: tab crashed
  (Session info: chrome=143.0.7499.169)

✗ 输入文本失败
========================================
✗ 翻译失败，跳过此行
✓ 已保存到文件: 575/4500 条

[576/4500] 翻译进度: 12.8%
藏语原文: རང་རང་སྟན་ལ་གནས་པར་བསམ།

开始翻译流程 (尝试 1/2):
========================================
步骤1: 输入藏语文本...
输入文本时出错: Message: tab crashed
  (Session info: chrome=143.0.7499.169)

✗ 输入文本失败

开始翻译流程 (尝试 2/2):
========================================
步骤1: 输入藏语文本...
输入文本时出错: Message: tab crashed
  (Session info: chrome=143.0.7499.169)

✗ 输入文本失败
========================================
✗ 翻译失败，跳过此行
✓ 已保存到文件: 576/4500 条

[577/4500] 翻译进度: 12.8%
藏语原文: འདིར་འདུག་པ་ནི་ཤ་ཆེན་སྐམ་པོ་དང་བཙོང་དུ་བཅས་པ་གཟུང་...

开始翻译流程 (尝试 1/2):
========================================
步骤1: 输入藏语文本...
输入文本时出错: Message: tab crashed
  (Session info: chrome=143.0.7499.169)

✗ 输入文本失败

开始翻译流程 (尝试 2/2):
========================================
步骤1: 输入藏语文本...
输入文本时出错: Message: tab crashed
  (Session info: chrome=143.0.7499.169)

✗ 输入文本失败
========================================
✗ 翻译失败，跳过此行
✓ 已保存到文件: 577/4500 条

[578/4500] 翻译进度: 12.8%
藏语原文: དེ་དག་ཀྱང་རང་རིག་པའི་མཐར་ཐུག་པའོ།

开始翻译流程 (尝试 1/2):
========================================
步骤1: 输入藏语文本...
输入文本时出错: Message: tab crashed
  (Session info: chrome=143.0.7499.169)

✗ 输入文本失败

开始翻译流程 (尝试 2/2):
========================================
步骤1: 输入藏语文本...
输入文本时出错: Message: tab crashed
  (Session info: chrome=143.0.7499.169)

✗ 输入文本失败
========================================
✗ 翻译失败，跳过此行
✓ 已保存到文件: 578/4500 条

[579/4500] 翻译进度: 12.9%
藏语原文: འདུག་པ་རྡོ་རྗེ་རྩེ་གསུམ་སྟེ།

开始翻译流程 (尝试 1/2):
========================================
步骤1: 输入藏语文本...
输入文本时出错: Message: tab crashed
  (Session info: chrome=143.0.7499.169)

✗ 输入文本失败

开始翻译流程 (尝试 2/2):
========================================
步骤1: 输入藏语文本...
输入文本时出错: Message: tab crashed
  (Session info: chrome=143.0.7499.169)

✗ 输入文本失败
========================================
✗ 翻译失败，跳过此行
✓ 已保存到文件: 579/4500 条

[580/4500] 翻译进度: 12.9%
藏语原文: འདུག་སྟངས་དང་།

开始翻译流程 (尝试 1/2):
========================================
步骤1: 输入藏语文本...
输入文本时出错: Message: tab crashed
  (Session info: chrome=143.0.7499.169)

✗ 输入文本失败

开始翻译流程 (尝试 2/2):
========================================
步骤1: 输入藏语文本...
输入文本时出错: Message: tab crashed
  (Session info: chrome=143.0.7499.169)

✗ 输入文本失败
========================================
✗ 翻译失败，跳过此行
✓ 已保存到文件: 580/4500 条

[581/4500] 翻译进度: 12.9%
藏语原文: སྟན་ནི་ཁྲིའུ་ལ་སོགས་པ་འདུག་པ་ཕྱེགནས་སོ།

开始翻译流程 (尝试 1/2):
========================================
步骤1: 输入藏语文本...
输入文本时出错: Message: tab crashed
  (Session info: chrome=143.0.7499.169)

✗ 输入文本失败

开始翻译流程 (尝试 2/2):
========================================
步骤1: 输入藏语文本...
输入文本时出错: Message: tab crashed
  (Session info: chrome=143.0.7499.169)

✗ 输入文本失败
========================================
✗ 翻译失败，跳过此行
✓ 已保存到文件: 581/4500 条

[582/4500] 翻译进度: 12.9%
藏语原文: འདུག་སྟངས་དང་།

开始翻译流程 (尝试 1/2):
========================================
步骤1: 输入藏语文本...
输入文本时出错: Message: tab crashed
  (Session info: chrome=143.0.7499.169)

✗ 输入文本失败

开始翻译流程 (尝试 2/2):
========================================
步骤1: 输入藏语文本...
输入文本时出错: Message: tab crashed
  (Session info: chrome=143.0.7499.169)

✗ 输入文本失败
========================================
✗ 翻译失败，跳过此行
✓ 已保存到文件: 582/4500 条

[583/4500] 翻译进度: 13.0%
藏语原文: སྐྱེས་བུ་ཐང་ལ་འདུག་པའི་དུས་སུ།

开始翻译流程 (尝试 1/2):
========================================
步骤1: 输入藏语文本...
输入文本时出错: Message: tab crashed
  (Session info: chrome=143.0.7499.169)

✗ 输入文本失败

开始翻译流程 (尝试 2/2):
========================================
步骤1: 输入藏语文本...
输入文本时出错: Message: tab crashed
  (Session info: chrome=143.0.7499.169)

✗ 输入文本失败
========================================
✗ 翻译失败，跳过此行
✓ 已保存到文件: 583/4500 条

[584/4500] 翻译进度: 13.0%
藏语原文: གནས་དབེན་པ་སྐྱེས་བུ་འདུག་ཀྱང་རུང་བ་ལ།

开始翻译流程 (尝试 1/2):
========================================
步骤1: 输入藏语文本...
输入文本时出错: Message: tab crashed
  (Session info: chrome=143.0.7499.169)

✗ 输入文本失败

开始翻译流程 (尝试 2/2):
========================================
步骤1: 输入藏语文本...
输入文本时出错: Message: tab crashed
  (Session info: chrome=143.0.7499.169)

✗ 输入文本失败
========================================
✗ 翻译失败，跳过此行
✓ 已保存到文件: 584/4500 条

[585/4500] 翻译进度: 13.0%
藏语原文: རྡོ་དང་བཅས་ཞེས་བྱ་བ་ནི་དོར་བར་བྱའོ་ཞེས་པའི་དོན་ཏོ་...

开始翻译流程 (尝试 1/2):
========================================
步骤1: 输入藏语文本...
输入文本时出错: Message: tab crashed
  (Session info: chrome=143.0.7499.169)

✗ 输入文本失败

开始翻译流程 (尝试 2/2):
========================================
步骤1: 输入藏语文本...
输入文本时出错: Message: tab crashed
  (Session info: chrome=143.0.7499.169)

✗ 输入文本失败
========================================
✗ 翻译失败，跳过此行
✓ 已保存到文件: 585/4500 条

[586/4500] 翻译进度: 13.0%
藏语原文: འགས་པ་དང་སྲ་བ་ཞེས་བྱ་བ་ནི་གྱོང་བ་དང་ཚེལ་ཚེལ་པོར་འད...

开始翻译流程 (尝试 1/2):
========================================
步骤1: 输入藏语文本...
输入文本时出错: Message: tab crashed
  (Session info: chrome=143.0.7499.169)

✗ 输入文本失败

开始翻译流程 (尝试 2/2):
========================================
步骤1: 输入藏语文本...
输入文本时出错: Message: tab crashed
  (Session info: chrome=143.0.7499.169)

✗ 输入文本失败
========================================
✗ 翻译失败，跳过此行
✓ 已保存到文件: 586/4500 条

[587/4500] 翻译进度: 13.0%
藏语原文: དེ་གཉིས་རི་དམར་པོ་དག་ལས་སྐྱེ་བར་འགྱུར་རོ་ཞེས་བྱ་བ་...

开始翻译流程 (尝试 1/2):
========================================
步骤1: 输入藏语文本...
输入文本时出错: Message: tab crashed
  (Session info: chrome=143.0.7499.169)

✗ 输入文本失败

开始翻译流程 (尝试 2/2):
========================================
步骤1: 输入藏语文本...
输入文本时出错: Message: tab crashed
  (Session info: chrome=143.0.7499.169)

✗ 输入文本失败
========================================
✗ 翻译失败，跳过此行
✓ 已保存到文件: 587/4500 条

[588/4500] 翻译进度: 13.1%
藏语原文: སྣ་ཚོགས་སུ་འདུག་པ་ལས་ཞེས་བྱ་བ་ནི།

开始翻译流程 (尝试 1/2):
========================================
步骤1: 输入藏语文本...
输入文本时出错: Message: tab crashed
  (Session info: chrome=143.0.7499.169)

✗ 输入文本失败

开始翻译流程 (尝试 2/2):
========================================
步骤1: 输入藏语文本...
输入文本时出错: Message: tab crashed
  (Session info: chrome=143.0.7499.169)

✗ 输入文本失败
========================================
✗ 翻译失败，跳过此行
✓ 已保存到文件: 588/4500 条

[589/4500] 翻译进度: 13.1%
藏语原文: ཞེས་བྱ་བ་ལ་ཀུ་ཏ་ཙ་ནི་གུར་ཆཀུམ་སྟེ།

开始翻译流程 (尝试 1/2):
========================================
步骤1: 输入藏语文本...
输入文本时出错: Message: tab crashed
  (Session info: chrome=143.0.7499.169)

✗ 输入文本失败

开始翻译流程 (尝试 2/2):
========================================
步骤1: 输入藏语文本...
输入文本时出错: Message: tab crashed
  (Session info: chrome=143.0.7499.169)

✗ 输入文本失败
========================================
✗ 翻译失败，跳过此行
✓ 已保存到文件: 589/4500 条

[590/4500] 翻译进度: 13.1%
藏语原文: འབྱུང་པོའི་གཙོ་བོ་ནི་གོ་རོ་ཙ་ནའོ།

开始翻译流程 (尝试 1/2):
========================================
步骤1: 输入藏语文本...
输入文本时出错: Message: tab crashed
  (Session info: chrome=143.0.7499.169)

✗ 输入文本失败

开始翻译流程 (尝试 2/2):
========================================
步骤1: 输入藏语文本...
输入文本时出错: Message: tab crashed
  (Session info: chrome=143.0.7499.169)

✗ 输入文本失败
========================================
✗ 翻译失败，跳过此行
✓ 已保存到文件: 590/4500 条

[591/4500] 翻译进度: 13.1%
藏语原文: ཉན་ཐོས་དང་རང་རྒྱལ་བ་དང་།

开始翻译流程 (尝试 1/2):
========================================
步骤1: 输入藏语文本...
输入文本时出错: Message: tab crashed
  (Session info: chrome=143.0.7499.169)

✗ 输入文本失败

开始翻译流程 (尝试 2/2):
========================================
步骤1: 输入藏语文本...
输入文本时出错: Message: tab crashed
  (Session info: chrome=143.0.7499.169)

✗ 输入文本失败
========================================
✗ 翻译失败，跳过此行
✓ 已保存到文件: 591/4500 条

[592/4500] 翻译进度: 13.2%
藏语原文: གང་ཞེས་པ་དང་དེ་ཞེས་པ་ནི་རིང་ན་འདུག་ཀྱང་འབྱེལ་པར་འག...

开始翻译流程 (尝试 1/2):
========================================
步骤1: 输入藏语文本...
输入文本时出错: Message: tab crashed
  (Session info: chrome=143.0.7499.169)

✗ 输入文本失败

开始翻译流程 (尝试 2/2):
========================================
步骤1: 输入藏语文本...
输入文本时出错: Message: tab crashed
  (Session info: chrome=143.0.7499.169)

✗ 输入文本失败
========================================
✗ 翻译失败，跳过此行
✓ 已保存到文件: 592/4500 条

[593/4500] 翻译进度: 13.2%
藏语原文: རིང་ན་འདུག་ཀྱང་འབྲེལ་པར་འགྱུར།

开始翻译流程 (尝试 1/2):
========================================
步骤1: 输入藏语文本...
输入文本时出错: Message: tab crashed
  (Session info: chrome=143.0.7499.169)

✗ 输入文本失败

开始翻译流程 (尝试 2/2):
========================================
步骤1: 输入藏语文本...
输入文本时出错: Message: tab crashed
  (Session info: chrome=143.0.7499.169)

✗ 输入文本失败
========================================
✗ 翻译失败，跳过此行
✓ 已保存到文件: 593/4500 条

[594/4500] 翻译进度: 13.2%
藏语原文: བྷ་ག་ནི་འདུག་སྟངས་ཀྱིས་ཟུར་གསུམ་པ་དེ་ཉིད་དོ།

开始翻译流程 (尝试 1/2):
========================================
步骤1: 输入藏语文本...
输入文本时出错: Message: tab crashed
  (Session info: chrome=143.0.7499.169)

✗ 输入文本失败

开始翻译流程 (尝试 2/2):
========================================
步骤1: 输入藏语文本...
输入文本时出错: Message: tab crashed
  (Session info: chrome=143.0.7499.169)

✗ 输入文本失败
========================================
✗ 翻译失败，跳过此行
✓ 已保存到文件: 594/4500 条

[595/4500] 翻译进度: 13.2%
藏语原文: བདེ་བའི་སྟན་ལ་འདུག་ནས་ནི།

开始翻译流程 (尝试 1/2):
========================================
步骤1: 输入藏语文本...
输入文本时出错: Message: tab crashed
  (Session info: chrome=143.0.7499.169)

✗ 输入文本失败

开始翻译流程 (尝试 2/2):
========================================
步骤1: 输入藏语文本...
输入文本时出错: Message: tab crashed
  (Session info: chrome=143.0.7499.169)

✗ 输入文本失败
========================================
✗ 翻译失败，跳过此行
✓ 已保存到文件: 595/4500 条

[596/4500] 翻译进度: 13.2%
藏语原文: གོང་དུ་གསུངས་པའི་སྟན་དེ་ཉིད་ལ་བག་དང་བཅས་པར་འདུག་པར...

开始翻译流程 (尝试 1/2):
========================================
步骤1: 输入藏语文本...
输入文本时出错: Message: tab crashed
  (Session info: chrome=143.0.7499.169)

✗ 输入文本失败

开始翻译流程 (尝试 2/2):
========================================
步骤1: 输入藏语文本...
输入文本时出错: Message: tab crashed
  (Session info: chrome=143.0.7499.169)

✗ 输入文本失败
========================================
✗ 翻译失败，跳过此行
✓ 已保存到文件: 596/4500 条

[597/4500] 翻译进度: 13.3%
藏语原文: སྟན་ཡང་གཅིག་ལ་མི་འདུག་སྟེ།

开始翻译流程 (尝试 1/2):
========================================
步骤1: 输入藏语文本...
输入文本时出错: Message: tab crashed
  (Session info: chrome=143.0.7499.169)

✗ 输入文本失败

开始翻译流程 (尝试 2/2):
========================================
步骤1: 输入藏语文本...
输入文本时出错: Message: tab crashed
  (Session info: chrome=143.0.7499.169)

✗ 输入文本失败
========================================
✗ 翻译失败，跳过此行
✓ 已保存到文件: 597/4500 条

[598/4500] 翻译进度: 13.3%
藏语原文: ཨོཾ་བཛྲ་བེེ་རོ་ཙ་ནི་ཁྲུཡེ་སྭཱ་ཧཱ།

开始翻译流程 (尝试 1/2):
========================================
步骤1: 输入藏语文本...
输入文本时出错: Message: tab crashed
  (Session info: chrome=143.0.7499.169)

✗ 输入文本失败

开始翻译流程 (尝试 2/2):
========================================
步骤1: 输入藏语文本...
输入文本时出错: Message: tab crashed
  (Session info: chrome=143.0.7499.169)

✗ 输入文本失败
========================================
✗ 翻译失败，跳过此行
✓ 已保存到文件: 598/4500 条

[599/4500] 翻译进度: 13.3%
藏语原文: བྱ་ཀུ་ལི་ལ་ཡིན་འགྲོ་ཞེས།

开始翻译流程 (尝试 1/2):
========================================
步骤1: 输入藏语文本...
输入文本时出错: Message: tab crashed
  (Session info: chrome=143.0.7499.169)

✗ 输入文本失败

开始翻译流程 (尝试 2/2):
========================================
步骤1: 输入藏语文本...
输入文本时出错: Message: tab crashed
  (Session info: chrome=143.0.7499.169)

✗ 输入文本失败
========================================
✗ 翻译失败，跳过此行
✓ 已保存到文件: 599/4500 条

[600/4500] 翻译进度: 13.3%
藏语原文: གལ་ཏེ་གྲེད་ན་ཡང་བཏང་སྙོམས་སུ་འདུག་གམ་ཅི།

开始翻译流程 (尝试 1/2):
========================================
步骤1: 输入藏语文本...
输入文本时出错: Message: tab crashed
  (Session info: chrome=143.0.7499.169)

✗ 输入文本失败

开始翻译流程 (尝试 2/2):
========================================
步骤1: 输入藏语文本...
输入文本时出错: Message: tab crashed
  (Session info: chrome=143.0.7499.169)

✗ 输入文本失败
========================================
✗ 翻译失败，跳过此行
✓ 已保存到文件: 600/4500 条

[601/4500] 翻译进度: 13.4%
藏语原文: གང་རང་བཞིན་དེ་ནི་སྟོང་པ་ཉིད་དེ་དག་ལས་ནི་རྣམ་པ་ཐམས་...

开始翻译流程 (尝试 1/2):
========================================
步骤1: 输入藏语文本...
输入文本时出错: Message: tab crashed
  (Session info: chrome=143.0.7499.169)

✗ 输入文本失败

开始翻译流程 (尝试 2/2):
========================================
步骤1: 输入藏语文本...
输入文本时出错: Message: tab crashed
  (Session info: chrome=143.0.7499.169)

✗ 输入文本失败
========================================
✗ 翻译失败，跳过此行
✓ 已保存到文件: 601/4500 条

[602/4500] 翻译进度: 13.4%
藏语原文: བར་མ་ནི་དབུས་ཀྱི་ཆ་ལ་ཁུ་བ་དང་རང་བྱུང་གཉིས་ལས་བྱུང་...

开始翻译流程 (尝试 1/2):
========================================
步骤1: 输入藏语文本...
输入文本时出错: Message: tab crashed
  (Session info: chrome=143.0.7499.169)

✗ 输入文本失败

开始翻译流程 (尝试 2/2):
========================================
步骤1: 输入藏语文本...
输入文本时出错: Message: tab crashed
  (Session info: chrome=143.0.7499.169)

✗ 输入文本失败
========================================
✗ 翻译失败，跳过此行
✓ 已保存到文件: 602/4500 条

[603/4500] 翻译进度: 13.4%
藏语原文: ཡང་ན་འདུག་ས་སྦྱིན་པར་བྱའོ།

开始翻译流程 (尝试 1/2):
========================================
步骤1: 输入藏语文本...
输入文本时出错: Message: tab crashed
  (Session info: chrome=143.0.7499.169)

✗ 输入文本失败

开始翻译流程 (尝试 2/2):
========================================
步骤1: 输入藏语文本...
输入文本时出错: Message: tab crashed
  (Session info: chrome=143.0.7499.169)

✗ 输入文本失败
========================================
✗ 翻译失败，跳过此行
✓ 已保存到文件: 603/4500 条

[604/4500] 翻译进度: 13.4%
藏语原文: ཁྱབ་འཇུག་ཀྱང་རང་ཉིད་མ་གྲུབ་བོ།

开始翻译流程 (尝试 1/2):
========================================
步骤1: 输入藏语文本...
输入文本时出错: Message: tab crashed
  (Session info: chrome=143.0.7499.169)

✗ 输入文本失败

开始翻译流程 (尝试 2/2):
========================================
步骤1: 输入藏语文本...
输入文本时出错: Message: tab crashed
  (Session info: chrome=143.0.7499.169)

✗ 输入文本失败
========================================
✗ 翻译失败，跳过此行
✓ 已保存到文件: 604/4500 条

[605/4500] 翻译进度: 13.4%
藏语原文: དེ་ཡང་རང་བཞིན་ཀུན་ཞེས་བྱ་བ་ལ།

开始翻译流程 (尝试 1/2):
========================================
步骤1: 输入藏语文本...
输入文本时出错: Message: tab crashed
  (Session info: chrome=143.0.7499.169)

✗ 输入文本失败

开始翻译流程 (尝试 2/2):
========================================
步骤1: 输入藏语文本...
输入文本时出错: Message: tab crashed
  (Session info: chrome=143.0.7499.169)

✗ 输入文本失败
========================================
✗ 翻译失败，跳过此行
✓ 已保存到文件: 605/4500 条

[606/4500] 翻译进度: 13.5%
藏语原文: དེའི་རྣམ་པ་དང་དེའི་སྐད་ཅིག་རྣམས་ཀྱིས་དབུས་སུ་ཞུགས་...

开始翻译流程 (尝试 1/2):
========================================
步骤1: 输入藏语文本...
输入文本时出错: Message: tab crashed
  (Session info: chrome=143.0.7499.169)

✗ 输入文本失败

开始翻译流程 (尝试 2/2):
========================================
步骤1: 输入藏语文本...
输入文本时出错: Message: tab crashed
  (Session info: chrome=143.0.7499.169)

✗ 输入文本失败
========================================
✗ 翻译失败，跳过此行
✓ 已保存到文件: 606/4500 条

[607/4500] 翻译进度: 13.5%
藏语原文: ཐ་མ་ནི་དོན་དམ་པ་དང་རང་བཞིན་མེད་པ་ཉིད་ཀྱི་ཕྱིར་རོ།

开始翻译流程 (尝试 1/2):
========================================
步骤1: 输入藏语文本...
输入文本时出错: Message: tab crashed
  (Session info: chrome=143.0.7499.169)

✗ 输入文本失败

开始翻译流程 (尝试 2/2):
========================================
步骤1: 输入藏语文本...
输入文本时出错: Message: tab crashed
  (Session info: chrome=143.0.7499.169)

✗ 输入文本失败
========================================
✗ 翻译失败，跳过此行
✓ 已保存到文件: 607/4500 条

[608/4500] 翻译进度: 13.5%
藏语原文: དེ་ཡང་རང་བཞིན་མེད་པའི་བདག་ཉིད་ཅན་ནོ།

开始翻译流程 (尝试 1/2):
========================================
步骤1: 输入藏语文本...
输入文本时出错: Message: tab crashed
  (Session info: chrome=143.0.7499.169)

✗ 输入文本失败

开始翻译流程 (尝试 2/2):
========================================
步骤1: 输入藏语文本...
输入文本时出错: Message: tab crashed
  (Session info: chrome=143.0.7499.169)

✗ 输入文本失败
========================================
✗ 翻译失败，跳过此行
✓ 已保存到文件: 608/4500 条

[609/4500] 翻译进度: 13.5%
藏语原文: དེའི་ཡང་རང་བཞིན་ཅི་ཞེ་ན།

开始翻译流程 (尝试 1/2):
========================================
步骤1: 输入藏语文本...
输入文本时出错: Message: tab crashed
  (Session info: chrome=143.0.7499.169)

✗ 输入文本失败

开始翻译流程 (尝试 2/2):
========================================
步骤1: 输入藏语文本...
输入文本时出错: Message: tab crashed
  (Session info: chrome=143.0.7499.169)

✗ 输入文本失败
========================================
✗ 翻译失败，跳过此行
✓ 已保存到文件: 609/4500 条

[610/4500] 翻译进度: 13.6%
藏语原文: རང་བཞིན་མེད་པའི་ཚིཡེ་ཤེས་ཞེས་བྱ་བ་ནི་གང་བརྟགས་པ་དེ...

开始翻译流程 (尝试 1/2):
========================================
步骤1: 输入藏语文本...
输入文本时出错: Message: tab crashed
  (Session info: chrome=143.0.7499.169)

✗ 输入文本失败

开始翻译流程 (尝试 2/2):
========================================
步骤1: 输入藏语文本...
输入文本时出错: Message: tab crashed
  (Session info: chrome=143.0.7499.169)

✗ 输入文本失败
========================================
✗ 翻译失败，跳过此行
✓ 已保存到文件: 610/4500 条

[611/4500] 翻译进度: 13.6%
藏语原文: ཐམས་ཅད་ལ་གནས་པ་རྟག་ཏུ་རྟག་པ་རྡོ་རྗེ་མཁའ་འགྲོའི་ཀུན...

开始翻译流程 (尝试 1/2):
========================================
步骤1: 输入藏语文本...
输入文本时出错: Message: tab crashed
  (Session info: chrome=143.0.7499.169)

✗ 输入文本失败

开始翻译流程 (尝试 2/2):
========================================
步骤1: 输入藏语文本...
输入文本时出错: Message: tab crashed
  (Session info: chrome=143.0.7499.169)

✗ 输入文本失败
========================================
✗ 翻译失败，跳过此行
✓ 已保存到文件: 611/4500 条

[612/4500] 翻译进度: 13.6%
藏语原文: ཀ་ཡི་ས་བོན་སྟོང་རང་བཞིན།

开始翻译流程 (尝试 1/2):
========================================
步骤1: 输入藏语文本...
输入文本时出错: Message: tab crashed
  (Session info: chrome=143.0.7499.169)

✗ 输入文本失败

开始翻译流程 (尝试 2/2):
========================================
步骤1: 输入藏语文本...
输入文本时出错: Message: tab crashed
  (Session info: chrome=143.0.7499.169)

✗ 输入文本失败
========================================
✗ 翻译失败，跳过此行
✓ 已保存到文件: 612/4500 条

[613/4500] 翻译进度: 13.6%
藏语原文: རང་རང་ལས་རྣམས་ཀྱིས་གསད་པའོ།

开始翻译流程 (尝试 1/2):
========================================
步骤1: 输入藏语文本...
输入文本时出错: Message: tab crashed
  (Session info: chrome=143.0.7499.169)

✗ 输入文本失败

开始翻译流程 (尝试 2/2):
========================================
步骤1: 输入藏语文本...
输入文本时出错: Message: tab crashed
  (Session info: chrome=143.0.7499.169)

✗ 输入文本失败
========================================
✗ 翻译失败，跳过此行
✓ 已保存到文件: 613/4500 条

[614/4500] 翻译进度: 13.6%
藏语原文: དེ་ལྟར་བསྲེག་ཅིང་རང་བཞིན་མེད་པ་ཉིད་དུ་བྱེད་དོ།་།

开始翻译流程 (尝试 1/2):
========================================
步骤1: 输入藏语文本...
输入文本时出错: Message: tab crashed
  (Session info: chrome=143.0.7499.169)

✗ 输入文本失败

开始翻译流程 (尝试 2/2):
========================================
步骤1: 输入藏语文本...
输入文本时出错: Message: tab crashed
  (Session info: chrome=143.0.7499.169)

✗ 输入文本失败
========================================
✗ 翻译失败，跳过此行
✓ 已保存到文件: 614/4500 条

[615/4500] 翻译进度: 13.7%
藏语原文: དེའི་ཕྱིར་སྣ་ཚོགས་པའི་ལུས་དང་ལྟ་བ་སྣ་ཚོགས་པ་དང་སྣ་...

开始翻译流程 (尝试 1/2):
========================================
步骤1: 输入藏语文本...
输入文本时出错: Message: tab crashed
  (Session info: chrome=143.0.7499.169)

✗ 输入文本失败

开始翻译流程 (尝试 2/2):
========================================
步骤1: 输入藏语文本...
输入文本时出错: Message: tab crashed
  (Session info: chrome=143.0.7499.169)

✗ 输入文本失败
========================================
✗ 翻译失败，跳过此行
✓ 已保存到文件: 615/4500 条

[616/4500] 翻译进度: 13.7%
藏语原文: བསྐྱེད་པར་རང་རང་གླིང་དུ་སྟེ།

开始翻译流程 (尝试 1/2):
========================================
步骤1: 输入藏语文本...
输入文本时出错: Message: tab crashed
  (Session info: chrome=143.0.7499.169)

✗ 输入文本失败

开始翻译流程 (尝试 2/2):
========================================
步骤1: 输入藏语文本...
输入文本时出错: Message: tab crashed
  (Session info: chrome=143.0.7499.169)

✗ 输入文本失败
========================================
✗ 翻译失败，跳过此行
✓ 已保存到文件: 616/4500 条

[617/4500] 翻译进度: 13.7%
藏语原文: རང་རང་རྒྱུ་བར་ཞེས་བྱ་བ་ནི་སྲོག་རྒྱུ་བའི་དུས་རྣམས་ས...

开始翻译流程 (尝试 1/2):
========================================
步骤1: 输入藏语文本...
输入文本时出错: Message: tab crashed
  (Session info: chrome=143.0.7499.169)

✗ 输入文本失败

开始翻译流程 (尝试 2/2):
========================================
步骤1: 输入藏语文本...
输入文本时出错: Message: tab crashed
  (Session info: chrome=143.0.7499.169)

✗ 输入文本失败
========================================
✗ 翻译失败，跳过此行
✓ 已保存到文件: 617/4500 条

[618/4500] 翻译进度: 13.7%
藏语原文: རང་རང་རང་བཞིན་དུ་གནས་མ།

开始翻译流程 (尝试 1/2):
========================================
步骤1: 输入藏语文本...
输入文本时出错: Message: tab crashed
  (Session info: chrome=143.0.7499.169)

✗ 输入文本失败

开始翻译流程 (尝试 2/2):
========================================
步骤1: 输入藏语文本...
输入文本时出错: Message: tab crashed
  (Session info: chrome=143.0.7499.169)

✗ 输入文本失败
========================================
✗ 翻译失败，跳过此行
✓ 已保存到文件: 618/4500 条

[619/4500] 翻译进度: 13.8%
藏语原文: སོ་སོར་གསལ་བར་གྱུར་པ་ཡང་རང་བཞིན་གྱི་སྟོང་པས་མེད་དོ...

开始翻译流程 (尝试 1/2):
========================================
步骤1: 输入藏语文本...
输入文本时出错: Message: tab crashed
  (Session info: chrome=143.0.7499.169)

✗ 输入文本失败

开始翻译流程 (尝试 2/2):
========================================
步骤1: 输入藏语文本...
输入文本时出错: Message: tab crashed
  (Session info: chrome=143.0.7499.169)

✗ 输入文本失败
========================================
✗ 翻译失败，跳过此行
✓ 已保存到文件: 619/4500 条

[620/4500] 翻译进度: 13.8%
藏语原文: རང་རང་སྐྱེས་གནས་སྐྱེས།

开始翻译流程 (尝试 1/2):
========================================
步骤1: 输入藏语文本...
输入文本时出错: Message: tab crashed
  (Session info: chrome=143.0.7499.169)

✗ 输入文本失败

开始翻译流程 (尝试 2/2):
========================================
步骤1: 输入藏语文本...
输入文本时出错: Message: tab crashed
  (Session info: chrome=143.0.7499.169)

✗ 输入文本失败
========================================
✗ 翻译失败，跳过此行
✓ 已保存到文件: 620/4500 条

[621/4500] 翻译进度: 13.8%
藏语原文: རང་རང་མགོ་བོར་རིགས་ཀྱིས་ནི།

开始翻译流程 (尝试 1/2):
========================================
步骤1: 输入藏语文本...
输入文本时出错: Message: tab crashed
  (Session info: chrome=143.0.7499.169)

✗ 输入文本失败

开始翻译流程 (尝试 2/2):
========================================
步骤1: 输入藏语文本...
输入文本时出错: Message: tab crashed
  (Session info: chrome=143.0.7499.169)

✗ 输入文本失败
========================================
✗ 翻译失败，跳过此行
✓ 已保存到文件: 621/4500 条

[622/4500] 翻译进度: 13.8%
藏语原文: དེ་ལྟར་གསུམ་དུ་རོ་ཙ་ན་ཞེས་བྱ་བ་སྟེ་བེ་རོ་ཙ་ནའི་ཕ་ར...

开始翻译流程 (尝试 1/2):
========================================
步骤1: 输入藏语文本...
输入文本时出错: Message: tab crashed
  (Session info: chrome=143.0.7499.169)

✗ 输入文本失败

开始翻译流程 (尝试 2/2):
========================================
步骤1: 输入藏语文本...
输入文本时出错: Message: tab crashed
  (Session info: chrome=143.0.7499.169)

✗ 输入文本失败
========================================
✗ 翻译失败，跳过此行
✓ 已保存到文件: 622/4500 条

[623/4500] 翻译进度: 13.8%
藏语原文: རང་རང་དུས་སུ་ཉམས་འགྱུར་བས།

开始翻译流程 (尝试 1/2):
========================================
步骤1: 输入藏语文本...
输入文本时出错: Message: tab crashed
  (Session info: chrome=143.0.7499.169)

✗ 输入文本失败

开始翻译流程 (尝试 2/2):
========================================
步骤1: 输入藏语文本...
输入文本时出错: Message: tab crashed
  (Session info: chrome=143.0.7499.169)

✗ 输入文本失败
========================================
✗ 翻译失败，跳过此行
✓ 已保存到文件: 623/4500 条

[624/4500] 翻译进度: 13.9%
藏语原文: རང་རང་ཞིམ་པ་དབུལ་བར་བྱ།

开始翻译流程 (尝试 1/2):
========================================
步骤1: 输入藏语文本...
输入文本时出错: Message: tab crashed
  (Session info: chrome=143.0.7499.169)

✗ 输入文本失败

开始翻译流程 (尝试 2/2):
========================================
步骤1: 输入藏语文本...
输入文本时出错: Message: tab crashed
  (Session info: chrome=143.0.7499.169)

✗ 输入文本失败
========================================
✗ 翻译失败，跳过此行
✓ 已保存到文件: 624/4500 条

[625/4500] 翻译进度: 13.9%
藏语原文: རང་རང་རིགས་ཀྱི་རང་བཞིན་གྱི།

开始翻译流程 (尝试 1/2):
========================================
步骤1: 输入藏语文本...
输入文本时出错: Message: tab crashed
  (Session info: chrome=143.0.7499.169)

✗ 输入文本失败

开始翻译流程 (尝试 2/2):
========================================
步骤1: 输入藏语文本...
输入文本时出错: Message: tab crashed
  (Session info: chrome=143.0.7499.169)

✗ 输入文本失败
========================================
✗ 翻译失败，跳过此行
✓ 已保存到文件: 625/4500 条

[626/4500] 翻译进度: 13.9%
藏语原文: དེ་རྣམས་ཀྱི་ཡང་རང་བཞིན་རྣམས་ཀྱི་ཚད་ནི་དུས་ཚོད་དང་ཀ...

开始翻译流程 (尝试 1/2):
========================================
步骤1: 输入藏语文本...
输入文本时出错: Message: tab crashed
  (Session info: chrome=143.0.7499.169)

✗ 输入文本失败

开始翻译流程 (尝试 2/2):
========================================
步骤1: 输入藏语文本...
输入文本时出错: Message: tab crashed
  (Session info: chrome=143.0.7499.169)

✗ 输入文本失败
========================================
✗ 翻译失败，跳过此行
✓ 已保存到文件: 626/4500 条

[627/4500] 翻译进度: 13.9%
藏语原文: ཡི་གེ་དེ་རྣམས་ཀྱི་ཁ་དོག་དུས་ཀྱི་མེ་ཞེས་བྱ་བ་ནི།

开始翻译流程 (尝试 1/2):
========================================
步骤1: 输入藏语文本...
输入文本时出错: Message: tab crashed
  (Session info: chrome=143.0.7499.169)

✗ 输入文本失败

开始翻译流程 (尝试 2/2):
========================================
步骤1: 输入藏语文本...
输入文本时出错: Message: tab crashed
  (Session info: chrome=143.0.7499.169)

✗ 输入文本失败
========================================
✗ 翻译失败，跳过此行
✓ 已保存到文件: 627/4500 条

[628/4500] 翻译进度: 14.0%
藏语原文: པེ་སྣར་འདུག་པེ་སྣར་པས།

开始翻译流程 (尝试 1/2):
========================================
步骤1: 输入藏语文本...
输入文本时出错: Message: tab crashed
  (Session info: chrome=143.0.7499.169)

✗ 输入文本失败

开始翻译流程 (尝试 2/2):
========================================
步骤1: 输入藏语文本...
输入文本时出错: Message: tab crashed
  (Session info: chrome=143.0.7499.169)

✗ 输入文本失败
========================================
✗ 翻译失败，跳过此行
✓ 已保存到文件: 628/4500 条

[629/4500] 翻译进度: 14.0%
藏语原文: འོག་མིན་འགྲོ་ཡང་འཕར་གསུམ་གྱི་དབྱེ་གཞི་ཡིན་པས་མི་བག...

开始翻译流程 (尝试 1/2):
========================================
步骤1: 输入藏语文本...
输入文本时出错: Message: tab crashed
  (Session info: chrome=143.0.7499.169)

✗ 输入文本失败

开始翻译流程 (尝试 2/2):
========================================
步骤1: 输入藏语文本...
输入文本时出错: Message: tab crashed
  (Session info: chrome=143.0.7499.169)

✗ 输入文本失败
========================================
✗ 翻译失败，跳过此行
✓ 已保存到文件: 629/4500 条

[630/4500] 翻译进度: 14.0%
藏语原文: འོག་མིན་འགྲོ་དང་།

开始翻译流程 (尝试 1/2):
========================================
步骤1: 输入藏语文本...
输入文本时出错: Message: tab crashed
  (Session info: chrome=143.0.7499.169)

✗ 输入文本失败

开始翻译流程 (尝试 2/2):
========================================
步骤1: 输入藏语文本...
输入文本时出错: Message: tab crashed
  (Session info: chrome=143.0.7499.169)

✗ 输入文本失败
========================================
✗ 翻译失败，跳过此行
✓ 已保存到文件: 630/4500 条

[631/4500] 翻译进度: 14.0%
藏语原文: འོག་མིན་འགྲོ།

开始翻译流程 (尝试 1/2):
========================================
步骤1: 输入藏语文本...
输入文本时出错: Message: tab crashed
  (Session info: chrome=143.0.7499.169)

✗ 输入文本失败

开始翻译流程 (尝试 2/2):
========================================
步骤1: 输入藏语文本...
输入文本时出错: Message: tab crashed
  (Session info: chrome=143.0.7499.169)

✗ 输入文本失败
========================================
✗ 翻译失败，跳过此行
✓ 已保存到文件: 631/4500 条

[632/4500] 翻译进度: 14.0%
藏语原文: འཕར་བ་གསུམ་ནི་འོག་མིན་འགྲོའི་ནང་ཚན་གྱི་དབྱེ་བ་ཙམ་ཡ...

开始翻译流程 (尝试 1/2):
========================================
步骤1: 输入藏语文本...
输入文本时出错: Message: tab crashed
  (Session info: chrome=143.0.7499.169)

✗ 输入文本失败

开始翻译流程 (尝试 2/2):
========================================
步骤1: 输入藏语文本...
输入文本时出错: Message: tab crashed
  (Session info: chrome=143.0.7499.169)

✗ 输入文本失败
========================================
✗ 翻译失败，跳过此行
✓ 已保存到文件: 632/4500 条

[633/4500] 翻译进度: 14.1%
藏语原文: རིགས་ནས་རིགས་སྐྱེ་གཉིས་སུ་བགྲངས་འདུག་པའི་ཕྱིར་དང་།

开始翻译流程 (尝试 1/2):
========================================
步骤1: 输入藏语文本...
输入文本时出错: Message: tab crashed
  (Session info: chrome=143.0.7499.169)

✗ 输入文本失败

开始翻译流程 (尝试 2/2):
========================================
步骤1: 输入藏语文本...
输入文本时出错: Message: tab crashed
  (Session info: chrome=143.0.7499.169)

✗ 输入文本失败
========================================
✗ 翻译失败，跳过此行
✓ 已保存到文件: 633/4500 条

[634/4500] 翻译进度: 14.1%
藏语原文: འཕར་གསུམ་དང་འོག་མིན་འགྲོ་སོ་སོར་བགྲངས་འདུག་པའི་ཕྱི...

开始翻译流程 (尝试 1/2):
========================================
步骤1: 输入藏语文本...
输入文本时出错: Message: tab crashed
  (Session info: chrome=143.0.7499.169)

✗ 输入文本失败

开始翻译流程 (尝试 2/2):
========================================
步骤1: 输入藏语文本...
输入文本时出错: Message: tab crashed
  (Session info: chrome=143.0.7499.169)

✗ 输入文本失败
========================================
✗ 翻译失败，跳过此行
✓ 已保存到文件: 634/4500 条

[635/4500] 翻译进度: 14.1%
藏语原文: དེ་ནི་བསམ་གཏན་སྤེལ་ན་འོག་མིན་འགྲོ།

开始翻译流程 (尝试 1/2):
========================================
步骤1: 输入藏语文本...
输入文本时出错: Message: tab crashed
  (Session info: chrome=143.0.7499.169)

✗ 输入文本失败

开始翻译流程 (尝试 2/2):
========================================
步骤1: 输入藏语文本...
输入文本时出错: Message: tab crashed
  (Session info: chrome=143.0.7499.169)

✗ 输入文本失败
========================================
✗ 翻译失败，跳过此行
✓ 已保存到文件: 635/4500 条

[636/4500] 翻译进度: 14.1%
藏语原文: དེ་ནི་བསམ་གཏན་སྤེལ་ན་འོག་མིན་འགྲོ།

开始翻译流程 (尝试 1/2):
========================================
步骤1: 输入藏语文本...
输入文本时出错: Message: tab crashed
  (Session info: chrome=143.0.7499.169)

✗ 输入文本失败

开始翻译流程 (尝试 2/2):
========================================
步骤1: 输入藏语文本...
输入文本时出错: Message: tab crashed
  (Session info: chrome=143.0.7499.169)

✗ 输入文本失败
========================================
✗ 翻译失败，跳过此行
✓ 已保存到文件: 636/4500 条

[637/4500] 翻译进度: 14.2%
藏语原文: སྟན་དང་རྟེན་ནོར་འདུག་པའི་ཕྱིར་རོ།

开始翻译流程 (尝试 1/2):
========================================
步骤1: 输入藏语文本...
输入文本时出错: Message: tab crashed
  (Session info: chrome=143.0.7499.169)

✗ 输入文本失败

开始翻译流程 (尝试 2/2):
========================================
步骤1: 输入藏语文本...
输入文本时出错: Message: tab crashed
  (Session info: chrome=143.0.7499.169)

✗ 输入文本失败
========================================
✗ 翻译失败，跳过此行
✓ 已保存到文件: 637/4500 条

[638/4500] 翻译进度: 14.2%
藏语原文: ཞེས་པའི་སྐྱོན་བརྗོད་པ་ཡང་འདུག་གོ།

开始翻译流程 (尝试 1/2):
========================================
步骤1: 输入藏语文本...
输入文本时出错: Message: tab crashed
  (Session info: chrome=143.0.7499.169)

✗ 输入文本失败

开始翻译流程 (尝试 2/2):
========================================
步骤1: 输入藏语文本...
输入文本时出错: Message: tab crashed
  (Session info: chrome=143.0.7499.169)

✗ 输入文本失败
========================================
✗ 翻译失败，跳过此行
✓ 已保存到文件: 638/4500 条

[639/4500] 翻译进度: 14.2%
藏语原文: རང་རང་བློ་དང་འབྲེལ་པའི་ཕྱིར།

开始翻译流程 (尝试 1/2):
========================================
步骤1: 输入藏语文本...
输入文本时出错: Message: tab crashed
  (Session info: chrome=143.0.7499.169)

✗ 输入文本失败

开始翻译流程 (尝试 2/2):
========================================
步骤1: 输入藏语文本...
输入文本时出错: Message: tab crashed
  (Session info: chrome=143.0.7499.169)

✗ 输入文本失败
========================================
✗ 翻译失败，跳过此行
✓ 已保存到文件: 639/4500 条

[640/4500] 翻译进度: 14.2%
藏语原文: ཁ་ཅིག་དུས་གཅིག་དང་དུ་བྲལ་དུ་གསུངས་སོ།

开始翻译流程 (尝试 1/2):
========================================
步骤1: 输入藏语文本...
输入文本时出错: Message: tab crashed
  (Session info: chrome=143.0.7499.169)

✗ 输入文本失败

开始翻译流程 (尝试 2/2):
========================================
步骤1: 输入藏语文本...
输入文本时出错: Message: tab crashed
  (Session info: chrome=143.0.7499.169)

✗ 输入文本失败
========================================
✗ 翻译失败，跳过此行
✓ 已保存到文件: 640/4500 条

[641/4500] 翻译进度: 14.2%
藏语原文: གཞན་ཡང་རང་རིག་ལ་ཡུལ་མེད་པས་ཤེས་པའི་མཚིད་མེད་པརའགྱུ...

开始翻译流程 (尝试 1/2):
========================================
步骤1: 输入藏语文本...
输入文本时出错: Message: tab crashed
  (Session info: chrome=143.0.7499.169)

✗ 输入文本失败

开始翻译流程 (尝试 2/2):
========================================
步骤1: 输入藏语文本...
输入文本时出错: Message: tab crashed
  (Session info: chrome=143.0.7499.169)

✗ 输入文本失败
========================================
✗ 翻译失败，跳过此行
✓ 已保存到文件: 641/4500 条

[642/4500] 翻译进度: 14.3%
藏语原文: ཁྱེད་རང་ལྟར་ན་མངོན་སུམ་ཤུགས་རྟོགས་མངོན་སུམ་དུམི་འད...

开始翻译流程 (尝试 1/2):
========================================
步骤1: 输入藏语文本...
输入文本时出错: Message: tab crashed
  (Session info: chrome=143.0.7499.169)

✗ 输入文本失败

开始翻译流程 (尝试 2/2):
========================================
步骤1: 输入藏语文本...
输入文本时出错: Message: tab crashed
  (Session info: chrome=143.0.7499.169)

✗ 输入文本失败
========================================
✗ 翻译失败，跳过此行
✓ 已保存到文件: 642/4500 条

[643/4500] 翻译进度: 14.3%
藏语原文: ཚང་མ་གཉིས་ཀ་ཡང་རང་རིག་མངོན་སུམ་དུ་འདུལ།

开始翻译流程 (尝试 1/2):
========================================
步骤1: 输入藏语文本...
输入文本时出错: Message: tab crashed
  (Session info: chrome=143.0.7499.169)

✗ 输入文本失败

开始翻译流程 (尝试 2/2):
========================================
步骤1: 输入藏语文本...
输入文本时出错: Message: tab crashed
  (Session info: chrome=143.0.7499.169)

✗ 输入文本失败
========================================
✗ 翻译失败，跳过此行
✓ 已保存到文件: 643/4500 条

[644/4500] 翻译进度: 14.3%
藏语原文: རྟོག་པའང་རང་རིག་ཉིད་དུ་འདོད།

开始翻译流程 (尝试 1/2):
========================================
步骤1: 输入藏语文本...
输入文本时出错: Message: tab crashed
  (Session info: chrome=143.0.7499.169)

✗ 输入文本失败

开始翻译流程 (尝试 2/2):
========================================
步骤1: 输入藏语文本...
输入文本时出错: Message: tab crashed
  (Session info: chrome=143.0.7499.169)

✗ 输入文本失败
========================================
✗ 翻译失败，跳过此行
✓ 已保存到文件: 644/4500 条

[645/4500] 翻译进度: 14.3%
藏语原文: ཐ་དད་ཡིན་ཡང་རང་བཞིན་གྱིས།

开始翻译流程 (尝试 1/2):
========================================
步骤1: 输入藏语文本...
输入文本时出错: Message: tab crashed
  (Session info: chrome=143.0.7499.169)

✗ 输入文本失败

开始翻译流程 (尝试 2/2):
========================================
步骤1: 输入藏语文本...
输入文本时出错: Message: tab crashed
  (Session info: chrome=143.0.7499.169)

✗ 输入文本失败
========================================
✗ 翻译失败，跳过此行
✓ 已保存到文件: 645/4500 条

[646/4500] 翻译进度: 14.4%
藏语原文: དེ་དང་རང་མཚན་ལ་འབྲེལ་པ་གཉིས་ཀ་མེད་པའི་ཕྱིར་རོ་ཅེ་ན...

开始翻译流程 (尝试 1/2):
========================================
步骤1: 输入藏语文本...
输入文本时出错: Message: tab crashed
  (Session info: chrome=143.0.7499.169)

✗ 输入文本失败

开始翻译流程 (尝试 2/2):
========================================
步骤1: 输入藏语文本...
输入文本时出错: Message: tab crashed
  (Session info: chrome=143.0.7499.169)

✗ 输入文本失败
========================================
✗ 翻译失败，跳过此行
✓ 已保存到文件: 646/4500 条

[647/4500] 翻译进度: 14.4%
藏语原文: མ་སྦྱར་ན་སྤྱི་ལ་སྦྱར་ཡང་རང་མིན་གོ་མི་ནུས་པས།

开始翻译流程 (尝试 1/2):
========================================
步骤1: 输入藏语文本...
输入文本时出错: Message: tab crashed
  (Session info: chrome=143.0.7499.169)

✗ 输入文本失败

开始翻译流程 (尝试 2/2):
========================================
步骤1: 输入藏语文本...
输入文本时出错: Message: tab crashed
  (Session info: chrome=143.0.7499.169)

✗ 输入文本失败
========================================
✗ 翻译失败，跳过此行
✓ 已保存到文件: 647/4500 条

[648/4500] 翻译进度: 14.4%
藏语原文: སྒྱུ་མའི་མཁན་པ་དག་འཇིག་རྟེན་དོན་ལ་གཞུག་པའི་ཕྱིར་སྔ...

开始翻译流程 (尝试 1/2):
========================================
步骤1: 输入藏语文本...
输入文本时出错: Message: tab crashed
  (Session info: chrome=143.0.7499.169)

✗ 输入文本失败

开始翻译流程 (尝试 2/2):
========================================
步骤1: 输入藏语文本...
输入文本时出错: Message: tab crashed
  (Session info: chrome=143.0.7499.169)

✗ 输入文本失败
========================================
✗ 翻译失败，跳过此行
✓ 已保存到文件: 648/4500 条

[649/4500] 翻译进度: 14.4%
藏语原文: ལྡན་པ་ལསོགས་དེ་དག་དོན་ལ་འབྲེལ་པ་མེད་ཀྱང་ཁྱེད་རང་ལྟ...

开始翻译流程 (尝试 1/2):
========================================
步骤1: 输入藏语文本...
输入文本时出错: Message: tab crashed
  (Session info: chrome=143.0.7499.169)

✗ 输入文本失败

开始翻译流程 (尝试 2/2):
========================================
步骤1: 输入藏语文本...
输入文本时出错: Message: tab crashed
  (Session info: chrome=143.0.7499.169)

✗ 输入文本失败
========================================
✗ 翻译失败，跳过此行
✓ 已保存到文件: 649/4500 条

[650/4500] 翻译进度: 14.4%
藏语原文: གལ་ཏེ་མི་སྐྱེ་བ་དེ་ཉིད་ཤིང་འཇོག་པ་ཡིན་པས་ཤིང་མཐོང་...

开始翻译流程 (尝试 1/2):
========================================
步骤1: 输入藏语文本...
输入文本时出错: Message: tab crashed
  (Session info: chrome=143.0.7499.169)

✗ 输入文本失败

开始翻译流程 (尝试 2/2):
========================================
步骤1: 输入藏语文本...
输入文本时出错: Message: tab crashed
  (Session info: chrome=143.0.7499.169)

✗ 输入文本失败
========================================
✗ 翻译失败，跳过此行
✓ 已保存到文件: 650/4500 条

[651/4500] 翻译进度: 14.5%
藏语原文: ཡང་ཤིང་རྟག་ན་མེ་སྐྱེས་ཀྱང་མ་འཇིག་དགོས་ལ་མི་རྟག་ནའང...

开始翻译流程 (尝试 1/2):
========================================
步骤1: 输入藏语文本...
输入文本时出错: Message: tab crashed
  (Session info: chrome=143.0.7499.169)

✗ 输入文本失败

开始翻译流程 (尝试 2/2):
========================================
步骤1: 输入藏语文本...
输入文本时出错: Message: tab crashed
  (Session info: chrome=143.0.7499.169)

✗ 输入文本失败
========================================
✗ 翻译失败，跳过此行
✓ 已保存到文件: 651/4500 条

[652/4500] 翻译进度: 14.5%
藏语原文: བྱས་པའང་རང་དུས་ལ་ལྟོས་ལོན་བྱས་པ་ལ་ཡང་འཇིག་པ་ཡོད་དུ...

开始翻译流程 (尝试 1/2):
========================================
步骤1: 输入藏语文本...
输入文本时出错: Message: tab crashed
  (Session info: chrome=143.0.7499.169)

✗ 输入文本失败

开始翻译流程 (尝试 2/2):
========================================
步骤1: 输入藏语文本...
输入文本时出错: Message: tab crashed
  (Session info: chrome=143.0.7499.169)

✗ 输入文本失败
========================================
✗ 翻译失败，跳过此行
✓ 已保存到文件: 652/4500 条

[653/4500] 翻译进度: 14.5%
藏语原文: ཐ་དད་ན་གནས་སྐབས་མི་རྟག་པས་དོན་བྱེད་ཀྱང་རང་བཞིན་རྟག...

开始翻译流程 (尝试 1/2):
========================================
步骤1: 输入藏语文本...
输入文本时出错: Message: tab crashed
  (Session info: chrome=143.0.7499.169)

✗ 输入文本失败

开始翻译流程 (尝试 2/2):
========================================
步骤1: 输入藏语文本...
输入文本时出错: Message: tab crashed
  (Session info: chrome=143.0.7499.169)

✗ 输入文本失败
========================================
✗ 翻译失败，跳过此行
✓ 已保存到文件: 653/4500 条

[654/4500] 翻译进度: 14.5%
藏语原文: ངོ་བོ་མི་འདྲ་ཡང་བློས་སྤུ་རིས་མི་ཟིན་ནོ་ཙ་ན།

开始翻译流程 (尝试 1/2):
========================================
步骤1: 输入藏语文本...
输入文本时出错: Message: tab crashed
  (Session info: chrome=143.0.7499.169)

✗ 输入文本失败

开始翻译流程 (尝试 2/2):
========================================
步骤1: 输入藏语文本...
输入文本时出错: Message: tab crashed
  (Session info: chrome=143.0.7499.169)

✗ 输入文本失败
========================================
✗ 翻译失败，跳过此行
✓ 已保存到文件: 654/4500 条

[655/4500] 翻译进度: 14.6%
藏语原文: འབྲས་བུ་དང་བྱེ་བྲག་བསྒྲུབས་པའི་ཤུགས་ཀྱིས་རྒྱུདང་སྤ...

开始翻译流程 (尝试 1/2):
========================================
步骤1: 输入藏语文本...
输入文本时出错: Message: tab crashed
  (Session info: chrome=143.0.7499.169)

✗ 输入文本失败

开始翻译流程 (尝试 2/2):
========================================
步骤1: 输入藏语文本...
输入文本时出错: Message: tab crashed
  (Session info: chrome=143.0.7499.169)

✗ 输入文本失败
========================================
✗ 翻译失败，跳过此行
✓ 已保存到文件: 655/4500 条

[656/4500] 翻译进度: 14.6%
藏语原文: གཟུགས་ལ་སོགས་པ་ལས་དོན་གཞན་མི་དམིགས་པའི་ཕྱིའཉེས་རྟག...

开始翻译流程 (尝试 1/2):
========================================
步骤1: 输入藏语文本...
输入文本时出错: Message: tab crashed
  (Session info: chrome=143.0.7499.169)

✗ 输入文本失败

开始翻译流程 (尝试 2/2):
========================================
步骤1: 输入藏语文本...
输入文本时出错: Message: tab crashed
  (Session info: chrome=143.0.7499.169)

✗ 输入文本失败
========================================
✗ 翻译失败，跳过此行
✓ 已保存到文件: 656/4500 条

[657/4500] 翻译进度: 14.6%
藏语原文: དངོས་པོ་རང་རང་བཞིནམེད་པ་ལ་ཅིག་དང་དུ་མ་འགོག་པ་ཡིན་ན...

开始翻译流程 (尝试 1/2):
========================================
步骤1: 输入藏语文本...
输入文本时出错: Message: tab crashed
  (Session info: chrome=143.0.7499.169)

✗ 输入文本失败

开始翻译流程 (尝试 2/2):
========================================
步骤1: 输入藏语文本...
输入文本时出错: Message: tab crashed
  (Session info: chrome=143.0.7499.169)

✗ 输入文本失败
========================================
✗ 翻译失败，跳过此行
✓ 已保存到文件: 657/4500 条

[658/4500] 翻译进度: 14.6%
藏语原文: འགྲོ་བ་པོ་མིན་འགྲོ་བ་མིན།

开始翻译流程 (尝试 1/2):
========================================
步骤1: 输入藏语文本...
输入文本时出错: Message: tab crashed
  (Session info: chrome=143.0.7499.169)

✗ 输入文本失败

开始翻译流程 (尝试 2/2):
========================================
步骤1: 输入藏语文本...
输入文本时出错: Message: tab crashed
  (Session info: chrome=143.0.7499.169)

✗ 输入文本失败
========================================
✗ 翻译失败，跳过此行
✓ 已保存到文件: 658/4500 条

[659/4500] 翻译进度: 14.6%
藏语原文: སྐྱེ་བའང་རང་དང་གཞན་གྱི་དངོས།

开始翻译流程 (尝试 1/2):
========================================
步骤1: 输入藏语文本...
输入文本时出错: Message: tab crashed
  (Session info: chrome=143.0.7499.169)

✗ 输入文本失败

开始翻译流程 (尝试 2/2):
========================================
步骤1: 输入藏语文本...
输入文本时出错: Message: tab crashed
  (Session info: chrome=143.0.7499.169)

✗ 输入文本失败
========================================
✗ 翻译失败，跳过此行
✓ 已保存到文件: 659/4500 条

[660/4500] 翻译进度: 14.7%
藏语原文: དེ་འདུག་པ་ན་མུན་པ་མེད།

开始翻译流程 (尝试 1/2):
========================================
步骤1: 输入藏语文本...
输入文本时出错: Message: tab crashed
  (Session info: chrome=143.0.7499.169)

✗ 输入文本失败

开始翻译流程 (尝试 2/2):
========================================
步骤1: 输入藏语文本...
输入文本时出错: Message: tab crashed
  (Session info: chrome=143.0.7499.169)

✗ 输入文本失败
========================================
✗ 翻译失败，跳过此行
✓ 已保存到文件: 660/4500 条

[661/4500] 翻译进度: 14.7%
藏语原文: མུན་པའང་རང་དང་གཞན་གྱི་དངོས།

开始翻译流程 (尝试 1/2):
========================================
步骤1: 输入藏语文本...
输入文本时出错: Message: tab crashed
  (Session info: chrome=143.0.7499.169)

✗ 输入文本失败

开始翻译流程 (尝试 2/2):
========================================
步骤1: 输入藏语文本...
输入文本时出错: Message: tab crashed
  (Session info: chrome=143.0.7499.169)

✗ 输入文本失败
========================================
✗ 翻译失败，跳过此行
✓ 已保存到文件: 661/4500 条

[662/4500] 翻译进度: 14.7%
藏语原文: དེ་ཡང་རང་བཞིན་ལུང་མ་བསྟན།

开始翻译流程 (尝试 1/2):
========================================
步骤1: 输入藏语文本...
输入文本时出错: Message: tab crashed
  (Session info: chrome=143.0.7499.169)

✗ 输入文本失败

开始翻译流程 (尝试 2/2):
========================================
步骤1: 输入藏语文本...
输入文本时出错: Message: tab crashed
  (Session info: chrome=143.0.7499.169)

✗ 输入文本失败
========================================
✗ 翻译失败，跳过此行
✓ 已保存到文件: 662/4500 条

[663/4500] 翻译进度: 14.7%
藏语原文: མེ་འདུག་པ་ན་མུན་པ་མེད།

开始翻译流程 (尝试 1/2):
========================================
步骤1: 输入藏语文本...
输入文本时出错: Message: tab crashed
  (Session info: chrome=143.0.7499.169)

✗ 输入文本失败

开始翻译流程 (尝试 2/2):
========================================
步骤1: 输入藏语文本...
输入文本时出错: Message: tab crashed
  (Session info: chrome=143.0.7499.169)

✗ 输入文本失败
========================================
✗ 翻译失败，跳过此行
✓ 已保存到文件: 663/4500 条

[664/4500] 翻译进度: 14.8%
藏语原文: འགྲོ་བ་པོ་མིན་འགྲོ་བ་མིན།

开始翻译流程 (尝试 1/2):
========================================
步骤1: 输入藏语文本...
输入文本时出错: Message: tab crashed
  (Session info: chrome=143.0.7499.169)

✗ 输入文本失败

开始翻译流程 (尝试 2/2):
========================================
步骤1: 输入藏语文本...
输入文本时出错: Message: tab crashed
  (Session info: chrome=143.0.7499.169)

✗ 输入文本失败
========================================
✗ 翻译失败，跳过此行
✓ 已保存到文件: 664/4500 条

[665/4500] 翻译进度: 14.8%
藏语原文: ཙ་ན་ག་ཀའི་གསེར་བཞིན་ནོ།

开始翻译流程 (尝试 1/2):
========================================
步骤1: 输入藏语文本...
输入文本时出错: Message: tab crashed
  (Session info: chrome=143.0.7499.169)

✗ 输入文本失败

开始翻译流程 (尝试 2/2):
========================================
步骤1: 输入藏语文本...
输入文本时出错: Message: tab crashed
  (Session info: chrome=143.0.7499.169)

✗ 输入文本失败
========================================
✗ 翻译失败，跳过此行
✓ 已保存到文件: 665/4500 条

[666/4500] 翻译进度: 14.8%
藏语原文: མཇུག་མ་འཕོངས་དོ་ལ་འདུག་པ་ཉིད་དང་།

开始翻译流程 (尝试 1/2):
========================================
步骤1: 输入藏语文本...
输入文本时出错: Message: tab crashed
  (Session info: chrome=143.0.7499.169)

✗ 输入文本失败

开始翻译流程 (尝试 2/2):
========================================
步骤1: 输入藏语文本...
输入文本时出错: Message: tab crashed
  (Session info: chrome=143.0.7499.169)

✗ 输入文本失败
========================================
✗ 翻译失败，跳过此行
✓ 已保存到文件: 666/4500 条

[667/4500] 翻译进度: 14.8%
藏语原文: སྐྱེ་བའང་རང་དང་གཞན་གྱི་དངོས།

开始翻译流程 (尝试 1/2):
========================================
步骤1: 输入藏语文本...
输入文本时出错: Message: tab crashed
  (Session info: chrome=143.0.7499.169)

✗ 输入文本失败

开始翻译流程 (尝试 2/2):
========================================
步骤1: 输入藏语文本...
输入文本时出错: Message: tab crashed
  (Session info: chrome=143.0.7499.169)

✗ 输入文本失败
========================================
✗ 翻译失败，跳过此行
✓ 已保存到文件: 667/4500 条

[668/4500] 翻译进度: 14.8%
藏语原文: ཇི་ལྟར་མར་མེ་རང་དང་གཞན་གྱི་དངོས་པོ་གཉི་ག་སྣང་བར་བྱ...

开始翻译流程 (尝试 1/2):
========================================
步骤1: 输入藏语文本...
输入文本时出错: Message: tab crashed
  (Session info: chrome=143.0.7499.169)

✗ 输入文本失败

开始翻译流程 (尝试 2/2):
========================================
步骤1: 输入藏语文本...
输入文本时出错: Message: tab crashed
  (Session info: chrome=143.0.7499.169)

✗ 输入文本失败
========================================
✗ 翻译失败，跳过此行
✓ 已保存到文件: 668/4500 条

[669/4500] 翻译进度: 14.9%
藏语原文: དེ་འདུག་པ་ན་མུན་པ་མེད།

开始翻译流程 (尝试 1/2):
========================================
步骤1: 输入藏语文本...
输入文本时出错: Message: tab crashed
  (Session info: chrome=143.0.7499.169)

✗ 输入文本失败

开始翻译流程 (尝试 2/2):
========================================
步骤1: 输入藏语文本...
输入文本时出错: Message: tab crashed
  (Session info: chrome=143.0.7499.169)

✗ 输入文本失败
========================================
✗ 翻译失败，跳过此行
✓ 已保存到文件: 669/4500 条

[670/4500] 翻译进度: 14.9%
藏语原文: གང་དག་ན་མར་མེ་དེ་འདུག་པ་དེ་དག་ན་ཡང་མུན་པ་མེད་དེ།

开始翻译流程 (尝试 1/2):
========================================
步骤1: 输入藏语文本...
输入文本时出错: Message: tab crashed
  (Session info: chrome=143.0.7499.169)

✗ 输入文本失败

开始翻译流程 (尝试 2/2):
========================================
步骤1: 输入藏语文本...
输入文本时出错: Message: tab crashed
  (Session info: chrome=143.0.7499.169)

✗ 输入文本失败
========================================
✗ 翻译失败，跳过此行
✓ 已保存到文件: 670/4500 条

[671/4500] 翻译进度: 14.9%
藏语原文: གང་དག་ན་མར་མེ་དེ་འདུག་པ་དེ་དག་ན་ཡང་མུན་པ་མེད་པ་དེའ...

开始翻译流程 (尝试 1/2):
========================================
步骤1: 输入藏语文本...
输入文本时出错: Message: tab crashed
  (Session info: chrome=143.0.7499.169)

✗ 输入文本失败

开始翻译流程 (尝试 2/2):
========================================
步骤1: 输入藏语文本...
输入文本时出错: Message: tab crashed
  (Session info: chrome=143.0.7499.169)

✗ 输入文本失败
========================================
✗ 翻译失败，跳过此行
✓ 已保存到文件: 671/4500 条

[672/4500] 翻译进度: 14.9%
藏语原文: འདི་ན་འདུག་པ་དེས་སེལ་འགྱུར།

开始翻译流程 (尝试 1/2):
========================================
步骤1: 输入藏语文本...
输入文本时出错: Message: tab crashed
  (Session info: chrome=143.0.7499.169)

✗ 输入文本失败

开始翻译流程 (尝试 2/2):
========================================
步骤1: 输入藏语文本...
输入文本时出错: Message: tab crashed
  (Session info: chrome=143.0.7499.169)

✗ 输入文本失败
========================================
✗ 翻译失败，跳过此行
✓ 已保存到文件: 672/4500 条

[673/4500] 翻译进度: 15.0%
藏语原文: མུན་པ་སེལ་བར་བྱེད་ན་ནི་འཇིག་རྟེན་ཀུན་ན་གནས་པའི་མུན...

开始翻译流程 (尝试 1/2):
========================================
步骤1: 输入藏语文本...
输入文本时出错: Message: tab crashed
  (Session info: chrome=143.0.7499.169)

✗ 输入文本失败

开始翻译流程 (尝试 2/2):
========================================
步骤1: 输入藏语文本...
输入文本时出错: Message: tab crashed
  (Session info: chrome=143.0.7499.169)

✗ 输入文本失败
========================================
✗ 翻译失败，跳过此行
✓ 已保存到文件: 673/4500 条

[674/4500] 翻译进度: 15.0%
藏语原文: མར་མེ་སྐྱེ་བཞིན་པས་འདི་ན་འདུག་པའི་མུན་པ་འདི་སེལ་ལ།

开始翻译流程 (尝试 1/2):
========================================
步骤1: 输入藏语文本...
输入文本时出错: Message: tab crashed
  (Session info: chrome=143.0.7499.169)

✗ 输入文本失败

开始翻译流程 (尝试 2/2):
========================================
步骤1: 输入藏语文本...
输入文本时出错: Message: tab crashed
  (Session info: chrome=143.0.7499.169)

✗ 输入文本失败
========================================
✗ 翻译失败，跳过此行
✓ 已保存到文件: 674/4500 条

[675/4500] 翻译进度: 15.0%
藏语原文: མུན་པའང་རང་དང་གཞན་གྱི་དངོས།

开始翻译流程 (尝试 1/2):
========================================
步骤1: 输入藏语文本...
输入文本时出错: Message: tab crashed
  (Session info: chrome=143.0.7499.169)

✗ 输入文本失败

开始翻译流程 (尝试 2/2):
========================================
步骤1: 输入藏语文本...
输入文本时出错: Message: tab crashed
  (Session info: chrome=143.0.7499.169)

✗ 输入文本失败
========================================
✗ 翻译失败，跳过此行
✓ 已保存到文件: 675/4500 条

[676/4500] 翻译进度: 15.0%
藏语原文: དེ་ལྟར་ན་མར་མེའི་མི་མཐུན་པའི་ཕྱོགས་སུ་གྱུར་པ་མུན་པ...

开始翻译流程 (尝试 1/2):
========================================
步骤1: 输入藏语文本...
输入文本时出错: Message: tab crashed
  (Session info: chrome=143.0.7499.169)

✗ 输入文本失败

开始翻译流程 (尝试 2/2):
========================================
步骤1: 输入藏语文本...
输入文本时出错: Message: tab crashed
  (Session info: chrome=143.0.7499.169)

✗ 输入文本失败
========================================
✗ 翻译失败，跳过此行
✓ 已保存到文件: 676/4500 条

[677/4500] 翻译进度: 15.0%
藏语原文: དེ་ཡང་རང་བཞིན་ལུང་མ་བསྟན།

开始翻译流程 (尝试 1/2):
========================================
步骤1: 输入藏语文本...
输入文本时出错: Message: tab crashed
  (Session info: chrome=143.0.7499.169)

✗ 输入文本失败

开始翻译流程 (尝试 2/2):
========================================
步骤1: 输入藏语文本...
输入文本时出错: Message: tab crashed
  (Session info: chrome=143.0.7499.169)

✗ 输入文本失败
========================================
✗ 翻译失败，跳过此行
✓ 已保存到文件: 677/4500 条

[678/4500] 翻译进度: 15.1%
藏语原文: ཇི་ལྟར་འདུག་ནས་གཞན་ན།

开始翻译流程 (尝试 1/2):
========================================
步骤1: 输入藏语文本...
输入文本时出错: Message: tab crashed
  (Session info: chrome=143.0.7499.169)

✗ 输入文本失败

开始翻译流程 (尝试 2/2):
========================================
步骤1: 输入藏语文本...
输入文本时出错: Message: tab crashed
  (Session info: chrome=143.0.7499.169)

✗ 输入文本失败
========================================
✗ 翻译失败，跳过此行
✓ 已保存到文件: 678/4500 条

[679/4500] 翻译进度: 15.1%
藏语原文: གཉི་ག་དུས་གཅིག་ཏུ་གནས་པ་ན་འགལ་བ་ཡིན་ལ།

开始翻译流程 (尝试 1/2):
========================================
步骤1: 输入藏语文本...
输入文本时出错: Message: tab crashed
  (Session info: chrome=143.0.7499.169)

✗ 输入文本失败

开始翻译流程 (尝试 2/2):
========================================
步骤1: 输入藏语文本...
输入文本时出错: Message: tab crashed
  (Session info: chrome=143.0.7499.169)

✗ 输入文本失败
========================================
✗ 翻译失败，跳过此行
✓ 已保存到文件: 679/4500 条

[680/4500] 翻译进度: 15.1%
藏语原文: ཕྱིན་ཅི་ལོག་དེ་དག་ཀྱང་རང་བཞིན་གྱིས་སྟོང་པ་ཡིན་པའི་...

开始翻译流程 (尝试 1/2):
========================================
步骤1: 输入藏语文本...
输入文本时出错: Message: tab crashed
  (Session info: chrome=143.0.7499.169)

✗ 输入文本失败

开始翻译流程 (尝试 2/2):
========================================
步骤1: 输入藏语文本...
输入文本时出错: Message: tab crashed
  (Session info: chrome=143.0.7499.169)

✗ 输入文本失败
========================================
✗ 翻译失败，跳过此行
✓ 已保存到文件: 680/4500 条

[681/4500] 翻译进度: 15.1%
藏语原文: དེ་གཉིས་ནི་ཕན་ཚུན་རྒྱུ་ལས་བྱུང་བ་ཡིན་པའི་ཕྱིར་ཡང་ར...

开始翻译流程 (尝试 1/2):
========================================
步骤1: 输入藏语文本...
输入文本时出错: Message: tab crashed
  (Session info: chrome=143.0.7499.169)

✗ 输入文本失败

开始翻译流程 (尝试 2/2):
========================================
步骤1: 输入藏语文本...
输入文本时出错: Message: tab crashed
  (Session info: chrome=143.0.7499.169)

✗ 输入文本失败
========================================
✗ 翻译失败，跳过此行
✓ 已保存到文件: 681/4500 条

[682/4500] 翻译进度: 15.2%
藏语原文: དངོས་དང་རང་དངོས་ལོག་པ་ཡིན།

开始翻译流程 (尝试 1/2):
========================================
步骤1: 输入藏语文本...
输入文本时出错: Message: tab crashed
  (Session info: chrome=143.0.7499.169)

✗ 输入文本失败

开始翻译流程 (尝试 2/2):
========================================
步骤1: 输入藏语文本...
输入文本时出错: Message: tab crashed
  (Session info: chrome=143.0.7499.169)

✗ 输入文本失败
========================================
✗ 翻译失败，跳过此行
✓ 已保存到文件: 682/4500 条

[683/4500] 翻译进度: 15.2%
藏语原文: དུས་རིག་པ་དག་དུས་གསུམ་པ་དུ་མར་སེམས་ཏེ།

开始翻译流程 (尝试 1/2):
========================================
步骤1: 输入藏语文本...
输入文本时出错: Message: tab crashed
  (Session info: chrome=143.0.7499.169)

✗ 输入文本失败

开始翻译流程 (尝试 2/2):
========================================
步骤1: 输入藏语文本...
输入文本时出错: Message: tab crashed
  (Session info: chrome=143.0.7499.169)

✗ 输入文本失败
========================================
✗ 翻译失败，跳过此行
✓ 已保存到文件: 683/4500 条

[684/4500] 翻译进度: 15.2%
藏语原文: རྐྱེན་ལས་སྐྱེས་པའི་ཕྱིར་རྣམ་པར་བརྟག་པར་བྱ་བ་ཡང་རང་...

开始翻译流程 (尝试 1/2):
========================================
步骤1: 输入藏语文本...
输入文本时出错: Message: tab crashed
  (Session info: chrome=143.0.7499.169)

✗ 输入文本失败

开始翻译流程 (尝试 2/2):
========================================
步骤1: 输入藏语文本...
输入文本时出错: Message: tab crashed
  (Session info: chrome=143.0.7499.169)

✗ 输入文本失败
========================================
✗ 翻译失败，跳过此行
✓ 已保存到文件: 684/4500 条

[685/4500] 翻译进度: 15.2%
藏语原文: རྣམ་པར་རྟོག་པ་ཡང་རང་བཞིན་གྱིས་སྟོང་ངོ།

开始翻译流程 (尝试 1/2):
========================================
步骤1: 输入藏语文本...
输入文本时出错: Message: tab crashed
  (Session info: chrome=143.0.7499.169)

✗ 输入文本失败

开始翻译流程 (尝试 2/2):
========================================
步骤1: 输入藏语文本...
输入文本时出错: Message: tab crashed
  (Session info: chrome=143.0.7499.169)

✗ 输入文本失败
========================================
✗ 翻译失败，跳过此行
✓ 已保存到文件: 685/4500 条

[686/4500] 翻译进度: 15.2%
藏语原文: སྟོང་པ་ཡིན་པ་དེ་བཞིན་དུ་དངོས་པོ་ཐམས་ཅད་ཀྱང་རང་བཞིན...

开始翻译流程 (尝试 1/2):
========================================
步骤1: 输入藏语文本...
输入文本时出错: Message: tab crashed
  (Session info: chrome=143.0.7499.169)

✗ 输入文本失败

开始翻译流程 (尝试 2/2):
========================================
步骤1: 输入藏语文本...
输入文本时出错: Message: tab crashed
  (Session info: chrome=143.0.7499.169)

✗ 输入文本失败
========================================
✗ 翻译失败，跳过此行
✓ 已保存到文件: 686/4500 条

[687/4500] 翻译进度: 15.3%
藏语原文: འོ་ན་ནི་ད་གཉེན་པོར་གྱུར་པ་མུན་པ་ཡང་རང་དང་གཞན་གྱི་བ...

开始翻译流程 (尝试 1/2):
========================================
步骤1: 输入藏语文本...
输入文本时出错: Message: tab crashed
  (Session info: chrome=143.0.7499.169)

✗ 输入文本失败

开始翻译流程 (尝试 2/2):
========================================
步骤1: 输入藏语文本...
输入文本时出错: Message: tab crashed
  (Session info: chrome=143.0.7499.169)

✗ 输入文本失败
========================================
✗ 翻译失败，跳过此行
✓ 已保存到文件: 687/4500 条

[688/4500] 翻译进度: 15.3%
藏语原文: དེའི་ཕྱིར་མིང་དེ་ཡང་རང་བཞིན་ཡོད་པ་མ་ཡིན་པར་བྱ་དགོས...

开始翻译流程 (尝试 1/2):
========================================
步骤1: 输入藏语文本...
输入文本时出错: Message: tab crashed
  (Session info: chrome=143.0.7499.169)

✗ 输入文本失败

开始翻译流程 (尝试 2/2):
========================================
步骤1: 输入藏语文本...
输入文本时出错: Message: tab crashed
  (Session info: chrome=143.0.7499.169)

✗ 输入文本失败
========================================
✗ 翻译失败，跳过此行
✓ 已保存到文件: 688/4500 条

[689/4500] 翻译进度: 15.3%
藏语原文: འོན་ཀྱང་རང་བཞིན་མེད་པ་ལ་དངོས་པོ་རྣམས་རང་བཞིན་མེད་པ...

开始翻译流程 (尝试 1/2):
========================================
步骤1: 输入藏语文本...
输入文本时出错: Message: tab crashed
  (Session info: chrome=143.0.7499.169)

✗ 输入文本失败

开始翻译流程 (尝试 2/2):
========================================
步骤1: 输入藏语文本...
输入文本时出错: Message: tab crashed
  (Session info: chrome=143.0.7499.169)

✗ 输入文本失败
========================================
✗ 翻译失败，跳过此行
✓ 已保存到文件: 689/4500 条

[690/4500] 翻译进度: 15.3%
藏语原文: ཡོད་པ་མ་ཡིན་པར་གོ་བར་བྱེད་པ་ཡིན་པས་དེ་ལ་རང་བཞིན་ཡོ...

开始翻译流程 (尝试 1/2):
========================================
步骤1: 输入藏语文本...
输入文本时出错: Message: tab crashed
  (Session info: chrome=143.0.7499.169)

✗ 输入文本失败

开始翻译流程 (尝试 2/2):
========================================
步骤1: 输入藏语文本...
输入文本时出错: Message: tab crashed
  (Session info: chrome=143.0.7499.169)

✗ 输入文本失败
========================================
✗ 翻译失败，跳过此行
✓ 已保存到文件: 690/4500 条

[691/4500] 翻译进度: 15.4%
藏语原文: དེ་ཡང་རང་བཞིན་དང་།

开始翻译流程 (尝试 1/2):
========================================
步骤1: 输入藏语文本...
输入文本时出错: Message: tab crashed
  (Session info: chrome=143.0.7499.169)

✗ 输入文本失败

开始翻译流程 (尝试 2/2):
========================================
步骤1: 输入藏语文本...
输入文本时出错: Message: tab crashed
  (Session info: chrome=143.0.7499.169)

✗ 输入文本失败
========================================
✗ 翻译失败，跳过此行
✓ 已保存到文件: 691/4500 条

[692/4500] 翻译进度: 15.4%
藏语原文: དཔེ་འདི་རྣམས་དང་བཅས་པས་ཀྱང་རང་བཞིན་གྱིས་བདག་མེད་པ་...

开始翻译流程 (尝试 1/2):
========================================
步骤1: 输入藏语文本...
输入文本时出错: Message: tab crashed
  (Session info: chrome=143.0.7499.169)

✗ 输入文本失败

开始翻译流程 (尝试 2/2):
========================================
步骤1: 输入藏语文本...
输入文本时出错: Message: tab crashed
  (Session info: chrome=143.0.7499.169)

✗ 输入文本失败
========================================
✗ 翻译失败，跳过此行
✓ 已保存到文件: 692/4500 条

[693/4500] 翻译进度: 15.4%
藏语原文: བྱི་བས་སོ་བཏབ་པའི་དུག་འབྲུག་གྲག་ཙ་ན་ན་བ་བཞིན་ནོ།

开始翻译流程 (尝试 1/2):
========================================
步骤1: 输入藏语文本...
输入文本时出错: Message: tab crashed
  (Session info: chrome=143.0.7499.169)

✗ 输入文本失败

开始翻译流程 (尝试 2/2):
========================================
步骤1: 输入藏语文本...
输入文本时出错: Message: tab crashed
  (Session info: chrome=143.0.7499.169)

✗ 输入文本失败
========================================
✗ 翻译失败，跳过此行
✓ 已保存到文件: 693/4500 条

[694/4500] 翻译进度: 15.4%
藏语原文: ཁོ་རང་ངེས་པ་མ་ཡིན།

开始翻译流程 (尝试 1/2):
========================================
步骤1: 输入藏语文本...
输入文本时出错: Message: tab crashed
  (Session info: chrome=143.0.7499.169)

✗ 输入文本失败

开始翻译流程 (尝试 2/2):
========================================
步骤1: 输入藏语文本...
输入文本时出错: Message: tab crashed
  (Session info: chrome=143.0.7499.169)

✗ 输入文本失败
========================================
✗ 翻译失败，跳过此行
✓ 已保存到文件: 694/4500 条

[695/4500] 翻译进度: 15.4%
藏语原文: ཁོ་རང་ངེས་པས་ཡིན་པ་གང་ཞེ་ན།

开始翻译流程 (尝试 1/2):
========================================
步骤1: 输入藏语文本...
输入文本时出错: Message: tab crashed
  (Session info: chrome=143.0.7499.169)

✗ 输入文本失败

开始翻译流程 (尝试 2/2):
========================================
步骤1: 输入藏语文本...
输入文本时出错: Message: tab crashed
  (Session info: chrome=143.0.7499.169)

✗ 输入文本失败
========================================
✗ 翻译失败，跳过此行
✓ 已保存到文件: 695/4500 条

[696/4500] 翻译进度: 15.5%
藏语原文: དེ་རྟོག་འབྲས་བུ་མེད་པར་འདུག།

开始翻译流程 (尝试 1/2):
========================================
步骤1: 输入藏语文本...
输入文本时出错: Message: tab crashed
  (Session info: chrome=143.0.7499.169)

✗ 输入文本失败

开始翻译流程 (尝试 2/2):
========================================
步骤1: 输入藏语文本...
输入文本时出错: Message: tab crashed
  (Session info: chrome=143.0.7499.169)

✗ 输入文本失败
========================================
✗ 翻译失败，跳过此行
✓ 已保存到文件: 696/4500 条

[697/4500] 翻译进度: 15.5%
藏语原文: གཞན་ཡང་རང་བཞིན་མེད་པར་སྟོང་པའོ།

开始翻译流程 (尝试 1/2):
========================================
步骤1: 输入藏语文本...
输入文本时出错: Message: tab crashed
  (Session info: chrome=143.0.7499.169)

✗ 输入文本失败

开始翻译流程 (尝试 2/2):
========================================
步骤1: 输入藏语文本...
输入文本时出错: Message: tab crashed
  (Session info: chrome=143.0.7499.169)

✗ 输入文本失败
========================================
✗ 翻译失败，跳过此行
✓ 已保存到文件: 697/4500 条

[698/4500] 翻译进度: 15.5%
藏语原文: འགྲོ་བ་པོ་མིན་འགྲོ་པོ་མིན།

开始翻译流程 (尝试 1/2):
========================================
步骤1: 输入藏语文本...
输入文本时出错: Message: tab crashed
  (Session info: chrome=143.0.7499.169)

✗ 输入文本失败

开始翻译流程 (尝试 2/2):
========================================
步骤1: 输入藏语文本...
输入文本时出错: Message: tab crashed
  (Session info: chrome=143.0.7499.169)

✗ 输入文本失败
========================================
✗ 翻译失败，跳过此行
✓ 已保存到文件: 698/4500 条

[699/4500] 翻译进度: 15.5%
藏语原文: འོན་ཏེ་འགྲོ་བ་པོ་མ་ཡིན་འགྲོའམ།

开始翻译流程 (尝试 1/2):
========================================
步骤1: 输入藏语文本...
输入文本时出错: Message: tab crashed
  (Session info: chrome=143.0.7499.169)

✗ 输入文本失败

开始翻译流程 (尝试 2/2):
========================================
步骤1: 输入藏语文本...
输入文本时出错: Message: tab crashed
  (Session info: chrome=143.0.7499.169)

✗ 输入文本失败
========================================
✗ 翻译失败，跳过此行
✓ 已保存到文件: 699/4500 条

[700/4500] 翻译进度: 15.6%
藏语原文: འགྲོ་བ་ལོག་པ་ནི་སྡོད་པ་ཞེས་བྱ་བ་ན་འགྲོ་བ་དང་སྡོད་པ...

开始翻译流程 (尝试 1/2):
========================================
步骤1: 输入藏语文本...
输入文本时出错: Message: tab crashed
  (Session info: chrome=143.0.7499.169)

✗ 输入文本失败

开始翻译流程 (尝试 2/2):
========================================
步骤1: 输入藏语文本...
输入文本时出错: Message: tab crashed
  (Session info: chrome=143.0.7499.169)

✗ 输入文本失败
========================================
✗ 翻译失败，跳过此行
✓ 已保存到文件: 700/4500 条

[701/4500] 翻译进度: 15.6%
藏语原文: གང་རང་ཉིད་ལ་མཚན་པར་མི་བྱེད་པ་དེས་གཞན་ཇི་ལྟར་མཚོན་པ...

开始翻译流程 (尝试 1/2):
========================================
步骤1: 输入藏语文本...
输入文本时出错: Message: tab crashed
  (Session info: chrome=143.0.7499.169)

✗ 输入文本失败

开始翻译流程 (尝试 2/2):
========================================
步骤1: 输入藏语文本...
输入文本时出错: Message: tab crashed
  (Session info: chrome=143.0.7499.169)

✗ 输入文本失败
========================================
✗ 翻译失败，跳过此行
✓ 已保存到文件: 701/4500 条

[702/4500] 翻译进度: 15.6%
藏语原文: སྐྱེ་བའང་རང་དང་གཞན་གྱི་དངོས།

开始翻译流程 (尝试 1/2):
========================================
步骤1: 输入藏语文本...
输入文本时出错: Message: tab crashed
  (Session info: chrome=143.0.7499.169)

✗ 输入文本失败

开始翻译流程 (尝试 2/2):
========================================
步骤1: 输入藏语文本...
输入文本时出错: Message: tab crashed
  (Session info: chrome=143.0.7499.169)

✗ 输入文本失败
========================================
✗ 翻译失败，跳过此行
✓ 已保存到文件: 702/4500 条

[703/4500] 翻译进度: 15.6%
藏语原文: དེ་འདུག་པ་ན་མུན་པ་མེད།

开始翻译流程 (尝试 1/2):
========================================
步骤1: 输入藏语文本...
输入文本时出错: Message: tab crashed
  (Session info: chrome=143.0.7499.169)

✗ 输入文本失败

开始翻译流程 (尝试 2/2):
========================================
步骤1: 输入藏语文本...
输入文本时出错: Message: tab crashed
  (Session info: chrome=143.0.7499.169)

✗ 输入文本失败
========================================
✗ 翻译失败，跳过此行
✓ 已保存到文件: 703/4500 条

[704/4500] 翻译进度: 15.6%
藏语原文: མར་མེ་ཇི་ལྟ་བ་དེ་བཞིན་དུ་སྐྱེ་བས་ཀྱང་རང་དང་གཞན་གྱི...

开始翻译流程 (尝试 1/2):
========================================
步骤1: 输入藏语文本...
输入文本时出错: Message: tab crashed
  (Session info: chrome=143.0.7499.169)

✗ 输入文本失败

开始翻译流程 (尝试 2/2):
========================================
步骤1: 输入藏语文本...
输入文本时出错: Message: tab crashed
  (Session info: chrome=143.0.7499.169)

✗ 输入文本失败
========================================
✗ 翻译失败，跳过此行
✓ 已保存到文件: 704/4500 条

[705/4500] 翻译进度: 15.7%
藏语原文: འདི་ན་འདུག་པ་དེས་སེལ་འགྱུར།

开始翻译流程 (尝试 1/2):
========================================
步骤1: 输入藏语文本...
输入文本时出错: Message: tab crashed
  (Session info: chrome=143.0.7499.169)

✗ 输入文本失败

开始翻译流程 (尝试 2/2):
========================================
步骤1: 输入藏语文本...
输入文本时出错: Message: tab crashed
  (Session info: chrome=143.0.7499.169)

✗ 输入文本失败
========================================
✗ 翻译失败，跳过此行
✓ 已保存到文件: 705/4500 条

[706/4500] 翻译进度: 15.7%
藏语原文: ཅི་སྟེ་མར་མེ་ཕྲད་པ་ཉིད་དུ་ཡང་མུན་པ་སེལ་བར་བྱེད་ན་ན...

开始翻译流程 (尝试 1/2):
========================================
步骤1: 输入藏语文本...
输入文本时出错: Message: tab crashed
  (Session info: chrome=143.0.7499.169)

✗ 输入文本失败

开始翻译流程 (尝试 2/2):
========================================
步骤1: 输入藏语文本...
输入文本时出错: Message: tab crashed
  (Session info: chrome=143.0.7499.169)

✗ 输入文本失败
========================================
✗ 翻译失败，跳过此行
✓ 已保存到文件: 706/4500 条

[707/4500] 翻译进度: 15.7%
藏语原文: མུན་པའང་རང་དང་གཞན་གྱི་དངོས།

开始翻译流程 (尝试 1/2):
========================================
步骤1: 输入藏语文本...
输入文本时出错: Message: tab crashed
  (Session info: chrome=143.0.7499.169)

✗ 输入文本失败

开始翻译流程 (尝试 2/2):
========================================
步骤1: 输入藏语文本...
输入文本时出错: Message: tab crashed
  (Session info: chrome=143.0.7499.169)

✗ 输入文本失败
========================================
✗ 翻译失败，跳过此行
✓ 已保存到文件: 707/4500 条

[708/4500] 翻译进度: 15.7%
藏语原文: དེ་ལྟ་ཡིན་ན་མུན་པའི་གཉེན་པོར་མར་མེས་ཀྱང་རང་དང་གཞན་...

开始翻译流程 (尝试 1/2):
========================================
步骤1: 输入藏语文本...
输入文本时出错: Message: tab crashed
  (Session info: chrome=143.0.7499.169)

✗ 输入文本失败

开始翻译流程 (尝试 2/2):
========================================
步骤1: 输入藏语文本...
输入文本时出错: Message: tab crashed
  (Session info: chrome=143.0.7499.169)

✗ 输入文本失败
========================================
✗ 翻译失败，跳过此行
✓ 已保存到文件: 708/4500 条

[709/4500] 翻译进度: 15.8%
藏语原文: དེ་ནི་ལྟ་བ་ལ་སོགས་པ་དག་མེད་པར་ཡང་རང་ཉིད་ཀྱིས་རབ་ཏུ...

开始翻译流程 (尝试 1/2):
========================================
步骤1: 输入藏语文本...
输入文本时出错: Message: tab crashed
  (Session info: chrome=143.0.7499.169)

✗ 输入文本失败

开始翻译流程 (尝试 2/2):
========================================
步骤1: 输入藏语文本...
输入文本时出错: Message: tab crashed
  (Session info: chrome=143.0.7499.169)

✗ 输入文本失败
========================================
✗ 翻译失败，跳过此行
✓ 已保存到文件: 709/4500 条

[710/4500] 翻译进度: 15.8%
藏语原文: སྔར་ཡང་རང་བཞིན་གཞན་དུ་འགྱུར་བ་ནི།

开始翻译流程 (尝试 1/2):
========================================
步骤1: 输入藏语文本...
输入文本时出错: Message: tab crashed
  (Session info: chrome=143.0.7499.169)

✗ 输入文本失败

开始翻译流程 (尝试 2/2):
========================================
步骤1: 输入藏语文本...
输入文本时出错: Message: tab crashed
  (Session info: chrome=143.0.7499.169)

✗ 输入文本失败
========================================
✗ 翻译失败，跳过此行
✓ 已保存到文件: 710/4500 条

[711/4500] 翻译进度: 15.8%
藏语原文: འདི་ལྟར་བཅིངས་པ་གང་བཅིངས་པའི་གནས་ཉིད་ལ་འདུག་པ་དེ་ཇ...

开始翻译流程 (尝试 1/2):
========================================
步骤1: 输入藏语文本...
输入文本时出错: Message: tab crashed
  (Session info: chrome=143.0.7499.169)

✗ 输入文本失败

开始翻译流程 (尝试 2/2):
========================================
步骤1: 输入藏语文本...
输入文本时出错: Message: tab crashed
  (Session info: chrome=143.0.7499.169)

✗ 输入文本失败
========================================
✗ 翻译失败，跳过此行
✓ 已保存到文件: 711/4500 条

[712/4500] 翻译进度: 15.8%
藏语原文: དེ་ཡང་རང་བཞིན་ལུང་མ་བསྟན།

开始翻译流程 (尝试 1/2):
========================================
步骤1: 输入藏语文本...
输入文本时出错: Message: tab crashed
  (Session info: chrome=143.0.7499.169)

✗ 输入文本失败

开始翻译流程 (尝试 2/2):
========================================
步骤1: 输入藏语文本...
输入文本时出错: Message: tab crashed
  (Session info: chrome=143.0.7499.169)

✗ 输入文本失败
========================================
✗ 翻译失败，跳过此行
✓ 已保存到文件: 712/4500 条

[713/4500] 翻译进度: 15.8%
藏语原文: གལ་ཏེ་སྔ་མ་དང་ཕྱི་མ་ལ་སོགས་པ་དེ་དག་དུས་ཀྱི་རྟགས་ཡི...

开始翻译流程 (尝试 1/2):
========================================
步骤1: 输入藏语文本...
输入文本时出错: Message: tab crashed
  (Session info: chrome=143.0.7499.169)

✗ 输入文本失败

开始翻译流程 (尝试 2/2):
========================================
步骤1: 输入藏语文本...
输入文本时出错: Message: tab crashed
  (Session info: chrome=143.0.7499.169)

✗ 输入文本失败
========================================
✗ 翻译失败，跳过此行
✓ 已保存到文件: 713/4500 条

[714/4500] 翻译进度: 15.9%
藏语原文: ཡུད་ཙམ་ཞིག་འདུག་པར་གྱུར་ཏོ།

开始翻译流程 (尝试 1/2):
========================================
步骤1: 输入藏语文本...
输入文本时出错: Message: tab crashed
  (Session info: chrome=143.0.7499.169)

✗ 输入文本失败

开始翻译流程 (尝试 2/2):
========================================
步骤1: 输入藏语文本...
输入文本时出错: Message: tab crashed
  (Session info: chrome=143.0.7499.169)

✗ 输入文本失败
========================================
✗ 翻译失败，跳过此行
✓ 已保存到文件: 714/4500 条

[715/4500] 翻译进度: 15.9%
藏语原文: ཉིན་གཅིག་འདུག་གོ།

开始翻译流程 (尝试 1/2):
========================================
步骤1: 输入藏语文本...
输入文本时出错: Message: tab crashed
  (Session info: chrome=143.0.7499.169)

✗ 输入文本失败

开始翻译流程 (尝试 2/2):
========================================
步骤1: 输入藏语文本...
输入文本时出错: Message: tab crashed
  (Session info: chrome=143.0.7499.169)

✗ 输入文本失败
========================================
✗ 翻译失败，跳过此行
✓ 已保存到文件: 715/4500 条

[716/4500] 翻译进度: 15.9%
藏语原文: ཟླ་བ་གཅིག་འདུག་པར་འགྱུར་རོ་ཞེས་བྱ་བས་དེའི་ཕྱིར་དུས...

开始翻译流程 (尝试 1/2):
========================================
步骤1: 输入藏语文本...
输入文本时出错: Message: tab crashed
  (Session info: chrome=143.0.7499.169)

✗ 输入文本失败

开始翻译流程 (尝试 2/2):
========================================
步骤1: 输入藏语文本...
输入文本时出错: Message: tab crashed
  (Session info: chrome=143.0.7499.169)

✗ 输入文本失败
========================================
✗ 翻译失败，跳过此行
✓ 已保存到文件: 716/4500 条

[717/4500] 翻译进度: 15.9%
藏语原文: འདི་ལྟར་ཕ་དང་བུ་དག་དུས་གཅིག་ཏུ་ཇི་ལྟར་སྐྱེ་བར་འགྱུ...

开始翻译流程 (尝试 1/2):
========================================
步骤1: 输入藏语文本...
输入文本时出错: Message: tab crashed
  (Session info: chrome=143.0.7499.169)

✗ 输入文本失败

开始翻译流程 (尝试 2/2):
========================================
步骤1: 输入藏语文本...
输入文本时出错: Message: tab crashed
  (Session info: chrome=143.0.7499.169)

✗ 输入文本失败
========================================
✗ 翻译失败，跳过此行
✓ 已保存到文件: 717/4500 条

[718/4500] 翻译进度: 16.0%
藏语原文: སྒྲུབ་པ་པོ་རལ་པའི་ཅོད་པན་བར་ངེས་པ་རྣམས་མིའི་པགས་པའ...

开始翻译流程 (尝试 1/2):
========================================
步骤1: 输入藏语文本...
输入文本时出错: Message: tab crashed
  (Session info: chrome=143.0.7499.169)

✗ 输入文本失败

开始翻译流程 (尝试 2/2):
========================================
步骤1: 输入藏语文本...
输入文本时出错: Message: tab crashed
  (Session info: chrome=143.0.7499.169)

✗ 输入文本失败
========================================
✗ 翻译失败，跳过此行
✓ 已保存到文件: 718/4500 条

[719/4500] 翻译进度: 16.0%
藏语原文: རྩིབ་ལོགས་ཀྱི་ཆུ་རྒྱུས་འདུག་པའོ།

开始翻译流程 (尝试 1/2):
========================================
步骤1: 输入藏语文本...
输入文本时出错: Message: tab crashed
  (Session info: chrome=143.0.7499.169)

✗ 输入文本失败

开始翻译流程 (尝试 2/2):
========================================
步骤1: 输入藏语文本...
输入文本时出错: Message: tab crashed
  (Session info: chrome=143.0.7499.169)

✗ 输入文本失败
========================================
✗ 翻译失败，跳过此行
✓ 已保存到文件: 719/4500 条

[720/4500] 翻译进度: 16.0%
藏语原文: ཞཀྱིས་མནན་ཅིང་དཔའ་བོའི་འདུག་སྟངས་ཀྱིས་བཞུགས་པ།

开始翻译流程 (尝试 1/2):
========================================
步骤1: 输入藏语文本...
输入文本时出错: Message: tab crashed
  (Session info: chrome=143.0.7499.169)

✗ 输入文本失败

开始翻译流程 (尝试 2/2):
========================================
步骤1: 输入藏语文本...
输入文本时出错: Message: tab crashed
  (Session info: chrome=143.0.7499.169)

✗ 输入文本失败
========================================
✗ 翻译失败，跳过此行
✓ 已保存到文件: 720/4500 条

[721/4500] 翻译进度: 16.0%
藏语原文: འགྲེང་འདུག་ཉལ་དང་འཆག་པར་མི་བྱའོ།

开始翻译流程 (尝试 1/2):
========================================
步骤1: 输入藏语文本...
输入文本时出错: Message: tab crashed
  (Session info: chrome=143.0.7499.169)

✗ 输入文本失败

开始翻译流程 (尝试 2/2):
========================================
步骤1: 输入藏语文本...
输入文本时出错: Message: tab crashed
  (Session info: chrome=143.0.7499.169)

✗ 输入文本失败
========================================
✗ 翻译失败，跳过此行
✓ 已保存到文件: 721/4500 条

[722/4500] 翻译进度: 16.0%
藏语原文: དེ་ལ་ཀུན་དགའ་བོ་འདུག་སྟེ།

开始翻译流程 (尝试 1/2):
========================================
步骤1: 输入藏语文本...
输入文本时出错: Message: tab crashed
  (Session info: chrome=143.0.7499.169)

✗ 输入文本失败

开始翻译流程 (尝试 2/2):
========================================
步骤1: 输入藏语文本...
输入文本时出错: Message: tab crashed
  (Session info: chrome=143.0.7499.169)

✗ 输入文本失败
========================================
✗ 翻译失败，跳过此行
✓ 已保存到文件: 722/4500 条

[723/4500] 翻译进度: 16.1%
藏语原文: ཞེས་སྨྲས་ནས་སྟན་ལས་བབས་ཏེ་འདུག་གོ།

开始翻译流程 (尝试 1/2):
========================================
步骤1: 输入藏语文本...
输入文本时出错: Message: tab crashed
  (Session info: chrome=143.0.7499.169)

✗ 输入文本失败

开始翻译流程 (尝试 2/2):
========================================
步骤1: 输入藏语文本...
输入文本时出错: Message: tab crashed
  (Session info: chrome=143.0.7499.169)

✗ 输入文本失败
========================================
✗ 翻译失败，跳过此行
✓ 已保存到文件: 723/4500 条

[724/4500] 翻译进度: 16.1%
藏语原文: ཁྲི་ལས་བབས་ཏེ་ས་ལ་འདུག་གོ།

开始翻译流程 (尝试 1/2):
========================================
步骤1: 输入藏语文本...
输入文本时出错: Message: tab crashed
  (Session info: chrome=143.0.7499.169)

✗ 输入文本失败

开始翻译流程 (尝试 2/2):
========================================
步骤1: 输入藏语文本...
输入文本时出错: Message: tab crashed
  (Session info: chrome=143.0.7499.169)

✗ 输入文本失败
========================================
✗ 翻译失败，跳过此行
✓ 已保存到文件: 724/4500 条

[725/4500] 翻译进度: 16.1%
藏语原文: སློབ་དཔོན་བྲེད་ནས་ས་མཱ་དྷཱི་ལ་སྙོམས་པར་ཞུགས་པས་ཞག་...

开始翻译流程 (尝试 1/2):
========================================
步骤1: 输入藏语文本...
输入文本时出错: Message: tab crashed
  (Session info: chrome=143.0.7499.169)

✗ 输入文本失败

开始翻译流程 (尝试 2/2):
========================================
步骤1: 输入藏语文本...
输入文本时出错: Message: tab crashed
  (Session info: chrome=143.0.7499.169)

✗ 输入文本失败
========================================
✗ 翻译失败，跳过此行
✓ 已保存到文件: 725/4500 条

[726/4500] 翻译进度: 16.1%
藏语原文: དེ་ནས་ཞག་བདུན་ལོན་པའི་ཉིན་པདྨ་ཁ་ཕྱེ་སྟེ་ནང་ན་ཁྱེའུ...

开始翻译流程 (尝试 1/2):
========================================
步骤1: 输入藏语文本...
输入文本时出错: Message: tab crashed
  (Session info: chrome=143.0.7499.169)

✗ 输入文本失败

开始翻译流程 (尝试 2/2):
========================================
步骤1: 输入藏语文本...
输入文本时出错: Message: tab crashed
  (Session info: chrome=143.0.7499.169)

✗ 输入文本失败
========================================
✗ 翻译失败，跳过此行
✓ 已保存到文件: 726/4500 条

[727/4500] 翻译进度: 16.2%
藏语原文: དེ་ནས་ང་རང་ཡང་འདིའི་ལུས་ལ་ཞུགས་ནས་འདི་རྒྱལ་བར་བྱའོ...

开始翻译流程 (尝试 1/2):
========================================
步骤1: 输入藏语文本...
输入文本时出错: Message: tab crashed
  (Session info: chrome=143.0.7499.169)

✗ 输入文本失败

开始翻译流程 (尝试 2/2):
========================================
步骤1: 输入藏语文本...
输入文本时出错: Message: tab crashed
  (Session info: chrome=143.0.7499.169)

✗ 输入文本失败
========================================
✗ 翻译失败，跳过此行
✓ 已保存到文件: 727/4500 条

[728/4500] 翻译进度: 16.2%
藏语原文: མཐར་བིརྺ་མང་པོ་ཞུགས་ཤིང་འདུག་པ་ལ་སུས་ཀྱང་ཁོང་དང་རྩ...

开始翻译流程 (尝试 1/2):
========================================
步骤1: 输入藏语文本...
输入文本时出错: Message: tab crashed
  (Session info: chrome=143.0.7499.169)

✗ 输入文本失败

开始翻译流程 (尝试 2/2):
========================================
步骤1: 输入藏语文本...
输入文本时出错: Message: tab crashed
  (Session info: chrome=143.0.7499.169)

✗ 输入文本失败
========================================
✗ 翻译失败，跳过此行
✓ 已保存到文件: 728/4500 条

[729/4500] 翻译进度: 16.2%
藏语原文: གལ་ཏེ་ཁོ་བོས་ཐུབ་པར་འདུག་ན་ང་འགྲོ།

开始翻译流程 (尝试 1/2):
========================================
步骤1: 输入藏语文本...
输入文本时出错: Message: tab crashed
  (Session info: chrome=143.0.7499.169)

✗ 输入文本失败

开始翻译流程 (尝试 2/2):
========================================
步骤1: 输入藏语文本...
输入文本时出错: Message: tab crashed
  (Session info: chrome=143.0.7499.169)

✗ 输入文本失败
========================================
✗ 翻译失败，跳过此行
✓ 已保存到文件: 729/4500 条

[730/4500] 翻译进度: 16.2%
藏语原文: དེར་མུ་སྟེགས་ཀྱི་སྟོན་པ་དེས་ནང་པ་ཕྱིར་མི་གཏོང་ཕྱི་...

开始翻译流程 (尝试 1/2):
========================================
步骤1: 输入藏语文本...
输入文本时出错: Message: tab crashed
  (Session info: chrome=143.0.7499.169)

✗ 输入文本失败

开始翻译流程 (尝试 2/2):
========================================
步骤1: 输入藏语文本...
输入文本时出错: Message: tab crashed
  (Session info: chrome=143.0.7499.169)

✗ 输入文本失败
========================================
✗ 翻译失败，跳过此行
✓ 已保存到文件: 730/4500 条

[731/4500] 翻译进度: 16.2%
藏语原文: སྐུ་དེ་དབུ་ཡོན་མཛད་ནས་ང་ལ་དེ་ལྟ་བུའི་ཡོན་ཏན་འདུག་པ...

开始翻译流程 (尝试 1/2):
========================================
步骤1: 输入藏语文本...
输入文本时出错: Message: tab crashed
  (Session info: chrome=143.0.7499.169)

✗ 输入文本失败

开始翻译流程 (尝试 2/2):
========================================
步骤1: 输入藏语文本...
输入文本时出错: Message: tab crashed
  (Session info: chrome=143.0.7499.169)

✗ 输入文本失败
========================================
✗ 翻译失败，跳过此行
✓ 已保存到文件: 731/4500 条

[732/4500] 翻译进度: 16.3%
藏语原文: རྒན་པོ་ཤིང་བལ་གྱི་འདབ་མས་ལྕགས་ཀྱི་སྡོང་པོ་ཤུད་དེ་འ...

开始翻译流程 (尝试 1/2):
========================================
步骤1: 输入藏语文本...
输入文本时出错: Message: tab crashed
  (Session info: chrome=143.0.7499.169)

✗ 输入文本失败

开始翻译流程 (尝试 2/2):
========================================
步骤1: 输入藏语文本...
输入文本时出错: Message: tab crashed
  (Session info: chrome=143.0.7499.169)

✗ 输入文本失败
========================================
✗ 翻译失败，跳过此行
✓ 已保存到文件: 732/4500 条

[733/4500] 翻译进度: 16.3%
藏语原文: ཟེར་བས་ངས་ཡུན་ཐུང་འདུག་བསམ་སྟེ་སླར་ལོ་གསུམ་བསྒྲུབས...

开始翻译流程 (尝试 1/2):
========================================
步骤1: 输入藏语文本...
输入文本时出错: Message: tab crashed
  (Session info: chrome=143.0.7499.169)

✗ 输入文本失败

开始翻译流程 (尝试 2/2):
========================================
步骤1: 输入藏语文本...
输入文本时出错: Message: tab crashed
  (Session info: chrome=143.0.7499.169)

✗ 输入文本失败
========================================
✗ 翻译失败，跳过此行
✓ 已保存到文件: 733/4500 条

[734/4500] 翻译进度: 16.3%
藏语原文: ཐོ་རངས་རྒྱུ་འབྲས་གཉིས་ཀ་བཟང་བར་འདུག་པ་ལ་ངས་སྐུར་བ་...

开始翻译流程 (尝试 1/2):
========================================
步骤1: 输入藏语文本...
输入文本时出错: Message: tab crashed
  (Session info: chrome=143.0.7499.169)

✗ 输入文本失败

开始翻译流程 (尝试 2/2):
========================================
步骤1: 输入藏语文本...
输入文本时出错: Message: tab crashed
  (Session info: chrome=143.0.7499.169)

✗ 输入文本失败
========================================
✗ 翻译失败，跳过此行
✓ 已保存到文件: 734/4500 条

[735/4500] 翻译进度: 16.3%
藏语原文: རང་མལ་ཁྲིའི་འོག་ཏུ་འདུག་ནས་གང་དཀའ་བ་དེ་ལ་ཐག་པ་འཐེན...

开始翻译流程 (尝试 1/2):
========================================
步骤1: 输入藏语文本...
输入文本时出错: Message: tab crashed
  (Session info: chrome=143.0.7499.169)

✗ 输入文本失败

开始翻译流程 (尝试 2/2):
========================================
步骤1: 输入藏语文本...
输入文本时出错: Message: tab crashed
  (Session info: chrome=143.0.7499.169)

✗ 输入文本失败
========================================
✗ 翻译失败，跳过此行
✓ 已保存到文件: 735/4500 条

[736/4500] 翻译进度: 16.4%
藏语原文: འཕྲོས་དང་ཚིག་ཟུར་གྱིས་བསྟན་པ་ངེས་པའི་དོན་རྣམས་མ་བྱ...

开始翻译流程 (尝试 1/2):
========================================
步骤1: 输入藏语文本...
输入文本时出错: Message: tab crashed
  (Session info: chrome=143.0.7499.169)

✗ 输入文本失败

开始翻译流程 (尝试 2/2):
========================================
步骤1: 输入藏语文本...
输入文本时出错: Message: tab crashed
  (Session info: chrome=143.0.7499.169)

✗ 输入文本失败
========================================
✗ 翻译失败，跳过此行
✓ 已保存到文件: 736/4500 条

[737/4500] 翻译进度: 16.4%
藏语原文: ངའི་རིགས་པ་འདི་གཞན་གྱིས་མ་ནོར་བ་མི་ཤེས་པ་འདུག་དགོང...

开始翻译流程 (尝试 1/2):
========================================
步骤1: 输入藏语文本...
输入文本时出错: Message: tab crashed
  (Session info: chrome=143.0.7499.169)

✗ 输入文本失败

开始翻译流程 (尝试 2/2):
========================================
步骤1: 输入藏语文本...
输入文本时出错: Message: tab crashed
  (Session info: chrome=143.0.7499.169)

✗ 输入文本失败
========================================
✗ 翻译失败，跳过此行
✓ 已保存到文件: 737/4500 条

[738/4500] 翻译进度: 16.4%
藏语原文: དེ་ནས་ཕྱི་ཞིག་ན་མཚོ་དེ་བསྐམས་ཏེ་དཔལ་ཧེ་རུ་ཀའི་ལྷ་ཁ...

开始翻译流程 (尝试 1/2):
========================================
步骤1: 输入藏语文本...
输入文本时出错: Message: tab crashed
  (Session info: chrome=143.0.7499.169)

✗ 输入文本失败

开始翻译流程 (尝试 2/2):
========================================
步骤1: 输入藏语文本...
输入文本时出错: Message: tab crashed
  (Session info: chrome=143.0.7499.169)
