nohup: ignoring input
============================================================
藏语文件翻译处理
严格按照用户需求:
1. 读取藏语文件（支持文本和JSON格式）
2. 使用muban.json作为翻译结果保存格式
3. leixing字段：文本文件为'不明'，JSON文件使用原type
4. 自动加id
5. 藏语原文是tibetan字段，翻译结果是chinese字段
6. 统计条数，时间统一写2025-12-29
7. 保存为JSON格式，和muban.json一样
8. 输出文件命名: '原藏语文件'_result.json
============================================================
使用命令行参数指定的文件: tibetan/oral_kham_017.json

加载文件: tibetan/oral_kham_017.json
成功加载JSON文件: tibetan/oral_kham_017.json
文件类型: oral_kham
藏语句子数量: 4500
总字符数: 272745
文件类型: oral_kham
找到 4500 行需要翻译

创建JSON模板...
创建初始文件...
✓ 初始文件已创建: results/oral_kham_017_result.json
  文件位置: /root/myproj/translate/results/oral_kham_017_result.json

开始翻译...
注意: 翻译过程可能需要较长时间，请耐心等待
首次运行可能会自动下载ChromeDriver
即时保存: 每翻译一条就保存一条到文件
============================================================
初始化翻译器...
检查必要的Python包...
✓ selenium已安装 (版本: 4.39.0)
✓ webdriver-manager已安装
正在自动下载和管理ChromeDriver...
✓ ChromeDriver自动配置成功
✓ WebDriver初始化成功
开始逐条翻译 4500 行...
注意: 只访问一次网页，之后重复使用同一个页面进行翻译
即时保存: 每翻译一条就保存一条到文件
============================================================

[1/4500] 翻译进度: 0.0%
藏语原文: འདི་དག་རྣམས་ཀྱང་རང་བཞིན་གསུམ་ས་གཡོ་བ་ལུག་ལ་སོགས་པ་...
页面未初始化，正在初始化...
正在访问: http://222.19.82.141:5002/index-Final.html
翻译页面加载成功
页面初始化完成

开始翻译流程 (尝试 1/2):
========================================
步骤1: 输入藏语文本...
已输入藏语文本: འདི་དག་རྣམས་ཀྱང་རང་བཞིན་གསུམ་ས་གཡོ་བ་ལུག་ལ་སོགས་པ་དང་བརྟན་པ་སླབ་ལ་སོགས་པ་དང་མཉམ་ཞིན་འཁྲིག་པ་ལ་སོགས་པའོ།
✓ 文本输入成功
步骤2: 点击智能翻译按钮...
已点击智能翻译按钮
✓ 翻译按钮点击成功
步骤3: 等待翻译处理 (4秒) - 第一次翻译，等待更长时间确保成功...
✓ 翻译处理完成
步骤4: 获取翻译结果...
翻译结果: 这些也就像三性地震羊等等，和固性地震羊等等共同发生。
✓ 翻译结果获取成功
✓ 第一次翻译成功完成，后续翻译将使用正常等待时间
========================================
✓ 翻译成功
汉语结果: 这些也就像三性地震羊等等，和固性地震羊等等共同发生。
✓ 已保存到文件: 1/4500 条

[2/4500] 翻译进度: 0.0%
藏语原文: གལ་ཏེ་ཡང་དག་དུས་སྦྱོརཐམས་ཅད་ཀྱིས་ཏེ་གལ་ཏེ་སླར་ཡངདུ...

开始翻译流程 (尝试 1/2):
========================================
步骤1: 输入藏语文本...
已输入藏语文本: གལ་ཏེ་ཡང་དག་དུས་སྦྱོརཐམས་ཅད་ཀྱིས་ཏེ་གལ་ཏེ་སླར་ཡངདུས་སྦྱོར་བཅུ་གཉིས་པོ་ཞི་བའི་གཟའ་དང་བཅས་པར་གྱུར་ན་ད་བར་འགྱུར་རོ།
✓ 文本输入成功
步骤2: 点击智能翻译按钮...
已点击智能翻译按钮
✓ 翻译按钮点击成功
步骤3: 等待翻译处理 (0.5秒) - 后续翻译，等待0.5秒...
✓ 翻译处理完成
步骤4: 获取翻译结果...
翻译结果: 如果所有的十二个时间段都正确
✓ 翻译结果获取成功
========================================
✓ 翻译成功
汉语结果: 如果所有的十二个时间段都正确
✓ 已保存到文件: 2/4500 条

[3/4500] 翻译进度: 0.1%
藏语原文: དེ་དག་ལས་ལྷན་ཅིག་སྐྱེས་པའིསྐུ་ནི་པདྨ་གསུམ་ལ་རང་བཞི...

开始翻译流程 (尝试 1/2):
========================================
步骤1: 输入藏语文本...
已输入藏语文本: དེ་དག་ལས་ལྷན་ཅིག་སྐྱེས་པའིསྐུ་ནི་པདྨ་གསུམ་ལ་རང་བཞིན་དང་རང་བཞིན་མེད་པའི་དབྱེ་བས་སོ།
✓ 文本输入成功
步骤2: 点击智能翻译按钮...
已点击智能翻译按钮
✓ 翻译按钮点击成功
步骤3: 等待翻译处理 (0.5秒) - 后续翻译，等待0.5秒...
✓ 翻译处理完成
步骤4: 获取翻译结果...
翻译结果: 但它们的共同体是三莲花性与非
✓ 翻译结果获取成功
========================================
✓ 翻译成功
汉语结果: 但它们的共同体是三莲花性与非
✓ 已保存到文件: 3/4500 条

[4/4500] 翻译进度: 0.1%
藏语原文: དྲིརྣམས་བཟུང་ནས་འཆི་ལྟས་ཀྱི་ཉིན་ཞག་དུས་པར་བསྟན་ཏོ།

开始翻译流程 (尝试 1/2):
========================================
步骤1: 输入藏语文本...
已输入藏语文本: དྲིརྣམས་བཟུང་ནས་འཆི་ལྟས་ཀྱི་ཉིན་ཞག་དུས་པར་བསྟན་ཏོ།
✓ 文本输入成功
步骤2: 点击智能翻译按钮...
已点击智能翻译按钮
✓ 翻译按钮点击成功
步骤3: 等待翻译处理 (0.5秒) - 后续翻译，等待0.5秒...
✓ 翻译处理完成
步骤4: 获取翻译结果...
翻译结果: 闻气，见凶吉之时日。
✓ 翻译结果获取成功
========================================
✓ 翻译成功
汉语结果: 闻气，见凶吉之时日。
✓ 已保存到文件: 4/4500 条

[5/4500] 翻译进度: 0.1%
藏语原文: བྱང་དུ་ཝཾ་ཨཱ་བཀོད་ཅིང་པདྨའི་ཕྱག་མི་འདུག་སྟངས་ཀྱིས་...

开始翻译流程 (尝试 1/2):
========================================
步骤1: 输入藏语文本...
已输入藏语文本: བྱང་དུ་ཝཾ་ཨཱ་བཀོད་ཅིང་པདྨའི་ཕྱག་མི་འདུག་སྟངས་ཀྱིས་བྱིན་གྱིས་བརླབ་པའམ་ཏཱ་ཎ་ཌུ་བའི་སྟབས་ཀྱིས་བཅག་པར་བྱའོ།
✓ 文本输入成功
步骤2: 点击智能翻译按钮...
已点击智能翻译按钮
✓ 翻译按钮点击成功
步骤3: 等待翻译处理 (0.5秒) - 后续翻译，等待0.5秒...
✓ 翻译处理完成
步骤4: 获取翻译结果...
翻译结果: 在北面，写着“唸”“阿”，用
✓ 翻译结果获取成功
========================================
✓ 翻译成功
汉语结果: 在北面，写着“唸”“阿”，用
✓ 已保存到文件: 5/4500 条

[6/4500] 翻译进度: 0.1%
藏语原文: མངོན་དུཕྱོགས་པ་སྟོན་པར་གྱུརན་འདུག་ཅིག་ཅེས་བརྗོད་པའ...

开始翻译流程 (尝试 1/2):
========================================
步骤1: 输入藏语文本...
已输入藏语文本: མངོན་དུཕྱོགས་པ་སྟོན་པར་གྱུརན་འདུག་ཅིག་ཅེས་བརྗོད་པའོ།
✓ 文本输入成功
步骤2: 点击智能翻译按钮...
已点击智能翻译按钮
✓ 翻译按钮点击成功
步骤3: 等待翻译处理 (0.5秒) - 后续翻译，等待0.5秒...
✓ 翻译处理完成
步骤4: 获取翻译结果...
翻译结果: 指示“停”。
✓ 翻译结果获取成功
========================================
✓ 翻译成功
汉语结果: 指示“停”。
✓ 已保存到文件: 6/4500 条

[7/4500] 翻译进度: 0.2%
藏语原文: སླར་ཡང་རང་བཞིན་རྣམས་ཀྱིས་རྣམ་པ་མང་པོར་རིག་པརབྱའོ་ཞ...

开始翻译流程 (尝试 1/2):
========================================
步骤1: 输入藏语文本...
已输入藏语文本: སླར་ཡང་རང་བཞིན་རྣམས་ཀྱིས་རྣམ་པ་མང་པོར་རིག་པརབྱའོ་ཞེས་བནི་ལྟ་སྟངས་ཀྱི་བརྡའི་ངེས་པའོ།
✓ 文本输入成功
步骤2: 点击智能翻译按钮...
已点击智能翻译按钮
✓ 翻译按钮点击成功
步骤3: 等待翻译处理 (0.5秒) - 后续翻译，等待0.5秒...
✓ 翻译处理完成
步骤4: 获取翻译结果...
翻译结果: 再见性，见性多样，乃观念之词也。
✓ 翻译结果获取成功
========================================
✓ 翻译成功
汉语结果: 再见性，见性多样，乃观念之词也。
✓ 已保存到文件: 7/4500 条

[8/4500] 翻译进度: 0.2%
藏语原文: རང་མྱོང་རང་རིག་མངོན་སུམ་ལས་རྟོགས་ནུས་པའི་ཕྱིར།

开始翻译流程 (尝试 1/2):
========================================
步骤1: 输入藏语文本...
已输入藏语文本: རང་མྱོང་རང་རིག་མངོན་སུམ་ལས་རྟོགས་ནུས་པའི་ཕྱིར།
✓ 文本输入成功
步骤2: 点击智能翻译按钮...
已点击智能翻译按钮
✓ 翻译按钮点击成功
步骤3: 等待翻译处理 (0.5秒) - 后续翻译，等待0.5秒...
✓ 翻译处理完成
步骤4: 获取翻译结果...
翻译结果: 直觉能感知，
✓ 翻译结果获取成功
========================================
✓ 翻译成功
汉语结果: 直觉能感知，
✓ 已保存到文件: 8/4500 条

[9/4500] 翻译进度: 0.2%
藏语原文: དོན་རིག་གཉིས་དང་རང་རིག་དང་།

开始翻译流程 (尝试 1/2):
========================================
步骤1: 输入藏语文本...
已输入藏语文本: དོན་རིག་གཉིས་དང་རང་རིག་དང་།
✓ 文本输入成功
步骤2: 点击智能翻译按钮...
已点击智能翻译按钮
✓ 翻译按钮点击成功
步骤3: 等待翻译处理 (0.5秒) - 后续翻译，等待0.5秒...
✓ 翻译处理完成
步骤4: 获取翻译结果...
翻译结果: 有别于二者和自我。
✓ 翻译结果获取成功
========================================
✓ 翻译成功
汉语结果: 有别于二者和自我。
✓ 已保存到文件: 9/4500 条

[10/4500] 翻译进度: 0.2%
藏语原文: ང་རང་ཧ་ཅང་ཡིད་སྨོན་སྐྱེས་ཤིང་རང་ལ་ཐོབ་འདོད་དེ།

开始翻译流程 (尝试 1/2):
========================================
步骤1: 输入藏语文本...
已输入藏语文本: ང་རང་ཧ་ཅང་ཡིད་སྨོན་སྐྱེས་ཤིང་རང་ལ་ཐོབ་འདོད་དེ།
✓ 文本输入成功
步骤2: 点击智能翻译按钮...
已点击智能翻译按钮
✓ 翻译按钮点击成功
步骤3: 等待翻译处理 (0.5秒) - 后续翻译，等待0.5秒...
✓ 翻译处理完成
步骤4: 获取翻译结果...
翻译结果: 我很羡慕很想得到。
✓ 翻译结果获取成功
========================================
✓ 翻译成功
汉语结果: 我很羡慕很想得到。
✓ 已保存到文件: 10/4500 条

[11/4500] 翻译进度: 0.2%
藏语原文: ཁོའི་ཕུག་རོན་དག་ཚང་མལ་དེ་རུ་དགའ་སྤྲོས་ཁེངས་འདུག་པར...

开始翻译流程 (尝试 1/2):
========================================
步骤1: 输入藏语文本...
已输入藏语文本: ཁོའི་ཕུག་རོན་དག་ཚང་མལ་དེ་རུ་དགའ་སྤྲོས་ཁེངས་འདུག་པར་མ་ཟད།
✓ 文本输入成功
步骤2: 点击智能翻译按钮...
已点击智能翻译按钮
✓ 翻译按钮点击成功
步骤3: 等待翻译处理 (0.5秒) - 后续翻译，等待0.5秒...
✓ 翻译处理完成
步骤4: 获取翻译结果...
翻译结果: 他的鸽子都在那儿高兴得不得了。
✓ 翻译结果获取成功
========================================
✓ 翻译成功
汉语结果: 他的鸽子都在那儿高兴得不得了。
✓ 已保存到文件: 11/4500 条

[12/4500] 翻译进度: 0.3%
藏语原文: ང་རང་ཕྱིའི་མཛེས་པ་དེ་གཙུག་ཏུ་འཛིན་མཁན་དག་ལ་ལྷག་ཏུ་...

开始翻译流程 (尝试 1/2):
========================================
步骤1: 输入藏语文本...
已输入藏语文本: ང་རང་ཕྱིའི་མཛེས་པ་དེ་གཙུག་ཏུ་འཛིན་མཁན་དག་ལ་ལྷག་ཏུ་སྐྱུག་བྲོ་ལ།
✓ 文本输入成功
步骤2: 点击智能翻译按钮...
已点击智能翻译按钮
✓ 翻译按钮点击成功
步骤3: 等待翻译处理 (0.5秒) - 后续翻译，等待0.5秒...
✓ 翻译处理完成
步骤4: 获取翻译结果...
翻译结果: 我更厌恶那些过分注重外表的人。
✓ 翻译结果获取成功
========================================
✓ 翻译成功
汉语结果: 我更厌恶那些过分注重外表的人。
✓ 已保存到文件: 12/4500 条

[13/4500] 翻译进度: 0.3%
藏语原文: གྲོག་མ་དེ་ཚེ་གང་བོར་ས་གནས་གཅིག་ཏུ་འདུག་རྒྱུར་ཡིད་མ...

开始翻译流程 (尝试 1/2):
========================================
步骤1: 输入藏语文本...
已输入藏语文本: གྲོག་མ་དེ་ཚེ་གང་བོར་ས་གནས་གཅིག་ཏུ་འདུག་རྒྱུར་ཡིད་མ་ཚིམས་པས།
✓ 文本输入成功
步骤2: 点击智能翻译按钮...
已点击智能翻译按钮
✓ 翻译按钮点击成功
步骤3: 等待翻译处理 (0.5秒) - 后续翻译，等待0.5秒...
✓ 翻译处理完成
步骤4: 获取翻译结果...
翻译结果: 蚂蚁一辈子也不满足于在同一个地方
✓ 翻译结果获取成功
========================================
✓ 翻译成功
汉语结果: 蚂蚁一辈子也不满足于在同一个地方
✓ 已保存到文件: 13/4500 条

[14/4500] 翻译进度: 0.3%
藏语原文: ཉེན་ཁ་འདུག་མྱུར་དུ་འཕུར་ཡ།

开始翻译流程 (尝试 1/2):
========================================
步骤1: 输入藏语文本...
已输入藏语文本: ཉེན་ཁ་འདུག་མྱུར་དུ་འཕུར་ཡ།
✓ 文本输入成功
步骤2: 点击智能翻译按钮...
已点击智能翻译按钮
✓ 翻译按钮点击成功
步骤3: 等待翻译处理 (0.5秒) - 后续翻译，等待0.5秒...
✓ 翻译处理完成
步骤4: 获取翻译结果...
翻译结果: 有危险了，快起飞。
✓ 翻译结果获取成功
========================================
✓ 翻译成功
汉语结果: 有危险了，快起飞。
✓ 已保存到文件: 14/4500 条

[15/4500] 翻译进度: 0.3%
藏语原文: ཐད་ཀར་དུ་སྦོ་ལོ་དང་ལྗང་གཉིས་ལ་བལྟས་འདུག་ཁོ་གཉིས་ཀྱ...

开始翻译流程 (尝试 1/2):
========================================
步骤1: 输入藏语文本...
已输入藏语文本: ཐད་ཀར་དུ་སྦོ་ལོ་དང་ལྗང་གཉིས་ལ་བལྟས་འདུག་ཁོ་གཉིས་ཀྱིས་དོམ་ནག་དེ་མཐོང་བ་ན་སྐྲག་ནས་ཧོན་ཐོར་བར་གྱུར་ཏེ་ཅི་བྱ་དགོས་པའང་མ་ཤེས།
✓ 文本输入成功
步骤2: 点击智能翻译按钮...
已点击智能翻译按钮
✓ 翻译按钮点击成功
步骤3: 等待翻译处理 (0.5秒) - 后续翻译，等待0.5秒...
✓ 翻译处理完成
步骤4: 获取翻译结果...
翻译结果: 直直地看着球和绿，他们看到那头黑熊时吓得呆住
✓ 翻译结果获取成功
========================================
✓ 翻译成功
汉语结果: 直直地看着球和绿，他们看到那头黑熊时吓得呆住
✓ 已保存到文件: 15/4500 条

[16/4500] 翻译进度: 0.4%
藏语原文: གླག་རྒོད་དེས་ཞིང་བས་ཁོ་རང་བསྐྱབས་པ་མཐོང་བས་སེམས་འག...

开始翻译流程 (尝试 1/2):
========================================
步骤1: 输入藏语文本...
已输入藏语文本: གླག་རྒོད་དེས་ཞིང་བས་ཁོ་རང་བསྐྱབས་པ་མཐོང་བས་སེམས་འགུལ་ཐེབས་ཏེ་མིག་ཆུ་ཡང་བཞུར་བྱུང་།
✓ 文本输入成功
步骤2: 点击智能翻译按钮...
已点击智能翻译按钮
✓ 翻译按钮点击成功
步骤3: 等待翻译处理 (0.5秒) - 后续翻译，等待0.5秒...
✓ 翻译处理完成
步骤4: 获取翻译结果...
翻译结果: 这只鹰见农民救了它
✓ 翻译结果获取成功
========================================
✓ 翻译成功
汉语结果: 这只鹰见农民救了它
✓ 已保存到文件: 16/4500 条

[17/4500] 翻译进度: 0.4%
藏语原文: ཁྭ་ཏ་ལ་སྒྲོ་སྤུ་མེད་པས་སྔར་བཞིན་འཕུར་རྒྱུ་ནི་དཔེ་མ...

开始翻译流程 (尝试 1/2):
========================================
步骤1: 输入藏语文本...
已输入藏语文本: ཁྭ་ཏ་ལ་སྒྲོ་སྤུ་མེད་པས་སྔར་བཞིན་འཕུར་རྒྱུ་ནི་དཔེ་མི་སྲིད་ལ།
✓ 文本输入成功
步骤2: 点击智能翻译按钮...
已点击智能翻译按钮
✓ 翻译按钮点击成功
步骤3: 等待翻译处理 (0.5秒) - 后续翻译，等待0.5秒...
✓ 翻译处理完成
步骤4: 获取翻译结果...
翻译结果: 乌鸦没有羽毛，仍然飞翔是不可能的；
✓ 翻译结果获取成功
========================================
✓ 翻译成功
汉语结果: 乌鸦没有羽毛，仍然飞翔是不可能的；
✓ 已保存到文件: 17/4500 条

[18/4500] 翻译进度: 0.4%
藏语原文: ཚུགས་ཀ་ཡ་མཚན་ཞིག་འདུག་ཡང་ཡང་བལྟས་ན་ཁྭ་ཏ་ཞིག་ལའང་འད...

开始翻译流程 (尝试 1/2):
========================================
步骤1: 输入藏语文本...
已输入藏语文本: ཚུགས་ཀ་ཡ་མཚན་ཞིག་འདུག་ཡང་ཡང་བལྟས་ན་ཁྭ་ཏ་ཞིག་ལའང་འདྲ།
✓ 文本输入成功
步骤2: 点击智能翻译按钮...
已点击智能翻译按钮
✓ 翻译按钮点击成功
步骤3: 等待翻译处理 (0.5秒) - 后续翻译，等待0.5秒...
✓ 翻译处理完成
步骤4: 获取翻译结果...
翻译结果: 
✗ 翻译结果获取失败
   将重试...

开始翻译流程 (尝试 2/2):
========================================
步骤1: 输入藏语文本...
已输入藏语文本: ཚུགས་ཀ་ཡ་མཚན་ཞིག་འདུག་ཡང་ཡང་བལྟས་ན་ཁྭ་ཏ་ཞིག་ལའང་འདྲ།
✓ 文本输入成功
步骤2: 点击智能翻译按钮...
已点击智能翻译按钮
✓ 翻译按钮点击成功
步骤3: 等待翻译处理 (0.5秒) - 后续翻译，等待0.5秒...
✓ 翻译处理完成
步骤4: 获取翻译结果...
翻译结果: 样子怪怪的，反复看了又看，
✓ 翻译结果获取成功
========================================
✓ 翻译成功
汉语结果: 样子怪怪的，反复看了又看，
✓ 已保存到文件: 18/4500 条

[19/4500] 翻译进度: 0.4%
藏语原文: གློག་དམར་དང་ཐོག་ཞགས་འོག་ཏུ་རང་བྱུང་ཁམས་ཆེན་པོའི་ཁྲ...

开始翻译流程 (尝试 1/2):
========================================
步骤1: 输入藏语文本...
已输入藏语文本: གློག་དམར་དང་ཐོག་ཞགས་འོག་ཏུ་རང་བྱུང་ཁམས་ཆེན་པོའི་ཁྲུས་གསོལ་ལ་རོལ་བཞིན་འདུགདྲག་ཆར་འབབ་མཚམས་བཞག་རྗེས།
✓ 文本输入成功
步骤2: 点击智能翻译按钮...
已点击智能翻译按钮
✓ 翻译按钮点击成功
步骤3: 等待翻译处理 (0.5秒) - 后续翻译，等待0.5秒...
✓ 翻译处理完成
步骤4: 获取翻译结果...
翻译结果: 闪电和雷声下大自然在沐浴，暴雨过后，
✓ 翻译结果获取成功
========================================
✓ 翻译成功
汉语结果: 闪电和雷声下大自然在沐浴，暴雨过后，
✓ 已保存到文件: 19/4500 条

[20/4500] 翻译进度: 0.4%
藏语原文: ད་དུང་རྨི་ལམ་དུའང་རང་ཉིད་ཕྱུག་པོ་ཞིག་ཏུ་གྱུར་ཡོད་པ...

开始翻译流程 (尝试 1/2):
========================================
步骤1: 输入藏语文本...
已输入藏语文本: ད་དུང་རྨི་ལམ་དུའང་རང་ཉིད་ཕྱུག་པོ་ཞིག་ཏུ་གྱུར་ཡོད་པ་རྨིས།
✓ 文本输入成功
步骤2: 点击智能翻译按钮...
已点击智能翻译按钮
✓ 翻译按钮点击成功
步骤3: 等待翻译处理 (0.5秒) - 后续翻译，等待0.5秒...
✓ 翻译处理完成
步骤4: 获取翻译结果...
翻译结果: 还梦见自己成了一个富人
✓ 翻译结果获取成功
========================================
✓ 翻译成功
汉语结果: 还梦见自己成了一个富人
✓ 已保存到文件: 20/4500 条

[21/4500] 翻译进度: 0.5%
藏语原文: དེ་ནས་ཁོས་ཐེ་ཚོམ་ངང་སྒོར་ཁུག་ཚུར་རང་ཉིད་ལ་གཏད་འདུག...

开始翻译流程 (尝试 1/2):
========================================
步骤1: 输入藏语文本...
已输入藏语文本: དེ་ནས་ཁོས་ཐེ་ཚོམ་ངང་སྒོར་ཁུག་ཚུར་རང་ཉིད་ལ་གཏད་འདུག་པའི་མི་དེར་ལྟ་བཞིན།
✓ 文本输入成功
步骤2: 点击智能翻译按钮...
已点击智能翻译按钮
✓ 翻译按钮点击成功
步骤3: 等待翻译处理 (0.5秒) - 后续翻译，等待0.5秒...
✓ 翻译处理完成
步骤4: 获取翻译结果...
翻译结果: 然后他迟疑地把钱包递给了站在他对面的人。
✓ 翻译结果获取成功
========================================
✓ 翻译成功
汉语结果: 然后他迟疑地把钱包递给了站在他对面的人。
✓ 已保存到文件: 21/4500 条

[22/4500] 翻译进度: 0.5%
藏语原文: ཁོས་ང་རང་ཉི་མ་ལས་གཏན་ནས་ཕམ་མི་རུང་སྙམ་སྟེ་ཤུགས་ཡོད...

开始翻译流程 (尝试 1/2):
========================================
步骤1: 输入藏语文本...
已输入藏语文本: ཁོས་ང་རང་ཉི་མ་ལས་གཏན་ནས་ཕམ་མི་རུང་སྙམ་སྟེ་ཤུགས་ཡོད་ཚད་བཏོན་ནས་ལམ་འགྲོ་བར་ཕུ་བཏབ་པ་དང་།
✓ 文本输入成功
步骤2: 点击智能翻译按钮...
已点击智能翻译按钮
✓ 翻译按钮点击成功
步骤3: 等待翻译处理 (0.5秒) - 后续翻译，等待0.5秒...
✓ 翻译处理完成
步骤4: 获取翻译结果...
翻译结果: 他说：“我决不能输给太阳。
✓ 翻译结果获取成功
========================================
✓ 翻译成功
汉语结果: 他说：“我决不能输给太阳。
✓ 已保存到文件: 22/4500 条

[23/4500] 翻译进度: 0.5%
藏语原文: ད་ནི་གཞན་གྱི་རོགས་རམ་ལ་སྒུག་རྒྱུ་ལས་ཐབས་མི་འདུག་སྙ...

开始翻译流程 (尝试 1/2):
========================================
步骤1: 输入藏语文本...
已输入藏语文本: ད་ནི་གཞན་གྱི་རོགས་རམ་ལ་སྒུག་རྒྱུ་ལས་ཐབས་མི་འདུག་སྙམ།
✓ 文本输入成功
步骤2: 点击智能翻译按钮...
已点击智能翻译按钮
✓ 翻译按钮点击成功
步骤3: 等待翻译处理 (0.5秒) - 后续翻译，等待0.5秒...
✓ 翻译处理完成
步骤4: 获取翻译结果...
翻译结果: 我只好等待别人的帮助了。
✓ 翻译结果获取成功
========================================
✓ 翻译成功
汉语结果: 我只好等待别人的帮助了。
✓ 已保存到文件: 23/4500 条

[24/4500] 翻译进度: 0.5%
藏语原文: འཇིག་རྟེན་འདིར་རང་ཉིད་ནི་ཆེས་མཆོག་ཏུ་གྱུར་བ་དེ་ཡིན...

开始翻译流程 (尝试 1/2):
========================================
步骤1: 输入藏语文本...
已输入藏语文本: འཇིག་རྟེན་འདིར་རང་ཉིད་ནི་ཆེས་མཆོག་ཏུ་གྱུར་བ་དེ་ཡིན་སྙམ་གྱིན་འདུགརྗེས་ན་འགྲོ་བཞིན་པའི་དྲེལ་དེས་འབྲུ་རིགས་སྒྱེ་གང་ཁུར་ནས་འགྲོ་ཞིང་།
✓ 文本输入成功
步骤2: 点击智能翻译按钮...
已点击智能翻译按钮
✓ 翻译按钮点击成功
步骤3: 等待翻译处理 (0.5秒) - 后续翻译，等待0.5秒...
✓ 翻译处理完成
步骤4: 获取翻译结果...
翻译结果: 骡子背着一袋粮食走在后面。
✓ 翻译结果获取成功
========================================
✓ 翻译成功
汉语结果: 骡子背着一袋粮食走在后面。
✓ 已保存到文件: 24/4500 条

[25/4500] 翻译进度: 0.6%
藏语原文: ཤྭ་བ་ལ་ད་དུང་འགྲོ་ཆས་ཀྱི་ཚུགས་ཀ་ཙམ་ཡང་མི་འདུག་ས་སྲ...

开始翻译流程 (尝试 1/2):
========================================
步骤1: 输入藏语文本...
已输入藏语文本: ཤྭ་བ་ལ་ད་དུང་འགྲོ་ཆས་ཀྱི་ཚུགས་ཀ་ཙམ་ཡང་མི་འདུག་ས་སྲོད་ཀྱི་སྐབས་སུ།
✓ 文本输入成功
步骤2: 点击智能翻译按钮...
已点击智能翻译按钮
✓ 翻译按钮点击成功
步骤3: 等待翻译处理 (0.5秒) - 后续翻译，等待0.5秒...
✓ 翻译处理完成
步骤4: 获取翻译结果...
翻译结果: 鹿还没有走到去处，黄昏时分。
✓ 翻译结果获取成功
========================================
✓ 翻译成功
汉语结果: 鹿还没有走到去处，黄昏时分。
✓ 已保存到文件: 25/4500 条

[26/4500] 翻译进度: 0.6%
藏语原文: དོན་དག་ཅིག་ངེས་པར་དུ་ལྷ་ལ་གསོལ་བ་ཞུ་དགོས་འདུག་ཅེས་...

开始翻译流程 (尝试 1/2):
========================================
步骤1: 输入藏语文本...
已输入藏语文本: དོན་དག་ཅིག་ངེས་པར་དུ་ལྷ་ལ་གསོལ་བ་ཞུ་དགོས་འདུག་ཅེས་ལན་བཏབ་པར།
✓ 文本输入成功
步骤2: 点击智能翻译按钮...
已点击智能翻译按钮
✓ 翻译按钮点击成功
步骤3: 等待翻译处理 (0.5秒) - 后续翻译，等待0.5秒...
✓ 翻译处理完成
步骤4: 获取翻译结果...
翻译结果: 有一件事必须向神请愿。”
✓ 翻译结果获取成功
========================================
✓ 翻译成功
汉语结果: 有一件事必须向神请愿。”
✓ 已保存到文件: 26/4500 条

[27/4500] 翻译进度: 0.6%
藏语原文: སྤྱིར་ཡིན་ན་ཁོས་དངོས་ཟོག་མང་བོ་ཞིག་འཁུར་ན་འོས་འདུག...

开始翻译流程 (尝试 1/2):
========================================
步骤1: 输入藏语文本...
已输入藏语文本: སྤྱིར་ཡིན་ན་ཁོས་དངོས་ཟོག་མང་བོ་ཞིག་འཁུར་ན་འོས་འདུག་ཅེས་འདོད།
✓ 文本输入成功
步骤2: 点击智能翻译按钮...
已点击智能翻译按钮
✓ 翻译按钮点击成功
步骤3: 等待翻译处理 (0.5秒) - 后续翻译，等待0.5秒...
✓ 翻译处理完成
步骤4: 获取翻译结果...
翻译结果: 
✗ 翻译结果获取失败
   将重试...

开始翻译流程 (尝试 2/2):
========================================
步骤1: 输入藏语文本...
已输入藏语文本: སྤྱིར་ཡིན་ན་ཁོས་དངོས་ཟོག་མང་བོ་ཞིག་འཁུར་ན་འོས་འདུག་ཅེས་འདོད།
✓ 文本输入成功
步骤2: 点击智能翻译按钮...
已点击智能翻译按钮
✓ 翻译按钮点击成功
步骤3: 等待翻译处理 (0.5秒) - 后续翻译，等待0.5秒...
✓ 翻译处理完成
步骤4: 获取翻译结果...
翻译结果: 他本应该载更多货物。
✓ 翻译结果获取成功
========================================
✓ 翻译成功
汉语结果: 他本应该载更多货物。
✓ 已保存到文件: 27/4500 条

[28/4500] 翻译进度: 0.6%
藏语原文: ད་ནི་བྱ་ཕོ་ཡང་མེད་པས་ང་རང་སྐྲག་དགོས་ས་གང་ཡང་མི་འདུ...

开始翻译流程 (尝试 1/2):
========================================
步骤1: 输入藏语文本...
已输入藏语文本: ད་ནི་བྱ་ཕོ་ཡང་མེད་པས་ང་རང་སྐྲག་དགོས་ས་གང་ཡང་མི་འདུག་སྙམ་ཞིང་།
✓ 文本输入成功
步骤2: 点击智能翻译按钮...
已点击智能翻译按钮
✓ 翻译按钮点击成功
步骤3: 等待翻译处理 (0.5秒) - 后续翻译，等待0.5秒...
✓ 翻译处理完成
步骤4: 获取翻译结果...
翻译结果: 我想：鸡都没有了，
✓ 翻译结果获取成功
========================================
✓ 翻译成功
汉语结果: 我想：鸡都没有了，
✓ 已保存到文件: 28/4500 条

[29/4500] 翻译进度: 0.6%
藏语原文: རི་བྱ་དེར་བརྙས་བཅོས་བྱས་ཏེ་གཞའ་ས་གང་ཡང་མེད་པར་གྱུར...

开始翻译流程 (尝试 1/2):
========================================
步骤1: 输入藏语文本...
已输入藏语文本: རི་བྱ་དེར་བརྙས་བཅོས་བྱས་ཏེ་གཞའ་ས་གང་ཡང་མེད་པར་གྱུར་ནས་གྲུ་ཟུར་ཞིག་ཏུ་ང་རྒྱལ་ཅན་གྱི་བྱ་ཕོ་དེ་དང་རྒྱང་གྱེས་ཏེ་འཁུམས་ནས་མི་འདུག་ཀ་མེད་བྱུང་།
✓ 文本输入成功
步骤2: 点击智能翻译按钮...
已点击智能翻译按钮
✓ 翻译按钮点击成功
步骤3: 等待翻译处理 (0.5秒) - 后续翻译，等待0.5秒...
✓ 翻译处理完成
步骤4: 获取翻译结果...
翻译结果: 山鸡被欺负得无所逃避，只好躲在角落里远离那自以为是的公鸡。
✓ 翻译结果获取成功
========================================
✓ 翻译成功
汉语结果: 山鸡被欺负得无所逃避，只好躲在角落里远离那自以为是的公鸡。
✓ 已保存到文件: 29/4500 条

[30/4500] 翻译进度: 0.7%
藏语原文: མུ་ཏིག་དེ་ཁུ་སིམ་མེར་ལོགས་ཤིག་ཏུ་བསྡད་ནས་འདུག་པ་ལས...

开始翻译流程 (尝试 1/2):
========================================
步骤1: 输入藏语文本...
已输入藏语文本: མུ་ཏིག་དེ་ཁུ་སིམ་མེར་ལོགས་ཤིག་ཏུ་བསྡད་ནས་འདུག་པ་ལས་རང་ཉིད་ངོམ་སོ་གང་ཡང་བྱེད་ཀྱིན་མེད།
✓ 文本输入成功
步骤2: 点击智能翻译按钮...
已点击智能翻译按钮
✓ 翻译按钮点击成功
步骤3: 等待翻译处理 (0.5秒) - 后续翻译，等待0.5秒...
✓ 翻译处理完成
步骤4: 获取翻译结果...
翻译结果: 
✗ 翻译结果获取失败
   将重试...

开始翻译流程 (尝试 2/2):
========================================
步骤1: 输入藏语文本...
已输入藏语文本: མུ་ཏིག་དེ་ཁུ་སིམ་མེར་ལོགས་ཤིག་ཏུ་བསྡད་ནས་འདུག་པ་ལས་རང་ཉིད་ངོམ་སོ་གང་ཡང་བྱེད་ཀྱིན་མེད།
✓ 文本输入成功
步骤2: 点击智能翻译按钮...
已点击智能翻译按钮
✓ 翻译按钮点击成功
步骤3: 等待翻译处理 (0.5秒) - 后续翻译，等待0.5秒...
✓ 翻译处理完成
步骤4: 获取翻译结果...
翻译结果: 那颗珍珠默默地坐着，一点也不炫耀自己。
✓ 翻译结果获取成功
========================================
✓ 翻译成功
汉语结果: 那颗珍珠默默地坐着，一点也不炫耀自己。
✓ 已保存到文件: 30/4500 条

[31/4500] 翻译进度: 0.7%
藏语原文: མཉམ་དུ་རྩེད་འཇོར་རོལ་ནས་འཚོ་བ་རོལ་ན་ཇི་འདྲ་འདུག་ཅེ...

开始翻译流程 (尝试 1/2):
========================================
步骤1: 输入藏语文本...
已输入藏语文本: མཉམ་དུ་རྩེད་འཇོར་རོལ་ནས་འཚོ་བ་རོལ་ན་ཇི་འདྲ་འདུག་ཅེས་དྲིས།
✓ 文本输入成功
步骤2: 点击智能翻译按钮...
已点击智能翻译按钮
✓ 翻译按钮点击成功
步骤3: 等待翻译处理 (0.5秒) - 后续翻译，等待0.5秒...
✓ 翻译处理完成
步骤4: 获取翻译结果...
获取翻译结果时出错: Message: tab crashed
  (Session info: chrome=143.0.7499.169)

✗ 翻译结果获取失败
   将重试...

开始翻译流程 (尝试 2/2):
========================================
步骤1: 输入藏语文本...
输入文本时出错: Message: tab crashed
  (Session info: chrome=143.0.7499.169)

✗ 输入文本失败
========================================
✗ 翻译失败，跳过此行
✓ 已保存到文件: 31/4500 条

[32/4500] 翻译进度: 0.7%
藏语原文: བྱི་བ་ཆུང་ཆུང་ཐབས་ཟད་འུ་ཐུག་སྟེ་སྦལ་བ་དང་མཉམ་དུ་མི...

开始翻译流程 (尝试 1/2):
========================================
步骤1: 输入藏语文本...
输入文本时出错: Message: tab crashed
  (Session info: chrome=143.0.7499.169)

✗ 输入文本失败

开始翻译流程 (尝试 2/2):
========================================
步骤1: 输入藏语文本...
输入文本时出错: Message: tab crashed
  (Session info: chrome=143.0.7499.169)

✗ 输入文本失败
========================================
✗ 翻译失败，跳过此行
✓ 已保存到文件: 32/4500 条

[33/4500] 翻译进度: 0.7%
藏语原文: གལ་ཏེ་ཁྱེད་ཀྱིས་ང་རང་ཡུན་རིང་གསོན་དུ་བཅུག་ཚེ་ངས་ཁྱ...

开始翻译流程 (尝试 1/2):
========================================
步骤1: 输入藏语文本...
输入文本时出错: Message: tab crashed
  (Session info: chrome=143.0.7499.169)

✗ 输入文本失败

开始翻译流程 (尝试 2/2):
========================================
步骤1: 输入藏语文本...
输入文本时出错: Message: tab crashed
  (Session info: chrome=143.0.7499.169)

✗ 输入文本失败
========================================
✗ 翻译失败，跳过此行
✓ 已保存到文件: 33/4500 条

[34/4500] 翻译进度: 0.8%
藏语原文: ཏག་ཏག་ལྗོན་པའི་སྟེང་དུ་བསྡད་དེ་གྲག་བཞིན་འདུག་ཝ་དེ་...

开始翻译流程 (尝试 1/2):
========================================
步骤1: 输入藏语文本...
输入文本时出错: Message: tab crashed
  (Session info: chrome=143.0.7499.169)

✗ 输入文本失败

开始翻译流程 (尝试 2/2):
========================================
步骤1: 输入藏语文本...
输入文本时出错: Message: tab crashed
  (Session info: chrome=143.0.7499.169)

✗ 输入文本失败
========================================
✗ 翻译失败，跳过此行
✓ 已保存到文件: 34/4500 条

[35/4500] 翻译进度: 0.8%
藏语原文: ཁོས་ཁྲག་བཞུར་བཞིན་པའི་ཝ་ཞིག་རྩྭ་གསེབ་ཏུ་ཉལ་འདུག་པ་...

开始翻译流程 (尝试 1/2):
========================================
步骤1: 输入藏语文本...
输入文本时出错: Message: tab crashed
  (Session info: chrome=143.0.7499.169)

✗ 输入文本失败

开始翻译流程 (尝试 2/2):
========================================
步骤1: 输入藏语文本...
输入文本时出错: Message: tab crashed
  (Session info: chrome=143.0.7499.169)

✗ 输入文本失败
========================================
✗ 翻译失败，跳过此行
✓ 已保存到文件: 35/4500 条

[36/4500] 翻译进度: 0.8%
藏语原文: དེའི་ཉེ་སར་བཅར་ནས་ལྟ་སྐབས་ཧ་ཅང་འཇིགས་ཡེར་བ་ཞིག་འདུ...

开始翻译流程 (尝试 1/2):
========================================
步骤1: 输入藏语文本...
输入文本时出错: Message: tab crashed
  (Session info: chrome=143.0.7499.169)

✗ 输入文本失败

开始翻译流程 (尝试 2/2):
========================================
步骤1: 输入藏语文本...
输入文本时出错: Message: tab crashed
  (Session info: chrome=143.0.7499.169)

✗ 输入文本失败
========================================
✗ 翻译失败，跳过此行
✓ 已保存到文件: 36/4500 条

[37/4500] 翻译进度: 0.8%
藏语原文: དེ་ཚོས་གོ་སྐབས་འགྲིག་མི་འདུག་ཅེས་ཁ་གཡར་ས་བཙལ་རྒྱུར...

开始翻译流程 (尝试 1/2):
========================================
步骤1: 输入藏语文本...
输入文本时出错: Message: tab crashed
  (Session info: chrome=143.0.7499.169)

✗ 输入文本失败

开始翻译流程 (尝试 2/2):
========================================
步骤1: 输入藏语文本...
输入文本时出错: Message: tab crashed
  (Session info: chrome=143.0.7499.169)

✗ 输入文本失败
========================================
✗ 翻译失败，跳过此行
✓ 已保存到文件: 37/4500 条

[38/4500] 翻译进度: 0.8%
藏语原文: ཁོས་སེམས་ཆུང་ངང་ཕྱོགས་བཞིར་བལྟས་ཙ་ན།

开始翻译流程 (尝试 1/2):
========================================
步骤1: 输入藏语文本...
输入文本时出错: Message: tab crashed
  (Session info: chrome=143.0.7499.169)

✗ 输入文本失败

开始翻译流程 (尝试 2/2):
========================================
步骤1: 输入藏语文本...
输入文本时出错: Message: tab crashed
  (Session info: chrome=143.0.7499.169)

✗ 输入文本失败
========================================
✗ 翻译失败，跳过此行
✓ 已保存到文件: 38/4500 条

[39/4500] 翻译进度: 0.9%
藏语原文: ཁོས་ད་དུང་རང་ཉིད་ཀྱིས་གསོག་འཇོག་བྱས་ཡོད་པའི་སྲན་མ་...

开始翻译流程 (尝试 1/2):
========================================
步骤1: 输入藏语文本...
输入文本时出错: Message: tab crashed
  (Session info: chrome=143.0.7499.169)

✗ 输入文本失败

开始翻译流程 (尝试 2/2):
========================================
步骤1: 输入藏语文本...
输入文本时出错: Message: tab crashed
  (Session info: chrome=143.0.7499.169)

✗ 输入文本失败
========================================
✗ 翻译失败，跳过此行
✓ 已保存到文件: 39/4500 条

[40/4500] 翻译进度: 0.9%
藏语原文: འཚོ་བའི་ཆུ་ཚད་ནི་ཁྱིམ་བྱི་དང་རྩ་བ་ནས་བསྡུར་ཐབས་མི་...

开始翻译流程 (尝试 1/2):
========================================
步骤1: 输入藏语文本...
输入文本时出错: Message: tab crashed
  (Session info: chrome=143.0.7499.169)

✗ 输入文本失败

开始翻译流程 (尝试 2/2):
========================================
步骤1: 输入藏语文本...
输入文本时出错: Message: tab crashed
  (Session info: chrome=143.0.7499.169)

✗ 输入文本失败
========================================
✗ 翻译失败，跳过此行
✓ 已保存到文件: 40/4500 条

[41/4500] 翻译进度: 0.9%
藏语原文: ཁྱིམ་བྱི་སྐྲག་པས་ངོ་ཡང་སྐྱ་བོར་གྱུར་ཅིང་ཡ་ཐོད་དུ་ར...

开始翻译流程 (尝试 1/2):
========================================
步骤1: 输入藏语文本...
输入文本时出错: Message: tab crashed
  (Session info: chrome=143.0.7499.169)

✗ 输入文本失败

开始翻译流程 (尝试 2/2):
========================================
步骤1: 输入藏语文本...
输入文本时出错: Message: tab crashed
  (Session info: chrome=143.0.7499.169)

✗ 输入文本失败
========================================
✗ 翻译失败，跳过此行
✓ 已保存到文件: 41/4500 条

[42/4500] 翻译进度: 0.9%
藏语原文: དེ་ལས་ལྡོག་སྟེ་སྔོན་མ་ལས་ཀྱང་ཇེ་སྡུག་ཏུ་གྱུར་འདུག་...

开始翻译流程 (尝试 1/2):
========================================
步骤1: 输入藏语文本...
输入文本时出错: Message: tab crashed
  (Session info: chrome=143.0.7499.169)

✗ 输入文本失败

开始翻译流程 (尝试 2/2):
========================================
步骤1: 输入藏语文本...
输入文本时出错: Message: tab crashed
  (Session info: chrome=143.0.7499.169)

✗ 输入文本失败
========================================
✗ 翻译失败，跳过此行
✓ 已保存到文件: 42/4500 条

[43/4500] 翻译进度: 1.0%
藏语原文: འདིས་ཁོ་རང་རིགས་ཀྱི་མདུན་དུ་མགོ་ཡང་འགྱོགས་མི་ཐུབ་པ...

开始翻译流程 (尝试 1/2):
========================================
步骤1: 输入藏语文本...
输入文本时出错: Message: tab crashed
  (Session info: chrome=143.0.7499.169)

✗ 输入文本失败

开始翻译流程 (尝试 2/2):
========================================
步骤1: 输入藏语文本...
输入文本时出错: Message: tab crashed
  (Session info: chrome=143.0.7499.169)

✗ 输入文本失败
========================================
✗ 翻译失败，跳过此行
✓ 已保存到文件: 43/4500 条

[44/4500] 翻译进度: 1.0%
藏语原文: དེ་ལྟར་བྱས་ན་ཚང་མ་ལ་ཁྱད་པར་མི་འདུག་པས།

开始翻译流程 (尝试 1/2):
========================================
步骤1: 输入藏语文本...
输入文本时出错: Message: tab crashed
  (Session info: chrome=143.0.7499.169)

✗ 输入文本失败

开始翻译流程 (尝试 2/2):
========================================
步骤1: 输入藏语文本...
输入文本时出错: Message: tab crashed
  (Session info: chrome=143.0.7499.169)

✗ 输入文本失败
========================================
✗ 翻译失败，跳过此行
✓ 已保存到文件: 44/4500 条

[45/4500] 翻译进度: 1.0%
藏语原文: ད་ལྟ་དེ་འདྲ་མ་ཡིན་པར་རྡོ་རྗེ་ཕ་ལམ་གྱི་གོ་ས་ནི་མཐོན...

开始翻译流程 (尝试 1/2):
========================================
步骤1: 输入藏语文本...
输入文本时出错: Message: tab crashed
  (Session info: chrome=143.0.7499.169)

✗ 输入文本失败

开始翻译流程 (尝试 2/2):
========================================
步骤1: 输入藏语文本...
输入文本时出错: Message: tab crashed
  (Session info: chrome=143.0.7499.169)

✗ 输入文本失败
========================================
✗ 翻译失败，跳过此行
✓ 已保存到文件: 45/4500 条

[46/4500] 翻译进度: 1.0%
藏语原文: ད་དུང་འབབ་མཚམས་འཇོག་རྒྱུའི་མངོན་རྟགས་གང་ཡང་མི་འདུག...

开始翻译流程 (尝试 1/2):
========================================
步骤1: 输入藏语文本...
输入文本时出错: Message: tab crashed
  (Session info: chrome=143.0.7499.169)

✗ 输入文本失败

开始翻译流程 (尝试 2/2):
========================================
步骤1: 输入藏语文本...
输入文本时出错: Message: tab crashed
  (Session info: chrome=143.0.7499.169)

✗ 输入文本失败
========================================
✗ 翻译失败，跳过此行
✓ 已保存到文件: 46/4500 条

[47/4500] 翻译进度: 1.0%
藏语原文: ལམ་དུ་ཤིང་རྟ་དང་མི་གང་ཡང་འགྲོ་ཐབས་མི་འདུག་ལུག་རྫི་...

开始翻译流程 (尝试 1/2):
========================================
步骤1: 输入藏语文本...
输入文本时出错: Message: tab crashed
  (Session info: chrome=143.0.7499.169)

✗ 输入文本失败

开始翻译流程 (尝试 2/2):
========================================
步骤1: 输入藏语文本...
输入文本时出错: Message: tab crashed
  (Session info: chrome=143.0.7499.169)

✗ 输入文本失败
========================================
✗ 翻译失败，跳过此行
✓ 已保存到文件: 47/4500 条

[48/4500] 翻译进度: 1.1%
藏语原文: ཁ་བ་འབབ་མཚམས་འཇོག་དུས་སུ་ད་གཟོད་ཁྱིམ་ལ་ལོག་རྒྱུ་ལས...

开始翻译流程 (尝试 1/2):
========================================
步骤1: 输入藏语文本...
输入文本时出错: Message: tab crashed
  (Session info: chrome=143.0.7499.169)

✗ 输入文本失败

开始翻译流程 (尝试 2/2):
========================================
步骤1: 输入藏语文本...
输入文本时出错: Message: tab crashed
  (Session info: chrome=143.0.7499.169)

✗ 输入文本失败
========================================
✗ 翻译失败，跳过此行
✓ 已保存到文件: 48/4500 条

[49/4500] 翻译进度: 1.1%
藏语原文: ལྷ་སྐུ་ལ་འགྱུར་བ་གང་ཡང་མེད་པར་ད་དུང་མིག་ཟུང་བཙུམས་...

开始翻译流程 (尝试 1/2):
========================================
步骤1: 输入藏语文本...
输入文本时出错: Message: tab crashed
  (Session info: chrome=143.0.7499.169)

✗ 输入文本失败

开始翻译流程 (尝试 2/2):
========================================
步骤1: 输入藏语文本...
输入文本时出错: Message: tab crashed
  (Session info: chrome=143.0.7499.169)

✗ 输入文本失败
========================================
✗ 翻译失败，跳过此行
✓ 已保存到文件: 49/4500 条

[50/4500] 翻译进度: 1.1%
藏语原文: གླང་རྒན་དང་སེང་གེ་གཉིས་མཉམ་དུ་སེང་གེ་འདུག་སར་ཡོང་འ...

开始翻译流程 (尝试 1/2):
========================================
步骤1: 输入藏语文本...
输入文本时出错: Message: tab crashed
  (Session info: chrome=143.0.7499.169)

✗ 输入文本失败

开始翻译流程 (尝试 2/2):
========================================
步骤1: 输入藏语文本...
输入文本时出错: Message: tab crashed
  (Session info: chrome=143.0.7499.169)

✗ 输入文本失败
========================================
✗ 翻译失败，跳过此行
✓ 已保存到文件: 50/4500 条

[51/4500] 翻译进度: 1.1%
藏语原文: ད་དུང་འཇིགས་སྣང་བསྐྱེད་པའི་གྲི་ཞིག་བཅས་འདུག་པ་ལ་གླ...

开始翻译流程 (尝试 1/2):
========================================
步骤1: 输入藏语文本...
输入文本时出错: Message: tab crashed
  (Session info: chrome=143.0.7499.169)

✗ 输入文本失败

开始翻译流程 (尝试 2/2):
========================================
步骤1: 输入藏语文本...
输入文本时出错: Message: tab crashed
  (Session info: chrome=143.0.7499.169)

✗ 输入文本失败
========================================
✗ 翻译失败，跳过此行
✓ 已保存到文件: 51/4500 条

[52/4500] 翻译进度: 1.2%
藏语原文: ང་རང་ནང་དུ་འཛུལ་རྒྱུའི་སྤོབས་པ་ཡོད་སྲིད་དམ།

开始翻译流程 (尝试 1/2):
========================================
步骤1: 输入藏语文本...
输入文本时出错: Message: tab crashed
  (Session info: chrome=143.0.7499.169)

✗ 输入文本失败

开始翻译流程 (尝试 2/2):
========================================
步骤1: 输入藏语文本...
输入文本时出错: Message: tab crashed
  (Session info: chrome=143.0.7499.169)

✗ 输入文本失败
========================================
✗ 翻译失败，跳过此行
✓ 已保存到文件: 52/4500 条

[53/4500] 翻译进度: 1.2%
藏语原文: གལ་ཏེ་ངས་སེང་ལྤགས་འདི་གྱོན་ན་ང་རང་སེང་གེ་འདྲ་ཞིག་བ...

开始翻译流程 (尝试 1/2):
========================================
步骤1: 输入藏语文本...
输入文本时出错: Message: tab crashed
  (Session info: chrome=143.0.7499.169)

✗ 输入文本失败

开始翻译流程 (尝试 2/2):
========================================
步骤1: 输入藏语文本...
输入文本时出错: Message: tab crashed
  (Session info: chrome=143.0.7499.169)

✗ 输入文本失败
========================================
✗ 翻译失败，跳过此行
✓ 已保存到文件: 53/4500 条

[54/4500] 翻译进度: 1.2%
藏语原文: རི་བོང་ཆུང་ཆུང་ཞིག་རྩྭ་གསེབ་ཏུ་རྩེད་འཇོར་རོལ་ནས་འད...

开始翻译流程 (尝试 1/2):
========================================
步骤1: 输入藏语文本...
输入文本时出错: Message: tab crashed
  (Session info: chrome=143.0.7499.169)

✗ 输入文本失败

开始翻译流程 (尝试 2/2):
========================================
步骤1: 输入藏语文本...
输入文本时出错: Message: tab crashed
  (Session info: chrome=143.0.7499.169)

✗ 输入文本失败
========================================
✗ 翻译失败，跳过此行
✓ 已保存到文件: 54/4500 条

[55/4500] 翻译进度: 1.2%
藏语原文: ཁྱེད་རང་ཆུ་བོའི་སྟོད་རྒྱུད་དུ་ཡོད།

开始翻译流程 (尝试 1/2):
========================================
步骤1: 输入藏语文本...
输入文本时出错: Message: tab crashed
  (Session info: chrome=143.0.7499.169)

✗ 输入文本失败

开始翻译流程 (尝试 2/2):
========================================
步骤1: 输入藏语文本...
输入文本时出错: Message: tab crashed
  (Session info: chrome=143.0.7499.169)

✗ 输入文本失败
========================================
✗ 翻译失败，跳过此行
✓ 已保存到文件: 55/4500 条

[56/4500] 翻译进度: 1.2%
藏语原文: ང་ཡང་གནས་ཡར་སྤར་མར་སྤར་བྱ་རྒྱུར་དགའ་བོ་མི་འདུག་གནའ...

开始翻译流程 (尝试 1/2):
========================================
步骤1: 输入藏语文本...
输入文本时出错: Message: tab crashed
  (Session info: chrome=143.0.7499.169)

✗ 输入文本失败

开始翻译流程 (尝试 2/2):
========================================
步骤1: 输入藏语文本...
输入文本时出错: Message: tab crashed
  (Session info: chrome=143.0.7499.169)

✗ 输入文本失败
========================================
✗ 翻译失败，跳过此行
✓ 已保存到文件: 56/4500 条

[57/4500] 翻译进度: 1.3%
藏语原文: དེ་བས་ང་རང་གནས་སྤོར་དགོས་དོན་ཡོད་དམ།

开始翻译流程 (尝试 1/2):
========================================
步骤1: 输入藏语文本...
输入文本时出错: Message: tab crashed
  (Session info: chrome=143.0.7499.169)

✗ 输入文本失败

开始翻译流程 (尝试 2/2):
========================================
步骤1: 输入藏语文本...
输入文本时出错: Message: tab crashed
  (Session info: chrome=143.0.7499.169)

✗ 输入文本失败
========================================
✗ 翻译失败，跳过此行
✓ 已保存到文件: 57/4500 条

[58/4500] 翻译进度: 1.3%
藏语原文: ང་རང་གནས་འདིར་ལོབས་ཡོད་པས།

开始翻译流程 (尝试 1/2):
========================================
步骤1: 输入藏语文本...
输入文本时出错: Message: tab crashed
  (Session info: chrome=143.0.7499.169)

✗ 输入文本失败

开始翻译流程 (尝试 2/2):
========================================
步骤1: 输入藏语文本...
输入文本时出错: Message: tab crashed
  (Session info: chrome=143.0.7499.169)

✗ 输入文本失败
========================================
✗ 翻译失败，跳过此行
✓ 已保存到文件: 58/4500 条

[59/4500] 翻译进度: 1.3%
藏语原文: ང་རང་ངོ་མ་ཁྱེད་ལ་ཡིད་སྨོན་འཆོར།

开始翻译流程 (尝试 1/2):
========================================
步骤1: 输入藏语文本...
输入文本时出错: Message: tab crashed
  (Session info: chrome=143.0.7499.169)

✗ 输入文本失败

开始翻译流程 (尝试 2/2):
========================================
步骤1: 输入藏语文本...
输入文本时出错: Message: tab crashed
  (Session info: chrome=143.0.7499.169)

✗ 输入文本失败
========================================
✗ 翻译失败，跳过此行
✓ 已保存到文件: 59/4500 条

[60/4500] 翻译进度: 1.3%
藏语原文: ད་དུང་ཁྱེད་ལ་སྟོབས་ཤུགས་ལྡན་པར་མ་ཟད་རང་རྟོན་ཆེ་བ་འ...

开始翻译流程 (尝试 1/2):
========================================
步骤1: 输入藏语文本...
输入文本时出错: Message: tab crashed
  (Session info: chrome=143.0.7499.169)

✗ 输入文本失败

开始翻译流程 (尝试 2/2):
========================================
步骤1: 输入藏语文本...
输入文本时出错: Message: tab crashed
  (Session info: chrome=143.0.7499.169)

✗ 输入文本失败
========================================
✗ 翻译失败，跳过此行
✓ 已保存到文件: 60/4500 条

[61/4500] 翻译进度: 1.4%
藏语原文: བོ་རོ་ཙ་ན་ནས་ལོ་ཆེན་རིན་ཆེན་བཟང་པོའི་སྐབས།

开始翻译流程 (尝试 1/2):
========================================
步骤1: 输入藏语文本...
输入文本时出错: Message: tab crashed
  (Session info: chrome=143.0.7499.169)

✗ 输入文本失败

开始翻译流程 (尝试 2/2):
========================================
步骤1: 输入藏语文本...
输入文本时出错: Message: tab crashed
  (Session info: chrome=143.0.7499.169)

✗ 输入文本失败
========================================
✗ 翻译失败，跳过此行
✓ 已保存到文件: 61/4500 条

[62/4500] 翻译进度: 1.4%
藏语原文: དེ་བཞིན་གཤེགས་དང་རང་རྒྱལ་རིང་བསྲེལ་རྣམས།

开始翻译流程 (尝试 1/2):
========================================
步骤1: 输入藏语文本...
输入文本时出错: Message: tab crashed
  (Session info: chrome=143.0.7499.169)

✗ 输入文本失败

开始翻译流程 (尝试 2/2):
========================================
步骤1: 输入藏语文本...
输入文本时出错: Message: tab crashed
  (Session info: chrome=143.0.7499.169)

✗ 输入文本失败
========================================
✗ 翻译失败，跳过此行
✓ 已保存到文件: 62/4500 条

[63/4500] 翻译进度: 1.4%
藏语原文: སྔོ་སེར་དུ་འདུག་ན་ཐོན་ཀ་ཞེས་དང་།

开始翻译流程 (尝试 1/2):
========================================
步骤1: 输入藏语文本...
输入文本时出错: Message: tab crashed
  (Session info: chrome=143.0.7499.169)

✗ 输入文本失败

开始翻译流程 (尝试 2/2):
========================================
步骤1: 输入藏语文本...
输入文本时出错: Message: tab crashed
  (Session info: chrome=143.0.7499.169)

✗ 输入文本失败
========================================
✗ 翻译失败，跳过此行
✓ 已保存到文件: 63/4500 条

[64/4500] 翻译进度: 1.4%
藏语原文: སྔོ་སེར་འདུག་ན་ཐོན་ཀའམ་ཀེ་ཀེ་རུ།

开始翻译流程 (尝试 1/2):
========================================
步骤1: 输入藏语文本...
输入文本时出错: Message: tab crashed
  (Session info: chrome=143.0.7499.169)

✗ 输入文本失败

开始翻译流程 (尝试 2/2):
========================================
步骤1: 输入藏语文本...
输入文本时出错: Message: tab crashed
  (Session info: chrome=143.0.7499.169)

✗ 输入文本失败
========================================
✗ 翻译失败，跳过此行
✓ 已保存到文件: 64/4500 条

[65/4500] 翻译进度: 1.4%
藏语原文: སྔོན་པོ་འདུག་ན་ཨིནྡྲ་སྙིལ་རྙིལ་ཞེས་བརྗོད།

开始翻译流程 (尝试 1/2):
========================================
步骤1: 输入藏语文本...
输入文本时出错: Message: tab crashed
  (Session info: chrome=143.0.7499.169)

✗ 输入文本失败

开始翻译流程 (尝试 2/2):
========================================
步骤1: 输入藏语文本...
输入文本时出错: Message: tab crashed
  (Session info: chrome=143.0.7499.169)

✗ 输入文本失败
========================================
✗ 翻译失败，跳过此行
✓ 已保存到文件: 65/4500 条

[66/4500] 翻译进度: 1.5%
藏语原文: ཁམས་རྣམས་ལས་ནི་རང་རང་ཁུ་བ་འཛག།

开始翻译流程 (尝试 1/2):
========================================
步骤1: 输入藏语文本...
输入文本时出错: Message: tab crashed
  (Session info: chrome=143.0.7499.169)

✗ 输入文本失败

开始翻译流程 (尝试 2/2):
========================================
步骤1: 输入藏语文本...
输入文本时出错: Message: tab crashed
  (Session info: chrome=143.0.7499.169)

✗ 输入文本失败
========================================
✗ 翻译失败，跳过此行
✓ 已保存到文件: 66/4500 条

[67/4500] 翻译进度: 1.5%
藏语原文: ཁམས་རྣམས་རང་རང་ཁུ་བ་འཛག།

开始翻译流程 (尝试 1/2):
========================================
步骤1: 输入藏语文本...
输入文本时出错: Message: tab crashed
  (Session info: chrome=143.0.7499.169)

✗ 输入文本失败

开始翻译流程 (尝试 2/2):
========================================
步骤1: 输入藏语文本...
输入文本时出错: Message: tab crashed
  (Session info: chrome=143.0.7499.169)

✗ 输入文本失败
========================================
✗ 翻译失败，跳过此行
✓ 已保存到文件: 67/4500 条

[68/4500] 翻译进度: 1.5%
藏语原文: རང་རང་ཡུལ་གྱི་སྐད་ཀྱིས་ནི།

开始翻译流程 (尝试 1/2):
========================================
步骤1: 输入藏语文本...
输入文本时出错: Message: tab crashed
  (Session info: chrome=143.0.7499.169)

✗ 输入文本失败

开始翻译流程 (尝试 2/2):
========================================
步骤1: 输入藏语文本...
输入文本时出错: Message: tab crashed
  (Session info: chrome=143.0.7499.169)

✗ 输入文本失败
========================================
✗ 翻译失败，跳过此行
✓ 已保存到文件: 68/4500 条

[69/4500] 翻译进度: 1.5%
藏语原文: གྷའུ་ལོ་ཙ་ན་སྟེ།

开始翻译流程 (尝试 1/2):
========================================
步骤1: 输入藏语文本...
输入文本时出错: Message: tab crashed
  (Session info: chrome=143.0.7499.169)

✗ 输入文本失败

开始翻译流程 (尝试 2/2):
========================================
步骤1: 输入藏语文本...
输入文本时出错: Message: tab crashed
  (Session info: chrome=143.0.7499.169)

✗ 输入文本失败
========================================
✗ 翻译失败，跳过此行
✓ 已保存到文件: 69/4500 条

[70/4500] 翻译进度: 1.6%
藏语原文: ཨ་ལ་ལ་ཨ་ཙི་བྷ་ཏི་ཨ་ཙི་ཞེས་སོགས་སོ།

开始翻译流程 (尝试 1/2):
========================================
步骤1: 输入藏语文本...
输入文本时出错: Message: tab crashed
  (Session info: chrome=143.0.7499.169)

✗ 输入文本失败

开始翻译流程 (尝试 2/2):
========================================
步骤1: 输入藏语文本...
输入文本时出错: Message: tab crashed
  (Session info: chrome=143.0.7499.169)

✗ 输入文本失败
========================================
✗ 翻译失败，跳过此行
✓ 已保存到文件: 70/4500 条

[71/4500] 翻译进度: 1.6%
藏语原文: མེ་ཏོག་རང་རང་ཁ་དོག་ཡོད།

开始翻译流程 (尝试 1/2):
========================================
步骤1: 输入藏语文本...
输入文本时出错: Message: tab crashed
  (Session info: chrome=143.0.7499.169)

✗ 输入文本失败

开始翻译流程 (尝试 2/2):
========================================
步骤1: 输入藏语文本...
输入文本时出错: Message: tab crashed
  (Session info: chrome=143.0.7499.169)

✗ 输入文本失败
========================================
✗ 翻译失败，跳过此行
✓ 已保存到文件: 71/4500 条

[72/4500] 翻译进度: 1.6%
藏语原文: རང་རང་ནུས་མཐུ་བསམ་མི་ཁྱབ།

开始翻译流程 (尝试 1/2):
========================================
步骤1: 输入藏语文本...
输入文本时出错: Message: tab crashed
  (Session info: chrome=143.0.7499.169)

✗ 输入文本失败

开始翻译流程 (尝试 2/2):
========================================
步骤1: 输入藏语文本...
输入文本时出错: Message: tab crashed
  (Session info: chrome=143.0.7499.169)

✗ 输入文本失败
========================================
✗ 翻译失败，跳过此行
✓ 已保存到文件: 72/4500 条

[73/4500] 翻译进度: 1.6%
藏语原文: སྡོང་པོ་དཀར་ཞིང་ཕྲ་བར་འདུག།

开始翻译流程 (尝试 1/2):
========================================
步骤1: 输入藏语文本...
输入文本时出错: Message: tab crashed
  (Session info: chrome=143.0.7499.169)

✗ 输入文本失败

开始翻译流程 (尝试 2/2):
========================================
步骤1: 输入藏语文本...
输入文本时出错: Message: tab crashed
  (Session info: chrome=143.0.7499.169)

✗ 输入文本失败
========================================
✗ 翻译失败，跳过此行
✓ 已保存到文件: 73/4500 条

[74/4500] 翻译进度: 1.6%
藏语原文: མིང་ནི་ཨ་ཞང་ཅ་ལྷ་ཞེས་བྱའོ།

开始翻译流程 (尝试 1/2):
========================================
步骤1: 输入藏语文本...
输入文本时出错: Message: tab crashed
  (Session info: chrome=143.0.7499.169)

✗ 输入文本失败

开始翻译流程 (尝试 2/2):
========================================
步骤1: 输入藏语文本...
输入文本时出错: Message: tab crashed
  (Session info: chrome=143.0.7499.169)

✗ 输入文本失败
========================================
✗ 翻译失败，跳过此行
✓ 已保存到文件: 74/4500 条

[75/4500] 翻译进度: 1.7%
藏语原文: གཞན་ཡང་རང་འགྲེལ་དུ།

开始翻译流程 (尝试 1/2):
========================================
步骤1: 输入藏语文本...
输入文本时出错: Message: tab crashed
  (Session info: chrome=143.0.7499.169)

✗ 输入文本失败

开始翻译流程 (尝试 2/2):
========================================
步骤1: 输入藏语文本...
输入文本时出错: Message: tab crashed
  (Session info: chrome=143.0.7499.169)

✗ 输入文本失败
========================================
✗ 翻译失败，跳过此行
✓ 已保存到文件: 75/4500 条

[76/4500] 翻译进度: 1.7%
藏语原文: ཅུང་ཟད་རྒྱས་པ་ཞིག་གནང་འདུག་ཀྱང་བརྗོད་བྱ་བསྡུས་དྲགས...

开始翻译流程 (尝试 1/2):
========================================
步骤1: 输入藏语文本...
输入文本时出错: Message: tab crashed
  (Session info: chrome=143.0.7499.169)

✗ 输入文本失败

开始翻译流程 (尝试 2/2):
========================================
步骤1: 输入藏语文本...
输入文本时出错: Message: tab crashed
  (Session info: chrome=143.0.7499.169)

✗ 输入文本失败
========================================
✗ 翻译失败，跳过此行
✓ 已保存到文件: 76/4500 条

[77/4500] 翻译进度: 1.7%
藏语原文: རང་རང་ཡུལ་གྱི་སྐད་ཀྱིས་ནི།

开始翻译流程 (尝试 1/2):
========================================
步骤1: 输入藏语文本...
输入文本时出错: Message: tab crashed
  (Session info: chrome=143.0.7499.169)

✗ 输入文本失败

开始翻译流程 (尝试 2/2):
========================================
步骤1: 输入藏语文本...
输入文本时出错: Message: tab crashed
  (Session info: chrome=143.0.7499.169)

✗ 输入文本失败
========================================
✗ 翻译失败，跳过此行
✓ 已保存到文件: 77/4500 条

[78/4500] 翻译进度: 1.7%
藏语原文: རོ་ཙ་ན་ནི་འཕྲལ་ལ་ཁུ་བ་སྐྱེད་ནུས་པ་དང་།

开始翻译流程 (尝试 1/2):
========================================
步骤1: 输入藏语文本...
输入文本时出错: Message: tab crashed
  (Session info: chrome=143.0.7499.169)

✗ 输入文本失败

开始翻译流程 (尝试 2/2):
========================================
步骤1: 输入藏语文本...
输入文本时出错: Message: tab crashed
  (Session info: chrome=143.0.7499.169)

✗ 输入文本失败
========================================
✗ 翻译失败，跳过此行
✓ 已保存到文件: 78/4500 条

[79/4500] 翻译进度: 1.8%
藏语原文: ལྟར་སྣང་མ་བཅོས་ཀྱང་རང་བཞིན་གྱིས་འཚོ་བ་བཞིར་ཕྱེ་བས་...

开始翻译流程 (尝试 1/2):
========================================
步骤1: 输入藏语文本...
输入文本时出错: Message: tab crashed
  (Session info: chrome=143.0.7499.169)

✗ 输入文本失败

开始翻译流程 (尝试 2/2):
========================================
步骤1: 输入藏语文本...
输入文本时出错: Message: tab crashed
  (Session info: chrome=143.0.7499.169)

✗ 输入文本失败
========================================
✗ 翻译失败，跳过此行
✓ 已保存到文件: 79/4500 条

[80/4500] 翻译进度: 1.8%
藏语原文: རང་རང་སྐྱེད་པའི་རྒྱུ།

开始翻译流程 (尝试 1/2):
========================================
步骤1: 输入藏语文本...
输入文本时出错: Message: tab crashed
  (Session info: chrome=143.0.7499.169)

✗ 输入文本失败

开始翻译流程 (尝试 2/2):
========================================
步骤1: 输入藏语文本...
输入文本时出错: Message: tab crashed
  (Session info: chrome=143.0.7499.169)

✗ 输入文本失败
========================================
✗ 翻译失败，跳过此行
✓ 已保存到文件: 80/4500 条

[81/4500] 翻译进度: 1.8%
藏语原文: འགྲོ་འདུག་ཐབས།

开始翻译流程 (尝试 1/2):
========================================
步骤1: 输入藏语文本...
输入文本时出错: Message: tab crashed
  (Session info: chrome=143.0.7499.169)

✗ 输入文本失败

开始翻译流程 (尝试 2/2):
========================================
步骤1: 输入藏语文本...
输入文本时出错: Message: tab crashed
  (Session info: chrome=143.0.7499.169)

✗ 输入文本失败
========================================
✗ 翻译失败，跳过此行
✓ 已保存到文件: 81/4500 条

[82/4500] 翻译进度: 1.8%
藏语原文: དང་པོ་དེ་ལ་རང་གནས་སུ་གསོག་དུས་སུ་བསལ་བ་། རྩ་བ་བཞི་...

开始翻译流程 (尝试 1/2):
========================================
步骤1: 输入藏语文本...
输入文本时出错: Message: tab crashed
  (Session info: chrome=143.0.7499.169)

✗ 输入文本失败

开始翻译流程 (尝试 2/2):
========================================
步骤1: 输入藏语文本...
输入文本时出错: Message: tab crashed
  (Session info: chrome=143.0.7499.169)

✗ 输入文本失败
========================================
✗ 翻译失败，跳过此行
✓ 已保存到文件: 82/4500 条

[83/4500] 翻译进度: 1.8%
藏语原文: གཉིས་པ་དེ་ལ་གསོག་དུས་ཞི་བ་དང་།

开始翻译流程 (尝试 1/2):
========================================
步骤1: 输入藏语文本...
输入文本时出错: Message: tab crashed
  (Session info: chrome=143.0.7499.169)

✗ 输入文本失败

开始翻译流程 (尝试 2/2):
========================================
步骤1: 输入藏语文本...
输入文本时出错: Message: tab crashed
  (Session info: chrome=143.0.7499.169)

✗ 输入文本失败
========================================
✗ 翻译失败，跳过此行
✓ 已保存到文件: 83/4500 条

[84/4500] 翻译进度: 1.9%
藏语原文: མ་ཞི་བའི་རྟགས་འདུག་ན་བཅོས་པ་དང་།

开始翻译流程 (尝试 1/2):
========================================
步骤1: 输入藏语文本...
输入文本时出错: Message: tab crashed
  (Session info: chrome=143.0.7499.169)

✗ 输入文本失败

开始翻译流程 (尝试 2/2):
========================================
步骤1: 输入藏语文本...
输入文本时出错: Message: tab crashed
  (Session info: chrome=143.0.7499.169)

✗ 输入文本失败
========================================
✗ 翻译失败，跳过此行
✓ 已保存到文件: 84/4500 条

[85/4500] 翻译进度: 1.9%
藏语原文: དལ་བར་འདུག་པ་དང་།

开始翻译流程 (尝试 1/2):
========================================
步骤1: 输入藏语文本...
输入文本时出错: Message: tab crashed
  (Session info: chrome=143.0.7499.169)

✗ 输入文本失败

开始翻译流程 (尝试 2/2):
========================================
步骤1: 输入藏语文本...
输入文本时出错: Message: tab crashed
  (Session info: chrome=143.0.7499.169)

✗ 输入文本失败
========================================
✗ 翻译失败，跳过此行
✓ 已保存到文件: 85/4500 条

[86/4500] 翻译进度: 1.9%
藏语原文: སྤྱོད་ལམ་བསིལ་སར་དལ་བར་འདུག་པ།

开始翻译流程 (尝试 1/2):
========================================
步骤1: 输入藏语文本...
输入文本时出错: Message: tab crashed
  (Session info: chrome=143.0.7499.169)

✗ 输入文本失败

开始翻译流程 (尝试 2/2):
========================================
步骤1: 输入藏语文本...
输入文本时出错: Message: tab crashed
  (Session info: chrome=143.0.7499.169)

✗ 输入文本失败
========================================
✗ 翻译失败，跳过此行
✓ 已保存到文件: 86/4500 条

[87/4500] 翻译进度: 1.9%
藏语原文: སྤྱི་དང་བྱེ་བྲག་སྐག་དུས་གསུམ།

开始翻译流程 (尝试 1/2):
========================================
步骤1: 输入藏语文本...
输入文本时出错: Message: tab crashed
  (Session info: chrome=143.0.7499.169)

✗ 输入文本失败

开始翻译流程 (尝试 2/2):
========================================
步骤1: 输入藏语文本...
输入文本时出错: Message: tab crashed
  (Session info: chrome=143.0.7499.169)

✗ 输入文本失败
========================================
✗ 翻译失败，跳过此行
✓ 已保存到文件: 87/4500 条

[88/4500] 翻译进度: 2.0%
藏语原文: རང་རང་བློ་མཉམ་འགའ་ལའང་ཕན་སྲིད་སྙམ།

开始翻译流程 (尝试 1/2):
========================================
步骤1: 输入藏语文本...
输入文本时出错: Message: tab crashed
  (Session info: chrome=143.0.7499.169)

✗ 输入文本失败

开始翻译流程 (尝试 2/2):
========================================
步骤1: 输入藏语文本...
输入文本时出错: Message: tab crashed
  (Session info: chrome=143.0.7499.169)

✗ 输入文本失败
========================================
✗ 翻译失败，跳过此行
✓ 已保存到文件: 88/4500 条

[89/4500] 翻译进度: 2.0%
藏语原文: ཆུར་སྦྱངས་གར་སླ་འོ་ཙམ་དཀར་ཡོལ་བླུགས།

开始翻译流程 (尝试 1/2):
========================================
步骤1: 输入藏语文本...
输入文本时出错: Message: tab crashed
  (Session info: chrome=143.0.7499.169)

✗ 输入文本失败

开始翻译流程 (尝试 2/2):
========================================
步骤1: 输入藏语文本...
输入文本时出错: Message: tab crashed
  (Session info: chrome=143.0.7499.169)

✗ 输入文本失败
========================================
✗ 翻译失败，跳过此行
✓ 已保存到文件: 89/4500 条

[90/4500] 翻译进度: 2.0%
藏语原文: ཅེས་པ་འདོད་ཚུལ་མང་ཡང་རང་ལུགས་ནི།

开始翻译流程 (尝试 1/2):
========================================
步骤1: 输入藏语文本...
输入文本时出错: Message: tab crashed
  (Session info: chrome=143.0.7499.169)

✗ 输入文本失败

开始翻译流程 (尝试 2/2):
========================================
步骤1: 输入藏语文本...
输入文本时出错: Message: tab crashed
  (Session info: chrome=143.0.7499.169)

✗ 输入文本失败
========================================
✗ 翻译失败，跳过此行
✓ 已保存到文件: 90/4500 条

[91/4500] 翻译进度: 2.0%
藏语原文: འགྲོ་འདུག་སྤྱོད་ལམ་ཀུན་ཏུ་བརྩོན་བྱས་ན།

开始翻译流程 (尝试 1/2):
========================================
步骤1: 输入藏语文本...
输入文本时出错: Message: tab crashed
  (Session info: chrome=143.0.7499.169)

✗ 输入文本失败

开始翻译流程 (尝试 2/2):
========================================
步骤1: 输入藏语文本...
输入文本时出错: Message: tab crashed
  (Session info: chrome=143.0.7499.169)

✗ 输入文本失败
========================================
✗ 翻译失败，跳过此行
✓ 已保存到文件: 91/4500 条

[92/4500] 翻译进度: 2.0%
藏语原文: བེ་རོ་ཙ་ན་ནས་ལོ་ཆེན་རིན་ཆེན་བཟང་པོའི་སྐབས།

开始翻译流程 (尝试 1/2):
========================================
步骤1: 输入藏语文本...
输入文本时出错: Message: tab crashed
  (Session info: chrome=143.0.7499.169)

✗ 输入文本失败

开始翻译流程 (尝试 2/2):
========================================
步骤1: 输入藏语文本...
输入文本时出错: Message: tab crashed
  (Session info: chrome=143.0.7499.169)

✗ 输入文本失败
========================================
✗ 翻译失败，跳过此行
✓ 已保存到文件: 92/4500 条

[93/4500] 翻译进度: 2.1%
藏语原文: གཏེར་དེ་འདོན་པའི་གཏེར་སྟོན་དང་འདོན་པའི་དུས་ཚོད་དང་...

开始翻译流程 (尝试 1/2):
========================================
步骤1: 输入藏语文本...
输入文本时出错: Message: tab crashed
  (Session info: chrome=143.0.7499.169)

✗ 输入文本失败

开始翻译流程 (尝试 2/2):
========================================
步骤1: 输入藏语文本...
输入文本时出错: Message: tab crashed
  (Session info: chrome=143.0.7499.169)

✗ 输入文本失败
========================================
✗ 翻译失败，跳过此行
✓ 已保存到文件: 93/4500 条

[94/4500] 翻译进度: 2.1%
藏语原文: དེ་ནུབ་དེ་བསྒྲལ་འདུག་གསུངས།

开始翻译流程 (尝试 1/2):
========================================
步骤1: 输入藏语文本...
输入文本时出错: Message: tab crashed
  (Session info: chrome=143.0.7499.169)

✗ 输入文本失败

开始翻译流程 (尝试 2/2):
========================================
步骤1: 输入藏语文本...
输入文本时出错: Message: tab crashed
  (Session info: chrome=143.0.7499.169)

✗ 输入文本失败
========================================
✗ 翻译失败，跳过此行
✓ 已保存到文件: 94/4500 条

[95/4500] 翻译进度: 2.1%
藏语原文: རྒྱུག་རྒྱུག་ནས་མར་འོང་ནས་འདུག་དུས་སྔར་ལྟར་འདུག་གསུ...

开始翻译流程 (尝试 1/2):
========================================
步骤1: 输入藏语文本...
输入文本时出错: Message: tab crashed
  (Session info: chrome=143.0.7499.169)

✗ 输入文本失败

开始翻译流程 (尝试 2/2):
========================================
步骤1: 输入藏语文本...
输入文本时出错: Message: tab crashed
  (Session info: chrome=143.0.7499.169)

✗ 输入文本失败
========================================
✗ 翻译失败，跳过此行
✓ 已保存到文件: 95/4500 条

[96/4500] 翻译进度: 2.1%
藏语原文: གནས་མུན་ཁུང་དྲོ་སར་འདུག་པའི་ལོ་མ།

开始翻译流程 (尝试 1/2):
========================================
步骤1: 输入藏语文本...
输入文本时出错: Message: tab crashed
  (Session info: chrome=143.0.7499.169)

✗ 输入文本失败

开始翻译流程 (尝试 2/2):
========================================
步骤1: 输入藏语文本...
输入文本时出错: Message: tab crashed
  (Session info: chrome=143.0.7499.169)

✗ 输入文本失败
========================================
✗ 翻译失败，跳过此行
✓ 已保存到文件: 96/4500 条

[97/4500] 翻译进度: 2.2%
藏语原文: གནས་ཆུ་འགྲམ་བསིལ་སར་འདུག་པའི་ལོ་མ།

开始翻译流程 (尝试 1/2):
========================================
步骤1: 输入藏语文本...
输入文本时出错: Message: tab crashed
  (Session info: chrome=143.0.7499.169)

✗ 输入文本失败

开始翻译流程 (尝试 2/2):
========================================
步骤1: 输入藏语文本...
输入文本时出错: Message: tab crashed
  (Session info: chrome=143.0.7499.169)

✗ 输入文本失败
========================================
✗ 翻译失败，跳过此行
✓ 已保存到文件: 97/4500 条

[98/4500] 翻译进度: 2.2%
藏语原文: སྤྱོད་ལམ་དལ་བར་འདུག་པའི་ལོ་མ།

开始翻译流程 (尝试 1/2):
========================================
步骤1: 输入藏语文本...
输入文本时出错: Message: tab crashed
  (Session info: chrome=143.0.7499.169)

✗ 输入文本失败

开始翻译流程 (尝试 2/2):
========================================
步骤1: 输入藏语文本...
输入文本时出错: Message: tab crashed
  (Session info: chrome=143.0.7499.169)

✗ 输入文本失败
========================================
✗ 翻译失败，跳过此行
✓ 已保存到文件: 98/4500 条

[99/4500] 翻译进度: 2.2%
藏语原文: གནས་དྲོ་སར་འདུག་པའི་ལོ་མ།

开始翻译流程 (尝试 1/2):
========================================
步骤1: 输入藏语文本...
输入文本时出错: Message: tab crashed
  (Session info: chrome=143.0.7499.169)

✗ 输入文本失败

开始翻译流程 (尝试 2/2):
========================================
步骤1: 输入藏语文本...
输入文本时出错: Message: tab crashed
  (Session info: chrome=143.0.7499.169)

✗ 输入文本失败
========================================
✗ 翻译失败，跳过此行
✓ 已保存到文件: 99/4500 条

[100/4500] 翻译进度: 2.2%
藏语原文: དྭངས་མ་སོགས་གནོད་བྱ་རྣམས་རང་རང་རྒྱུ་བའི་བུ་གར་སྐྱེ...

开始翻译流程 (尝试 1/2):
========================================
步骤1: 输入藏语文本...
输入文本时出错: Message: tab crashed
  (Session info: chrome=143.0.7499.169)

✗ 输入文本失败

开始翻译流程 (尝试 2/2):
========================================
步骤1: 输入藏语文本...
输入文本时出错: Message: tab crashed
  (Session info: chrome=143.0.7499.169)

✗ 输入文本失败
========================================
✗ 翻译失败，跳过此行
✓ 已保存到文件: 100/4500 条

[101/4500] 翻译进度: 2.2%
藏语原文: དེ་བརྒྱ་ཉི་ཤུ་ལ་དེའི་སྐད་ཅིག་མ་གཅིག་དེ་དྲུག་ཅུ་ལ་ཐ...

开始翻译流程 (尝试 1/2):
========================================
步骤1: 输入藏语文本...
输入文本时出错: Message: tab crashed
  (Session info: chrome=143.0.7499.169)

✗ 输入文本失败

开始翻译流程 (尝试 2/2):
========================================
步骤1: 输入藏语文本...
输入文本时出错: Message: tab crashed
  (Session info: chrome=143.0.7499.169)

✗ 输入文本失败
========================================
✗ 翻译失败，跳过此行
✓ 已保存到文件: 101/4500 条

[102/4500] 翻译进度: 2.3%
藏语原文: ཡིད་འོང་སྙན་ཚིག་བསིལ་གནས་དལ་བར་འདུག།

开始翻译流程 (尝试 1/2):
========================================
步骤1: 输入藏语文本...
输入文本时出错: Message: tab crashed
  (Session info: chrome=143.0.7499.169)

✗ 输入文本失败

开始翻译流程 (尝试 2/2):
========================================
步骤1: 输入藏语文本...
输入文本时出错: Message: tab crashed
  (Session info: chrome=143.0.7499.169)

✗ 输入文本失败
========================================
✗ 翻译失败，跳过此行
✓ 已保存到文件: 102/4500 条

[103/4500] 翻译进度: 2.3%
藏语原文: གཡས་གཡོན་ཚོན་ཕྱེད་ལ་ལར་ཚོན་གང་ཞེས་འདུག་པས་འདི་ཅུང་...

开始翻译流程 (尝试 1/2):
========================================
步骤1: 输入藏语文本...
输入文本时出错: Message: tab crashed
  (Session info: chrome=143.0.7499.169)

✗ 输入文本失败

开始翻译流程 (尝试 2/2):
========================================
步骤1: 输入藏语文本...
输入文本时出错: Message: tab crashed
  (Session info: chrome=143.0.7499.169)

✗ 输入文本失败
========================================
✗ 翻译失败，跳过此行
✓ 已保存到文件: 103/4500 条

[104/4500] 翻译进度: 2.3%
藏语原文: གསུམ་ག་དུས་གཅིག་འཇོག།

开始翻译流程 (尝试 1/2):
========================================
步骤1: 输入藏语文本...
输入文本时出错: Message: tab crashed
  (Session info: chrome=143.0.7499.169)

✗ 输入文本失败

开始翻译流程 (尝试 2/2):
========================================
步骤1: 输入藏语文本...
输入文本时出错: Message: tab crashed
  (Session info: chrome=143.0.7499.169)

✗ 输入文本失败
========================================
✗ 翻译失败，跳过此行
✓ 已保存到文件: 104/4500 条

[105/4500] 翻译进度: 2.3%
藏语原文: དང་པོ་འཇུག་དུས་ཆུ་ཚན་ཆུ་སྐྱུར་སྐྱུག།

开始翻译流程 (尝试 1/2):
========================================
步骤1: 输入藏语文本...
输入文本时出错: Message: tab crashed
  (Session info: chrome=143.0.7499.169)

✗ 输入文本失败

开始翻译流程 (尝试 2/2):
========================================
步骤1: 输入藏语文本...
输入文本时出错: Message: tab crashed
  (Session info: chrome=143.0.7499.169)

✗ 输入文本失败
========================================
✗ 翻译失败，跳过此行
✓ 已保存到文件: 105/4500 条

[106/4500] 翻译进度: 2.4%
藏语原文: རྒྱ་ཤལ་བཤལ་སྐྱུག་དུས་ཙན་དན་གུར་ཀུམ་དང་།

开始翻译流程 (尝试 1/2):
========================================
步骤1: 输入藏语文本...
输入文本时出错: Message: tab crashed
  (Session info: chrome=143.0.7499.169)

✗ 输入文本失败

开始翻译流程 (尝试 2/2):
========================================
步骤1: 输入藏语文本...
输入文本时出错: Message: tab crashed
  (Session info: chrome=143.0.7499.169)

✗ 输入文本失败
========================================
✗ 翻译失败，跳过此行
✓ 已保存到文件: 106/4500 条

[107/4500] 翻译进度: 2.4%
藏语原文: ཁྲག་རུལ་དུད་ཁུ་སྐྱུག་དུས་སེ་འབྲུ་དང་།

开始翻译流程 (尝试 1/2):
========================================
步骤1: 输入藏语文本...
输入文本时出错: Message: tab crashed
  (Session info: chrome=143.0.7499.169)

✗ 输入文本失败

开始翻译流程 (尝试 2/2):
========================================
步骤1: 输入藏语文本...
输入文本时出错: Message: tab crashed
  (Session info: chrome=143.0.7499.169)

✗ 输入文本失败
========================================
✗ 翻译失败，跳过此行
✓ 已保存到文件: 107/4500 条

[108/4500] 翻译进度: 2.4%
藏语原文: དོན་ལྔ་རང་རང་རྩ་ལ་གཏར་བ་སྟེ།

开始翻译流程 (尝试 1/2):
========================================
步骤1: 输入藏语文本...
输入文本时出错: Message: tab crashed
  (Session info: chrome=143.0.7499.169)

✗ 输入文本失败

开始翻译流程 (尝试 2/2):
========================================
步骤1: 输入藏语文本...
输入文本时出错: Message: tab crashed
  (Session info: chrome=143.0.7499.169)

✗ 输入文本失败
========================================
✗ 翻译失败，跳过此行
✓ 已保存到文件: 108/4500 条

[109/4500] 翻译进度: 2.4%
藏语原文: དང་པོ་འཇུག་དུས་ལུས་ཉོབ་རྔམ་པ་རྒོད།

开始翻译流程 (尝试 1/2):
========================================
步骤1: 输入藏语文本...
输入文本时出错: Message: tab crashed
  (Session info: chrome=143.0.7499.169)

✗ 输入文本失败

开始翻译流程 (尝试 2/2):
========================================
步骤1: 输入藏语文本...
输入文本时出错: Message: tab crashed
  (Session info: chrome=143.0.7499.169)

✗ 输入文本失败
========================================
✗ 翻译失败，跳过此行
✓ 已保存到文件: 109/4500 条

[110/4500] 翻译进度: 2.4%
藏语原文: བསིལ་བའི་གནས་སུ་ལུས་སེམས་དལ་བར་འདུག།

开始翻译流程 (尝试 1/2):
========================================
步骤1: 输入藏语文本...
输入文本时出错: Message: tab crashed
  (Session info: chrome=143.0.7499.169)

✗ 输入文本失败

开始翻译流程 (尝试 2/2):
========================================
步骤1: 输入藏语文本...
输入文本时出错: Message: tab crashed
  (Session info: chrome=143.0.7499.169)

✗ 输入文本失败
========================================
✗ 翻译失败，跳过此行
✓ 已保存到文件: 110/4500 条

[111/4500] 翻译进度: 2.5%
藏语原文: རང་རང་སྐབས་ཐོབ་བརྩིས་པ་རིག་པས་དཔྱད།

开始翻译流程 (尝试 1/2):
========================================
步骤1: 输入藏语文本...
输入文本时出错: Message: tab crashed
  (Session info: chrome=143.0.7499.169)

✗ 输入文本失败

开始翻译流程 (尝试 2/2):
========================================
步骤1: 输入藏语文本...
输入文本时出错: Message: tab crashed
  (Session info: chrome=143.0.7499.169)

✗ 输入文本失败
========================================
✗ 翻译失败，跳过此行
✓ 已保存到文件: 111/4500 条

[112/4500] 翻译进度: 2.5%
藏语原文: སྤྱོད་ལམ་དྲག་ཤུལ་སྤངས་ལ་སྙོམས་པར་འདུག།

开始翻译流程 (尝试 1/2):
========================================
步骤1: 输入藏语文本...
输入文本时出错: Message: tab crashed
  (Session info: chrome=143.0.7499.169)

✗ 输入文本失败

开始翻译流程 (尝试 2/2):
========================================
步骤1: 输入藏语文本...
输入文本时出错: Message: tab crashed
  (Session info: chrome=143.0.7499.169)

✗ 输入文本失败
========================================
✗ 翻译失败，跳过此行
✓ 已保存到文件: 112/4500 条

[113/4500] 翻译进度: 2.5%
藏语原文: སྤྱོད་ལམ་བསིལ་གནས་ལུས་ངག་དལ་བར་འདུག།

开始翻译流程 (尝试 1/2):
========================================
步骤1: 输入藏语文本...
输入文本时出错: Message: tab crashed
  (Session info: chrome=143.0.7499.169)

✗ 输入文本失败

开始翻译流程 (尝试 2/2):
========================================
步骤1: 输入藏语文本...
输入文本时出错: Message: tab crashed
  (Session info: chrome=143.0.7499.169)

✗ 输入文本失败
========================================
✗ 翻译失败，跳过此行
✓ 已保存到文件: 113/4500 条

[114/4500] 翻译进度: 2.5%
藏语原文: དྲག་ཤུལ་ལས་སྤང་དྲོ་བའི་གནས་སུ་འདུག།

开始翻译流程 (尝试 1/2):
========================================
步骤1: 输入藏语文本...
输入文本时出错: Message: tab crashed
  (Session info: chrome=143.0.7499.169)

✗ 输入文本失败

开始翻译流程 (尝试 2/2):
========================================
步骤1: 输入藏语文本...
输入文本时出错: Message: tab crashed
  (Session info: chrome=143.0.7499.169)

✗ 输入文本失败
========================================
✗ 翻译失败，跳过此行
✓ 已保存到文件: 114/4500 条

[115/4500] 翻译进度: 2.6%
藏语原文: འོན་ཀྱང་རྩ་རྒྱུད་ཇི་ལྟར་འདུག་ཀྱང་རུང་།

开始翻译流程 (尝试 1/2):
========================================
步骤1: 输入藏语文本...
输入文本时出错: Message: tab crashed
  (Session info: chrome=143.0.7499.169)

✗ 输入文本失败

开始翻译流程 (尝试 2/2):
========================================
步骤1: 输入藏语文本...
输入文本时出错: Message: tab crashed
  (Session info: chrome=143.0.7499.169)

✗ 输入文本失败
========================================
✗ 翻译失败，跳过此行
✓ 已保存到文件: 115/4500 条

[116/4500] 翻译进度: 2.6%
藏语原文: རང་རང་སྔགས་ཀྱིས་བརླབས་ལ་འཆང་བས་ཐུབ།

开始翻译流程 (尝试 1/2):
========================================
步骤1: 输入藏语文本...
输入文本时出错: Message: tab crashed
  (Session info: chrome=143.0.7499.169)

✗ 输入文本失败

开始翻译流程 (尝试 2/2):
========================================
步骤1: 输入藏语文本...
输入文本时出错: Message: tab crashed
  (Session info: chrome=143.0.7499.169)

✗ 输入文本失败
========================================
✗ 翻译失败，跳过此行
✓ 已保存到文件: 116/4500 条

[117/4500] 翻译进度: 2.6%
藏语原文: འོག་ཏུ་བྱེ་བྲག་རང་རང་ལེའུར་གསལ།

开始翻译流程 (尝试 1/2):
========================================
步骤1: 输入藏语文本...
输入文本时出错: Message: tab crashed
  (Session info: chrome=143.0.7499.169)

✗ 输入文本失败

开始翻译流程 (尝试 2/2):
========================================
步骤1: 输入藏语文本...
输入文本时出错: Message: tab crashed
  (Session info: chrome=143.0.7499.169)

✗ 输入文本失败
========================================
✗ 翻译失败，跳过此行
✓ 已保存到文件: 117/4500 条

[118/4500] 翻译进度: 2.6%
藏语原文: དྲོ་གྲང་སྙོམས་པར་འདུག་ལ་དྲག་ཤུལ་སྤང་།

开始翻译流程 (尝试 1/2):
========================================
步骤1: 输入藏语文本...
输入文本时出错: Message: tab crashed
  (Session info: chrome=143.0.7499.169)

✗ 输入文本失败

开始翻译流程 (尝试 2/2):
========================================
步骤1: 输入藏语文本...
输入文本时出错: Message: tab crashed
  (Session info: chrome=143.0.7499.169)

✗ 输入文本失败
========================================
✗ 翻译失败，跳过此行
✓ 已保存到文件: 118/4500 条

[119/4500] 翻译进度: 2.6%
藏语原文: དབེན་པར་འདུག།

开始翻译流程 (尝试 1/2):
========================================
步骤1: 输入藏语文本...
输入文本时出错: Message: tab crashed
  (Session info: chrome=143.0.7499.169)

✗ 输入文本失败

开始翻译流程 (尝试 2/2):
========================================
步骤1: 输入藏语文本...
输入文本时出错: Message: tab crashed
  (Session info: chrome=143.0.7499.169)

✗ 输入文本失败
========================================
✗ 翻译失败，跳过此行
✓ 已保存到文件: 119/4500 条

[120/4500] 翻译进度: 2.7%
藏语原文: སྤྱོད་ལམ་གོས་དྲོ་དབེན་གནས་སྙོམས་པར་འདུག།

开始翻译流程 (尝试 1/2):
========================================
步骤1: 输入藏语文本...
输入文本时出错: Message: tab crashed
  (Session info: chrome=143.0.7499.169)

✗ 输入文本失败

开始翻译流程 (尝试 2/2):
========================================
步骤1: 输入藏语文本...
输入文本时出错: Message: tab crashed
  (Session info: chrome=143.0.7499.169)

✗ 输入文本失败
========================================
✗ 翻译失败，跳过此行
✓ 已保存到文件: 120/4500 条

[121/4500] 翻译进度: 2.7%
藏语原文: སྤྱོད་ལམ་དྲག་ཤུལ་འགྲུལ་བསྲུང་སྙོམས་པར་འདུག།

开始翻译流程 (尝试 1/2):
========================================
步骤1: 输入藏语文本...
输入文本时出错: Message: tab crashed
  (Session info: chrome=143.0.7499.169)

✗ 输入文本失败

开始翻译流程 (尝试 2/2):
========================================
步骤1: 输入藏语文本...
输入文本时出错: Message: tab crashed
  (Session info: chrome=143.0.7499.169)

✗ 输入文本失败
========================================
✗ 翻译失败，跳过此行
✓ 已保存到文件: 121/4500 条

[122/4500] 翻译进度: 2.7%
藏语原文: རང་བྱུང་རང་ཤར་ལྷ་ཡི་སྐུ།

开始翻译流程 (尝试 1/2):
========================================
步骤1: 输入藏语文本...
输入文本时出错: Message: tab crashed
  (Session info: chrome=143.0.7499.169)

✗ 输入文本失败

开始翻译流程 (尝试 2/2):
========================================
步骤1: 输入藏语文本...
输入文本时出错: Message: tab crashed
  (Session info: chrome=143.0.7499.169)

✗ 输入文本失败
========================================
✗ 翻译失败，跳过此行
✓ 已保存到文件: 122/4500 条

[123/4500] 翻译进度: 2.7%
藏语原文: མ་འདྲེས་ཁྲམ་ཁྲམ་ཁྲུམ་འདུག་ན་འཆི།

开始翻译流程 (尝试 1/2):
========================================
步骤1: 输入藏语文本...
输入文本时出错: Message: tab crashed
  (Session info: chrome=143.0.7499.169)

✗ 输入文本失败

开始翻译流程 (尝试 2/2):
========================================
步骤1: 输入藏语文本...
输入文本时出错: Message: tab crashed
  (Session info: chrome=143.0.7499.169)

✗ 输入文本失败
========================================
✗ 翻译失败，跳过此行
✓ 已保存到文件: 123/4500 条

[124/4500] 翻译进度: 2.8%
藏语原文: ཞིབ་བརྟགས་རང་རང་སྐབས་སུ་འཆད།

开始翻译流程 (尝试 1/2):
========================================
步骤1: 输入藏语文本...
输入文本时出错: Message: tab crashed
  (Session info: chrome=143.0.7499.169)

✗ 输入文本失败

开始翻译流程 (尝试 2/2):
========================================
步骤1: 输入藏语文本...
输入文本时出错: Message: tab crashed
  (Session info: chrome=143.0.7499.169)

✗ 输入文本失败
========================================
✗ 翻译失败，跳过此行
✓ 已保存到文件: 124/4500 条

[125/4500] 翻译进度: 2.8%
藏语原文: རང་རང་གཉེན་པོ་བསྣན་པ་ཆུ་སྐོལ་དབུལ།

开始翻译流程 (尝试 1/2):
========================================
步骤1: 输入藏语文本...
输入文本时出错: Message: tab crashed
  (Session info: chrome=143.0.7499.169)

✗ 输入文本失败

开始翻译流程 (尝试 2/2):
========================================
步骤1: 输入藏语文本...
输入文本时出错: Message: tab crashed
  (Session info: chrome=143.0.7499.169)

✗ 输入文本失败
========================================
✗ 翻译失败，跳过此行
✓ 已保存到文件: 125/4500 条

[126/4500] 翻译进度: 2.8%
藏语原文: རོ་ཙ་ནེ།

开始翻译流程 (尝试 1/2):
========================================
步骤1: 输入藏语文本...
输入文本时出错: Message: tab crashed
  (Session info: chrome=143.0.7499.169)

✗ 输入文本失败

开始翻译流程 (尝试 2/2):
========================================
步骤1: 输入藏语文本...
输入文本时出错: Message: tab crashed
  (Session info: chrome=143.0.7499.169)

✗ 输入文本失败
========================================
✗ 翻译失败，跳过此行
✓ 已保存到文件: 126/4500 条

[127/4500] 翻译进度: 2.8%
藏语原文: རིགས་ལྔའི་སྔགས་བེ་རོ་ཙ་ན་ཨོཾ།

开始翻译流程 (尝试 1/2):
========================================
步骤1: 输入藏语文本...
输入文本时出错: Message: tab crashed
  (Session info: chrome=143.0.7499.169)

✗ 输入文本失败

开始翻译流程 (尝试 2/2):
========================================
步骤1: 输入藏语文本...
输入文本时出错: Message: tab crashed
  (Session info: chrome=143.0.7499.169)

✗ 输入文本失败
========================================
✗ 翻译失败，跳过此行
✓ 已保存到文件: 127/4500 条

[128/4500] 翻译进度: 2.8%
藏语原文: དེས་ཕན་པ་ལས་གནོད་པ་ཆེ་བའི་ངག་རྒྱུན་དང་མིག་མཐོང་འདུ...

开始翻译流程 (尝试 1/2):
========================================
步骤1: 输入藏语文本...
输入文本时出错: Message: tab crashed
  (Session info: chrome=143.0.7499.169)

✗ 输入文本失败

开始翻译流程 (尝试 2/2):
========================================
步骤1: 输入藏语文本...
输入文本时出错: Message: tab crashed
  (Session info: chrome=143.0.7499.169)

✗ 输入文本失败
========================================
✗ 翻译失败，跳过此行
✓ 已保存到文件: 128/4500 条

[129/4500] 翻译进度: 2.9%
藏语原文: འདི་ནི་སེར་པོ་མཁྲིས་ཐབས་སྐྱུག་དུས་བསྔགས་།

开始翻译流程 (尝试 1/2):
========================================
步骤1: 输入藏语文本...
输入文本时出错: Message: tab crashed
  (Session info: chrome=143.0.7499.169)

✗ 输入文本失败

开始翻译流程 (尝试 2/2):
========================================
步骤1: 输入藏语文本...
输入文本时出错: Message: tab crashed
  (Session info: chrome=143.0.7499.169)

✗ 输入文本失败
========================================
✗ 翻译失败，跳过此行
✓ 已保存到文件: 129/4500 条

[130/4500] 翻译进度: 2.9%
藏语原文: དང་པོ་འཇུག་དུས་ལུས་ཉོབ་རྔམ་པ་རྒོད།

开始翻译流程 (尝试 1/2):
========================================
步骤1: 输入藏语文本...
输入文本时出错: Message: tab crashed
  (Session info: chrome=143.0.7499.169)

✗ 输入文本失败

开始翻译流程 (尝试 2/2):
========================================
步骤1: 输入藏语文本...
输入文本时出错: Message: tab crashed
  (Session info: chrome=143.0.7499.169)

✗ 输入文本失败
========================================
✗ 翻译失败，跳过此行
✓ 已保存到文件: 130/4500 条

[131/4500] 翻译进度: 2.9%
藏语原文: སྤྱོད་ལམ་གོས་དྲོ་ཚ་གྲང་སྙོམས་པར་འདུག།

开始翻译流程 (尝试 1/2):
========================================
步骤1: 输入藏语文本...
输入文本时出错: Message: tab crashed
  (Session info: chrome=143.0.7499.169)

✗ 输入文本失败

开始翻译流程 (尝试 2/2):
========================================
步骤1: 输入藏语文本...
输入文本时出错: Message: tab crashed
  (Session info: chrome=143.0.7499.169)

✗ 输入文本失败
========================================
✗ 翻译失败，跳过此行
✓ 已保存到文件: 131/4500 条

[132/4500] 翻译进度: 2.9%
藏语原文: འགྲོ་འདུག་ལ་སོགས་ལུས་ངག་རྩོལ་བ་སྤངས།

开始翻译流程 (尝试 1/2):
========================================
步骤1: 输入藏语文本...
输入文本时出错: Message: tab crashed
  (Session info: chrome=143.0.7499.169)

✗ 输入文本失败

开始翻译流程 (尝试 2/2):
========================================
步骤1: 输入藏语文本...
输入文本时出错: Message: tab crashed
  (Session info: chrome=143.0.7499.169)

✗ 输入文本失败
========================================
✗ 翻译失败，跳过此行
✓ 已保存到文件: 132/4500 条

[133/4500] 翻译进度: 3.0%
藏语原文: སྤྱོད་ལམ་དྲག་ཤུལ་ལས་སྤང་དྲོ་གནས་འདུག།

开始翻译流程 (尝试 1/2):
========================================
步骤1: 输入藏语文本...
输入文本时出错: Message: tab crashed
  (Session info: chrome=143.0.7499.169)

✗ 输入文本失败

开始翻译流程 (尝试 2/2):
========================================
步骤1: 输入藏语文本...
输入文本时出错: Message: tab crashed
  (Session info: chrome=143.0.7499.169)

✗ 输入文本失败
========================================
✗ 翻译失败，跳过此行
✓ 已保存到文件: 133/4500 条

[134/4500] 翻译进度: 3.0%
藏语原文: དཔྱད་ནི་གཏར་དང་རང་གསང་མེ་ཡིས་བསྡམ།

开始翻译流程 (尝试 1/2):
========================================
步骤1: 输入藏语文本...
输入文本时出错: Message: tab crashed
  (Session info: chrome=143.0.7499.169)

✗ 输入文本失败

开始翻译流程 (尝试 2/2):
========================================
步骤1: 输入藏语文本...
输入文本时出错: Message: tab crashed
  (Session info: chrome=143.0.7499.169)

✗ 输入文本失败
========================================
✗ 翻译失败，跳过此行
✓ 已保存到文件: 134/4500 条

[135/4500] 翻译进度: 3.0%
藏语原文: སྤྱོད་ལམ་བསིལ་གནས་དལ་འདུག་ཉིན་གཉིད་སྤངས།

开始翻译流程 (尝试 1/2):
========================================
步骤1: 输入藏语文本...
输入文本时出错: Message: tab crashed
  (Session info: chrome=143.0.7499.169)

✗ 输入文本失败

开始翻译流程 (尝试 2/2):
========================================
步骤1: 输入藏语文本...
输入文本时出错: Message: tab crashed
  (Session info: chrome=143.0.7499.169)

✗ 输入文本失败
========================================
✗ 翻译失败，跳过此行
✓ 已保存到文件: 135/4500 条

[136/4500] 翻译进度: 3.0%
藏语原文: དང་པོ་ལའང་རང་རྒྱུད་རྒྱས་འཁྲུགས་དང་།

开始翻译流程 (尝试 1/2):
========================================
步骤1: 输入藏语文本...
输入文本时出错: Message: tab crashed
  (Session info: chrome=143.0.7499.169)

✗ 输入文本失败

开始翻译流程 (尝试 2/2):
========================================
步骤1: 输入藏语文本...
输入文本时出错: Message: tab crashed
  (Session info: chrome=143.0.7499.169)

✗ 输入文本失败
========================================
✗ 翻译失败，跳过此行
✓ 已保存到文件: 136/4500 条

[137/4500] 翻译进度: 3.0%
藏语原文: སྤྱོད་ལམ་གོས་དྲོ་ཚ་གྲང་སྙོམས་པར་འདུག།

开始翻译流程 (尝试 1/2):
========================================
步骤1: 输入藏语文本...
输入文本时出错: Message: tab crashed
  (Session info: chrome=143.0.7499.169)

✗ 输入文本失败

开始翻译流程 (尝试 2/2):
========================================
步骤1: 输入藏语文本...
输入文本时出错: Message: tab crashed
  (Session info: chrome=143.0.7499.169)

✗ 输入文本失败
========================================
✗ 翻译失败，跳过此行
✓ 已保存到文件: 137/4500 条

[138/4500] 翻译进度: 3.1%
藏语原文: མགོ་ན་ཉལ་འདུག་མི་ཤེས་མཆིན་རྩ་འབུར།

开始翻译流程 (尝试 1/2):
========================================
步骤1: 输入藏语文本...
输入文本时出错: Message: tab crashed
  (Session info: chrome=143.0.7499.169)

✗ 输入文本失败

开始翻译流程 (尝试 2/2):
========================================
步骤1: 输入藏语文本...
输入文本时出错: Message: tab crashed
  (Session info: chrome=143.0.7499.169)

✗ 输入文本失败
========================================
✗ 翻译失败，跳过此行
✓ 已保存到文件: 138/4500 条

[139/4500] 翻译进度: 3.1%
藏语原文: སྤྱོད་ལམ་གོས་དྲོན་དབེན་པའི་གནས་སུ་འདུག།

开始翻译流程 (尝试 1/2):
========================================
步骤1: 输入藏语文本...
输入文本时出错: Message: tab crashed
  (Session info: chrome=143.0.7499.169)

✗ 输入文本失败

开始翻译流程 (尝试 2/2):
========================================
步骤1: 输入藏语文本...
输入文本时出错: Message: tab crashed
  (Session info: chrome=143.0.7499.169)

✗ 输入文本失败
========================================
✗ 翻译失败，跳过此行
✓ 已保存到文件: 139/4500 条

[140/4500] 翻译进度: 3.1%
藏语原文: གཉིས་པ་ལུས་ཀྱི་མེ་དྲོད་རང་གནས་འདུག།

开始翻译流程 (尝试 1/2):
========================================
步骤1: 输入藏语文本...
输入文本时出错: Message: tab crashed
  (Session info: chrome=143.0.7499.169)

✗ 输入文本失败

开始翻译流程 (尝试 2/2):
========================================
步骤1: 输入藏语文本...
输入文本时出错: Message: tab crashed
  (Session info: chrome=143.0.7499.169)

✗ 输入文本失败
========================================
✗ 翻译失败，跳过此行
✓ 已保存到文件: 140/4500 条

[141/4500] 翻译进度: 3.1%
藏语原文: རང་རང་ཁ་བསྒྱུར་བསྣན་པ་མཆོག་ཏུ་བསྔགས།

开始翻译流程 (尝试 1/2):
========================================
步骤1: 输入藏语文本...
输入文本时出错: Message: tab crashed
  (Session info: chrome=143.0.7499.169)

✗ 输入文本失败

开始翻译流程 (尝试 2/2):
========================================
步骤1: 输入藏语文本...
输入文本时出错: Message: tab crashed
  (Session info: chrome=143.0.7499.169)

✗ 输入文本失败
========================================
✗ 翻译失败，跳过此行
✓ 已保存到文件: 141/4500 条

[142/4500] 翻译进度: 3.2%
藏语原文: དེ་ནས་ས་ཡི་མེ་སྒྱེད་ཁ་གཡེར་བར་མེ་ལྕེས་བསྲེགས་པའི་ལ...

开始翻译流程 (尝试 1/2):
========================================
步骤1: 输入藏语文本...
输入文本时出错: Message: tab crashed
  (Session info: chrome=143.0.7499.169)

✗ 输入文本失败

开始翻译流程 (尝试 2/2):
========================================
步骤1: 输入藏语文本...
输入文本时出错: Message: tab crashed
  (Session info: chrome=143.0.7499.169)

✗ 输入文本失败
========================================
✗ 翻译失败，跳过此行
✓ 已保存到文件: 142/4500 条

[143/4500] 翻译进度: 3.2%
藏语原文: ཡི་དམ་སྔགས་ལ་ར་ས་ཡ་ནའི་སྔགས་བཏགས་པ་དང་བེ་རོ་ཙ་ན་ཨོ...

开始翻译流程 (尝试 1/2):
========================================
步骤1: 输入藏语文本...
输入文本时出错: Message: tab crashed
  (Session info: chrome=143.0.7499.169)

✗ 输入文本失败

开始翻译流程 (尝试 2/2):
========================================
步骤1: 输入藏语文本...
输入文本时出错: Message: tab crashed
  (Session info: chrome=143.0.7499.169)

✗ 输入文本失败
========================================
✗ 翻译失败，跳过此行
✓ 已保存到文件: 143/4500 条

[144/4500] 翻译进度: 3.2%
藏语原文: དང་པོ་འཇུག་དུས་ཆུ་ཚན་ཆུ་སྐྱུར་སྐྱུགས།

开始翻译流程 (尝试 1/2):
========================================
步骤1: 输入藏语文本...
输入文本时出错: Message: tab crashed
  (Session info: chrome=143.0.7499.169)

✗ 输入文本失败

开始翻译流程 (尝试 2/2):
========================================
步骤1: 输入藏语文本...
输入文本时出错: Message: tab crashed
  (Session info: chrome=143.0.7499.169)

✗ 输入文本失败
========================================
✗ 翻译失败，跳过此行
✓ 已保存到文件: 144/4500 条

[145/4500] 翻译进度: 3.2%
藏语原文: ཁྱེད་རང་རྣམས་ཀྱི་ངོ་སྐལ་དུ་བབས་པ་མཎྜལ་འབུལ་བའི་བྱ་...

开始翻译流程 (尝试 1/2):
========================================
步骤1: 输入藏语文本...
输入文本时出错: Message: tab crashed
  (Session info: chrome=143.0.7499.169)

✗ 输入文本失败

开始翻译流程 (尝试 2/2):
========================================
步骤1: 输入藏语文本...
输入文本时出错: Message: tab crashed
  (Session info: chrome=143.0.7499.169)

✗ 输入文本失败
========================================
✗ 翻译失败，跳过此行
✓ 已保存到文件: 145/4500 条

[146/4500] 翻译进度: 3.2%
藏语原文: འབྲིང་རང་རྒྱལ།

开始翻译流程 (尝试 1/2):
========================================
步骤1: 输入藏语文本...
输入文本时出错: Message: tab crashed
  (Session info: chrome=143.0.7499.169)

✗ 输入文本失败

开始翻译流程 (尝试 2/2):
========================================
步骤1: 输入藏语文本...
输入文本时出错: Message: tab crashed
  (Session info: chrome=143.0.7499.169)

✗ 输入文本失败
========================================
✗ 翻译失败，跳过此行
✓ 已保存到文件: 146/4500 条

[147/4500] 翻译进度: 3.3%
藏语原文: ཧྲཱི་བདག་ཉིད་པདྨ་འབྱུང་གནས་སྐུར་གསལ་བའིཐུགས་ཀའི་ཧྲ...

开始翻译流程 (尝试 1/2):
========================================
步骤1: 输入藏语文本...
输入文本时出错: Message: tab crashed
  (Session info: chrome=143.0.7499.169)

✗ 输入文本失败

开始翻译流程 (尝试 2/2):
========================================
步骤1: 输入藏语文本...
输入文本时出错: Message: tab crashed
  (Session info: chrome=143.0.7499.169)

✗ 输入文本失败
========================================
✗ 翻译失败，跳过此行
✓ 已保存到文件: 147/4500 条

[148/4500] 翻译进度: 3.3%
藏语原文: ས་མ་ཡ་ཞེས་པའང་རང་སློབ་འགའི་ངོར

开始翻译流程 (尝试 1/2):
========================================
步骤1: 输入藏语文本...
输入文本时出错: Message: tab crashed
  (Session info: chrome=143.0.7499.169)

✗ 输入文本失败

开始翻译流程 (尝试 2/2):
========================================
步骤1: 输入藏语文本...
输入文本时出错: Message: tab crashed
  (Session info: chrome=143.0.7499.169)

✗ 输入文本失败
========================================
✗ 翻译失败，跳过此行
✓ 已保存到文件: 148/4500 条

[149/4500] 翻译进度: 3.3%
藏语原文: ལོ་ཆེན་བེ་རོ་ཙ་ན།

开始翻译流程 (尝试 1/2):
========================================
步骤1: 输入藏语文本...
输入文本时出错: Message: tab crashed
  (Session info: chrome=143.0.7499.169)

✗ 输入文本失败

开始翻译流程 (尝试 2/2):
========================================
步骤1: 输入藏语文本...
输入文本时出错: Message: tab crashed
  (Session info: chrome=143.0.7499.169)

✗ 输入文本失败
========================================
✗ 翻译失败，跳过此行
✓ 已保存到文件: 149/4500 条

[150/4500] 翻译进度: 3.3%
藏语原文: འཇིག་རྟེན་གྱི་ཁམས་ཀྱི་གཞན་དུ་འདུག་ཀྱང་།

开始翻译流程 (尝试 1/2):
========================================
步骤1: 输入藏语文本...
输入文本时出错: Message: tab crashed
  (Session info: chrome=143.0.7499.169)

✗ 输入文本失败

开始翻译流程 (尝试 2/2):
========================================
步骤1: 输入藏语文本...
输入文本时出错: Message: tab crashed
  (Session info: chrome=143.0.7499.169)

✗ 输入文本失败
========================================
✗ 翻译失败，跳过此行
✓ 已保存到文件: 150/4500 条

[151/4500] 翻译进度: 3.4%
藏语原文: ཞེས་གསུངས་པ་ལྟར་བྱེད་དགོས་པ་གལ་ཆེན་ལོས་ཡིན་སྙམས་སྙ...

开始翻译流程 (尝试 1/2):
========================================
步骤1: 输入藏语文本...
输入文本时出错: Message: tab crashed
  (Session info: chrome=143.0.7499.169)

✗ 输入文本失败

开始翻译流程 (尝试 2/2):
========================================
步骤1: 输入藏语文本...
输入文本时出错: Message: tab crashed
  (Session info: chrome=143.0.7499.169)

✗ 输入文本失败
========================================
✗ 翻译失败，跳过此行
✓ 已保存到文件: 151/4500 条

[152/4500] 翻译进度: 3.4%
藏语原文: རང་རང་འདོད་པ་ཉིད་ཡིན་ན།

开始翻译流程 (尝试 1/2):
========================================
步骤1: 输入藏语文本...
输入文本时出错: Message: tab crashed
  (Session info: chrome=143.0.7499.169)

✗ 输入文本失败

开始翻译流程 (尝试 2/2):
========================================
步骤1: 输入藏语文本...
输入文本时出错: Message: tab crashed
  (Session info: chrome=143.0.7499.169)

✗ 输入文本失败
========================================
✗ 翻译失败，跳过此行
✓ 已保存到文件: 152/4500 条

[153/4500] 翻译进度: 3.4%
藏语原文: ལེགས་པར་འདུག་པའི་རྣལ་འབྱོར་པ་རུས་སྦལ་ལྟ་བུ་ཞེས་པས།

开始翻译流程 (尝试 1/2):
========================================
步骤1: 输入藏语文本...
输入文本时出错: Message: tab crashed
  (Session info: chrome=143.0.7499.169)

✗ 输入文本失败

开始翻译流程 (尝试 2/2):
========================================
步骤1: 输入藏语文本...
输入文本时出错: Message: tab crashed
  (Session info: chrome=143.0.7499.169)

✗ 输入文本失败
========================================
✗ 翻译失败，跳过此行
✓ 已保存到文件: 153/4500 条

[154/4500] 翻译进度: 3.4%
藏语原文: འགྱུ་ཐོག་ཏུ་གནས་པའི་རང་ས་ཟིན་པ་གཅིག་འདུག་ན།

开始翻译流程 (尝试 1/2):
========================================
步骤1: 输入藏语文本...
输入文本时出错: Message: tab crashed
  (Session info: chrome=143.0.7499.169)

✗ 输入文本失败

开始翻译流程 (尝试 2/2):
========================================
步骤1: 输入藏语文本...
输入文本时出错: Message: tab crashed
  (Session info: chrome=143.0.7499.169)

✗ 输入文本失败
========================================
✗ 翻译失败，跳过此行
✓ 已保存到文件: 154/4500 条

[155/4500] 翻译进度: 3.4%
藏语原文: དོན་ལ་ཁྱད་པར་མི་འདུག་པས།

开始翻译流程 (尝试 1/2):
========================================
步骤1: 输入藏语文本...
输入文本时出错: Message: tab crashed
  (Session info: chrome=143.0.7499.169)

✗ 输入文本失败

开始翻译流程 (尝试 2/2):
========================================
步骤1: 输入藏语文本...
输入文本时出错: Message: tab crashed
  (Session info: chrome=143.0.7499.169)

✗ 输入文本失败
========================================
✗ 翻译失败，跳过此行
✓ 已保存到文件: 155/4500 条

[156/4500] 翻译进度: 3.5%
藏语原文: རྟོགས་པ་དང་ལྡན་པའི་རྣལ་འབྱོར་པས་ཉམས་ལེན་སེམས་ལ་བྱས...

开始翻译流程 (尝试 1/2):
========================================
步骤1: 输入藏语文本...
输入文本时出错: Message: tab crashed
  (Session info: chrome=143.0.7499.169)

✗ 输入文本失败

开始翻译流程 (尝试 2/2):
========================================
步骤1: 输入藏语文本...
输入文本时出错: Message: tab crashed
  (Session info: chrome=143.0.7499.169)

✗ 输入文本失败
========================================
✗ 翻译失败，跳过此行
✓ 已保存到文件: 156/4500 条

[157/4500] 翻译进度: 3.5%
藏语原文: ཕྱག་རྒྱ་ཆེན་པོ་ངོས་བཟུང་ཞིང་རང་ངོ་སྤྲད།

开始翻译流程 (尝试 1/2):
========================================
步骤1: 输入藏语文本...
输入文本时出错: Message: tab crashed
  (Session info: chrome=143.0.7499.169)

✗ 输入文本失败

开始翻译流程 (尝试 2/2):
========================================
步骤1: 输入藏语文本...
输入文本时出错: Message: tab crashed
  (Session info: chrome=143.0.7499.169)

✗ 输入文本失败
========================================
✗ 翻译失败，跳过此行
✓ 已保存到文件: 157/4500 条

[158/4500] 翻译进度: 3.5%
藏语原文: རང་རིག་པའི་ཡེ་ཤེས་སྐད་ཅིག་མའི་སྟེང་དུ་ཐ་དད་དུ་མི་འ...

开始翻译流程 (尝试 1/2):
========================================
步骤1: 输入藏语文本...
输入文本时出错: Message: tab crashed
  (Session info: chrome=143.0.7499.169)

✗ 输入文本失败

开始翻译流程 (尝试 2/2):
========================================
步骤1: 输入藏语文本...
输入文本时出错: Message: tab crashed
  (Session info: chrome=143.0.7499.169)

✗ 输入文本失败
========================================
✗ 翻译失败，跳过此行
✓ 已保存到文件: 158/4500 条

[159/4500] 翻译进度: 3.5%
藏语原文: དེ་ཡང་རང་སྣང་ལ་གསལ་བ་ལྟ་བའི་ཡན་ལག།

开始翻译流程 (尝试 1/2):
========================================
步骤1: 输入藏语文本...
输入文本时出错: Message: tab crashed
  (Session info: chrome=143.0.7499.169)

✗ 输入文本失败

开始翻译流程 (尝试 2/2):
========================================
步骤1: 输入藏语文本...
输入文本时出错: Message: tab crashed
  (Session info: chrome=143.0.7499.169)

✗ 输入文本失败
========================================
✗ 翻译失败，跳过此行
✓ 已保存到文件: 159/4500 条

[160/4500] 翻译进度: 3.6%
藏语原文: དང་པོ་ནི་བདག་དང་བདེན་པ་དང་སྐྱེ་བ་དང་དངོས་པོ་དང་མཚན...

开始翻译流程 (尝试 1/2):
========================================
步骤1: 输入藏语文本...
输入文本时出错: Message: tab crashed
  (Session info: chrome=143.0.7499.169)

✗ 输入文本失败

开始翻译流程 (尝试 2/2):
========================================
步骤1: 输入藏语文本...
输入文本时出错: Message: tab crashed
  (Session info: chrome=143.0.7499.169)

✗ 输入文本失败
========================================
✗ 翻译失败，跳过此行
✓ 已保存到文件: 160/4500 条

[161/4500] 翻译进度: 3.6%
藏语原文: ཞུ་བདེ་ལྷན་སྐྱེས་དང་རང་བཞིན་ལྷན་སྐྱེས་སོ་གསུངས།

开始翻译流程 (尝试 1/2):
========================================
步骤1: 输入藏语文本...
输入文本时出错: Message: tab crashed
  (Session info: chrome=143.0.7499.169)

✗ 输入文本失败

开始翻译流程 (尝试 2/2):
========================================
步骤1: 输入藏语文本...
输入文本时出错: Message: tab crashed
  (Session info: chrome=143.0.7499.169)

✗ 输入文本失败
========================================
✗ 翻译失败，跳过此行
✓ 已保存到文件: 161/4500 条

[162/4500] 翻译进度: 3.6%
藏语原文: སེམས་ནི་རྣམ་པར་ཤེས་པ་དང་རང་བཞིན་གྱིས་ཅེས་བས་རང་བཞི...

开始翻译流程 (尝试 1/2):
========================================
步骤1: 输入藏语文本...
输入文本时出错: Message: tab crashed
  (Session info: chrome=143.0.7499.169)

✗ 输入文本失败

开始翻译流程 (尝试 2/2):
========================================
步骤1: 输入藏语文本...
输入文本时出错: Message: tab crashed
  (Session info: chrome=143.0.7499.169)

✗ 输入文本失败
========================================
✗ 翻译失败，跳过此行
✓ 已保存到文件: 162/4500 条

[163/4500] 翻译进度: 3.6%
藏语原文: སེམས་ཉིད་ཀྱི་ངོ་བོ་ལ་བཟང་ངན་དང་ཕན་གནོད་བྱས་པ་མི་འད...

开始翻译流程 (尝试 1/2):
========================================
步骤1: 输入藏语文本...
输入文本时出错: Message: tab crashed
  (Session info: chrome=143.0.7499.169)

✗ 输入文本失败

开始翻译流程 (尝试 2/2):
========================================
步骤1: 输入藏语文本...
输入文本时出错: Message: tab crashed
  (Session info: chrome=143.0.7499.169)

✗ 输入文本失败
========================================
✗ 翻译失败，跳过此行
✓ 已保存到文件: 163/4500 条

[164/4500] 翻译进度: 3.6%
藏语原文: དེ་མ་ཡིན་པའི་ནོར་རྫས་རི་བོ་ཙམ་སྤུངས་ཀྱང་བྱིས་པའི་མ...

开始翻译流程 (尝试 1/2):
========================================
步骤1: 输入藏语文本...
输入文本时出错: Message: tab crashed
  (Session info: chrome=143.0.7499.169)

✗ 输入文本失败

开始翻译流程 (尝试 2/2):
========================================
步骤1: 输入藏语文本...
输入文本时出错: Message: tab crashed
  (Session info: chrome=143.0.7499.169)

✗ 输入文本失败
========================================
✗ 翻译失败，跳过此行
✓ 已保存到文件: 164/4500 条

[165/4500] 翻译进度: 3.7%
藏语原文: རང་ལ་བབ་པའི་བྱ་བ་རྣམས་ཅི་ནུས་ཀྱི་འབད་པ་འདོན་གྱི་ཡོ...

开始翻译流程 (尝试 1/2):
========================================
步骤1: 输入藏语文本...
输入文本时出错: Message: tab crashed
  (Session info: chrome=143.0.7499.169)

✗ 输入文本失败

开始翻译流程 (尝试 2/2):
========================================
步骤1: 输入藏语文本...
输入文本时出错: Message: tab crashed
  (Session info: chrome=143.0.7499.169)

✗ 输入文本失败
========================================
✗ 翻译失败，跳过此行
✓ 已保存到文件: 165/4500 条

[166/4500] 翻译进度: 3.7%
藏语原文: སྔ་ཕྱི་དར་བས་ལས་སུ་གང་ལ་ཡང་ལེ་ལན་མེད་པའི་འགལ་རྐྱེན...

开始翻译流程 (尝试 1/2):
========================================
步骤1: 输入藏语文本...
输入文本时出错: Message: tab crashed
  (Session info: chrome=143.0.7499.169)

✗ 输入文本失败

开始翻译流程 (尝试 2/2):
========================================
步骤1: 输入藏语文本...
输入文本时出错: Message: tab crashed
  (Session info: chrome=143.0.7499.169)

✗ 输入文本失败
========================================
✗ 翻译失败，跳过此行
✓ 已保存到文件: 166/4500 条

[167/4500] 翻译进度: 3.7%
藏语原文: རྟེན་ཅིང་འབྲེལ་འབྱུང་རང་འཚང་རིག་པ་ན།

开始翻译流程 (尝试 1/2):
========================================
步骤1: 输入藏语文本...
输入文本时出错: Message: tab crashed
  (Session info: chrome=143.0.7499.169)

✗ 输入文本失败

开始翻译流程 (尝试 2/2):
========================================
步骤1: 输入藏语文本...
输入文本时出错: Message: tab crashed
  (Session info: chrome=143.0.7499.169)

✗ 输入文本失败
========================================
✗ 翻译失败，跳过此行
✓ 已保存到文件: 167/4500 条

[168/4500] 翻译进度: 3.7%
藏语原文: ཡེངས་མ་ལམ་ལ་ག་ཤེད་ཅིག་ཏུ་ཆས་ན་རང་གཞན་ཐམས་ཅད་བསླུས་...

开始翻译流程 (尝试 1/2):
========================================
步骤1: 输入藏语文本...
输入文本时出错: Message: tab crashed
  (Session info: chrome=143.0.7499.169)

✗ 输入文本失败

开始翻译流程 (尝试 2/2):
========================================
步骤1: 输入藏语文本...
输入文本时出错: Message: tab crashed
  (Session info: chrome=143.0.7499.169)

✗ 输入文本失败
========================================
✗ 翻译失败，跳过此行
✓ 已保存到文件: 168/4500 条

[169/4500] 翻译进度: 3.8%
藏语原文: འཆི་ཚེ་བློ་གཏད་ཐུབ་པ་ཅི་འདུག་ལྟོས།

开始翻译流程 (尝试 1/2):
========================================
步骤1: 输入藏语文本...
输入文本时出错: Message: tab crashed
  (Session info: chrome=143.0.7499.169)

✗ 输入文本失败

开始翻译流程 (尝试 2/2):
========================================
步骤1: 输入藏语文本...
输入文本时出错: Message: tab crashed
  (Session info: chrome=143.0.7499.169)

✗ 输入文本失败
========================================
✗ 翻译失败，跳过此行
✓ 已保存到文件: 169/4500 条

[170/4500] 翻译进度: 3.8%
藏语原文: བག་ཕེབས་སྨྲ་དང་ཁ་རོག་འདུག་པ་སོགས།

开始翻译流程 (尝试 1/2):
========================================
步骤1: 输入藏语文本...
输入文本时出错: Message: tab crashed
  (Session info: chrome=143.0.7499.169)

✗ 输入文本失败

开始翻译流程 (尝试 2/2):
========================================
步骤1: 输入藏语文本...
输入文本时出错: Message: tab crashed
  (Session info: chrome=143.0.7499.169)

✗ 输入文本失败
========================================
✗ 翻译失败，跳过此行
✓ 已保存到文件: 170/4500 条

[171/4500] 翻译进度: 3.8%
藏语原文: འདིའི་དོགས་དཔྱོད་བྱེད་པ་ཤིན་ཏུ་མང་བར་འདུག་ན་ཡང་།

开始翻译流程 (尝试 1/2):
========================================
步骤1: 输入藏语文本...
输入文本时出错: Message: tab crashed
  (Session info: chrome=143.0.7499.169)

✗ 输入文本失败

开始翻译流程 (尝试 2/2):
========================================
步骤1: 输入藏语文本...
输入文本时出错: Message: tab crashed
  (Session info: chrome=143.0.7499.169)

✗ 输入文本失败
========================================
✗ 翻译失败，跳过此行
✓ 已保存到文件: 171/4500 条

[172/4500] 翻译进度: 3.8%
藏语原文: གཞན་ཡང་མང་དུ་འདུག་པ་རྣམས་མགོན་པོའི་སྟོང་ཐུན་རྒྱས་པ...

开始翻译流程 (尝试 1/2):
========================================
步骤1: 输入藏语文本...
输入文本时出错: Message: tab crashed
  (Session info: chrome=143.0.7499.169)

✗ 输入文本失败

开始翻译流程 (尝试 2/2):
========================================
步骤1: 输入藏语文本...
输入文本时出错: Message: tab crashed
  (Session info: chrome=143.0.7499.169)

✗ 输入文本失败
========================================
✗ 翻译失败，跳过此行
✓ 已保存到文件: 172/4500 条

[173/4500] 翻译进度: 3.8%
藏语原文: དེ་ཡང་རང་བཞིན་དག་པ་དང་།

开始翻译流程 (尝试 1/2):
========================================
步骤1: 输入藏语文本...
输入文本时出错: Message: tab crashed
  (Session info: chrome=143.0.7499.169)

✗ 输入文本失败

开始翻译流程 (尝试 2/2):
========================================
步骤1: 输入藏语文本...
输入文本时出错: Message: tab crashed
  (Session info: chrome=143.0.7499.169)

✗ 输入文本失败
========================================
✗ 翻译失败，跳过此行
✓ 已保存到文件: 173/4500 条

[174/4500] 翻译进度: 3.9%
藏语原文: རྐྱེན་སྣང་རང་སར་གྲོལ་བ་དང་།

开始翻译流程 (尝试 1/2):
========================================
步骤1: 输入藏语文本...
输入文本时出错: Message: tab crashed
  (Session info: chrome=143.0.7499.169)

✗ 输入文本失败

开始翻译流程 (尝试 2/2):
========================================
步骤1: 输入藏语文本...
输入文本时出错: Message: tab crashed
  (Session info: chrome=143.0.7499.169)

✗ 输入文本失败
========================================
✗ 翻译失败，跳过此行
✓ 已保存到文件: 174/4500 条

[175/4500] 翻译进度: 3.9%
藏语原文: དེ་ལ་གཅིག་ཤེས་ཀུན་གྲོལ་ཡང་ཟེར་བ་འདུག་རང་གཞན་གྱི་དོ...

开始翻译流程 (尝试 1/2):
========================================
步骤1: 输入藏语文本...
输入文本时出错: Message: tab crashed
  (Session info: chrome=143.0.7499.169)

✗ 输入文本失败

开始翻译流程 (尝试 2/2):
========================================
步骤1: 输入藏语文本...
输入文本时出错: Message: tab crashed
  (Session info: chrome=143.0.7499.169)

✗ 输入文本失败
========================================
✗ 翻译失败，跳过此行
✓ 已保存到文件: 175/4500 条

[176/4500] 翻译进度: 3.9%
藏语原文: དེང་སང་སེམས་དང་སེམས་ཉིད་འབྱེད་པ་ལ་སྒོམ་ཆེན་མང་པོ་ས...

开始翻译流程 (尝试 1/2):
========================================
步骤1: 输入藏语文本...
输入文本时出错: Message: tab crashed
  (Session info: chrome=143.0.7499.169)

✗ 输入文本失败

开始翻译流程 (尝试 2/2):
========================================
步骤1: 输入藏语文本...
输入文本时出错: Message: tab crashed
  (Session info: chrome=143.0.7499.169)

✗ 输入文本失败
========================================
✗ 翻译失败，跳过此行
✓ 已保存到文件: 176/4500 条

[177/4500] 翻译进度: 3.9%
藏语原文: ཡུལ་དབུས་ཀྱི་རི་བོར་འདུག་པའི་ཚེ།

开始翻译流程 (尝试 1/2):
========================================
步骤1: 输入藏语文本...
输入文本时出错: Message: tab crashed
  (Session info: chrome=143.0.7499.169)

✗ 输入文本失败

开始翻译流程 (尝试 2/2):
========================================
步骤1: 输入藏语文本...
输入文本时出错: Message: tab crashed
  (Session info: chrome=143.0.7499.169)

✗ 输入文本失败
========================================
✗ 翻译失败，跳过此行
✓ 已保存到文件: 177/4500 条

[178/4500] 翻译进度: 4.0%
藏语原文: ཉལ་དང་འདུག་པ་ཐམས་ཅད་དུ།

开始翻译流程 (尝试 1/2):
========================================
步骤1: 输入藏语文本...
输入文本时出错: Message: tab crashed
  (Session info: chrome=143.0.7499.169)

✗ 输入文本失败

开始翻译流程 (尝试 2/2):
========================================
步骤1: 输入藏语文本...
输入文本时出错: Message: tab crashed
  (Session info: chrome=143.0.7499.169)

✗ 输入文本失败
========================================
✗ 翻译失败，跳过此行
✓ 已保存到文件: 178/4500 条

[179/4500] 翻译进度: 4.0%
藏语原文: ཁྱད་པར་ལས་དང་པོ་པ་རྣམས་ཀྱིས་ཅི་ནས་ཀྱང་གོ་དགོས་པར་འ...

开始翻译流程 (尝试 1/2):
========================================
步骤1: 输入藏语文本...
输入文本时出错: Message: tab crashed
  (Session info: chrome=143.0.7499.169)

✗ 输入文本失败

开始翻译流程 (尝试 2/2):
========================================
步骤1: 输入藏语文本...
输入文本时出错: Message: tab crashed
  (Session info: chrome=143.0.7499.169)

✗ 输入文本失败
========================================
✗ 翻译失败，跳过此行
✓ 已保存到文件: 179/4500 条

[180/4500] 翻译进度: 4.0%
藏语原文: ཨེ་བདེན་ཀྱང་བལྟ་དགོས་པར་འདུག་པས།

开始翻译流程 (尝试 1/2):
========================================
步骤1: 输入藏语文本...
输入文本时出错: Message: tab crashed
  (Session info: chrome=143.0.7499.169)

✗ 输入文本失败

开始翻译流程 (尝试 2/2):
========================================
步骤1: 输入藏语文本...
输入文本时出错: Message: tab crashed
  (Session info: chrome=143.0.7499.169)

✗ 输入文本失败
========================================
✗ 翻译失败，跳过此行
✓ 已保存到文件: 180/4500 条

[181/4500] 翻译进度: 4.0%
藏语原文: སྲོད་ཐོ་རངས་སྒོམ་ཐག་བཅུག་པའི་ལྕོག་བུ་ལ་ཨེ་འདུག་ལྕོ...

开始翻译流程 (尝试 1/2):
========================================
步骤1: 输入藏语文本...
输入文本时出错: Message: tab crashed
  (Session info: chrome=143.0.7499.169)

✗ 输入文本失败

开始翻译流程 (尝试 2/2):
========================================
步骤1: 输入藏语文本...
输入文本时出错: Message: tab crashed
  (Session info: chrome=143.0.7499.169)

✗ 输入文本失败
========================================
✗ 翻译失败，跳过此行
✓ 已保存到文件: 181/4500 条

[182/4500] 翻译进度: 4.0%
藏语原文: སྒྲུབ་ཚུགས་ལ་གནོད་པར་འདུག་པས་མ་བྱེད།

开始翻译流程 (尝试 1/2):
========================================
步骤1: 输入藏语文本...
输入文本时出错: Message: tab crashed
  (Session info: chrome=143.0.7499.169)

✗ 输入文本失败

开始翻译流程 (尝试 2/2):
========================================
步骤1: 输入藏语文本...
输入文本时出错: Message: tab crashed
  (Session info: chrome=143.0.7499.169)

✗ 输入文本失败
========================================
✗ 翻译失败，跳过此行
✓ 已保存到文件: 182/4500 条

[183/4500] 翻译进度: 4.1%
藏语原文: རྗེ་གཙང་པ་རྒྱ་རས་ཀྱི་སྐུ་ཚེའི་ཚད་དང་དུས་མཚུངས་པ་གཅ...

开始翻译流程 (尝试 1/2):
========================================
步骤1: 输入藏语文本...
输入文本时出错: Message: tab crashed
  (Session info: chrome=143.0.7499.169)

✗ 输入文本失败

开始翻译流程 (尝试 2/2):
========================================
步骤1: 输入藏语文本...
输入文本时出错: Message: tab crashed
  (Session info: chrome=143.0.7499.169)

✗ 输入文本失败
========================================
✗ 翻译失败，跳过此行
✓ 已保存到文件: 183/4500 条

[184/4500] 翻译进度: 4.1%
藏语原文: མགོ་བོ་གཏུམ་པས་རྒྱང་མིག་གསལ་བ་གལ་ཆེ་བར་གདའོ་གསུང་།

开始翻译流程 (尝试 1/2):
========================================
步骤1: 输入藏语文本...
输入文本时出错: Message: tab crashed
  (Session info: chrome=143.0.7499.169)

✗ 输入文本失败

开始翻译流程 (尝试 2/2):
========================================
步骤1: 输入藏语文本...
输入文本时出错: Message: tab crashed
  (Session info: chrome=143.0.7499.169)

✗ 输入文本失败
========================================
✗ 翻译失败，跳过此行
✓ 已保存到文件: 184/4500 条

[185/4500] 翻译进度: 4.1%
藏语原文: རང་སར་འདུག་པའི་མལ་དུ་ཅི་ཞིག་སེམས།

开始翻译流程 (尝试 1/2):
========================================
步骤1: 输入藏语文本...
输入文本时出错: Message: tab crashed
  (Session info: chrome=143.0.7499.169)

✗ 输入文本失败

开始翻译流程 (尝试 2/2):
========================================
步骤1: 输入藏语文本...
输入文本时出错: Message: tab crashed
  (Session info: chrome=143.0.7499.169)

✗ 输入文本失败
========================================
✗ 翻译失败，跳过此行
✓ 已保存到文件: 185/4500 条

[186/4500] 翻译进度: 4.1%
藏语原文: སྣོད་ལྡན་ཡོད་མེད་ཀྱི་དྲི་གདའ་མཛོད།

开始翻译流程 (尝试 1/2):
========================================
步骤1: 输入藏语文本...
输入文本时出错: Message: tab crashed
  (Session info: chrome=143.0.7499.169)

✗ 输入文本失败

开始翻译流程 (尝试 2/2):
========================================
步骤1: 输入藏语文本...
输入文本时出错: Message: tab crashed
  (Session info: chrome=143.0.7499.169)

✗ 输入文本失败
========================================
✗ 翻译失败，跳过此行
✓ 已保存到文件: 186/4500 条

[187/4500] 翻译进度: 4.2%
藏语原文: སྐལ་ལྡན་ཡོད་མེད་ཀྱི་དྲི་གདའ་མཛོད།

开始翻译流程 (尝试 1/2):
========================================
步骤1: 输入藏语文本...
输入文本时出错: Message: tab crashed
  (Session info: chrome=143.0.7499.169)

✗ 输入文本失败

开始翻译流程 (尝试 2/2):
========================================
步骤1: 输入藏语文本...
输入文本时出错: Message: tab crashed
  (Session info: chrome=143.0.7499.169)

✗ 输入文本失败
========================================
✗ 翻译失败，跳过此行
✓ 已保存到文件: 187/4500 条

[188/4500] 翻译进度: 4.2%
藏语原文: རང་རིག་པའི་ཡེ་ཤེས་སྐད་ཅིག་མའི་སྟེང་དུ་ཐ་དད་དུ་མི་འ...

开始翻译流程 (尝试 1/2):
========================================
步骤1: 输入藏语文本...
输入文本时出错: Message: tab crashed
  (Session info: chrome=143.0.7499.169)

✗ 输入文本失败

开始翻译流程 (尝试 2/2):
========================================
步骤1: 输入藏语文本...
输入文本时出错: Message: tab crashed
  (Session info: chrome=143.0.7499.169)

✗ 输入文本失败
========================================
✗ 翻译失败，跳过此行
✓ 已保存到文件: 188/4500 条

[189/4500] 翻译进度: 4.2%
藏语原文: མ་སྤང་རང་སར་དག་པས་རྩོལ་མེད་ཅེས་བྱ།

开始翻译流程 (尝试 1/2):
========================================
步骤1: 输入藏语文本...
输入文本时出错: Message: tab crashed
  (Session info: chrome=143.0.7499.169)

✗ 输入文本失败

开始翻译流程 (尝试 2/2):
========================================
步骤1: 输入藏语文本...
输入文本时出错: Message: tab crashed
  (Session info: chrome=143.0.7499.169)

✗ 输入文本失败
========================================
✗ 翻译失败，跳过此行
✓ 已保存到文件: 189/4500 条

[190/4500] 翻译进度: 4.2%
藏语原文: དེའི་མཐའ་མ་འོད་ཟེར་ཉི་ཁྱིམ་ལྟར་ཁ་དོག་སྣ་ལྔས་འཇའ་ཚོ...

开始翻译流程 (尝试 1/2):
========================================
步骤1: 输入藏语文本...
输入文本时出错: Message: tab crashed
  (Session info: chrome=143.0.7499.169)

✗ 输入文本失败

开始翻译流程 (尝试 2/2):
========================================
步骤1: 输入藏语文本...
输入文本时出错: Message: tab crashed
  (Session info: chrome=143.0.7499.169)

✗ 输入文本失败
========================================
✗ 翻译失败，跳过此行
✓ 已保存到文件: 190/4500 条

[191/4500] 翻译进度: 4.2%
藏语原文: སྒྲུབ་ཚུགས་དང་རང་རྒྱལ་མཐུན།

开始翻译流程 (尝试 1/2):
========================================
步骤1: 输入藏语文本...
输入文本时出错: Message: tab crashed
  (Session info: chrome=143.0.7499.169)

✗ 输入文本失败

开始翻译流程 (尝试 2/2):
========================================
步骤1: 输入藏语文本...
输入文本时出错: Message: tab crashed
  (Session info: chrome=143.0.7499.169)

✗ 输入文本失败
========================================
✗ 翻译失败，跳过此行
✓ 已保存到文件: 191/4500 条

[192/4500] 翻译进度: 4.3%
藏语原文: རྣམ་པ་ཐ་དད་ཀྱང་རང་བཞིན་གཅིག་པས།

开始翻译流程 (尝试 1/2):
========================================
步骤1: 输入藏语文本...
输入文本时出错: Message: tab crashed
  (Session info: chrome=143.0.7499.169)

✗ 输入文本失败

开始翻译流程 (尝试 2/2):
========================================
步骤1: 输入藏语文本...
输入文本时出错: Message: tab crashed
  (Session info: chrome=143.0.7499.169)

✗ 输入文本失败
========================================
✗ 翻译失败，跳过此行
✓ 已保存到文件: 192/4500 条

[193/4500] 翻译进度: 4.3%
藏语原文: ཡང་རང་བཞིན་སྐྱེ་བ་མེད་པ།

开始翻译流程 (尝试 1/2):
========================================
步骤1: 输入藏语文本...
输入文本时出错: Message: tab crashed
  (Session info: chrome=143.0.7499.169)

✗ 输入文本失败

开始翻译流程 (尝试 2/2):
========================================
步骤1: 输入藏语文本...
输入文本时出错: Message: tab crashed
  (Session info: chrome=143.0.7499.169)

✗ 输入文本失败
========================================
✗ 翻译失败，跳过此行
✓ 已保存到文件: 193/4500 条

[194/4500] 翻译进度: 4.3%
藏语原文: དག་མ་དག་གཉིས་སུ་འཛིན་པའི་དྲི་མ་དང་བྲལ་ཙ་ན།

开始翻译流程 (尝试 1/2):
========================================
步骤1: 输入藏语文本...
输入文本时出错: Message: tab crashed
  (Session info: chrome=143.0.7499.169)

✗ 输入文本失败

开始翻译流程 (尝试 2/2):
========================================
步骤1: 输入藏语文本...
输入文本时出错: Message: tab crashed
  (Session info: chrome=143.0.7499.169)

✗ 输入文本失败
========================================
✗ 翻译失败，跳过此行
✓ 已保存到文件: 194/4500 条

[195/4500] 翻译进度: 4.3%
藏语原文: དེ་ཐམས་ཅད་ལ་སྐྱོན་དུ་མི་ལྟ་ཞིང་རང་སར་འཛིན་པ་མེད་པར...

开始翻译流程 (尝试 1/2):
========================================
步骤1: 输入藏语文本...
输入文本时出错: Message: tab crashed
  (Session info: chrome=143.0.7499.169)

✗ 输入文本失败

开始翻译流程 (尝试 2/2):
========================================
步骤1: 输入藏语文本...
输入文本时出错: Message: tab crashed
  (Session info: chrome=143.0.7499.169)

✗ 输入文本失败
========================================
✗ 翻译失败，跳过此行
✓ 已保存到文件: 195/4500 条

[196/4500] 翻译进度: 4.4%
藏语原文: ས་ཆེན་འདི་ནི་དགའ་ཞིང་རངས་ལ་མགུ་ཞེས་སོགས་གསུང་།

开始翻译流程 (尝试 1/2):
========================================
步骤1: 输入藏语文本...
输入文本时出错: Message: tab crashed
  (Session info: chrome=143.0.7499.169)

✗ 输入文本失败

开始翻译流程 (尝试 2/2):
========================================
步骤1: 输入藏语文本...
输入文本时出错: Message: tab crashed
  (Session info: chrome=143.0.7499.169)

✗ 输入文本失败
========================================
✗ 翻译失败，跳过此行
✓ 已保存到文件: 196/4500 条

[197/4500] 翻译进度: 4.4%
藏语原文: ནམ་མཁའ་ལས་བྱུང་རང་བྱུང་བ།

开始翻译流程 (尝试 1/2):
========================================
步骤1: 输入藏语文本...
输入文本时出错: Message: tab crashed
  (Session info: chrome=143.0.7499.169)

✗ 输入文本失败

开始翻译流程 (尝试 2/2):
========================================
步骤1: 输入藏语文本...
输入文本时出错: Message: tab crashed
  (Session info: chrome=143.0.7499.169)

✗ 输入文本失败
========================================
✗ 翻译失败，跳过此行
✓ 已保存到文件: 197/4500 条

[198/4500] 翻译进度: 4.4%
藏语原文: ཡང་རང་བཞིན་གྱི་གནས་ནས་སྤྱན་དྲངས་ཞེས་པ་ནི།

开始翻译流程 (尝试 1/2):
========================================
步骤1: 输入藏语文本...
输入文本时出错: Message: tab crashed
  (Session info: chrome=143.0.7499.169)

✗ 输入文本失败

开始翻译流程 (尝试 2/2):
========================================
步骤1: 输入藏语文本...
输入文本时出错: Message: tab crashed
  (Session info: chrome=143.0.7499.169)

✗ 输入文本失败
========================================
✗ 翻译失败，跳过此行
✓ 已保存到文件: 198/4500 条

[199/4500] 翻译进度: 4.4%
藏语原文: དེས་ན་རང་བཞིན་ལ་ཡང་རང་བཞིན་སྟོང་པ་ཉིད་དུ་ཤེས་པ་གནས...

开始翻译流程 (尝试 1/2):
========================================
步骤1: 输入藏语文本...
输入文本时出错: Message: tab crashed
  (Session info: chrome=143.0.7499.169)

✗ 输入文本失败

开始翻译流程 (尝试 2/2):
========================================
步骤1: 输入藏语文本...
输入文本时出错: Message: tab crashed
  (Session info: chrome=143.0.7499.169)

✗ 输入文本失败
========================================
✗ 翻译失败，跳过此行
✓ 已保存到文件: 199/4500 条

[200/4500] 翻译进度: 4.4%
藏语原文: དེ་ཡང་བསྲེ་འཕོ་ལྟར་ན་ལམ་དང་རང་བཞིན་གཅིག་ཏུ་བསྲེ་བ།

开始翻译流程 (尝试 1/2):
========================================
步骤1: 输入藏语文本...
输入文本时出错: Message: tab crashed
  (Session info: chrome=143.0.7499.169)

✗ 输入文本失败

开始翻译流程 (尝试 2/2):
========================================
步骤1: 输入藏语文本...
输入文本时出错: Message: tab crashed
  (Session info: chrome=143.0.7499.169)

✗ 输入文本失败
========================================
✗ 翻译失败，跳过此行
✓ 已保存到文件: 200/4500 条

[201/4500] 翻译进度: 4.5%
藏语原文: མ་རྒྱུད་པ་ལྟར་ན་ཞུ་བདེ་ལྷན་སྐྱེས་དང་རང་བཞིན་ལྷན་སྐ...

开始翻译流程 (尝试 1/2):
========================================
步骤1: 输入藏语文本...
输入文本时出错: Message: tab crashed
  (Session info: chrome=143.0.7499.169)

✗ 输入文本失败

开始翻译流程 (尝试 2/2):
========================================
步骤1: 输入藏语文本...
输入文本时出错: Message: tab crashed
  (Session info: chrome=143.0.7499.169)

✗ 输入文本失败
========================================
✗ 翻译失败，跳过此行
✓ 已保存到文件: 201/4500 条

[202/4500] 翻译进度: 4.5%
藏语原文: མ་རྒྱུད་པ་ལྟར་ན་ལྷན་སྐྱེས་ལ་ཞུ་བདེ་ལྷན་སྐྱེས་དང་རང...

开始翻译流程 (尝试 1/2):
========================================
步骤1: 输入藏语文本...
输入文本时出错: Message: tab crashed
  (Session info: chrome=143.0.7499.169)

✗ 输入文本失败

开始翻译流程 (尝试 2/2):
========================================
步骤1: 输入藏语文本...
输入文本时出错: Message: tab crashed
  (Session info: chrome=143.0.7499.169)

✗ 输入文本失败
========================================
✗ 翻译失败，跳过此行
✓ 已保存到文件: 202/4500 条

[203/4500] 翻译进度: 4.5%
藏语原文: གཅིག་ཏུ་འདུག་དཀའ།

开始翻译流程 (尝试 1/2):
========================================
步骤1: 输入藏语文本...
输入文本时出错: Message: tab crashed
  (Session info: chrome=143.0.7499.169)

✗ 输入文本失败

开始翻译流程 (尝试 2/2):
========================================
步骤1: 输入藏语文本...
输入文本时出错: Message: tab crashed
  (Session info: chrome=143.0.7499.169)

✗ 输入文本失败
========================================
✗ 翻译失败，跳过此行
✓ 已保存到文件: 203/4500 条

[204/4500] 翻译进度: 4.5%
藏语原文: འཁྲུལ་སྣང་རང་བཞིན་མེད་པར་རྨི་ལམ་སྒྱུ་མར་རྒྱས་གདབ།

开始翻译流程 (尝试 1/2):
========================================
步骤1: 输入藏语文本...
输入文本时出错: Message: tab crashed
  (Session info: chrome=143.0.7499.169)

✗ 输入文本失败

开始翻译流程 (尝试 2/2):
========================================
步骤1: 输入藏语文本...
输入文本时出错: Message: tab crashed
  (Session info: chrome=143.0.7499.169)

✗ 输入文本失败
========================================
✗ 翻译失败，跳过此行
✓ 已保存到文件: 204/4500 条

[205/4500] 翻译进度: 4.6%
藏语原文: འཆི་བ་ཡོང་སྙམ་མི་གདའ་སྟེ།

开始翻译流程 (尝试 1/2):
========================================
步骤1: 输入藏语文本...
输入文本时出错: Message: tab crashed
  (Session info: chrome=143.0.7499.169)

✗ 输入文本失败

开始翻译流程 (尝试 2/2):
========================================
步骤1: 输入藏语文本...
输入文本时出错: Message: tab crashed
  (Session info: chrome=143.0.7499.169)

✗ 输入文本失败
========================================
✗ 翻译失败，跳过此行
✓ 已保存到文件: 205/4500 条

[206/4500] 翻译进度: 4.6%
藏语原文: བདེ་བར་འདུག་པ་རིགས་མ་ཡིན།

开始翻译流程 (尝试 1/2):
========================================
步骤1: 输入藏语文本...
输入文本时出错: Message: tab crashed
  (Session info: chrome=143.0.7499.169)

✗ 输入文本失败

开始翻译流程 (尝试 2/2):
========================================
步骤1: 输入藏语文本...
输入文本时出错: Message: tab crashed
  (Session info: chrome=143.0.7499.169)

✗ 输入文本失败
========================================
✗ 翻译失败，跳过此行
✓ 已保存到文件: 206/4500 条

[207/4500] 翻译进度: 4.6%
藏语原文: ས་གཞི་རབ་ཏུ་འབར་བར་འདུག་པ་དང་།

开始翻译流程 (尝试 1/2):
========================================
步骤1: 输入藏语文本...
输入文本时出错: Message: tab crashed
  (Session info: chrome=143.0.7499.169)

✗ 输入文本失败

开始翻译流程 (尝试 2/2):
========================================
步骤1: 输入藏语文本...
输入文本时出错: Message: tab crashed
  (Session info: chrome=143.0.7499.169)

✗ 输入文本失败
========================================
✗ 翻译失败，跳过此行
✓ 已保存到文件: 207/4500 条

[208/4500] 翻译进度: 4.6%
藏语原文: རྒོད་ན་འགོལ་སར་འདུག་ལྟ་སྟངས་སྨད།

开始翻译流程 (尝试 1/2):
========================================
步骤1: 输入藏语文本...
输入文本时出错: Message: tab crashed
  (Session info: chrome=143.0.7499.169)

✗ 输入文本失败

开始翻译流程 (尝试 2/2):
========================================
步骤1: 输入藏语文本...
输入文本时出错: Message: tab crashed
  (Session info: chrome=143.0.7499.169)

✗ 输入文本失败
========================================
✗ 翻译失败，跳过此行
✓ 已保存到文件: 208/4500 条

[209/4500] 翻译进度: 4.6%
藏语原文: དེ་ལྟར་སྔར་གྱི་གཉེན་པོ་ཐམས་ཅད་རྣམ་རྟོག་སྐྱེས་འདུག་...

开始翻译流程 (尝试 1/2):
========================================
步骤1: 输入藏语文本...
输入文本时出错: Message: tab crashed
  (Session info: chrome=143.0.7499.169)

✗ 输入文本失败

开始翻译流程 (尝试 2/2):
========================================
步骤1: 输入藏语文本...
输入文本时出错: Message: tab crashed
  (Session info: chrome=143.0.7499.169)

✗ 输入文本失败
========================================
✗ 翻译失败，跳过此行
✓ 已保存到文件: 209/4500 条

[210/4500] 翻译进度: 4.7%
藏语原文: མི་རྟོག་པ་ལུས་སེམས་ཡོད་དུ་མི་ཚོར་བ་བར་སྣང་སྟོང་པ་ལ...

开始翻译流程 (尝试 1/2):
========================================
步骤1: 输入藏语文本...
输入文本时出错: Message: tab crashed
  (Session info: chrome=143.0.7499.169)

✗ 输入文本失败

开始翻译流程 (尝试 2/2):
========================================
步骤1: 输入藏语文本...
输入文本时出错: Message: tab crashed
  (Session info: chrome=143.0.7499.169)

✗ 输入文本失败
========================================
✗ 翻译失败，跳过此行
✓ 已保存到文件: 210/4500 条

[211/4500] 翻译进度: 4.7%
藏语原文: དེ་དུས་ཀྱི་གནས་པ་དང་འགྱུ་བ་ངོ་ཤེས་མཁན་དེ་ལ་ཚུལ་བཞི...

开始翻译流程 (尝试 1/2):
========================================
步骤1: 输入藏语文本...
输入文本时出错: Message: tab crashed
  (Session info: chrome=143.0.7499.169)

✗ 输入文本失败

开始翻译流程 (尝试 2/2):
========================================
步骤1: 输入藏语文本...
输入文本时出错: Message: tab crashed
  (Session info: chrome=143.0.7499.169)

✗ 输入文本失败
========================================
✗ 翻译失败，跳过此行
✓ 已保存到文件: 211/4500 条

[212/4500] 翻译进度: 4.7%
藏语原文: གསུམ་པ་རྗེས་ལ་ཕྱག་རྒྱ་ཆེན་པོ་ངོས་གཟུང་ཞིང་རང་ངོ་སྤ...

开始翻译流程 (尝试 1/2):
========================================
步骤1: 输入藏语文本...
输入文本时出错: Message: tab crashed
  (Session info: chrome=143.0.7499.169)

✗ 输入文本失败

开始翻译流程 (尝试 2/2):
========================================
步骤1: 输入藏语文本...
输入文本时出错: Message: tab crashed
  (Session info: chrome=143.0.7499.169)

✗ 输入文本失败
========================================
✗ 翻译失败，跳过此行
✓ 已保存到文件: 212/4500 条

[213/4500] 翻译进度: 4.7%
藏语原文: དང་པོ་ཕྱག་རྒྱ་ཆེན་པོ་ངོས་གཟུང་ཞིང་རང་ངོ་སྤྲད་པ་ནི།

开始翻译流程 (尝试 1/2):
========================================
步骤1: 输入藏语文本...
输入文本时出错: Message: tab crashed
  (Session info: chrome=143.0.7499.169)

✗ 输入文本失败

开始翻译流程 (尝试 2/2):
========================================
步骤1: 输入藏语文本...
输入文本时出错: Message: tab crashed
  (Session info: chrome=143.0.7499.169)

✗ 输入文本失败
========================================
✗ 翻译失败，跳过此行
✓ 已保存到文件: 213/4500 条

[214/4500] 翻译进度: 4.8%
藏语原文: ང་རང་ནི་གོང་དུ་ཞུས་པའི་ངེད་མིང་སྲིང་བཞིའི་ནང་ནས་ཐ་...

开始翻译流程 (尝试 1/2):
========================================
步骤1: 输入藏语文本...
输入文本时出错: Message: tab crashed
  (Session info: chrome=143.0.7499.169)

✗ 输入文本失败

开始翻译流程 (尝试 2/2):
========================================
步骤1: 输入藏语文本...
输入文本时出错: Message: tab crashed
  (Session info: chrome=143.0.7499.169)

✗ 输入文本失败
========================================
✗ 翻译失败，跳过此行
✓ 已保存到文件: 214/4500 条

[215/4500] 翻译进度: 4.8%
藏语原文: དེ་དུས་རོང་བཙན་ཕེབས་ཡོད་པའི་ལུས་གཡར་དེས་རྟ་གཅིག་ལ་...

开始翻译流程 (尝试 1/2):
========================================
步骤1: 输入藏语文本...
输入文本时出错: Message: tab crashed
  (Session info: chrome=143.0.7499.169)

✗ 输入文本失败

开始翻译流程 (尝试 2/2):
========================================
步骤1: 输入藏语文本...
输入文本时出错: Message: tab crashed
  (Session info: chrome=143.0.7499.169)

✗ 输入文本失败
========================================
✗ 翻译失败，跳过此行
✓ 已保存到文件: 215/4500 条

[216/4500] 翻译进度: 4.8%
藏语原文: སྐུ་གོང་མའི་ཕྱག་ཕྲེངསོགས་ངོ་མ་རྣམས་བླངས་པ་ཡིན་འདུག...

开始翻译流程 (尝试 1/2):
========================================
步骤1: 输入藏语文本...
输入文本时出错: Message: tab crashed
  (Session info: chrome=143.0.7499.169)

✗ 输入文本失败

开始翻译流程 (尝试 2/2):
========================================
步骤1: 输入藏语文本...
输入文本时出错: Message: tab crashed
  (Session info: chrome=143.0.7499.169)

✗ 输入文本失败
========================================
✗ 翻译失败，跳过此行
✓ 已保存到文件: 216/4500 条

[217/4500] 翻译进度: 4.8%
藏语原文: འགྲོ་འདུག་བྱེད་ཚུལ་སོགས་བསླབས་པར་མཛད།

开始翻译流程 (尝试 1/2):
========================================
步骤1: 输入藏语文本...
输入文本时出错: Message: tab crashed
  (Session info: chrome=143.0.7499.169)

✗ 输入文本失败

开始翻译流程 (尝试 2/2):
========================================
步骤1: 输入藏语文本...
输入文本时出错: Message: tab crashed
  (Session info: chrome=143.0.7499.169)

✗ 输入文本失败
========================================
✗ 翻译失败，跳过此行
✓ 已保存到文件: 217/4500 条

[218/4500] 翻译进度: 4.8%
藏语原文: དེ་དུས་ང་རང་ཡང་ཚུབ་པོ་ཡོད་ལ།

开始翻译流程 (尝试 1/2):
========================================
步骤1: 输入藏语文本...
输入文本时出错: Message: tab crashed
  (Session info: chrome=143.0.7499.169)

✗ 输入文本失败

开始翻译流程 (尝试 2/2):
========================================
步骤1: 输入藏语文本...
输入文本时出错: Message: tab crashed
  (Session info: chrome=143.0.7499.169)

✗ 输入文本失败
========================================
✗ 翻译失败，跳过此行
✓ 已保存到文件: 218/4500 条

[219/4500] 翻译进度: 4.9%
藏语原文: དཀའ་ཆེན་ལགས་ཀྱིས་རྟ་ལྕག་དེ་བསྣམས་ཏེ་ང་རང་ལ་མང་པོ་ག...

开始翻译流程 (尝试 1/2):
========================================
步骤1: 输入藏语文本...
输入文本时出错: Message: tab crashed
  (Session info: chrome=143.0.7499.169)

✗ 输入文本失败

开始翻译流程 (尝试 2/2):
========================================
步骤1: 输入藏语文本...
输入文本时出错: Message: tab crashed
  (Session info: chrome=143.0.7499.169)

✗ 输入文本失败
========================================
✗ 翻译失败，跳过此行
✓ 已保存到文件: 219/4500 条

[220/4500] 翻译进度: 4.9%
藏语原文: ང་རང་བཀྲ་ཤིས་ལྷུན་པོར་དཔེ་ཐུབ་ཁང་ཚན་གྱི་སྤྲོ་ཁང་ཤར...

开始翻译流程 (尝试 1/2):
========================================
步骤1: 输入藏语文本...
输入文本时出错: Message: tab crashed
  (Session info: chrome=143.0.7499.169)

✗ 输入文本失败

开始翻译流程 (尝试 2/2):
========================================
步骤1: 输入藏语文本...
输入文本时出错: Message: tab crashed
  (Session info: chrome=143.0.7499.169)

✗ 输入文本失败
========================================
✗ 翻译失败，跳过此行
✓ 已保存到文件: 220/4500 条

[221/4500] 翻译进度: 4.9%
藏语原文: དེ་དུས་ང་རང་ལ་ལམ་འགྲོ་ཡང་ཆེན་པོ་བྱུང་།

开始翻译流程 (尝试 1/2):
========================================
步骤1: 输入藏语文本...
输入文本时出错: Message: tab crashed
  (Session info: chrome=143.0.7499.169)

✗ 输入文本失败

开始翻译流程 (尝试 2/2):
========================================
步骤1: 输入藏语文本...
输入文本时出错: Message: tab crashed
  (Session info: chrome=143.0.7499.169)

✗ 输入文本失败
========================================
✗ 翻译失败，跳过此行
✓ 已保存到文件: 221/4500 条

[222/4500] 翻译进度: 4.9%
藏语原文: ད་བརྟག་དུས་ངོས་ལ་འབྱུང་འགྱུར་གང་ཡིན་མཚོའི་ནང་ནས་ལུ...

开始翻译流程 (尝试 1/2):
========================================
步骤1: 输入藏语文本...
输入文本时出错: Message: tab crashed
  (Session info: chrome=143.0.7499.169)

✗ 输入文本失败

开始翻译流程 (尝试 2/2):
========================================
步骤1: 输入藏语文本...
输入文本时出错: Message: tab crashed
  (Session info: chrome=143.0.7499.169)

✗ 输入文本失败
========================================
✗ 翻译失败，跳过此行
✓ 已保存到文件: 222/4500 条

[223/4500] 翻译进度: 5.0%
藏语原文: ཧ་རི་ཅནྡ་ཀོལ་དང་གར་ཞ་བ་སུ་བི་དཱར་བྷིམ་སིདྷ་སོགས་འད...

开始翻译流程 (尝试 1/2):
========================================
步骤1: 输入藏语文本...
输入文本时出错: Message: tab crashed
  (Session info: chrome=143.0.7499.169)

✗ 输入文本失败

开始翻译流程 (尝试 2/2):
========================================
步骤1: 输入藏语文本...
输入文本时出错: Message: tab crashed
  (Session info: chrome=143.0.7499.169)

✗ 输入文本失败
========================================
✗ 翻译失败，跳过此行
✓ 已保存到文件: 223/4500 条

[224/4500] 翻译进度: 5.0%
藏语原文: ད་དུ་རྟ་ལེགས་པོ་མི་འདུག་ཟས་ཞིམ་པོ་མི་འདུག་དུས་ཐོག་...

开始翻译流程 (尝试 1/2):
========================================
步骤1: 输入藏语文本...
输入文本时出错: Message: tab crashed
  (Session info: chrome=143.0.7499.169)

✗ 输入文本失败

开始翻译流程 (尝试 2/2):
========================================
步骤1: 输入藏语文本...
输入文本时出错: Message: tab crashed
  (Session info: chrome=143.0.7499.169)

✗ 输入文本失败
========================================
✗ 翻译失败，跳过此行
✓ 已保存到文件: 224/4500 条

[225/4500] 翻译进度: 5.0%
藏语原文: དེ་བཞིན་ཡོན་ཏན་ལྡན་པ་ཅི་ཙམ་འདུག་ལྟ་དུས།

开始翻译流程 (尝试 1/2):
========================================
步骤1: 输入藏语文本...
输入文本时出错: Message: tab crashed
  (Session info: chrome=143.0.7499.169)

✗ 输入文本失败

开始翻译流程 (尝试 2/2):
========================================
步骤1: 输入藏语文本...
输入文本时出错: Message: tab crashed
  (Session info: chrome=143.0.7499.169)

✗ 输入文本失败
========================================
✗ 翻译失败，跳过此行
✓ 已保存到文件: 225/4500 条

[226/4500] 翻译进度: 5.0%
藏语原文: གླེར་སྐབས་འགར་ཁྲོམ་སྐོར་ལྟ་བུ་བཏོན་དགོས་བྱུང་ཚེ་གྲ...

开始翻译流程 (尝试 1/2):
========================================
步骤1: 输入藏语文本...
输入文本时出错: Message: tab crashed
  (Session info: chrome=143.0.7499.169)

✗ 输入文本失败

开始翻译流程 (尝试 2/2):
========================================
步骤1: 输入藏语文本...
输入文本时出错: Message: tab crashed
  (Session info: chrome=143.0.7499.169)

✗ 输入文本失败
========================================
✗ 翻译失败，跳过此行
✓ 已保存到文件: 226/4500 条

[227/4500] 翻译进度: 5.0%
藏语原文: དབྱིན་ཡིག་ཐོག་བྲིས་ཡོད་པ་གཉིས་མཐུན་གྱི་མི་འདུག་གསུ...

开始翻译流程 (尝试 1/2):
========================================
步骤1: 输入藏语文本...
输入文本时出错: Message: tab crashed
  (Session info: chrome=143.0.7499.169)

✗ 输入文本失败

开始翻译流程 (尝试 2/2):
========================================
步骤1: 输入藏语文本...
输入文本时出错: Message: tab crashed
  (Session info: chrome=143.0.7499.169)

✗ 输入文本失败
========================================
✗ 翻译失败，跳过此行
✓ 已保存到文件: 227/4500 条

[228/4500] 翻译进度: 5.1%
藏语原文: དེས་ན་ང་དང་ངའི་རོགས་པ་ཀུན་རྒྱ་གར་གྱི་སྲིད་བློན་ཆེན...

开始翻译流程 (尝试 1/2):
========================================
步骤1: 输入藏语文本...
输入文本时出错: Message: tab crashed
  (Session info: chrome=143.0.7499.169)

✗ 输入文本失败

开始翻译流程 (尝试 2/2):
========================================
步骤1: 输入藏语文本...
输入文本时出错: Message: tab crashed
  (Session info: chrome=143.0.7499.169)

✗ 输入文本失败
========================================
✗ 翻译失败，跳过此行
✓ 已保存到文件: 228/4500 条

[229/4500] 翻译进度: 5.1%
藏语原文: སྐུ་ངོས་བོད་ནས་བྲོས་ཏེ་དེར་ཕེབས་ཏེ་འདུག་དེ་བཞིན་ཌཀ...

开始翻译流程 (尝试 1/2):
========================================
步骤1: 输入藏语文本...
输入文本时出错: Message: tab crashed
  (Session info: chrome=143.0.7499.169)

✗ 输入文本失败

开始翻译流程 (尝试 2/2):
========================================
步骤1: 输入藏语文本...
输入文本时出错: Message: tab crashed
  (Session info: chrome=143.0.7499.169)

✗ 输入文本失败
========================================
✗ 翻译失败，跳过此行
✓ 已保存到文件: 229/4500 条

[230/4500] 翻译进度: 5.1%
藏语原文: ལ་དེ་ནི་སྒང་ཏོག་དང་བོད་ཀྱི་ས་མཚམས་ན་འདུག་དེའི་མཐོ་...

开始翻译流程 (尝试 1/2):
========================================
步骤1: 输入藏语文本...
输入文本时出错: Message: tab crashed
  (Session info: chrome=143.0.7499.169)

✗ 输入文本失败

开始翻译流程 (尝试 2/2):
========================================
步骤1: 输入藏语文本...
输入文本时出错: Message: tab crashed
  (Session info: chrome=143.0.7499.169)

✗ 输入文本失败
========================================
✗ 翻译失败，跳过此行
✓ 已保存到文件: 230/4500 条

[231/4500] 翻译进度: 5.1%
藏语原文: དེ་དུས་སྐུ་མདུན་བཅད་རྒྱར་བཞུགས་འདུག་པས།

开始翻译流程 (尝试 1/2):
========================================
步骤1: 输入藏语文本...
输入文本时出错: Message: tab crashed
  (Session info: chrome=143.0.7499.169)

✗ 输入文本失败

开始翻译流程 (尝试 2/2):
========================================
步骤1: 输入藏语文本...
输入文本时出错: Message: tab crashed
  (Session info: chrome=143.0.7499.169)

✗ 输入文本失败
========================================
✗ 翻译失败，跳过此行
✓ 已保存到文件: 231/4500 条

[232/4500] 翻译进度: 5.2%
藏语原文: དགོན་གནས་དེ་ཀུན་མཇལ་ཕྱིར་རྟ་དང་དྲེལ་མ་གཏོགས་གཞན་བཞ...

开始翻译流程 (尝试 1/2):
========================================
步骤1: 输入藏语文本...
输入文本时出错: Message: tab crashed
  (Session info: chrome=143.0.7499.169)

✗ 输入文本失败

开始翻译流程 (尝试 2/2):
========================================
步骤1: 输入藏语文本...
输入文本时出错: Message: tab crashed
  (Session info: chrome=143.0.7499.169)

✗ 输入文本失败
========================================
✗ 翻译失败，跳过此行
✓ 已保存到文件: 232/4500 条

[233/4500] 翻译进度: 5.2%
藏语原文: དེའི་ནང་དུ་མཚོ་ནས་སྐབས་སྐབས་སུ་ཐོན་པའི་དངོས་རྫས་རང...

开始翻译流程 (尝试 1/2):
========================================
步骤1: 输入藏语文本...
输入文本时出错: Message: tab crashed
  (Session info: chrome=143.0.7499.169)

✗ 输入文本失败

开始翻译流程 (尝试 2/2):
========================================
步骤1: 输入藏语文本...
输入文本时出错: Message: tab crashed
  (Session info: chrome=143.0.7499.169)

✗ 输入文本失败
========================================
✗ 翻译失败，跳过此行
✓ 已保存到文件: 233/4500 条

[234/4500] 翻译进度: 5.2%
藏语原文: མཚོ་དེའི་དབྱིབས་ནི་མིའི་པགས་པ་ཆ་ཚང་བཤུས་ནས་བཀྲམ་པ་...

开始翻译流程 (尝试 1/2):
========================================
步骤1: 输入藏语文本...
输入文本时出错: Message: tab crashed
  (Session info: chrome=143.0.7499.169)

✗ 输入文本失败

开始翻译流程 (尝试 2/2):
========================================
步骤1: 输入藏语文本...
输入文本时出错: Message: tab crashed
  (Session info: chrome=143.0.7499.169)

✗ 输入文本失败
========================================
✗ 翻译失败，跳过此行
✓ 已保存到文件: 234/4500 条

[235/4500] 翻译进度: 5.2%
藏语原文: རུ་ཐོག་ནིསྔོ་ལྗང་རྒྱས་ལ་ཤིན་ཏུ་མཛེས་པའི་ཡུལ་ལྗོངས་...

开始翻译流程 (尝试 1/2):
========================================
步骤1: 输入藏语文本...
输入文本时出错: Message: tab crashed
  (Session info: chrome=143.0.7499.169)

✗ 输入文本失败

开始翻译流程 (尝试 2/2):
========================================
步骤1: 输入藏语文本...
输入文本时出错: Message: tab crashed
  (Session info: chrome=143.0.7499.169)

✗ 输入文本失败
========================================
✗ 翻译失败，跳过此行
✓ 已保存到文件: 235/4500 条

[236/4500] 翻译进度: 5.2%
藏语原文: དེ་ཡང་དེ་དུས་ང་རང་ལ་དྭགས་ཀྱི་དོན་རྩའི་བློན་པོ་ཡིན་...

开始翻译流程 (尝试 1/2):
========================================
步骤1: 输入藏语文本...
输入文本时出错: Message: tab crashed
  (Session info: chrome=143.0.7499.169)

✗ 输入文本失败

开始翻译流程 (尝试 2/2):
========================================
步骤1: 输入藏语文本...
输入文本时出错: Message: tab crashed
  (Session info: chrome=143.0.7499.169)

✗ 输入文本失败
========================================
✗ 翻译失败，跳过此行
✓ 已保存到文件: 236/4500 条

[237/4500] 翻译进度: 5.3%
藏语原文: རྒྱ་མིས་བོད་ལ་གང་དང་གང་བྱེད་པ་འདུག་བརྟག་དཔྱད་ལེགས་...

开始翻译流程 (尝试 1/2):
========================================
步骤1: 输入藏语文本...
输入文本时出错: Message: tab crashed
  (Session info: chrome=143.0.7499.169)

✗ 输入文本失败

开始翻译流程 (尝试 2/2):
========================================
步骤1: 输入藏语文本...
输入文本时出错: Message: tab crashed
  (Session info: chrome=143.0.7499.169)

✗ 输入文本失败
========================================
✗ 翻译失败，跳过此行
✓ 已保存到文件: 237/4500 条

[238/4500] 翻译进度: 5.3%
藏语原文: ངས་རྒྱ་མིས་བོད་མ་ཚད་རྒྱ་གར་ཡང་ཟ་འདོད་འདུག་དེའི་ཕྱི...

开始翻译流程 (尝试 1/2):
========================================
步骤1: 输入藏语文本...
输入文本时出错: Message: tab crashed
  (Session info: chrome=143.0.7499.169)

✗ 输入文本失败

开始翻译流程 (尝试 2/2):
========================================
步骤1: 输入藏语文本...
输入文本时出错: Message: tab crashed
  (Session info: chrome=143.0.7499.169)

✗ 输入文本失败
========================================
✗ 翻译失败，跳过此行
✓ 已保存到文件: 238/4500 条

[239/4500] 翻译进度: 5.3%
藏语原文: དེ་ཉིན་ཛཱ་པཱན་གྱི་ལོ་གསར་ཡིན་འདུག་དེར་ཕུ་ཇི་གུ་རུ་...

开始翻译流程 (尝试 1/2):
========================================
步骤1: 输入藏语文本...
输入文本时出错: Message: tab crashed
  (Session info: chrome=143.0.7499.169)

✗ 输入文本失败

开始翻译流程 (尝试 2/2):
========================================
步骤1: 输入藏语文本...
输入文本时出错: Message: tab crashed
  (Session info: chrome=143.0.7499.169)

✗ 输入文本失败
========================================
✗ 翻译失败，跳过此行
✓ 已保存到文件: 239/4500 条

[240/4500] 翻译进度: 5.3%
藏语原文: ༡༩༦ ལོར་དགའ་ལྡན་ཐེག་ཆེན་གླིང་དུ་དུས་འཁོར་སྒྲུབ་མཆོ...

开始翻译流程 (尝试 1/2):
========================================
步骤1: 输入藏语文本...
输入文本时出错: Message: tab crashed
  (Session info: chrome=143.0.7499.169)

✗ 输入文本失败

开始翻译流程 (尝试 2/2):
========================================
步骤1: 输入藏语文本...
输入文本时出错: Message: tab crashed
  (Session info: chrome=143.0.7499.169)

✗ 输入文本失败
========================================
✗ 翻译失败，跳过此行
✓ 已保存到文件: 240/4500 条

[241/4500] 翻译进度: 5.4%
藏语原文: ཕྱིན་ཆད་ང་རང་ལ་གང་འཇོན་པའི་ཞབས་ཏོག་ཞུ་ཆོག་ཅེས་ཞུས་...

开始翻译流程 (尝试 1/2):
========================================
步骤1: 输入藏语文本...
输入文本时出错: Message: tab crashed
  (Session info: chrome=143.0.7499.169)

✗ 输入文本失败

开始翻译流程 (尝试 2/2):
========================================
步骤1: 输入藏语文本...
输入文本时出错: Message: tab crashed
  (Session info: chrome=143.0.7499.169)

✗ 输入文本失败
========================================
✗ 翻译失败，跳过此行
✓ 已保存到文件: 241/4500 条

[242/4500] 翻译进度: 5.4%
藏语原文: རི་བོ་རྣམས་ཀྱང་ལྗོན་ཤིང་དང་རྩྭ་ཡིས་སྤྲས་པ་ཧ་ཅང་སྐྱ...

开始翻译流程 (尝试 1/2):
========================================
步骤1: 输入藏语文本...
输入文本时出错: Message: tab crashed
  (Session info: chrome=143.0.7499.169)

✗ 输入文本失败

开始翻译流程 (尝试 2/2):
========================================
步骤1: 输入藏语文本...
输入文本时出错: Message: tab crashed
  (Session info: chrome=143.0.7499.169)

✗ 输入文本失败
========================================
✗ 翻译失败，跳过此行
✓ 已保存到文件: 242/4500 条

[243/4500] 翻译进度: 5.4%
藏语原文: ར་ལུག་གྲངས་མེད་ཡོད་པ་དང་གུར་ཡང་ས་ཆ་མང་པར་མཐོང་རྒྱུ...

开始翻译流程 (尝试 1/2):
========================================
步骤1: 输入藏语文本...
输入文本时出错: Message: tab crashed
  (Session info: chrome=143.0.7499.169)

✗ 输入文本失败

开始翻译流程 (尝试 2/2):
========================================
步骤1: 输入藏语文本...
输入文本时出错: Message: tab crashed
  (Session info: chrome=143.0.7499.169)

✗ 输入文本失败
========================================
✗ 翻译失败，跳过此行
✓ 已保存到文件: 243/4500 条

[244/4500] 翻译进度: 5.4%
藏语原文: ང་རང་བཅས་མི་ལྔ་ཚང་ཙམ་བྱུང་།

开始翻译流程 (尝试 1/2):
========================================
步骤1: 输入藏语文本...
输入文本时出错: Message: tab crashed
  (Session info: chrome=143.0.7499.169)

✗ 输入文本失败

开始翻译流程 (尝试 2/2):
========================================
步骤1: 输入藏语文本...
输入文本时出错: Message: tab crashed
  (Session info: chrome=143.0.7499.169)

✗ 输入文本失败
========================================
✗ 翻译失败，跳过此行
✓ 已保存到文件: 244/4500 条

[245/4500] 翻译进度: 5.4%
藏语原文: དེ་བཞིན་མི་མངས་རྣམས་ཆང་ལ་ཧ་ཅང་དགའ་པོ་འདུག་པས།

开始翻译流程 (尝试 1/2):
========================================
步骤1: 输入藏语文本...
输入文本时出错: Message: tab crashed
  (Session info: chrome=143.0.7499.169)

✗ 输入文本失败

开始翻译流程 (尝试 2/2):
========================================
步骤1: 输入藏语文本...
输入文本时出错: Message: tab crashed
  (Session info: chrome=143.0.7499.169)

✗ 输入文本失败
========================================
✗ 翻译失败，跳过此行
✓ 已保存到文件: 245/4500 条

[246/4500] 翻译进度: 5.5%
藏语原文: སེངྒེ་ཁ་འབབ་ཀྱི་ཕར་ཀར་ཆགས་ཡོད་པའི་ཡུལ་མི་རྣམས་ཀྱིས...

开始翻译流程 (尝试 1/2):
========================================
步骤1: 输入藏语文本...
输入文本时出错: Message: tab crashed
  (Session info: chrome=143.0.7499.169)

✗ 输入文本失败

开始翻译流程 (尝试 2/2):
========================================
步骤1: 输入藏语文本...
输入文本时出错: Message: tab crashed
  (Session info: chrome=143.0.7499.169)

✗ 输入文本失败
========================================
✗ 翻译失败，跳过此行
✓ 已保存到文件: 246/4500 条

[247/4500] 翻译进度: 5.5%
藏语原文: ཧ་ཅང་ལེགས་པོ་འདུག་ཅེས་བཀའ་གནང་།

开始翻译流程 (尝试 1/2):
========================================
步骤1: 输入藏语文本...
输入文本时出错: Message: tab crashed
  (Session info: chrome=143.0.7499.169)

✗ 输入文本失败

开始翻译流程 (尝试 2/2):
========================================
步骤1: 输入藏语文本...
输入文本时出错: Message: tab crashed
  (Session info: chrome=143.0.7499.169)

✗ 输入文本失败
========================================
✗ 翻译失败，跳过此行
✓ 已保存到文件: 247/4500 条

[248/4500] 翻译进度: 5.5%
藏语原文: དེར་མ་ཎི་རང་བྱོན་ཞིག་ཀྱང་འདུག་དེ་ལ་ཁྲུས་གསོལ་རྒྱས་...

开始翻译流程 (尝试 1/2):
========================================
步骤1: 输入藏语文本...
输入文本时出错: Message: tab crashed
  (Session info: chrome=143.0.7499.169)

✗ 输入文本失败

开始翻译流程 (尝试 2/2):
========================================
步骤1: 输入藏语文本...
输入文本时出错: Message: tab crashed
  (Session info: chrome=143.0.7499.169)

✗ 输入文本失败
========================================
✗ 翻译失败，跳过此行
✓ 已保存到文件: 248/4500 条

[249/4500] 翻译进度: 5.5%
藏语原文: ད་ལྟ་གཅིག་མ་གཏོགས་མི་འདུག་དེ་ལ་དགའ་ལྡན་ཚེ་འཕེལ་གླི...

开始翻译流程 (尝试 1/2):
========================================
步骤1: 输入藏语文本...
输入文本时出错: Message: tab crashed
  (Session info: chrome=143.0.7499.169)

✗ 输入文本失败

开始翻译流程 (尝试 2/2):
========================================
步骤1: 输入藏语文本...
输入文本时出错: Message: tab crashed
  (Session info: chrome=143.0.7499.169)

✗ 输入文本失败
========================================
✗ 翻译失败，跳过此行
✓ 已保存到文件: 249/4500 条

[250/4500] 翻译进度: 5.6%
藏语原文: ད་ལྟ་མཆོད་རྟེན་གསུམ་གྱི་ཞིག་ཤུལ་ཙམ་མ་གཏོགས་གང་ཡང་མ...

开始翻译流程 (尝试 1/2):
========================================
步骤1: 输入藏语文本...
输入文本时出错: Message: tab crashed
  (Session info: chrome=143.0.7499.169)

✗ 输入文本失败

开始翻译流程 (尝试 2/2):
========================================
步骤1: 输入藏语文本...
输入文本时出错: Message: tab crashed
  (Session info: chrome=143.0.7499.169)

✗ 输入文本失败
========================================
✗ 翻译失败，跳过此行
✓ 已保存到文件: 250/4500 条

[251/4500] 翻译进度: 5.6%
藏语原文: དེར་དགེ་ཚུལ་མ་མང་པོ་འདུག་མ་ཎི་དབྱངས་དང་བཅས་ལེགས་པར...

开始翻译流程 (尝试 1/2):
========================================
步骤1: 输入藏语文本...
输入文本时出错: Message: tab crashed
  (Session info: chrome=143.0.7499.169)

✗ 输入文本失败

开始翻译流程 (尝试 2/2):
========================================
步骤1: 输入藏语文本...
输入文本时出错: Message: tab crashed
  (Session info: chrome=143.0.7499.169)

✗ 输入文本失败
========================================
✗ 翻译失败，跳过此行
✓ 已保存到文件: 251/4500 条

[252/4500] 翻译进度: 5.6%
藏语原文: དེར་ཨུམ་ཁེ་ཞེས་པའི་ས་གནས་སུ་ཆུ་ཚན་གཉིས་འདུག་གཅིག་ན...

开始翻译流程 (尝试 1/2):
========================================
步骤1: 输入藏语文本...
输入文本时出错: Message: tab crashed
  (Session info: chrome=143.0.7499.169)

✗ 输入文本失败

开始翻译流程 (尝试 2/2):
========================================
步骤1: 输入藏语文本...
输入文本时出错: Message: tab crashed
  (Session info: chrome=143.0.7499.169)

✗ 输入文本失败
========================================
✗ 翻译失败，跳过此行
✓ 已保存到文件: 252/4500 条

[253/4500] 翻译进度: 5.6%
藏语原文: དེ་ནི་བེ་ཇིང་ནས་ཀི་ལོ་མི་ཊར་༨ ཙམ་གྱི་རིང་ན་འདུག་ཚེ...

开始翻译流程 (尝试 1/2):
========================================
步骤1: 输入藏语文本...
输入文本时出错: Message: tab crashed
  (Session info: chrome=143.0.7499.169)

✗ 输入文本失败

开始翻译流程 (尝试 2/2):
========================================
步骤1: 输入藏语文本...
输入文本时出错: Message: tab crashed
  (Session info: chrome=143.0.7499.169)

✗ 输入文本失败
========================================
✗ 翻译失败，跳过此行
✓ 已保存到文件: 253/4500 条

[254/4500] 翻译进度: 5.6%
藏语原文: དེའི་ནང་ན་སྒྲུབ་ཆུ་ཁྱད་པར་ཅན་ཞིག་འདུག་ངས་སྒྲུབ་ཆུ་...

开始翻译流程 (尝试 1/2):
========================================
步骤1: 输入藏语文本...
输入文本时出错: Message: tab crashed
  (Session info: chrome=143.0.7499.169)

✗ 输入文本失败

开始翻译流程 (尝试 2/2):
========================================
步骤1: 输入藏语文本...
输入文本时出错: Message: tab crashed
  (Session info: chrome=143.0.7499.169)

✗ 输入文本失败
========================================
✗ 翻译失败，跳过此行
✓ 已保存到文件: 254/4500 条

[255/4500] 翻译进度: 5.7%
藏语原文: དེའི་ཆ་ཤས་ཙམ་ཡང་ད་ལྟ་བོད་དུ་ཡར་རྒྱས་བྱས་མི་འདུག་དེ...

开始翻译流程 (尝试 1/2):
========================================
步骤1: 输入藏语文本...
输入文本时出错: Message: tab crashed
  (Session info: chrome=143.0.7499.169)

✗ 输入文本失败

开始翻译流程 (尝试 2/2):
========================================
步骤1: 输入藏语文本...
输入文本时出错: Message: tab crashed
  (Session info: chrome=143.0.7499.169)

✗ 输入文本失败
========================================
✗ 翻译失败，跳过此行
✓ 已保存到文件: 255/4500 条

[256/4500] 翻译进度: 5.7%
藏语原文: དེ་དུས་ངས་ཇོ་བོའི་བཞུགས་གནས་ཀྱི་ཕྱི་ནང་ཚང་མ་གཙང་མར...

开始翻译流程 (尝试 1/2):
========================================
步骤1: 输入藏语文本...
输入文本时出错: Message: tab crashed
  (Session info: chrome=143.0.7499.169)

✗ 输入文本失败

开始翻译流程 (尝试 2/2):
========================================
步骤1: 输入藏语文本...
输入文本时出错: Message: tab crashed
  (Session info: chrome=143.0.7499.169)

✗ 输入文本失败
========================================
✗ 翻译失败，跳过此行
✓ 已保存到文件: 256/4500 条

[257/4500] 翻译进度: 5.7%
藏语原文: དེར་ཁང་ཚན་གྱི་གྱང་ཤུལ་ཙམ་མ་གཏོགས་གཞན་གང་ཡང་མི་འདུག...

开始翻译流程 (尝试 1/2):
========================================
步骤1: 输入藏语文本...
输入文本时出错: Message: tab crashed
  (Session info: chrome=143.0.7499.169)

✗ 输入文本失败

开始翻译流程 (尝试 2/2):
========================================
步骤1: 输入藏语文本...
输入文本时出错: Message: tab crashed
  (Session info: chrome=143.0.7499.169)

✗ 输入文本失败
========================================
✗ 翻译失败，跳过此行
✓ 已保存到文件: 257/4500 条

[258/4500] 翻译进度: 5.7%
藏语原文: དེ་དུས་སྔར་མེ་སྒྱོགས་བརྒྱབས་ནས་གནོད་སྐྱོན་བྱས་ཡོད་...

开始翻译流程 (尝试 1/2):
========================================
步骤1: 输入藏语文本...
输入文本时出错: Message: tab crashed
  (Session info: chrome=143.0.7499.169)

✗ 输入文本失败

开始翻译流程 (尝试 2/2):
========================================
步骤1: 输入藏语文本...
输入文本时出错: Message: tab crashed
  (Session info: chrome=143.0.7499.169)

✗ 输入文本失败
========================================
✗ 翻译失败，跳过此行
✓ 已保存到文件: 258/4500 条

[259/4500] 翻译进度: 5.8%
藏语原文: དེ་ལྟར་འབྱུང་རྒྱུ་ཧ་ཅང་ཁག་པོ་འདུག་དེ་ཉིན་སྔར་རྒྱ་ག...

开始翻译流程 (尝试 1/2):
========================================
步骤1: 输入藏语文本...
输入文本时出错: Message: tab crashed
  (Session info: chrome=143.0.7499.169)

✗ 输入文本失败

开始翻译流程 (尝试 2/2):
========================================
步骤1: 输入藏语文本...
输入文本时出错: Message: tab crashed
  (Session info: chrome=143.0.7499.169)

✗ 输入文本失败
========================================
✗ 翻译失败，跳过此行
✓ 已保存到文件: 259/4500 条

[260/4500] 翻译进度: 5.8%
藏语原文: དེ་དུས་ཚོགས་ཚོགས་བྱ་ཧ་ཅང་མང་པོ་ཡོད་ཀྱང་དེང་སང་དེ་འ...

开始翻译流程 (尝试 1/2):
========================================
步骤1: 输入藏语文本...
输入文本时出错: Message: tab crashed
  (Session info: chrome=143.0.7499.169)

✗ 输入文本失败

开始翻译流程 (尝试 2/2):
========================================
步骤1: 输入藏语文本...
输入文本时出错: Message: tab crashed
  (Session info: chrome=143.0.7499.169)

✗ 输入文本失败
========================================
✗ 翻译失败，跳过此行
✓ 已保存到文件: 260/4500 条

[261/4500] 翻译进度: 5.8%
藏语原文: ང་རང་དང་བོད་ཀྱི་འབྲེལ་ཇི་ལྟར་ལུས་ཞིབ་ཅིང་ཕྲ་བ་ནས་བ...

开始翻译流程 (尝试 1/2):
========================================
步骤1: 输入藏语文本...
输入文本时出错: Message: tab crashed
  (Session info: chrome=143.0.7499.169)

✗ 输入文本失败

开始翻译流程 (尝试 2/2):
========================================
步骤1: 输入藏语文本...
输入文本时出错: Message: tab crashed
  (Session info: chrome=143.0.7499.169)

✗ 输入文本失败
========================================
✗ 翻译失败，跳过此行
✓ 已保存到文件: 261/4500 条

[262/4500] 翻译进度: 5.8%
藏语原文: ང་རང་བཅས་རྒྱ་གར་ནས་ཨུ་ལན་བཱ་ཊོར་དུ་འབྱོར།

开始翻译流程 (尝试 1/2):
========================================
步骤1: 输入藏语文本...
输入文本时出错: Message: tab crashed
  (Session info: chrome=143.0.7499.169)

✗ 输入文本失败

开始翻译流程 (尝试 2/2):
========================================
步骤1: 输入藏语文本...
输入文本时出错: Message: tab crashed
  (Session info: chrome=143.0.7499.169)

✗ 输入文本失败
========================================
✗ 翻译失败，跳过此行
✓ 已保存到文件: 262/4500 条

[263/4500] 翻译进度: 5.8%
藏语原文: དེའི་དམིགས་ཡུལ་མཐར་ཐུག་ཇི་ལྟར་ཡིན་པ་སོགས་ཀྱི་སྐོར་...

开始翻译流程 (尝试 1/2):
========================================
步骤1: 输入藏语文本...
输入文本时出错: Message: tab crashed
  (Session info: chrome=143.0.7499.169)

✗ 输入文本失败

开始翻译流程 (尝试 2/2):
========================================
步骤1: 输入藏语文本...
输入文本时出错: Message: tab crashed
  (Session info: chrome=143.0.7499.169)

✗ 输入文本失败
========================================
✗ 翻译失败，跳过此行
✓ 已保存到文件: 263/4500 条

[264/4500] 翻译进度: 5.9%
藏语原文: དེ་ཙམ་ཕན་ཐོགས་མི་འདུག་ལ་དྭགས་སུ་ཕྱིའི་ཡར་རྒྱས་འགྲི...

开始翻译流程 (尝试 1/2):
========================================
步骤1: 输入藏语文本...
输入文本时出错: Message: tab crashed
  (Session info: chrome=143.0.7499.169)

✗ 输入文本失败

开始翻译流程 (尝试 2/2):
========================================
步骤1: 输入藏语文本...
输入文本时出错: Message: tab crashed
  (Session info: chrome=143.0.7499.169)

✗ 输入文本失败
========================================
✗ 翻译失败，跳过此行
✓ 已保存到文件: 264/4500 条

[265/4500] 翻译进度: 5.9%
藏语原文: འཛིང་དགོན་ནའང་འཛིང་ཆོག་ཆོག་བྱས་ནས་འདུག་དགོས།

开始翻译流程 (尝试 1/2):
========================================
步骤1: 输入藏语文本...
输入文本时出错: Message: tab crashed
  (Session info: chrome=143.0.7499.169)

✗ 输入文本失败

开始翻译流程 (尝试 2/2):
========================================
步骤1: 输入藏语文本...
输入文本时出错: Message: tab crashed
  (Session info: chrome=143.0.7499.169)

✗ 输入文本失败
========================================
✗ 翻译失败，跳过此行
✓ 已保存到文件: 265/4500 条

[266/4500] 翻译进度: 5.9%
藏语原文: སྔོན་མ་ན་ཡིན་ན་ང་རང་ཡུལ་ཡུལ་ལ་མཇལ་ཏེ་ཡུལ་གྱི་སྐྱིད...

开始翻译流程 (尝试 1/2):
========================================
步骤1: 输入藏语文本...
输入文本时出错: Message: tab crashed
  (Session info: chrome=143.0.7499.169)

✗ 输入文本失败

开始翻译流程 (尝试 2/2):
========================================
步骤1: 输入藏语文本...
输入文本时出错: Message: tab crashed
  (Session info: chrome=143.0.7499.169)

✗ 输入文本失败
========================================
✗ 翻译失败，跳过此行
✓ 已保存到文件: 266/4500 条

[267/4500] 翻译进度: 5.9%
藏语原文: དེ་ཕྱིར་ཉིད་ཅག་རང་ཀུན་གྱི་ཡུལ་སོ་སོར་མཇལ་ཐུབ་རྒྱུ་...

开始翻译流程 (尝试 1/2):
========================================
步骤1: 输入藏语文本...
输入文本时出错: Message: tab crashed
  (Session info: chrome=143.0.7499.169)

✗ 输入文本失败

开始翻译流程 (尝试 2/2):
========================================
步骤1: 输入藏语文本...
输入文本时出错: Message: tab crashed
  (Session info: chrome=143.0.7499.169)

✗ 输入文本失败
========================================
✗ 翻译失败，跳过此行
✓ 已保存到文件: 267/4500 条

[268/4500] 翻译进度: 6.0%
藏语原文: མ་འོངས་པ་ན་ལ་དྭགས་ལ་ནང་པ་ལུས་ཐུབ་བྱ་ཡང་ཁག་པོ་མཐོང་...

开始翻译流程 (尝试 1/2):
========================================
步骤1: 输入藏语文本...
输入文本时出错: Message: tab crashed
  (Session info: chrome=143.0.7499.169)

✗ 输入文本失败

开始翻译流程 (尝试 2/2):
========================================
步骤1: 输入藏语文本...
输入文本时出错: Message: tab crashed
  (Session info: chrome=143.0.7499.169)

✗ 输入文本失败
========================================
✗ 翻译失败，跳过此行
✓ 已保存到文件: 268/4500 条

[269/4500] 翻译进度: 6.0%
藏语原文: ཡིན་ནའང་རང་རང་སོ་སོའི་བསམ་བློ་བཟང་པོ་དང་སེམས་འདུལ་...

开始翻译流程 (尝试 1/2):
========================================
步骤1: 输入藏语文本...
输入文本时出错: Message: tab crashed
  (Session info: chrome=143.0.7499.169)

✗ 输入文本失败

开始翻译流程 (尝试 2/2):
========================================
步骤1: 输入藏语文本...
输入文本时出错: Message: tab crashed
  (Session info: chrome=143.0.7499.169)

✗ 输入文本失败
========================================
✗ 翻译失败，跳过此行
✓ 已保存到文件: 269/4500 条

[270/4500] 翻译进度: 6.0%
藏语原文: རང་རང་གཟུགས་མཆོག་དམ་པ་བསྟན་ནས་ཀྱང་

开始翻译流程 (尝试 1/2):
========================================
步骤1: 输入藏语文本...
输入文本时出错: Message: tab crashed
  (Session info: chrome=143.0.7499.169)

✗ 输入文本失败

开始翻译流程 (尝试 2/2):
========================================
步骤1: 输入藏语文本...
输入文本时出错: Message: tab crashed
  (Session info: chrome=143.0.7499.169)

✗ 输入文本失败
========================================
✗ 翻译失败，跳过此行
✓ 已保存到文件: 270/4500 条

[271/4500] 翻译进度: 6.0%
藏语原文: འོན་ཀྱང་གོང་ས་མཆོག་ཁོང་རང་ཉིད་ཀྱི་ཕ་ཡུལ་བོད་ལ་ཕེབས...

开始翻译流程 (尝试 1/2):
========================================
步骤1: 输入藏语文本...
输入文本时出错: Message: tab crashed
  (Session info: chrome=143.0.7499.169)

✗ 输入文本失败

开始翻译流程 (尝试 2/2):
========================================
步骤1: 输入藏语文本...
输入文本时出错: Message: tab crashed
  (Session info: chrome=143.0.7499.169)

✗ 输入文本失败
========================================
✗ 翻译失败，跳过此行
✓ 已保存到文件: 271/4500 条

[272/4500] 翻译进度: 6.0%
藏语原文: དེ་ཡིན་ཙ་ན།

开始翻译流程 (尝试 1/2):
========================================
步骤1: 输入藏语文本...
输入文本时出错: Message: tab crashed
  (Session info: chrome=143.0.7499.169)

✗ 输入文本失败

开始翻译流程 (尝试 2/2):
========================================
步骤1: 输入藏语文本...
输入文本时出错: Message: tab crashed
  (Session info: chrome=143.0.7499.169)

✗ 输入文本失败
========================================
✗ 翻译失败，跳过此行
✓ 已保存到文件: 272/4500 条

[273/4500] 翻译进度: 6.1%
藏语原文: དེ་འདྲ་ཡིན་ཙ་ན།

开始翻译流程 (尝试 1/2):
========================================
步骤1: 输入藏语文本...
输入文本时出错: Message: tab crashed
  (Session info: chrome=143.0.7499.169)

✗ 输入文本失败

开始翻译流程 (尝试 2/2):
========================================
步骤1: 输入藏语文本...
输入文本时出错: Message: tab crashed
  (Session info: chrome=143.0.7499.169)

✗ 输入文本失败
========================================
✗ 翻译失败，跳过此行
✓ 已保存到文件: 273/4500 条

[274/4500] 翻译进度: 6.1%
藏语原文: དེང་སང་སོ་སོའི་སྐྱེ་བོས་བཅོས་པ་མཛད་རྒྱུ་ཡིན་ཟེར་གྱ...

开始翻译流程 (尝试 1/2):
========================================
步骤1: 输入藏语文本...
输入文本时出错: Message: tab crashed
  (Session info: chrome=143.0.7499.169)

✗ 输入文本失败

开始翻译流程 (尝试 2/2):
========================================
步骤1: 输入藏语文本...
输入文本时出错: Message: tab crashed
  (Session info: chrome=143.0.7499.169)

✗ 输入文本失败
========================================
✗ 翻译失败，跳过此行
✓ 已保存到文件: 274/4500 条

[275/4500] 翻译进度: 6.1%
藏语原文: ཞེས་གསུངས་པ་འདིས་མིག་ཕྱེ་འདུག་པས་འདིའི་སྟེང་ནས་བསམ...

开始翻译流程 (尝试 1/2):
========================================
步骤1: 输入藏语文本...
输入文本时出错: Message: tab crashed
  (Session info: chrome=143.0.7499.169)

✗ 输入文本失败

开始翻译流程 (尝试 2/2):
========================================
步骤1: 输入藏语文本...
输入文本时出错: Message: tab crashed
  (Session info: chrome=143.0.7499.169)

✗ 输入文本失败
========================================
✗ 翻译失败，跳过此行
✓ 已保存到文件: 275/4500 条

[276/4500] 翻译进度: 6.1%
藏语原文: ལྷ་བདུད་དུ་བབས་ནས་ལྷག་པར་ལོག་རྟོག་སྐྱེ་བའི་རྒྱུར་འ...

开始翻译流程 (尝试 1/2):
========================================
步骤1: 输入藏语文本...
输入文本时出错: Message: tab crashed
  (Session info: chrome=143.0.7499.169)

✗ 输入文本失败

开始翻译流程 (尝试 2/2):
========================================
步骤1: 输入藏语文本...
输入文本时出错: Message: tab crashed
  (Session info: chrome=143.0.7499.169)

✗ 输入文本失败
========================================
✗ 翻译失败，跳过此行
✓ 已保存到文件: 276/4500 条

[277/4500] 翻译进度: 6.2%
藏语原文: ཞེས་སྤྲུལ་བའི་ནང་ན་རྣམ་པ་སྣ་ཚོགས་ཡོད་པ་སྟོན་བཞིན་འ...

开始翻译流程 (尝试 1/2):
========================================
步骤1: 输入藏语文本...
输入文本时出错: Message: tab crashed
  (Session info: chrome=143.0.7499.169)

✗ 输入文本失败

开始翻译流程 (尝试 2/2):
========================================
步骤1: 输入藏语文本...
输入文本时出错: Message: tab crashed
  (Session info: chrome=143.0.7499.169)

✗ 输入文本失败
========================================
✗ 翻译失败，跳过此行
✓ 已保存到文件: 277/4500 条

[278/4500] 翻译进度: 6.2%
藏语原文: ཕར་བལྟས་ན་ཁྱི་ཇི་མ་ཇི་བཞིན་ལོས་ཡིན་ཞེས་གསུངས།

开始翻译流程 (尝试 1/2):
========================================
步骤1: 输入藏语文本...
输入文本时出错: Message: tab crashed
  (Session info: chrome=143.0.7499.169)

✗ 输入文本失败

开始翻译流程 (尝试 2/2):
========================================
步骤1: 输入藏语文本...
输入文本时出错: Message: tab crashed
  (Session info: chrome=143.0.7499.169)

✗ 输入文本失败
========================================
✗ 翻译失败，跳过此行
✓ 已保存到文件: 278/4500 条

[279/4500] 翻译进度: 6.2%
藏语原文: ཁྱིམ་པ་ཚོ་ལ་བློ་རིག་རྩལ་གསུམ་འཛོམས་པ་ཅི་འདྲ་འདུག་ཀ...

开始翻译流程 (尝试 1/2):
========================================
步骤1: 输入藏语文本...
输入文本时出错: Message: tab crashed
  (Session info: chrome=143.0.7499.169)

✗ 输入文本失败

开始翻译流程 (尝试 2/2):
========================================
步骤1: 输入藏语文本...
输入文本时出错: Message: tab crashed
  (Session info: chrome=143.0.7499.169)

✗ 输入文本失败
========================================
✗ 翻译失败，跳过此行
✓ 已保存到文件: 279/4500 条

[280/4500] 翻译进度: 6.2%
藏语原文: གྲལ་ལ་བཞུགས་དུས་བཞུགས་སྟངས་འདུག་སྟངས་མདུན་གྱིས་བལྟ...

开始翻译流程 (尝试 1/2):
========================================
步骤1: 输入藏语文本...
输入文本时出错: Message: tab crashed
  (Session info: chrome=143.0.7499.169)

✗ 输入文本失败

开始翻译流程 (尝试 2/2):
========================================
步骤1: 输入藏语文本...
输入文本时出错: Message: tab crashed
  (Session info: chrome=143.0.7499.169)

✗ 输入文本失败
========================================
✗ 翻译失败，跳过此行
✓ 已保存到文件: 280/4500 条

[281/4500] 翻译进度: 6.2%
藏语原文: དེ་དུས་གཉེན་ཉེ་དུ་གྲོགས་མཛའ་བཤེས་ཅི་ཙམ་ཡོད་ན་ཡང་ངུ...

开始翻译流程 (尝试 1/2):
========================================
步骤1: 输入藏语文本...
输入文本时出错: Message: tab crashed
  (Session info: chrome=143.0.7499.169)

✗ 输入文本失败

开始翻译流程 (尝试 2/2):
========================================
步骤1: 输入藏语文本...
输入文本时出错: Message: tab crashed
  (Session info: chrome=143.0.7499.169)

✗ 输入文本失败
========================================
✗ 翻译失败，跳过此行
✓ 已保存到文件: 281/4500 条

[282/4500] 翻译进度: 6.3%
藏语原文: དེ་ལ་མགོ་འཁོར་ནས་འདུག་ཁོམ་མེད།

开始翻译流程 (尝试 1/2):
========================================
步骤1: 输入藏语文本...
输入文本时出错: Message: tab crashed
  (Session info: chrome=143.0.7499.169)

✗ 输入文本失败

开始翻译流程 (尝试 2/2):
========================================
步骤1: 输入藏语文本...
输入文本时出错: Message: tab crashed
  (Session info: chrome=143.0.7499.169)

✗ 输入文本失败
========================================
✗ 翻译失败，跳过此行
✓ 已保存到文件: 282/4500 条

[283/4500] 翻译进度: 6.3%
藏语原文: ཅེས་གསུངས་པ་ལྟར་ངེས་པར་ང་ལ་སེམས་ཤིག་མེད་འདུག་བསམ་ད...

开始翻译流程 (尝试 1/2):
========================================
步骤1: 输入藏语文本...
输入文本时出错: Message: tab crashed
  (Session info: chrome=143.0.7499.169)

✗ 输入文本失败

开始翻译流程 (尝试 2/2):
========================================
步骤1: 输入藏语文本...
输入文本时出错: Message: tab crashed
  (Session info: chrome=143.0.7499.169)

✗ 输入文本失败
========================================
✗ 翻译失败，跳过此行
✓ 已保存到文件: 283/4500 条

[284/4500] 翻译进度: 6.3%
藏语原文: པའི་སྟོབས་དེ་ལ་ཚང་གསུངས་པ་དེ་དུས་མ་ཤེས་ཀྱང་ད་ལྟ་བས...

开始翻译流程 (尝试 1/2):
========================================
步骤1: 输入藏语文本...
输入文本时出错: Message: tab crashed
  (Session info: chrome=143.0.7499.169)

✗ 输入文本失败

开始翻译流程 (尝试 2/2):
========================================
步骤1: 输入藏语文本...
输入文本时出错: Message: tab crashed
  (Session info: chrome=143.0.7499.169)

✗ 输入文本失败
========================================
✗ 翻译失败，跳过此行
✓ 已保存到文件: 284/4500 条

[285/4500] 翻译进度: 6.3%
藏语原文: ཟེར་བའི་ནང་ལ་སྡུད་པ་སོགས་བྱེད་པར་འདུག་རྣམ་འཇོམས་ཀྱ...

开始翻译流程 (尝试 1/2):
========================================
步骤1: 输入藏语文本...
输入文本时出错: Message: tab crashed
  (Session info: chrome=143.0.7499.169)

✗ 输入文本失败

开始翻译流程 (尝试 2/2):
========================================
步骤1: 输入藏语文本...
输入文本时出错: Message: tab crashed
  (Session info: chrome=143.0.7499.169)

✗ 输入文本失败
========================================
✗ 翻译失败，跳过此行
✓ 已保存到文件: 285/4500 条

[286/4500] 翻译进度: 6.4%
藏语原文: ཡིན་གཅིག་མིན་གཉིས་སྔགས་ཀྱི་སྣོན་མ་མཇུག་དེར་ངེས་ཅན་...

开始翻译流程 (尝试 1/2):
========================================
步骤1: 输入藏语文本...
输入文本时出错: Message: tab crashed
  (Session info: chrome=143.0.7499.169)

✗ 输入文本失败

开始翻译流程 (尝试 2/2):
========================================
步骤1: 输入藏语文本...
输入文本时出错: Message: tab crashed
  (Session info: chrome=143.0.7499.169)

✗ 输入文本失败
========================================
✗ 翻译失败，跳过此行
✓ 已保存到文件: 286/4500 条

[287/4500] 翻译进度: 6.4%
藏语原文: རྒན་བྱེད་དགོས་འདུག་ལགས་ཞེས་ཞུས་དུས།

开始翻译流程 (尝试 1/2):
========================================
步骤1: 输入藏语文本...
输入文本时出错: Message: tab crashed
  (Session info: chrome=143.0.7499.169)

✗ 输入文本失败

开始翻译流程 (尝试 2/2):
========================================
步骤1: 输入藏语文本...
输入文本时出错: Message: tab crashed
  (Session info: chrome=143.0.7499.169)

✗ 输入文本失败
========================================
✗ 翻译失败，跳过此行
✓ 已保存到文件: 287/4500 条

[288/4500] 翻译进度: 6.4%
藏语原文: མི་འདུག་གསུངས།

开始翻译流程 (尝试 1/2):
========================================
步骤1: 输入藏语文本...
输入文本时出错: Message: tab crashed
  (Session info: chrome=143.0.7499.169)

✗ 输入文本失败

开始翻译流程 (尝试 2/2):
========================================
步骤1: 输入藏语文本...
输入文本时出错: Message: tab crashed
  (Session info: chrome=143.0.7499.169)

✗ 输入文本失败
========================================
✗ 翻译失败，跳过此行
✓ 已保存到文件: 288/4500 条

[289/4500] 翻译进度: 6.4%
藏语原文: པ་རང་ཉིད་གཅེས་འཛིན་གྱིས་ཀུན་ནས་བསླངས་པ་ཡིན་ཡང་ཕན་ཐ...

开始翻译流程 (尝试 1/2):
========================================
步骤1: 输入藏语文本...
输入文本时出错: Message: tab crashed
  (Session info: chrome=143.0.7499.169)

✗ 输入文本失败

开始翻译流程 (尝试 2/2):
========================================
步骤1: 输入藏语文本...
输入文本时出错: Message: tab crashed
  (Session info: chrome=143.0.7499.169)

✗ 输入文本失败
========================================
✗ 翻译失败，跳过此行
✓ 已保存到文件: 289/4500 条

[290/4500] 翻译进度: 6.4%
藏语原文: དེང་སང་མགོ་རྟིང་སློག་སྟེ་རྒན་པར་སྐྲག་མི་དགོས་པར་གས...

开始翻译流程 (尝试 1/2):
========================================
步骤1: 输入藏语文本...
输入文本时出错: Message: tab crashed
  (Session info: chrome=143.0.7499.169)

✗ 输入文本失败

开始翻译流程 (尝试 2/2):
========================================
步骤1: 输入藏语文本...
输入文本时出错: Message: tab crashed
  (Session info: chrome=143.0.7499.169)

✗ 输入文本失败
========================================
✗ 翻译失败，跳过此行
✓ 已保存到文件: 290/4500 条

[291/4500] 翻译进度: 6.5%
藏语原文: སྲིད་རྩེ་ལྟ་བུར་སྐྱེས་ན་ཏིང་ངེ་འཛིན་ལ་མཉམ་པར་འཇོག་...

开始翻译流程 (尝试 1/2):
========================================
步骤1: 输入藏语文本...
输入文本时出错: Message: tab crashed
  (Session info: chrome=143.0.7499.169)

✗ 输入文本失败

开始翻译流程 (尝试 2/2):
========================================
步骤1: 输入藏语文本...
输入文本时出错: Message: tab crashed
  (Session info: chrome=143.0.7499.169)

✗ 输入文本失败
========================================
✗ 翻译失败，跳过此行
✓ 已保存到文件: 291/4500 条

[292/4500] 翻译进度: 6.5%
藏语原文: གླེན་རྟགས་སྟོན་བཞིན་འདུག་ཟེར་ཡང་།

开始翻译流程 (尝试 1/2):
========================================
步骤1: 输入藏语文本...
输入文本时出错: Message: tab crashed
  (Session info: chrome=143.0.7499.169)

✗ 输入文本失败

开始翻译流程 (尝试 2/2):
========================================
步骤1: 输入藏语文本...
输入文本时出错: Message: tab crashed
  (Session info: chrome=143.0.7499.169)

✗ 输入文本失败
========================================
✗ 翻译失败，跳过此行
✓ 已保存到文件: 292/4500 条

[293/4500] 翻译进度: 6.5%
藏语原文: དེང་སང་ཡུལ་དུས་གནས་སྐབས་ཀྱིས་སྒྲུབ་མི་ཐུབ་པར་འདུག་...

开始翻译流程 (尝试 1/2):
========================================
步骤1: 输入藏语文本...
输入文本时出错: Message: tab crashed
  (Session info: chrome=143.0.7499.169)

✗ 输入文本失败

开始翻译流程 (尝试 2/2):
========================================
步骤1: 输入藏语文本...
输入文本时出错: Message: tab crashed
  (Session info: chrome=143.0.7499.169)

✗ 输入文本失败
========================================
✗ 翻译失败，跳过此行
✓ 已保存到文件: 293/4500 条

[294/4500] 翻译进度: 6.5%
藏语原文: དེ་ཁོ་རང་མཁས་པ་ཡིན་པའི་རྟགས་ཡིན།

开始翻译流程 (尝试 1/2):
========================================
步骤1: 输入藏语文本...
输入文本时出错: Message: tab crashed
  (Session info: chrome=143.0.7499.169)

✗ 输入文本失败

开始翻译流程 (尝试 2/2):
========================================
步骤1: 输入藏语文本...
输入文本时出错: Message: tab crashed
  (Session info: chrome=143.0.7499.169)

✗ 输入文本失败
========================================
✗ 翻译失败，跳过此行
✓ 已保存到文件: 294/4500 条

[295/4500] 翻译进度: 6.6%
藏语原文: ཞེས་གསུངས་པ་བཞིན་ནམ་ཡིན་ཡང་དོགས་ཟོན་བྱས་ནས་འདུག་དག...

开始翻译流程 (尝试 1/2):
========================================
步骤1: 输入藏语文本...
输入文本时出错: Message: tab crashed
  (Session info: chrome=143.0.7499.169)

✗ 输入文本失败

开始翻译流程 (尝试 2/2):
========================================
步骤1: 输入藏语文本...
输入文本时出错: Message: tab crashed
  (Session info: chrome=143.0.7499.169)

✗ 输入文本失败
========================================
✗ 翻译失败，跳过此行
✓ 已保存到文件: 295/4500 条

[296/4500] 翻译进度: 6.6%
藏语原文: མྱུ་གུ་འདི་མི་སྐྱེ་བར་འདུག་ཅེས་ལག་པས་འཐེན་ན་ཆད་འགྲ...

开始翻译流程 (尝试 1/2):
========================================
步骤1: 输入藏语文本...
输入文本时出错: Message: tab crashed
  (Session info: chrome=143.0.7499.169)

✗ 输入文本失败

开始翻译流程 (尝试 2/2):
========================================
步骤1: 输入藏语文本...
输入文本时出错: Message: tab crashed
  (Session info: chrome=143.0.7499.169)

✗ 输入文本失败
========================================
✗ 翻译失败，跳过此行
✓ 已保存到文件: 296/4500 条

[297/4500] 翻译进度: 6.6%
藏语原文: ཞི་ལྷག་གཉིས་ཉི་མ་གཅིག་བྱས་ནས་གནང་བ་ཕྱག་ལེན་ཡིན་འདུ...

开始翻译流程 (尝试 1/2):
========================================
步骤1: 输入藏语文本...
输入文本时出错: Message: tab crashed
  (Session info: chrome=143.0.7499.169)

✗ 输入文本失败

开始翻译流程 (尝试 2/2):
========================================
步骤1: 输入藏语文本...
输入文本时出错: Message: tab crashed
  (Session info: chrome=143.0.7499.169)

✗ 输入文本失败
========================================
✗ 翻译失败，跳过此行
✓ 已保存到文件: 297/4500 条

[298/4500] 翻译进度: 6.6%
藏语原文: འདི་ནས་རྡོ་བརྡར་ནས་འདུག་ས་ཞིག་མེད།

开始翻译流程 (尝试 1/2):
========================================
步骤1: 输入藏语文本...
输入文本时出错: Message: tab crashed
  (Session info: chrome=143.0.7499.169)

✗ 输入文本失败

开始翻译流程 (尝试 2/2):
========================================
步骤1: 输入藏语文本...
输入文本时出错: Message: tab crashed
  (Session info: chrome=143.0.7499.169)

✗ 输入文本失败
========================================
✗ 翻译失败，跳过此行
✓ 已保存到文件: 298/4500 条

[299/4500] 翻译进度: 6.6%
藏语原文: བཀའ་གདམས་པ་ཚོས་གསུང་དུས་ཁ་ཡར་ལྟ་མར་ལྟ་བྱོས་ཞེས་གསུ...

开始翻译流程 (尝试 1/2):
========================================
步骤1: 输入藏语文本...
输入文本时出错: Message: tab crashed
  (Session info: chrome=143.0.7499.169)

✗ 输入文本失败

开始翻译流程 (尝试 2/2):
========================================
步骤1: 输入藏语文本...
输入文本时出错: Message: tab crashed
  (Session info: chrome=143.0.7499.169)

✗ 输入文本失败
========================================
✗ 翻译失败，跳过此行
✓ 已保存到文件: 299/4500 条

[300/4500] 翻译进度: 6.7%
藏语原文: སྐྱེས་བུ་གསུམ་གྱི་ལམ་གྱི་རིམ་པ་ཆ་ཚང་བ་འདིའི་ནང་ལ་འ...

开始翻译流程 (尝试 1/2):
========================================
步骤1: 输入藏语文本...
输入文本时出错: Message: tab crashed
  (Session info: chrome=143.0.7499.169)

✗ 输入文本失败

开始翻译流程 (尝试 2/2):
========================================
步骤1: 输入藏语文本...
输入文本时出错: Message: tab crashed
  (Session info: chrome=143.0.7499.169)

✗ 输入文本失败
========================================
✗ 翻译失败，跳过此行
✓ 已保存到文件: 300/4500 条

[301/4500] 翻译进度: 6.7%
藏语原文: མི་འདུག་ཞུས་པར།

开始翻译流程 (尝试 1/2):
========================================
步骤1: 输入藏语文本...
输入文本时出错: Message: tab crashed
  (Session info: chrome=143.0.7499.169)

✗ 输入文本失败

开始翻译流程 (尝试 2/2):
========================================
步骤1: 输入藏语文本...
输入文本时出错: Message: tab crashed
  (Session info: chrome=143.0.7499.169)

✗ 输入文本失败
========================================
✗ 翻译失败，跳过此行
✓ 已保存到文件: 301/4500 条

[302/4500] 翻译进度: 6.7%
藏语原文: མི་འདུག་གསུང་གསུངས།

开始翻译流程 (尝试 1/2):
========================================
步骤1: 输入藏语文本...
输入文本时出错: Message: tab crashed
  (Session info: chrome=143.0.7499.169)

✗ 输入文本失败

开始翻译流程 (尝试 2/2):
========================================
步骤1: 输入藏语文本...
输入文本时出错: Message: tab crashed
  (Session info: chrome=143.0.7499.169)

✗ 输入文本失败
========================================
✗ 翻译失败，跳过此行
✓ 已保存到文件: 302/4500 条

[303/4500] 翻译进度: 6.7%
藏语原文: དེ་བཞིན་གཤེགས་དང་རང་རྒྱལ་གྱི།

开始翻译流程 (尝试 1/2):
========================================
步骤1: 输入藏语文本...
输入文本时出错: Message: tab crashed
  (Session info: chrome=143.0.7499.169)

✗ 输入文本失败

开始翻译流程 (尝试 2/2):
========================================
步骤1: 输入藏语文本...
输入文本时出错: Message: tab crashed
  (Session info: chrome=143.0.7499.169)

✗ 输入文本失败
========================================
✗ 翻译失败，跳过此行
✓ 已保存到文件: 303/4500 条

[304/4500] 翻译进度: 6.8%
藏语原文: ཉན་ཐོས་ཀྱི་ལམ་༢༦བ་དང་རང་རྒྱལ་གྱི་ལམ་གཉིས་ལ་ཁྱད་པར་...

开始翻译流程 (尝试 1/2):
========================================
步骤1: 输入藏语文本...
输入文本时出错: Message: tab crashed
  (Session info: chrome=143.0.7499.169)

✗ 输入文本失败

开始翻译流程 (尝试 2/2):
========================================
步骤1: 输入藏语文本...
输入文本时出错: Message: tab crashed
  (Session info: chrome=143.0.7499.169)

✗ 输入文本失败
========================================
✗ 翻译失败，跳过此行
✓ 已保存到文件: 304/4500 条

[305/4500] 翻译进度: 6.8%
藏语原文: དེས་ཁོ་རང་རྟོགས་པའི་ཕྱིར།

开始翻译流程 (尝试 1/2):
========================================
步骤1: 输入藏语文本...
输入文本时出错: Message: tab crashed
  (Session info: chrome=143.0.7499.169)

✗ 输入文本失败

开始翻译流程 (尝试 2/2):
========================================
步骤1: 输入藏语文本...
输入文本时出错: Message: tab crashed
  (Session info: chrome=143.0.7499.169)

✗ 输入文本失败
========================================
✗ 翻译失败，跳过此行
✓ 已保存到文件: 305/4500 条

[306/4500] 翻译进度: 6.8%
藏语原文: དེ་དང་རང་རྒྱལ་གྱི་བྲལ་བ་དོན་གཅིག།

开始翻译流程 (尝试 1/2):
========================================
步骤1: 输入藏语文本...
输入文本时出错: Message: tab crashed
  (Session info: chrome=143.0.7499.169)

✗ 输入文本失败

开始翻译流程 (尝试 2/2):
========================================
步骤1: 输入藏语文本...
输入文本时出错: Message: tab crashed
  (Session info: chrome=143.0.7499.169)

✗ 输入文本失败
========================================
✗ 翻译失败，跳过此行
✓ 已保存到文件: 306/4500 条

[307/4500] 翻译进度: 6.8%
藏语原文: གང་རང་བཞིན་མ་ཡིན་པ་དེ་ནི་རང་བཞིན་ནོ།

开始翻译流程 (尝试 1/2):
========================================
步骤1: 输入藏语文本...
输入文本时出错: Message: tab crashed
  (Session info: chrome=143.0.7499.169)

✗ 输入文本失败

开始翻译流程 (尝试 2/2):
========================================
步骤1: 输入藏语文本...
输入文本时出错: Message: tab crashed
  (Session info: chrome=143.0.7499.169)

✗ 输入文本失败
========================================
✗ 翻译失败，跳过此行
✓ 已保存到文件: 307/4500 条

[308/4500] 翻译进度: 6.8%
藏语原文: དེ་རང་དུས་སུ་ལོངས་མ་སྤྱད་ཅིང་རང་དུས་སུ་དེའི་རྒྱུ་ལ...

开始翻译流程 (尝试 1/2):
========================================
步骤1: 输入藏语文本...
输入文本时出错: Message: tab crashed
  (Session info: chrome=143.0.7499.169)

✗ 输入文本失败

开始翻译流程 (尝试 2/2):
========================================
步骤1: 输入藏语文本...
输入文本时出错: Message: tab crashed
  (Session info: chrome=143.0.7499.169)

✗ 输入文本失败
========================================
✗ 翻译失败，跳过此行
✓ 已保存到文件: 308/4500 条

[309/4500] 翻译进度: 6.9%
藏语原文: སྣོད་མིན་འགྲོ་ལ་མི་གསུངས་ལ།

开始翻译流程 (尝试 1/2):
========================================
步骤1: 输入藏语文本...
输入文本时出错: Message: tab crashed
  (Session info: chrome=143.0.7499.169)

✗ 输入文本失败

开始翻译流程 (尝试 2/2):
========================================
步骤1: 输入藏语文本...
输入文本时出错: Message: tab crashed
  (Session info: chrome=143.0.7499.169)

✗ 输入文本失败
========================================
✗ 翻译失败，跳过此行
✓ 已保存到文件: 309/4500 条

[310/4500] 翻译进度: 6.9%
藏语原文: གཟུགས་སོགས་ལ་བདེན་ཞེན་མངོན་གྱུར་པ་ལྡོག་པ་སོགས་རྟགས...

开始翻译流程 (尝试 1/2):
========================================
步骤1: 输入藏语文本...
输入文本时出错: Message: tab crashed
  (Session info: chrome=143.0.7499.169)

✗ 输入文本失败

开始翻译流程 (尝试 2/2):
========================================
步骤1: 输入藏语文本...
输入文本时出错: Message: tab crashed
  (Session info: chrome=143.0.7499.169)

✗ 输入文本失败
========================================
✗ 翻译失败，跳过此行
✓ 已保存到文件: 310/4500 条

[311/4500] 翻译进度: 6.9%
藏语原文: ཡང་རང་དོན་དང་གཞན་དོན་གཉིས་ཀ་ཡང་རྟགས་སུ་འགྱུར།

开始翻译流程 (尝试 1/2):
========================================
步骤1: 输入藏语文本...
输入文本时出错: Message: tab crashed
  (Session info: chrome=143.0.7499.169)

✗ 输入文本失败

开始翻译流程 (尝试 2/2):
========================================
步骤1: 输入藏语文本...
输入文本时出错: Message: tab crashed
  (Session info: chrome=143.0.7499.169)

✗ 输入文本失败
========================================
✗ 翻译失败，跳过此行
✓ 已保存到文件: 311/4500 条

[312/4500] 翻译进度: 6.9%
藏语原文: ཁོ་རང་དང་ལྡན་པའི་ཁྱབ་པའི་ཕྱིར།

开始翻译流程 (尝试 1/2):
========================================
步骤1: 输入藏语文本...
输入文本时出错: Message: tab crashed
  (Session info: chrome=143.0.7499.169)

✗ 输入文本失败

开始翻译流程 (尝试 2/2):
========================================
步骤1: 输入藏语文本...
输入文本时出错: Message: tab crashed
  (Session info: chrome=143.0.7499.169)

✗ 输入文本失败
========================================
✗ 翻译失败，跳过此行
✓ 已保存到文件: 312/4500 条

[313/4500] 翻译进度: 7.0%
藏语原文: རང་རང་གནས་སུ་འགྲོ་བར་གྱིས།

开始翻译流程 (尝试 1/2):
========================================
步骤1: 输入藏语文本...
输入文本时出错: Message: tab crashed
  (Session info: chrome=143.0.7499.169)

✗ 输入文本失败

开始翻译流程 (尝试 2/2):
========================================
步骤1: 输入藏语文本...
输入文本时出错: Message: tab crashed
  (Session info: chrome=143.0.7499.169)

✗ 输入文本失败
========================================
✗ 翻译失败，跳过此行
✓ 已保存到文件: 313/4500 条

[314/4500] 翻译进度: 7.0%
藏语原文: ཁམས་མ་བདེ་བ་ཆེན་པོ་བྱུང་འདུག་ཀྱང་།

开始翻译流程 (尝试 1/2):
========================================
步骤1: 输入藏语文本...
输入文本时出错: Message: tab crashed
  (Session info: chrome=143.0.7499.169)

✗ 输入文本失败

开始翻译流程 (尝试 2/2):
========================================
步骤1: 输入藏语文本...
输入文本时出错: Message: tab crashed
  (Session info: chrome=143.0.7499.169)

✗ 输入文本失败
========================================
✗ 翻译失败，跳过此行
✓ 已保存到文件: 314/4500 条

[315/4500] 翻译进度: 7.0%
藏语原文: ཁྱེད་རང་ཅིས་ཀྱང་སླེབ་པ་བགྱིས།

开始翻译流程 (尝试 1/2):
========================================
步骤1: 输入藏语文本...
输入文本时出错: Message: tab crashed
  (Session info: chrome=143.0.7499.169)

✗ 输入文本失败

开始翻译流程 (尝试 2/2):
========================================
步骤1: 输入藏语文本...
输入文本时出错: Message: tab crashed
  (Session info: chrome=143.0.7499.169)

✗ 输入文本失败
========================================
✗ 翻译失败，跳过此行
✓ 已保存到文件: 315/4500 条

[316/4500] 翻译进度: 7.0%
藏语原文: སྔགས་འདི་ང་རང་ཡིད་ཆེས་པས།

开始翻译流程 (尝试 1/2):
========================================
步骤1: 输入藏语文本...
输入文本时出错: Message: tab crashed
  (Session info: chrome=143.0.7499.169)

✗ 输入文本失败

开始翻译流程 (尝试 2/2):
========================================
步骤1: 输入藏语文本...
输入文本时出错: Message: tab crashed
  (Session info: chrome=143.0.7499.169)

✗ 输入文本失败
========================================
✗ 翻译失败，跳过此行
✓ 已保存到文件: 316/4500 条

[317/4500] 翻译进度: 7.0%
藏语原文: དེ་རྣམས་སྒྲུབ་པ་པོ་རང་ཉིད་ཀྱི་ལུས་དང་པོར་ཆགས་པའི་ལ...

开始翻译流程 (尝试 1/2):
========================================
步骤1: 输入藏语文本...
输入文本时出错: Message: tab crashed
  (Session info: chrome=143.0.7499.169)

✗ 输入文本失败

开始翻译流程 (尝试 2/2):
========================================
步骤1: 输入藏语文本...
输入文本时出错: Message: tab crashed
  (Session info: chrome=143.0.7499.169)

✗ 输入文本失败
========================================
✗ 翻译失败，跳过此行
✓ 已保存到文件: 317/4500 条

[318/4500] 翻译进度: 7.1%
藏语原文: སྦྱང་རྟོགས་སྦར་གསུམ་བྱས་ཏེ་ལྷ་ལ་མཆོད་ཅིང་རང་ཉིད་ཀྱ...

开始翻译流程 (尝试 1/2):
========================================
步骤1: 输入藏语文本...
输入文本时出错: Message: tab crashed
  (Session info: chrome=143.0.7499.169)

✗ 输入文本失败

开始翻译流程 (尝试 2/2):
========================================
步骤1: 输入藏语文本...
输入文本时出错: Message: tab crashed
  (Session info: chrome=143.0.7499.169)

✗ 输入文本失败
========================================
✗ 翻译失败，跳过此行
✓ 已保存到文件: 318/4500 条

[319/4500] 翻译进度: 7.1%
藏语原文: ས་གོང་མ་ལ་སོགས་པའི་རིམ་གྱིས་རྫོགས་པར་བྱེད་པ་ཡང་རང་...

开始翻译流程 (尝试 1/2):
========================================
步骤1: 输入藏语文本...
输入文本时出错: Message: tab crashed
  (Session info: chrome=143.0.7499.169)

✗ 输入文本失败

开始翻译流程 (尝试 2/2):
========================================
步骤1: 输入藏语文本...
输入文本时出错: Message: tab crashed
  (Session info: chrome=143.0.7499.169)

✗ 输入文本失败
========================================
✗ 翻译失败，跳过此行
✓ 已保存到文件: 319/4500 条

[320/4500] 翻译进度: 7.1%
藏语原文: ཞེས་པ་འདི་ཉན་ཐོས་དང་རང་རྒྱལ་གཉིས་ཀ་དང་འབྲེལ་བ་ཡིན་...

开始翻译流程 (尝试 1/2):
========================================
步骤1: 输入藏语文本...
输入文本时出错: Message: tab crashed
  (Session info: chrome=143.0.7499.169)

✗ 输入文本失败

开始翻译流程 (尝试 2/2):
========================================
步骤1: 输入藏语文本...
输入文本时出错: Message: tab crashed
  (Session info: chrome=143.0.7499.169)

✗ 输入文本失败
========================================
✗ 翻译失败，跳过此行
✓ 已保存到文件: 320/4500 条

[321/4500] 翻译进度: 7.1%
藏语原文: དེ་ལྟ་བས་ན་ཡང་ཉེ་བར་ལེན་པའི་ཕུང་པོ་རང་བཞིན་མེད་པའི...

开始翻译流程 (尝试 1/2):
========================================
步骤1: 输入藏语文本...
输入文本时出错: Message: tab crashed
  (Session info: chrome=143.0.7499.169)

✗ 输入文本失败

开始翻译流程 (尝试 2/2):
========================================
步骤1: 输入藏语文本...
输入文本时出错: Message: tab crashed
  (Session info: chrome=143.0.7499.169)

✗ 输入文本失败
========================================
✗ 翻译失败，跳过此行
✓ 已保存到文件: 321/4500 条

[322/4500] 翻译进度: 7.2%
藏语原文: གང་ཞིག་གང་ན་འདུག་པ་ནི།

开始翻译流程 (尝试 1/2):
========================================
步骤1: 输入藏语文本...
输入文本时出错: Message: tab crashed
  (Session info: chrome=143.0.7499.169)

✗ 输入文本失败

开始翻译流程 (尝试 2/2):
========================================
步骤1: 输入藏语文本...
输入文本时出错: Message: tab crashed
  (Session info: chrome=143.0.7499.169)

✗ 输入文本失败
========================================
✗ 翻译失败，跳过此行
✓ 已保存到文件: 322/4500 条

[323/4500] 翻译进度: 7.2%
藏语原文: སྟེང་ན་འདུག་ཀྱང་དེ་དང་དེར།

开始翻译流程 (尝试 1/2):
========================================
步骤1: 输入藏语文本...
输入文本时出错: Message: tab crashed
  (Session info: chrome=143.0.7499.169)

✗ 输入文本失败

开始翻译流程 (尝试 2/2):
========================================
步骤1: 输入藏语文本...
输入文本时出错: Message: tab crashed
  (Session info: chrome=143.0.7499.169)

✗ 输入文本失败
========================================
✗ 翻译失败，跳过此行
✓ 已保存到文件: 323/4500 条

[324/4500] 翻译进度: 7.2%
藏语原文: ཉན་ཐོས་དང་རང་རྒྱལ་དགྲ་བཅོམ་རྣམས་ཀྱང་ཤེས་བྱའི་སྒྲིབ...

开始翻译流程 (尝试 1/2):
========================================
步骤1: 输入藏语文本...
输入文本时出错: Message: tab crashed
  (Session info: chrome=143.0.7499.169)

✗ 输入文本失败

开始翻译流程 (尝试 2/2):
========================================
步骤1: 输入藏语文本...
输入文本时出错: Message: tab crashed
  (Session info: chrome=143.0.7499.169)

✗ 输入文本失败
========================================
✗ 翻译失败，跳过此行
✓ 已保存到文件: 324/4500 条

[325/4500] 翻译进度: 7.2%
藏语原文: རིང་བ་ལོ་དང་བསྐལ་པ་ལ་སོགས་པར་བདག་ཉིད་མ་ཤི་བར་འདུག་...

开始翻译流程 (尝试 1/2):
========================================
步骤1: 输入藏语文本...
输入文本时出错: Message: tab crashed
  (Session info: chrome=143.0.7499.169)

✗ 输入文本失败

开始翻译流程 (尝试 2/2):
========================================
步骤1: 输入藏语文本...
输入文本时出错: Message: tab crashed
  (Session info: chrome=143.0.7499.169)

✗ 输入文本失败
========================================
✗ 翻译失败，跳过此行
✓ 已保存到文件: 325/4500 条

[326/4500] 翻译进度: 7.2%
藏语原文: སྤུ་སེང་གེ་ལྟར་འདུག་པ་ནི།

开始翻译流程 (尝试 1/2):
========================================
步骤1: 输入藏语文本...
输入文本时出错: Message: tab crashed
  (Session info: chrome=143.0.7499.169)

✗ 输入文本失败

开始翻译流程 (尝试 2/2):
========================================
步骤1: 输入藏语文本...
输入文本时出错: Message: tab crashed
  (Session info: chrome=143.0.7499.169)

✗ 输入文本失败
========================================
✗ 翻译失败，跳过此行
✓ 已保存到文件: 326/4500 条

[327/4500] 翻译进度: 7.3%
藏语原文: ༀབྷ་ག་ཝཱན་བེ་རོ་ཙ་ན་ས་པ་རི་ཝ་ར་ཨི་དཾ་གན་བྷཾ་པྲ་ཏིཙ...

开始翻译流程 (尝试 1/2):
========================================
步骤1: 输入藏语文本...
输入文本时出错: Message: tab crashed
  (Session info: chrome=143.0.7499.169)

✗ 输入文本失败

开始翻译流程 (尝试 2/2):
========================================
步骤1: 输入藏语文本...
输入文本时出错: Message: tab crashed
  (Session info: chrome=143.0.7499.169)

✗ 输入文本失败
========================================
✗ 翻译失败，跳过此行
✓ 已保存到文件: 327/4500 条

[328/4500] 翻译进度: 7.3%
藏语原文: ཉན་ཐོས་དང་རང་རྒྱལ་འཇིག་རྟེན་སྐྱོབ་པ་རྣམས་དང་།

开始翻译流程 (尝试 1/2):
========================================
步骤1: 输入藏语文本...
输入文本时出错: Message: tab crashed
  (Session info: chrome=143.0.7499.169)

✗ 输入文本失败

开始翻译流程 (尝试 2/2):
========================================
步骤1: 输入藏语文本...
输入文本时出错: Message: tab crashed
  (Session info: chrome=143.0.7499.169)

✗ 输入文本失败
========================================
✗ 翻译失败，跳过此行
✓ 已保存到文件: 328/4500 条

[329/4500] 翻译进度: 7.3%
藏语原文: དེས་མཚོན་ནས་ཉན་ཐོས་དང་རང་རྒྱལ་གྱི་དག་མ་དག་ཇི་རིགས་...

开始翻译流程 (尝试 1/2):
========================================
步骤1: 输入藏语文本...
输入文本时出错: Message: tab crashed
  (Session info: chrome=143.0.7499.169)

✗ 输入文本失败

开始翻译流程 (尝试 2/2):
========================================
步骤1: 输入藏语文本...
输入文本时出错: Message: tab crashed
  (Session info: chrome=143.0.7499.169)

✗ 输入文本失败
========================================
✗ 翻译失败，跳过此行
✓ 已保存到文件: 329/4500 条

[330/4500] 翻译进度: 7.3%
藏语原文: འོན་ཀྱང་རང་དོན་དུ་གཡོ་ལ་སོགས་པ་མེད་པ་ཡིན་གྱི།

开始翻译流程 (尝试 1/2):
========================================
步骤1: 输入藏语文本...
输入文本时出错: Message: tab crashed
  (Session info: chrome=143.0.7499.169)

✗ 输入文本失败

开始翻译流程 (尝试 2/2):
========================================
步骤1: 输入藏语文本...
输入文本时出错: Message: tab crashed
  (Session info: chrome=143.0.7499.169)

✗ 输入文本失败
========================================
✗ 翻译失败，跳过此行
✓ 已保存到文件: 330/4500 条

[331/4500] 翻译进度: 7.4%
藏语原文: དེ་གཉིས་ཀའང་རང་བཞིན་གྱིས་སྟོང་པ་འདིར།

开始翻译流程 (尝试 1/2):
========================================
步骤1: 输入藏语文本...
输入文本时出错: Message: tab crashed
  (Session info: chrome=143.0.7499.169)

✗ 输入文本失败

开始翻译流程 (尝试 2/2):
========================================
步骤1: 输入藏语文本...
输入文本时出错: Message: tab crashed
  (Session info: chrome=143.0.7499.169)

✗ 输入文本失败
========================================
✗ 翻译失败，跳过此行
✓ 已保存到文件: 331/4500 条

[332/4500] 翻译进度: 7.4%
藏语原文: འདུག་ལ་དམ་ཚིག་ཕྱག་རྒྱ་ཞེས་པ་ལ་སོགས་པའོ།

开始翻译流程 (尝试 1/2):
========================================
步骤1: 输入藏语文本...
输入文本时出错: Message: tab crashed
  (Session info: chrome=143.0.7499.169)

✗ 输入文本失败

开始翻译流程 (尝试 2/2):
========================================
步骤1: 输入藏语文本...
输入文本时出错: Message: tab crashed
  (Session info: chrome=143.0.7499.169)

✗ 输入文本失败
========================================
✗ 翻译失败，跳过此行
✓ 已保存到文件: 332/4500 条

[333/4500] 翻译进度: 7.4%
藏语原文: ཡིད་བཟླས་ན་འདུག་པར་འགྱུར་རོ།

开始翻译流程 (尝试 1/2):
========================================
步骤1: 输入藏语文本...
输入文本时出错: Message: tab crashed
  (Session info: chrome=143.0.7499.169)

✗ 输入文本失败

开始翻译流程 (尝试 2/2):
========================================
步骤1: 输入藏语文本...
输入文本时出错: Message: tab crashed
  (Session info: chrome=143.0.7499.169)

✗ 输入文本失败
========================================
✗ 翻译失败，跳过此行
✓ 已保存到文件: 333/4500 条

[334/4500] 翻译进度: 7.4%
藏语原文: རྟེན་མཆོད་བཤམས་པ་ལ་སོགས་པ་ལེགས་པར་བྱས་ནས་ཁྲུས་བྱས་...

开始翻译流程 (尝试 1/2):
========================================
步骤1: 输入藏语文本...
输入文本时出错: Message: tab crashed
  (Session info: chrome=143.0.7499.169)

✗ 输入文本失败

开始翻译流程 (尝试 2/2):
========================================
步骤1: 输入藏语文本...
输入文本时出错: Message: tab crashed
  (Session info: chrome=143.0.7499.169)

✗ 输入文本失败
========================================
✗ 翻译失败，跳过此行
✓ 已保存到文件: 334/4500 条

[335/4500] 翻译进度: 7.4%
藏语原文: བཅག་ན་མཐིང་གར་འདུག་པ་ཤིན་ཏུ་འཇམ་པ་ཞོ་དྲུག་རས་ཕྲན་ག...

开始翻译流程 (尝试 1/2):
========================================
步骤1: 输入藏语文本...
输入文本时出错: Message: tab crashed
  (Session info: chrome=143.0.7499.169)

✗ 输入文本失败

开始翻译流程 (尝试 2/2):
========================================
步骤1: 输入藏语文本...
输入文本时出错: Message: tab crashed
  (Session info: chrome=143.0.7499.169)

✗ 输入文本失败
========================================
✗ 翻译失败，跳过此行
✓ 已保存到文件: 335/4500 条

[336/4500] 翻译进度: 7.5%
藏语原文: ཅེས་པའི་སྐབས་དང་མཐུན་པར་འདུག་པས་བརྟག་པར་འཚལ།

开始翻译流程 (尝试 1/2):
========================================
步骤1: 输入藏语文本...
输入文本时出错: Message: tab crashed
  (Session info: chrome=143.0.7499.169)

✗ 输入文本失败

开始翻译流程 (尝试 2/2):
========================================
步骤1: 输入藏语文本...
输入文本时出错: Message: tab crashed
  (Session info: chrome=143.0.7499.169)

✗ 输入文本失败
========================================
✗ 翻译失败，跳过此行
✓ 已保存到文件: 336/4500 条

[337/4500] 翻译进度: 7.5%
藏语原文: དེའི་ཕྱིར་ངོ་མཚར་སྣ་ཚོགས་དང་ལྡན་པ་གདུལ་བྱ་དང་འཚམ་པ...

开始翻译流程 (尝试 1/2):
========================================
步骤1: 输入藏语文本...
输入文本时出错: Message: tab crashed
  (Session info: chrome=143.0.7499.169)

✗ 输入文本失败

开始翻译流程 (尝试 2/2):
========================================
步骤1: 输入藏语文本...
输入文本时出错: Message: tab crashed
  (Session info: chrome=143.0.7499.169)

✗ 输入文本失败
========================================
✗ 翻译失败，跳过此行
✓ 已保存到文件: 337/4500 条

[338/4500] 翻译进度: 7.5%
藏语原文: གཞན་ཡང་ལུས་ཙོག་པུར་འདུག་ལ།

开始翻译流程 (尝试 1/2):
========================================
步骤1: 输入藏语文本...
输入文本时出错: Message: tab crashed
  (Session info: chrome=143.0.7499.169)

✗ 输入文本失败

开始翻译流程 (尝试 2/2):
========================================
步骤1: 输入藏语文本...
输入文本时出错: Message: tab crashed
  (Session info: chrome=143.0.7499.169)

✗ 输入文本失败
========================================
✗ 翻译失败，跳过此行
✓ 已保存到文件: 338/4500 条

[339/4500] 翻译进度: 7.5%
藏语原文: ཀུ་ཤའི་སྟན་ལ་འདུག་ནས།

开始翻译流程 (尝试 1/2):
========================================
步骤1: 输入藏语文本...
输入文本时出错: Message: tab crashed
  (Session info: chrome=143.0.7499.169)

✗ 输入文本失败

开始翻译流程 (尝试 2/2):
========================================
步骤1: 输入藏语文本...
输入文本时出错: Message: tab crashed
  (Session info: chrome=143.0.7499.169)

✗ 输入文本失败
========================================
✗ 翻译失败，跳过此行
✓ 已保存到文件: 339/4500 条

[340/4500] 翻译进度: 7.6%
藏语原文: ཡིད་ཀྱིས་པད་མའི་གདན་ལ་འདུག།

开始翻译流程 (尝试 1/2):
========================================
步骤1: 输入藏语文本...
输入文本时出错: Message: tab crashed
  (Session info: chrome=143.0.7499.169)

✗ 输入文本失败

开始翻译流程 (尝试 2/2):
========================================
步骤1: 输入藏语文本...
输入文本时出错: Message: tab crashed
  (Session info: chrome=143.0.7499.169)

✗ 输入文本失败
========================================
✗ 翻译失败，跳过此行
✓ 已保存到文件: 340/4500 条

[341/4500] 翻译进度: 7.6%
藏语原文: ཞལ་དྲུག་སྐྲ་ཡང་ཁམ་པར་འདུག།

开始翻译流程 (尝试 1/2):
========================================
步骤1: 输入藏语文本...
输入文本时出错: Message: tab crashed
  (Session info: chrome=143.0.7499.169)

✗ 输入文本失败

开始翻译流程 (尝试 2/2):
========================================
步骤1: 输入藏语文本...
输入文本时出错: Message: tab crashed
  (Session info: chrome=143.0.7499.169)

✗ 输入文本失败
========================================
✗ 翻译失败，跳过此行
✓ 已保存到文件: 341/4500 条

[342/4500] 翻译进度: 7.6%
藏语原文: ཀུ་ཤའི་སྟན་ལ་འདུག་ནས་ནི།

开始翻译流程 (尝试 1/2):
========================================
步骤1: 输入藏语文本...
输入文本时出错: Message: tab crashed
  (Session info: chrome=143.0.7499.169)

✗ 输入文本失败

开始翻译流程 (尝试 2/2):
========================================
步骤1: 输入藏语文本...
输入文本时出错: Message: tab crashed
  (Session info: chrome=143.0.7499.169)

✗ 输入文本失败
========================================
✗ 翻译失败，跳过此行
✓ 已保存到文件: 342/4500 条

[343/4500] 翻译进度: 7.6%
藏语原文: ཞེས་པས་ཀུ་ཤའི་གདན་ལ་འདུག་སྟེ།

开始翻译流程 (尝试 1/2):
========================================
步骤1: 输入藏语文本...
输入文本时出错: Message: tab crashed
  (Session info: chrome=143.0.7499.169)

✗ 输入文本失败

开始翻译流程 (尝试 2/2):
========================================
步骤1: 输入藏语文本...
输入文本时出错: Message: tab crashed
  (Session info: chrome=143.0.7499.169)

✗ 输入文本失败
========================================
✗ 翻译失败，跳过此行
✓ 已保存到文件: 343/4500 条

[344/4500] 翻译进度: 7.6%
藏语原文: སྟན་བཟང་དེ་ལ་འདུག་ནས་སུ།

开始翻译流程 (尝试 1/2):
========================================
步骤1: 输入藏语文本...
输入文本时出错: Message: tab crashed
  (Session info: chrome=143.0.7499.169)

✗ 输入文本失败

开始翻译流程 (尝试 2/2):
========================================
步骤1: 输入藏语文本...
输入文本时出错: Message: tab crashed
  (Session info: chrome=143.0.7499.169)

✗ 输入文本失败
========================================
✗ 翻译失败，跳过此行
✓ 已保存到文件: 344/4500 条

[345/4500] 翻译进度: 7.7%
藏语原文: སྟན་ལ་འདུག་ཞེས་པ་ནི་ཧཱུཾ་རཀྵའི་སྔགས་ཟློས་ཞིང་།

开始翻译流程 (尝试 1/2):
========================================
步骤1: 输入藏语文本...
输入文本时出错: Message: tab crashed
  (Session info: chrome=143.0.7499.169)

✗ 输入文本失败

开始翻译流程 (尝试 2/2):
========================================
步骤1: 输入藏语文本...
输入文本时出错: Message: tab crashed
  (Session info: chrome=143.0.7499.169)

✗ 输入文本失败
========================================
✗ 翻译失败，跳过此行
✓ 已保存到文件: 345/4500 条

[346/4500] 翻译进度: 7.7%
藏语原文: རྡོ་རྗེའི་གདན་ལ་འདུག་སྟེ།

开始翻译流程 (尝试 1/2):
========================================
步骤1: 输入藏语文本...
输入文本时出错: Message: tab crashed
  (Session info: chrome=143.0.7499.169)

✗ 输入文本失败

开始翻译流程 (尝试 2/2):
========================================
步骤1: 输入藏语文本...
输入文本时出错: Message: tab crashed
  (Session info: chrome=143.0.7499.169)

✗ 输入文本失败
========================================
✗ 翻译失败，跳过此行
✓ 已保存到文件: 346/4500 条

[347/4500] 翻译进度: 7.7%
藏语原文: པད་མའི་སྟེང་ན་འདུག་པ་མཆོག།

开始翻译流程 (尝试 1/2):
========================================
步骤1: 输入藏语文本...
输入文本时出错: Message: tab crashed
  (Session info: chrome=143.0.7499.169)

✗ 输入文本失败

开始翻译流程 (尝试 2/2):
========================================
步骤1: 输入藏语文本...
输入文本时出错: Message: tab crashed
  (Session info: chrome=143.0.7499.169)

✗ 输入文本失败
========================================
✗ 翻译失败，跳过此行
✓ 已保存到文件: 347/4500 条

[348/4500] 翻译进度: 7.7%
藏语原文: ཞལ་དྲུག་སྐྲ་ཡང་ཁམ་པར་འདུག།

开始翻译流程 (尝试 1/2):
========================================
步骤1: 输入藏语文本...
输入文本时出错: Message: tab crashed
  (Session info: chrome=143.0.7499.169)

✗ 输入文本失败

开始翻译流程 (尝试 2/2):
========================================
步骤1: 输入藏语文本...
输入文本时出错: Message: tab crashed
  (Session info: chrome=143.0.7499.169)

✗ 输入文本失败
========================================
✗ 翻译失败，跳过此行
✓ 已保存到文件: 348/4500 条

[349/4500] 翻译进度: 7.8%
藏语原文: རང་རང་ཕྱོགས་སུ་ལེགས་པར་བཞུགས་ནས་ཀྱང་།

开始翻译流程 (尝试 1/2):
========================================
步骤1: 输入藏语文本...
输入文本时出错: Message: tab crashed
  (Session info: chrome=143.0.7499.169)

✗ 输入文本失败

开始翻译流程 (尝试 2/2):
========================================
步骤1: 输入藏语文本...
输入文本时出错: Message: tab crashed
  (Session info: chrome=143.0.7499.169)

✗ 输入文本失败
========================================
✗ 翻译失败，跳过此行
✓ 已保存到文件: 349/4500 条

[350/4500] 翻译进度: 7.8%
藏语原文: བདེ་བར་འདུག་སྟེ་མཉམ་བཞག་ནས།

开始翻译流程 (尝试 1/2):
========================================
步骤1: 输入藏语文本...
输入文本时出错: Message: tab crashed
  (Session info: chrome=143.0.7499.169)

✗ 输入文本失败

开始翻译流程 (尝试 2/2):
========================================
步骤1: 输入藏语文本...
输入文本时出错: Message: tab crashed
  (Session info: chrome=143.0.7499.169)

✗ 输入文本失败
========================================
✗ 翻译失败，跳过此行
✓ 已保存到文件: 350/4500 条

[351/4500] 翻译进度: 7.8%
藏语原文: ཞལ་དྲུག་སྐྲ་ཡང་ཁམ་པར་འདུག།

开始翻译流程 (尝试 1/2):
========================================
步骤1: 输入藏语文本...
输入文本时出错: Message: tab crashed
  (Session info: chrome=143.0.7499.169)

✗ 输入文本失败

开始翻译流程 (尝试 2/2):
========================================
步骤1: 输入藏语文本...
输入文本时出错: Message: tab crashed
  (Session info: chrome=143.0.7499.169)

✗ 输入文本失败
========================================
✗ 翻译失败，跳过此行
✓ 已保存到文件: 351/4500 条

[352/4500] 翻译进度: 7.8%
藏语原文: རྐང་པ་མཉམ་པར་བཞག་སྟེ་འདུག།

开始翻译流程 (尝试 1/2):
========================================
步骤1: 输入藏语文本...
输入文本时出错: Message: tab crashed
  (Session info: chrome=143.0.7499.169)

✗ 输入文本失败

开始翻译流程 (尝试 2/2):
========================================
步骤1: 输入藏语文本...
输入文本时出错: Message: tab crashed
  (Session info: chrome=143.0.7499.169)

✗ 输入文本失败
========================================
✗ 翻译失败，跳过此行
✓ 已保存到文件: 352/4500 条

[353/4500] 翻译进度: 7.8%
藏语原文: རང་རང་ཕྱོགས་སུ་ལེགས་པར་བཞུགས་ནས་སུ།

开始翻译流程 (尝试 1/2):
========================================
步骤1: 输入藏语文本...
输入文本时出错: Message: tab crashed
  (Session info: chrome=143.0.7499.169)

✗ 输入文本失败

开始翻译流程 (尝试 2/2):
========================================
步骤1: 输入藏语文本...
输入文本时出错: Message: tab crashed
  (Session info: chrome=143.0.7499.169)

✗ 输入文本失败
========================================
✗ 翻译失败，跳过此行
✓ 已保存到文件: 353/4500 条

[354/4500] 翻译进度: 7.9%
藏语原文: རང་ཀུ་ཤའི་སྟན་ལ་འདུག་ནས།

开始翻译流程 (尝试 1/2):
========================================
步骤1: 输入藏语文本...
输入文本时出错: Message: tab crashed
  (Session info: chrome=143.0.7499.169)

✗ 输入文本失败

开始翻译流程 (尝试 2/2):
========================================
步骤1: 输入藏语文本...
输入文本时出错: Message: tab crashed
  (Session info: chrome=143.0.7499.169)

✗ 输入文本失败
========================================
✗ 翻译失败，跳过此行
✓ 已保存到文件: 354/4500 条

[355/4500] 翻译进度: 7.9%
藏语原文: ཙོག་བུའི་སྟབས་ཀྱིས་སྒྲུབ་བྱའི་གཟུགས་བརྙན་ལ་འདུག་པར...

开始翻译流程 (尝试 1/2):
========================================
步骤1: 输入藏语文本...
输入文本时出错: Message: tab crashed
  (Session info: chrome=143.0.7499.169)

✗ 输入文本失败

开始翻译流程 (尝试 2/2):
========================================
步骤1: 输入藏语文本...
输入文本时出错: Message: tab crashed
  (Session info: chrome=143.0.7499.169)

✗ 输入文本失败
========================================
✗ 翻译失败，跳过此行
✓ 已保存到文件: 355/4500 条

[356/4500] 翻译进度: 7.9%
藏语原文: ༀབེ་རོ་ཙ་ན་ཨརྦཾ་པྲ་ཏིཙཱ་ཡེ་སྭཱཧཱ།

开始翻译流程 (尝试 1/2):
========================================
步骤1: 输入藏语文本...
输入文本时出错: Message: tab crashed
  (Session info: chrome=143.0.7499.169)

✗ 输入文本失败

开始翻译流程 (尝试 2/2):
========================================
步骤1: 输入藏语文本...
输入文本时出错: Message: tab crashed
  (Session info: chrome=143.0.7499.169)

✗ 输入文本失败
========================================
✗ 翻译失败，跳过此行
✓ 已保存到文件: 356/4500 条

[357/4500] 翻译进度: 7.9%
藏语原文: ཀུ་ཤ་སྔོན་པོའི་གདན་ལ་བརྟུལ་ཞུགས་ཀྱི་སྟངས་སྟབས་ཀྱིས...

开始翻译流程 (尝试 1/2):
========================================
步骤1: 输入藏语文本...
输入文本时出错: Message: tab crashed
  (Session info: chrome=143.0.7499.169)

✗ 输入文本失败

开始翻译流程 (尝试 2/2):
========================================
步骤1: 输入藏语文本...
输入文本时出错: Message: tab crashed
  (Session info: chrome=143.0.7499.169)

✗ 输入文本失败
========================================
✗ 翻译失败，跳过此行
✓ 已保存到文件: 357/4500 条

[358/4500] 翻译进度: 8.0%
藏语原文: དཀྱིལ་འཁོར་གྱི་ལྷོ་སྒོར་འདུག་ལ་ཁ་བྱང་དུ་བལྟས་ཏེ།

开始翻译流程 (尝试 1/2):
========================================
步骤1: 输入藏语文本...
输入文本时出错: Message: tab crashed
  (Session info: chrome=143.0.7499.169)

✗ 输入文本失败

开始翻译流程 (尝试 2/2):
========================================
步骤1: 输入藏语文本...
输入文本时出错: Message: tab crashed
  (Session info: chrome=143.0.7499.169)

✗ 输入文本失败
========================================
✗ 翻译失败，跳过此行
✓ 已保存到文件: 358/4500 条

[359/4500] 翻译进度: 8.0%
藏语原文: གཞན་འཇོམས་པ་ལ་དཔའ་ཞིང་གཞན་གྱིས་མི་འཇིགས་པས་བརྟན་པའ...

开始翻译流程 (尝试 1/2):
========================================
步骤1: 输入藏语文本...
输入文本时出错: Message: tab crashed
  (Session info: chrome=143.0.7499.169)

✗ 输入文本失败

开始翻译流程 (尝试 2/2):
========================================
步骤1: 输入藏语文本...
输入文本时出错: Message: tab crashed
  (Session info: chrome=143.0.7499.169)

✗ 输入文本失败
========================================
✗ 翻译失败，跳过此行
✓ 已保存到文件: 359/4500 条

[360/4500] 翻译进度: 8.0%
藏语原文: རིག་པ་འཛིན་པ་གཞན་ཐམས་ཅད་ཀྱང་རང་ལ་མཆོད་ཅིང་དགའ་བར་བ...

开始翻译流程 (尝试 1/2):
========================================
步骤1: 输入藏语文本...
输入文本时出错: Message: tab crashed
  (Session info: chrome=143.0.7499.169)

✗ 输入文本失败

开始翻译流程 (尝试 2/2):
========================================
步骤1: 输入藏语文本...
输入文本时出错: Message: tab crashed
  (Session info: chrome=143.0.7499.169)

✗ 输入文本失败
========================================
✗ 翻译失败，跳过此行
✓ 已保存到文件: 360/4500 条

[361/4500] 翻译进度: 8.0%
藏语原文: གཏོར་མ་རྒྱ་ཆེན་པོས་གོང་ལྟར་མཆོད་ནས་ཙོག་པུར་འདུག་སྟ...

开始翻译流程 (尝试 1/2):
========================================
步骤1: 输入藏语文本...
输入文本时出错: Message: tab crashed
  (Session info: chrome=143.0.7499.169)

✗ 输入文本失败

开始翻译流程 (尝试 2/2):
========================================
步骤1: 输入藏语文本...
输入文本时出错: Message: tab crashed
  (Session info: chrome=143.0.7499.169)

✗ 输入文本失败
========================================
✗ 翻译失败，跳过此行
✓ 已保存到文件: 361/4500 条

[362/4500] 翻译进度: 8.0%
藏语原文: ཇི་སྲིད་ནམ་མ་ལངས་ཀྱི་བར་དུ་འདུག་ནས།

开始翻译流程 (尝试 1/2):
========================================
步骤1: 输入藏语文本...
输入文本时出错: Message: tab crashed
  (Session info: chrome=143.0.7499.169)

✗ 输入文本失败

开始翻译流程 (尝试 2/2):
========================================
步骤1: 输入藏语文本...
输入文本时出错: Message: tab crashed
  (Session info: chrome=143.0.7499.169)

✗ 输入文本失败
========================================
✗ 翻译失败，跳过此行
✓ 已保存到文件: 362/4500 条

[363/4500] 翻译进度: 8.1%
藏语原文: ཉལ་པོ་བྱེད་པར་ཤོམ་པའི་ཁྱིམ་ན་འདུག་པ་༡༧༢བ་དང་།

开始翻译流程 (尝试 1/2):
========================================
步骤1: 输入藏语文本...
输入文本时出错: Message: tab crashed
  (Session info: chrome=143.0.7499.169)

✗ 输入文本失败

开始翻译流程 (尝试 2/2):
========================================
步骤1: 输入藏语文本...
输入文本时出错: Message: tab crashed
  (Session info: chrome=143.0.7499.169)

✗ 输入文本失败
========================================
✗ 翻译失败，跳过此行
✓ 已保存到文件: 363/4500 条

[364/4500] 翻译进度: 8.1%
藏语原文: ཁྲི་ཚད་ཆུང་ངུ་ནི་ཁྲིའུ་ཞེས་བྱ་སྟེ་དེ་ལ་བདག་ཉིད་འདུ...

开始翻译流程 (尝试 1/2):
========================================
步骤1: 输入藏语文本...
输入文本时出错: Message: tab crashed
  (Session info: chrome=143.0.7499.169)

✗ 输入文本失败

开始翻译流程 (尝试 2/2):
========================================
步骤1: 输入藏语文本...
输入文本时出错: Message: tab crashed
  (Session info: chrome=143.0.7499.169)

✗ 输入文本失败
========================================
✗ 翻译失败，跳过此行
✓ 已保存到文件: 364/4500 条

[365/4500] 翻译进度: 8.1%
藏语原文: དགེ་སློང་མས་ཁྱིམ་གཞན་དུ་འདག་པོས་མ་བསྒོ་བར་དེར་སྟན་...

开始翻译流程 (尝试 1/2):
========================================
步骤1: 输入藏语文本...
输入文本时出错: Message: tab crashed
  (Session info: chrome=143.0.7499.169)

✗ 输入文本失败

开始翻译流程 (尝试 2/2):
========================================
步骤1: 输入藏语文本...
输入文本时出错: Message: tab crashed
  (Session info: chrome=143.0.7499.169)

✗ 输入文本失败
========================================
✗ 翻译失败，跳过此行
✓ 已保存到文件: 365/4500 条

[366/4500] 翻译进度: 8.1%
藏语原文: ཕྱིས་གནོན་བྱེད་པའི་ཞེས་བྱ་བ་ནི་ཟིལ་གྱིས་གནོན་ཅིང་འ...

开始翻译流程 (尝试 1/2):
========================================
步骤1: 输入藏语文本...
输入文本时出错: Message: tab crashed
  (Session info: chrome=143.0.7499.169)

✗ 输入文本失败

开始翻译流程 (尝试 2/2):
========================================
步骤1: 输入藏语文本...
输入文本时出错: Message: tab crashed
  (Session info: chrome=143.0.7499.169)

✗ 输入文本失败
========================================
✗ 翻译失败，跳过此行
✓ 已保存到文件: 366/4500 条

[367/4500] 翻译进度: 8.2%
藏语原文: འདུག་པའི་ཆེད་དུ་ས་ལས་བྱས་པའི་སྟེགས་བུ་གྲུ་བཞི་དག་ད...

开始翻译流程 (尝试 1/2):
========================================
步骤1: 输入藏语文本...
输入文本时出错: Message: tab crashed
  (Session info: chrome=143.0.7499.169)

✗ 输入文本失败

开始翻译流程 (尝试 2/2):
========================================
步骤1: 输入藏语文本...
输入文本时出错: Message: tab crashed
  (Session info: chrome=143.0.7499.169)

✗ 输入文本失败
========================================
✗ 翻译失败，跳过此行
✓ 已保存到文件: 367/4500 条

[368/4500] 翻译进度: 8.2%
藏语原文: བསླབ་པ་བྱིན་པ་དེ་དགེ་སློང་རང་བཞིན་དུ་གནས་པའི་ནང་དུ...

开始翻译流程 (尝试 1/2):
========================================
步骤1: 输入藏语文本...
输入文本时出错: Message: tab crashed
  (Session info: chrome=143.0.7499.169)

✗ 输入文本失败

开始翻译流程 (尝试 2/2):
========================================
步骤1: 输入藏语文本...
输入文本时出错: Message: tab crashed
  (Session info: chrome=143.0.7499.169)

✗ 输入文本失败
========================================
✗ 翻译失败，跳过此行
✓ 已保存到文件: 368/4500 条

[369/4500] 翻译进度: 8.2%
藏语原文: ནམ་མཁའ་ལ་འདུག་པར་འདུག་པ་དང་འགྲོ་བར་མི་བྱའོ།

开始翻译流程 (尝试 1/2):
========================================
步骤1: 输入藏语文本...
输入文本时出错: Message: tab crashed
  (Session info: chrome=143.0.7499.169)

✗ 输入文本失败

开始翻译流程 (尝试 2/2):
========================================
步骤1: 输入藏语文本...
输入文本时出错: Message: tab crashed
  (Session info: chrome=143.0.7499.169)

✗ 输入文本失败
========================================
✗ 翻译失败，跳过此行
✓ 已保存到文件: 369/4500 条

[370/4500] 翻译进度: 8.2%
藏语原文: མཚམས་ཀྱི་ནང་ན་འདུག་ན་ཞེས་སོ།

开始翻译流程 (尝试 1/2):
========================================
步骤1: 输入藏语文本...
输入文本时出错: Message: tab crashed
  (Session info: chrome=143.0.7499.169)

✗ 输入文本失败

开始翻译流程 (尝试 2/2):
========================================
步骤1: 输入藏语文本...
输入文本时出错: Message: tab crashed
  (Session info: chrome=143.0.7499.169)

✗ 输入文本失败
========================================
✗ 翻译失败，跳过此行
✓ 已保存到文件: 370/4500 条

[371/4500] 翻译进度: 8.2%
藏语原文: དེས་ཀྱང་མ་རྙེད་ནས་ཕྱོགས་མཐོན་པོར་འདུག་སྟེ་ཊཱི་

开始翻译流程 (尝试 1/2):
========================================
步骤1: 输入藏语文本...
输入文本时出错: Message: tab crashed
  (Session info: chrome=143.0.7499.169)

✗ 输入文本失败

开始翻译流程 (尝试 2/2):
========================================
步骤1: 输入藏语文本...
输入文本时出错: Message: tab crashed
  (Session info: chrome=143.0.7499.169)

✗ 输入文本失败
========================================
✗ 翻译失败，跳过此行
✓ 已保存到文件: 371/4500 条

[372/4500] 翻译进度: 8.3%
藏语原文: གནས་དེ་ན་དགེ་སློང་རང་ཉིད་གཅིག་པུ་འབའ་ཞིག་ཡོད་ན་སྤྱ...

开始翻译流程 (尝试 1/2):
========================================
步骤1: 输入藏语文本...
输入文本时出错: Message: tab crashed
  (Session info: chrome=143.0.7499.169)

✗ 输入文本失败

开始翻译流程 (尝试 2/2):
========================================
步骤1: 输入藏语文本...
输入文本时出错: Message: tab crashed
  (Session info: chrome=143.0.7499.169)

✗ 输入文本失败
========================================
✗ 翻译失败，跳过此行
✓ 已保存到文件: 372/4500 条

[373/4500] 翻译进度: 8.3%
藏语原文: དགེ་སློང་རང་ཉིད་མ་གཏོགས་པ་ལྷག་མ་ཟླ་བོ་དགེ་སློང་གཞན...

开始翻译流程 (尝试 1/2):
========================================
步骤1: 输入藏语文本...
输入文本时出错: Message: tab crashed
  (Session info: chrome=143.0.7499.169)

✗ 输入文本失败

开始翻译流程 (尝试 2/2):
========================================
步骤1: 输入藏语文本...
输入文本时出错: Message: tab crashed
  (Session info: chrome=143.0.7499.169)

✗ 输入文本失败
========================================
✗ 翻译失败，跳过此行
✓ 已保存到文件: 373/4500 条

[374/4500] 翻译进度: 8.3%
藏语原文: ཉེ་བར་ཙོག་ཙོག་པུར་ཕས་འདུག་ཚུས་འདུག་སྟེ་གཅིག་ལ་གཅིག...

开始翻译流程 (尝试 1/2):
========================================
步骤1: 输入藏语文本...
输入文本时出错: Message: tab crashed
  (Session info: chrome=143.0.7499.169)

✗ 输入文本失败

开始翻译流程 (尝试 2/2):
========================================
步骤1: 输入藏语文本...
输入文本时出错: Message: tab crashed
  (Session info: chrome=143.0.7499.169)

✗ 输入文本失败
========================================
✗ 翻译失败，跳过此行
✓ 已保存到文件: 374/4500 条

[375/4500] 翻译进度: 8.3%
藏语原文: གནས་དེ་ན་དགེ་སློང་གསུམ་ཡོད་ན་ནི་གསུམ་ཆར་འཁོད་དེ་འད...

开始翻译流程 (尝试 1/2):
========================================
步骤1: 输入藏语文本...
输入文本时出错: Message: tab crashed
  (Session info: chrome=143.0.7499.169)

✗ 输入文本失败

开始翻译流程 (尝试 2/2):
========================================
步骤1: 输入藏语文本...
输入文本时出错: Message: tab crashed
  (Session info: chrome=143.0.7499.169)

✗ 输入文本失败
========================================
✗ 翻译失败，跳过此行
✓ 已保存到文件: 375/4500 条

[376/4500] 翻译进度: 8.4%
藏语原文: གནས་དེ་རྣམས་སུ་མཛེ་ཅན་གྱིས་འདུག་ན་གཞན་ལ་གནོད་པའི་ཕ...

开始翻译流程 (尝试 1/2):
========================================
步骤1: 输入藏语文本...
输入文本时出错: Message: tab crashed
  (Session info: chrome=143.0.7499.169)

✗ 输入文本失败

开始翻译流程 (尝试 2/2):
========================================
步骤1: 输入藏语文本...
输入文本时出错: Message: tab crashed
  (Session info: chrome=143.0.7499.169)

✗ 输入文本失败
========================================
✗ 翻译失败，跳过此行
✓ 已保存到文件: 376/4500 条

[377/4500] 翻译进度: 8.4%
藏语原文: ཁ་ཏོན་དང་འདུག་པ་དང་།

开始翻译流程 (尝试 1/2):
========================================
步骤1: 输入藏语文本...
输入文本时出错: Message: tab crashed
  (Session info: chrome=143.0.7499.169)

✗ 输入文本失败

开始翻译流程 (尝试 2/2):
========================================
步骤1: 输入藏语文本...
输入文本时出错: Message: tab crashed
  (Session info: chrome=143.0.7499.169)

✗ 输入文本失败
========================================
✗ 翻译失败，跳过此行
✓ 已保存到文件: 377/4500 条

[378/4500] 翻译进度: 8.4%
藏语原文: གནས་ཁང་ལ་ལར་སྔ་དྲོ་དང་དགུང་ཚིགས་དང་ཕྱི་དྲོ་འདུག་པས...

开始翻译流程 (尝试 1/2):
========================================
步骤1: 输入藏语文本...
输入文本时出错: Message: tab crashed
  (Session info: chrome=143.0.7499.169)

✗ 输入文本失败

开始翻译流程 (尝试 2/2):
========================================
步骤1: 输入藏语文本...
输入文本时出错: Message: tab crashed
  (Session info: chrome=143.0.7499.169)

✗ 输入文本失败
========================================
✗ 翻译失败，跳过此行
✓ 已保存到文件: 378/4500 条

[379/4500] 翻译进度: 8.4%
藏语原文: ལུང་དང་རང་འགྲེལ་དང་ཊཱི་ཀ་ལས་བདག་གནས་པར་ཁས་བླངས་སམ་...

开始翻译流程 (尝试 1/2):
========================================
步骤1: 输入藏语文本...
输入文本时出错: Message: tab crashed
  (Session info: chrome=143.0.7499.169)

✗ 输入文本失败

开始翻译流程 (尝试 2/2):
========================================
步骤1: 输入藏语文本...
输入文本时出错: Message: tab crashed
  (Session info: chrome=143.0.7499.169)

✗ 输入文本失败
========================================
✗ 翻译失败，跳过此行
✓ 已保存到文件: 379/4500 条

[380/4500] 翻译进度: 8.4%
藏语原文: དེང་སང་ནི་དགེ་སློང་གསུམ་གསུམ་གྱི་མདུན་དུ་འདུག་པར་བ...

开始翻译流程 (尝试 1/2):
========================================
步骤1: 输入藏语文本...
输入文本时出错: Message: tab crashed
  (Session info: chrome=143.0.7499.169)

✗ 输入文本失败

开始翻译流程 (尝试 2/2):
========================================
步骤1: 输入藏语文本...
输入文本时出错: Message: tab crashed
  (Session info: chrome=143.0.7499.169)

✗ 输入文本失败
========================================
✗ 翻译失败，跳过此行
✓ 已保存到文件: 380/4500 条

[381/4500] 翻译进度: 8.5%
藏语原文: གཉིས་པ་གང་ཟག་རྐྱང་པ་འཇོག་པ་དེ་ལ་འདི་སྐད་ཅེས་བརྗོད་...

开始翻译流程 (尝试 1/2):
========================================
步骤1: 输入藏语文本...
输入文本时出错: Message: tab crashed
  (Session info: chrome=143.0.7499.169)

✗ 输入文本失败

开始翻译流程 (尝试 2/2):
========================================
步骤1: 输入藏语文本...
输入文本时出错: Message: tab crashed
  (Session info: chrome=143.0.7499.169)

✗ 输入文本失败
========================================
✗ 翻译失败，跳过此行
✓ 已保存到文件: 381/4500 条

[382/4500] 翻译进度: 8.5%
藏语原文: གསུམ་པ་གཞི་དང་གང་ཟག་གཉིས་ཀ་འཇོག་པ་དེ་ལ་འདི་སྐད་ཅེས...

开始翻译流程 (尝试 1/2):
========================================
步骤1: 输入藏语文本...
输入文本时出错: Message: tab crashed
  (Session info: chrome=143.0.7499.169)

✗ 输入文本失败

开始翻译流程 (尝试 2/2):
========================================
步骤1: 输入藏语文本...
输入文本时出错: Message: tab crashed
  (Session info: chrome=143.0.7499.169)

✗ 输入文本失败
========================================
✗ 翻译失败，跳过此行
✓ 已保存到文件: 382/4500 条

[383/4500] 翻译进度: 8.5%
藏语原文: གང་ཟག་གང་རང་འཇུག་པ་དང་བྲལ་བའི་རྒྱུ་ཀུན་ཏུ་སྤྱོད་པ་...

开始翻译流程 (尝试 1/2):
========================================
步骤1: 输入藏语文本...
输入文本时出错: Message: tab crashed
  (Session info: chrome=143.0.7499.169)

✗ 输入文本失败

开始翻译流程 (尝试 2/2):
========================================
步骤1: 输入藏语文本...
输入文本时出错: Message: tab crashed
  (Session info: chrome=143.0.7499.169)

✗ 输入文本失败
========================================
✗ 翻译失败，跳过此行
✓ 已保存到文件: 383/4500 条

[384/4500] 翻译进度: 8.5%
藏语原文: མི་ཕན་ཏེ་དགེ་སློང་དེའི་སྲ་བརྐྱང་རང་འཇུག་བྲལ་གྱི་གན...

开始翻译流程 (尝试 1/2):
========================================
步骤1: 输入藏语文本...
输入文本时出错: Message: tab crashed
  (Session info: chrome=143.0.7499.169)

✗ 输入文本失败

开始翻译流程 (尝试 2/2):
========================================
步骤1: 输入藏语文本...
输入文本时出错: Message: tab crashed
  (Session info: chrome=143.0.7499.169)

✗ 输入文本失败
========================================
✗ 翻译失败，跳过此行
✓ 已保存到文件: 384/4500 条

[385/4500] 翻译进度: 8.6%
藏语原文: ཚུན་ཆད་དུ་འདུག་པ་ལ་ཡང་ཉེས་པ་མེད་དོ།

开始翻译流程 (尝试 1/2):
========================================
步骤1: 输入藏语文本...
输入文本时出错: Message: tab crashed
  (Session info: chrome=143.0.7499.169)

✗ 输入文本失败

开始翻译流程 (尝试 2/2):
========================================
步骤1: 输入藏语文本...
输入文本时出错: Message: tab crashed
  (Session info: chrome=143.0.7499.169)

✗ 输入文本失败
========================================
✗ 翻译失败，跳过此行
✓ 已保存到文件: 385/4500 条

[386/4500] 翻译进度: 8.6%
藏语原文: སྲིད་དུ་བཏང་བའི་ཚལ་བུ་རྣམས་ཀྱི་སྣ་མཐོ་དམན་དུ་འདུག་...

开始翻译流程 (尝试 1/2):
========================================
步骤1: 输入藏语文本...
输入文本时出错: Message: tab crashed
  (Session info: chrome=143.0.7499.169)

✗ 输入文本失败

开始翻译流程 (尝试 2/2):
========================================
步骤1: 输入藏语文本...
输入文本时出错: Message: tab crashed
  (Session info: chrome=143.0.7499.169)

✗ 输入文本失败
========================================
✗ 翻译失败，跳过此行
✓ 已保存到文件: 386/4500 条

[387/4500] 翻译进度: 8.6%
藏语原文: རྒྱ་ཅང་ངམ་ནི་སྐུད་པ་མང་པོ་ལས་གཏགས་པ་ཉིད་དུ་དབུས་ཁོ...

开始翻译流程 (尝试 1/2):
========================================
步骤1: 输入藏语文本...
输入文本时出错: Message: tab crashed
  (Session info: chrome=143.0.7499.169)

✗ 输入文本失败

开始翻译流程 (尝试 2/2):
========================================
步骤1: 输入藏语文本...
输入文本时出错: Message: tab crashed
  (Session info: chrome=143.0.7499.169)

✗ 输入文本失败
========================================
✗ 翻译失败，跳过此行
✓ 已保存到文件: 387/4500 条

[388/4500] 翻译进度: 8.6%
藏语原文: སྣམ་སྦྱར་དེ་ལ་དེའི་སྟེང་དུ་འདུག་པའམ་ཉལ་བར་མི་བྱའོ།

开始翻译流程 (尝试 1/2):
========================================
步骤1: 输入藏语文本...
输入文本时出错: Message: tab crashed
  (Session info: chrome=143.0.7499.169)

✗ 输入文本失败

开始翻译流程 (尝试 2/2):
========================================
步骤1: 输入藏语文本...
输入文本时出错: Message: tab crashed
  (Session info: chrome=143.0.7499.169)

✗ 输入文本失败
========================================
✗ 翻译失败，跳过此行
✓ 已保存到文件: 388/4500 条

[389/4500] 翻译进度: 8.6%
藏语原文: གདོང་ཕྱིས་ལ་ཡང་ཆག་བྱ་སྟེ་ཊཱི་ཀའི་སྐབས་གཞན་ལས་གདོང་...

开始翻译流程 (尝试 1/2):
========================================
步骤1: 输入藏语文本...
输入文本时出错: Message: tab crashed
  (Session info: chrome=143.0.7499.169)

✗ 输入文本失败

开始翻译流程 (尝试 2/2):
========================================
步骤1: 输入藏语文本...
输入文本时出错: Message: tab crashed
  (Session info: chrome=143.0.7499.169)

✗ 输入文本失败
========================================
✗ 翻译失败，跳过此行
✓ 已保存到文件: 389/4500 条

[390/4500] 翻译进度: 8.7%
藏语原文: འདུག་པར་མི་བྱའོ།

开始翻译流程 (尝试 1/2):
========================================
步骤1: 输入藏语文本...
输入文本时出错: Message: tab crashed
  (Session info: chrome=143.0.7499.169)

✗ 输入文本失败

开始翻译流程 (尝试 2/2):
========================================
步骤1: 输入藏语文本...
输入文本时出错: Message: tab crashed
  (Session info: chrome=143.0.7499.169)

✗ 输入文本失败
========================================
✗ 翻译失败，跳过此行
✓ 已保存到文件: 390/4500 条

[391/4500] 翻译进度: 8.7%
藏语原文: མ་དྲས་པའི་སྣམ་སྦྱར་ཡོད་པས་ཀྱང་དེར་འཇུག་པ་དང་འདུག་པ...

开始翻译流程 (尝试 1/2):
========================================
步骤1: 输入藏语文本...
输入文本时出错: Message: tab crashed
  (Session info: chrome=143.0.7499.169)

✗ 输入文本失败

开始翻译流程 (尝试 2/2):
========================================
步骤1: 输入藏语文本...
输入文本时出错: Message: tab crashed
  (Session info: chrome=143.0.7499.169)

✗ 输入文本失败
========================================
✗ 翻译失败，跳过此行
✓ 已保存到文件: 391/4500 条

[392/4500] 翻译进度: 8.7%
藏语原文: རྐྱེན་དེ་ལྟ་བུ་དག་མེད་པར་སྣམ་སྦྱར་མེད་པའམ་སྣམ་སྦྱར...

开始翻译流程 (尝试 1/2):
========================================
步骤1: 输入藏语文本...
输入文本时出错: Message: tab crashed
  (Session info: chrome=143.0.7499.169)

✗ 输入文本失败

开始翻译流程 (尝试 2/2):
========================================
步骤1: 输入藏语文本...
输入文本时出错: Message: tab crashed
  (Session info: chrome=143.0.7499.169)

✗ 输入文本失败
========================================
✗ 翻译失败，跳过此行
✓ 已保存到文件: 392/4500 条

[393/4500] 翻译进度: 8.7%
藏语原文: མུ་སྟེགས་ཅན་གྱི་འདུག་གནས་དེ་ན་མུ་སྟེགས་ཅན་དག་འཁོད་...

开始翻译流程 (尝试 1/2):
========================================
步骤1: 输入藏语文本...
输入文本时出错: Message: tab crashed
  (Session info: chrome=143.0.7499.169)

✗ 输入文本失败

开始翻译流程 (尝试 2/2):
========================================
步骤1: 输入藏语文本...
输入文本时出错: Message: tab crashed
  (Session info: chrome=143.0.7499.169)

✗ 输入文本失败
========================================
✗ 翻译失败，跳过此行
✓ 已保存到文件: 393/4500 条

[394/4500] 翻译进度: 8.8%
藏语原文: སྤུ་དམའ་བ་ནི་སྤུ་ཐུང་ངུ་སྟུག་པོ་ཕྱིང་ངེ་འདུག་པ་སྟེ...

开始翻译流程 (尝试 1/2):
========================================
步骤1: 输入藏语文本...
输入文本时出错: Message: tab crashed
  (Session info: chrome=143.0.7499.169)

✗ 输入文本失败

开始翻译流程 (尝试 2/2):
========================================
步骤1: 输入藏语文本...
输入文本时出错: Message: tab crashed
  (Session info: chrome=143.0.7499.169)

✗ 输入文本失败
========================================
✗ 翻译失败，跳过此行
✓ 已保存到文件: 394/4500 条

[395/4500] 翻译进度: 8.8%
藏语原文: དགེ་ཚུལ་ཕ་ཞིག་འོང་ན་ཡང་དེ་དེར་འདུག་ལ་ཟོ་ཞིག་ཅེས་ལུ...

开始翻译流程 (尝试 1/2):
========================================
步骤1: 输入藏语文本...
输入文本时出错: Message: tab crashed
  (Session info: chrome=143.0.7499.169)

✗ 输入文本失败

开始翻译流程 (尝试 2/2):
========================================
步骤1: 输入藏语文本...
输入文本时出错: Message: tab crashed
  (Session info: chrome=143.0.7499.169)

✗ 输入文本失败
========================================
✗ 翻译失败，跳过此行
✓ 已保存到文件: 395/4500 条

[396/4500] 翻译进度: 8.8%
藏语原文: དགེ་སློང་ཀོ་ལྤགས་ལ་འདུག་པར་བྱའོ།

开始翻译流程 (尝试 1/2):
========================================
步骤1: 输入藏语文本...
输入文本时出错: Message: tab crashed
  (Session info: chrome=143.0.7499.169)

✗ 输入文本失败

开始翻译流程 (尝试 2/2):
========================================
步骤1: 输入藏语文本...
输入文本时出错: Message: tab crashed
  (Session info: chrome=143.0.7499.169)

✗ 输入文本失败
========================================
✗ 翻译失败，跳过此行
✓ 已保存到文件: 396/4500 条

[397/4500] 翻译进度: 8.8%
藏语原文: དུ་དོམ་ལྤགས་དེ་རྐང་པའི་གནས་སུ་གདིང་བ་དང་མཆིལ་ལྷམ་ད...

开始翻译流程 (尝试 1/2):
========================================
步骤1: 输入藏语文本...
输入文本时出错: Message: tab crashed
  (Session info: chrome=143.0.7499.169)

✗ 输入文本失败

开始翻译流程 (尝试 2/2):
========================================
步骤1: 输入藏语文本...
输入文本时出错: Message: tab crashed
  (Session info: chrome=143.0.7499.169)

✗ 输入文本失败
========================================
✗ 翻译失败，跳过此行
✓ 已保存到文件: 397/4500 条

[398/4500] 翻译进度: 8.8%
藏语原文: གདོང་ལ་གཏར་ཀ་བྱན་རྩ་གང་ན་འདུག་པའི་སྟེང་དུ་བྱས་པ་ནི...

开始翻译流程 (尝试 1/2):
========================================
步骤1: 输入藏语文本...
输入文本时出错: Message: tab crashed
  (Session info: chrome=143.0.7499.169)

✗ 输入文本失败

开始翻译流程 (尝试 2/2):
========================================
步骤1: 输入藏语文本...
输入文本时出错: Message: tab crashed
  (Session info: chrome=143.0.7499.169)

✗ 输入文本失败
========================================
✗ 翻译失败，跳过此行
✓ 已保存到文件: 398/4500 条

[399/4500] 翻译进度: 8.9%
藏语原文: ལུང་དང་རང་འགྲེལ་དང་ཊཱི་ཀ་ལས་ཚིལ་རུང་བ་མ་ཡིན་པ་དང་ལ...

开始翻译流程 (尝试 1/2):
========================================
步骤1: 输入藏语文本...
输入文本时出错: Message: tab crashed
  (Session info: chrome=143.0.7499.169)

✗ 输入文本失败

开始翻译流程 (尝试 2/2):
========================================
步骤1: 输入藏语文本...
输入文本时出错: Message: tab crashed
  (Session info: chrome=143.0.7499.169)

✗ 输入文本失败
========================================
✗ 翻译失败，跳过此行
✓ 已保存到文件: 399/4500 条

[400/4500] 翻译进度: 8.9%
藏语原文: མུ་སྟེགས་ཅན་གྱི་འདུག་གནས་དང་།

开始翻译流程 (尝试 1/2):
========================================
步骤1: 输入藏语文本...
输入文本时出错: Message: tab crashed
  (Session info: chrome=143.0.7499.169)

✗ 输入文本失败

开始翻译流程 (尝试 2/2):
========================================
步骤1: 输入藏语文本...
输入文本时出错: Message: tab crashed
  (Session info: chrome=143.0.7499.169)

✗ 输入文本失败
========================================
✗ 翻译失败，跳过此行
✓ 已保存到文件: 400/4500 条

[401/4500] 翻译进度: 8.9%
藏语原文: དགེ་སློང་དག་ཕྱིན་པའོ་ཞེས་སྨོས་ན་དེའི་དུས་ཀྱི་ཚིགས་...

开始翻译流程 (尝试 1/2):
========================================
步骤1: 输入藏语文本...
输入文本时出错: Message: tab crashed
  (Session info: chrome=143.0.7499.169)

✗ 输入文本失败

开始翻译流程 (尝试 2/2):
========================================
步骤1: 输入藏语文本...
输入文本时出错: Message: tab crashed
  (Session info: chrome=143.0.7499.169)

✗ 输入文本失败
========================================
✗ 翻译失败，跳过此行
✓ 已保存到文件: 401/4500 条

[402/4500] 翻译进度: 8.9%
藏语原文: རྩྭ་བམ་ལ་འདུག་པར་བྱའོ།

开始翻译流程 (尝试 1/2):
========================================
步骤1: 输入藏语文本...
输入文本时出错: Message: tab crashed
  (Session info: chrome=143.0.7499.169)

✗ 输入文本失败

开始翻译流程 (尝试 2/2):
========================================
步骤1: 输入藏语文本...
输入文本时出错: Message: tab crashed
  (Session info: chrome=143.0.7499.169)

✗ 输入文本失败
========================================
✗ 翻译失败，跳过此行
✓ 已保存到文件: 402/4500 条

[403/4500] 翻译进度: 9.0%
藏语原文: དུས་སྟོན་ཆེན་པོ་བྱུང་སྟེ་འདུས་པ་ཆེན་པོའི་ཚེ་དགེ་སླ...

开始翻译流程 (尝试 1/2):
========================================
步骤1: 输入藏语文本...
输入文本时出错: Message: tab crashed
  (Session info: chrome=143.0.7499.169)

✗ 输入文本失败

开始翻译流程 (尝试 2/2):
========================================
步骤1: 输入藏语文本...
输入文本时出错: Message: tab crashed
  (Session info: chrome=143.0.7499.169)

✗ 输入文本失败
========================================
✗ 翻译失败，跳过此行
✓ 已保存到文件: 403/4500 条

[404/4500] 翻译进度: 9.0%
藏语原文: ཡང་ཐོག་ལག་གཅིག་ཕྱིར་སྣོལ་ཞིང་སྒོ་དྲང་ཐད་དུ་མི་འདུག...

开始翻译流程 (尝试 1/2):
========================================
步骤1: 输入藏语文本...
输入文本时出错: Message: tab crashed
  (Session info: chrome=143.0.7499.169)

✗ 输入文本失败

开始翻译流程 (尝试 2/2):
========================================
步骤1: 输入藏语文本...
输入文本时出错: Message: tab crashed
  (Session info: chrome=143.0.7499.169)

✗ 输入文本失败
========================================
✗ 翻译失败，跳过此行
✓ 已保存到文件: 404/4500 条

[405/4500] 翻译进度: 9.0%
藏语原文: ལུང་ལས་འདུག་པ་ན་རྐུབ་རུས་ན་ན་ཐགས་མའི་སྦུ་གུའི་ཐན་ཀ...

开始翻译流程 (尝试 1/2):
========================================
步骤1: 输入藏语文本...
输入文本时出错: Message: tab crashed
  (Session info: chrome=143.0.7499.169)

✗ 输入文本失败

开始翻译流程 (尝试 2/2):
========================================
步骤1: 输入藏语文本...
输入文本时出错: Message: tab crashed
  (Session info: chrome=143.0.7499.169)

✗ 输入文本失败
========================================
✗ 翻译失败，跳过此行
✓ 已保存到文件: 405/4500 条

[406/4500] 翻译进度: 9.0%
藏语原文: གང་ཟག་ཇི་ལྟ་བུས་ཕྱིར་བཟློག་འཆགས་ཞེ་ན་འདུག་པའི་སྤྱོ...

开始翻译流程 (尝试 1/2):
========================================
步骤1: 输入藏语文本...
输入文本时出错: Message: tab crashed
  (Session info: chrome=143.0.7499.169)

✗ 输入文本失败

开始翻译流程 (尝试 2/2):
========================================
步骤1: 输入藏语文本...
输入文本时出错: Message: tab crashed
  (Session info: chrome=143.0.7499.169)

✗ 输入文本失败
========================================
✗ 翻译失败，跳过此行
✓ 已保存到文件: 406/4500 条

[407/4500] 翻译进度: 9.0%
藏语原文: རབ་ཏུ་དབྱུང་བར་འདོད་པ་སྟེ་ཙོག་བུར་འདུག་སྟེའོ།

开始翻译流程 (尝试 1/2):
========================================
步骤1: 输入藏语文本...
输入文本时出错: Message: tab crashed
  (Session info: chrome=143.0.7499.169)

✗ 输入文本失败

开始翻译流程 (尝试 2/2):
========================================
步骤1: 输入藏语文本...
输入文本时出错: Message: tab crashed
  (Session info: chrome=143.0.7499.169)

✗ 输入文本失败
========================================
✗ 翻译失败，跳过此行
✓ 已保存到文件: 407/4500 条

[408/4500] 翻译进度: 9.1%
藏语原文: མནན་ཏེ་འདུག་པར་བྱའོ།

开始翻译流程 (尝试 1/2):
========================================
步骤1: 输入藏语文本...
输入文本时出错: Message: tab crashed
  (Session info: chrome=143.0.7499.169)

✗ 输入文本失败

开始翻译流程 (尝试 2/2):
========================================
步骤1: 输入藏语文本...
输入文本时出错: Message: tab crashed
  (Session info: chrome=143.0.7499.169)

✗ 输入文本失败
========================================
✗ 翻译失败，跳过此行
✓ 已保存到文件: 408/4500 条

[409/4500] 翻译进度: 9.1%
藏语原文: ཅི་བདེར་འདུག་ཏུ་གཞུག་པ་ཡིན་གྱི་ཙོག་བུར་འདུག་ཏུ་མི་...

开始翻译流程 (尝试 1/2):
========================================
步骤1: 输入藏语文本...
输入文本时出错: Message: tab crashed
  (Session info: chrome=143.0.7499.169)

✗ 输入文本失败

开始翻译流程 (尝试 2/2):
========================================
步骤1: 输入藏语文本...
输入文本时出错: Message: tab crashed
  (Session info: chrome=143.0.7499.169)

✗ 输入文本失败
========================================
✗ 翻译失败，跳过此行
✓ 已保存到文件: 409/4500 条

[410/4500] 翻译进度: 9.1%
藏语原文: ཙོག་པུར་འདུག་སྟེ་བརྗོད་པར་བྱའོ།

开始翻译流程 (尝试 1/2):
========================================
步骤1: 输入藏语文本...
输入文本时出错: Message: tab crashed
  (Session info: chrome=143.0.7499.169)

✗ 输入文本失败

开始翻译流程 (尝试 2/2):
========================================
步骤1: 输入藏语文本...
输入文本时出错: Message: tab crashed
  (Session info: chrome=143.0.7499.169)

✗ 输入文本失败
========================================
✗ 翻译失败，跳过此行
✓ 已保存到文件: 410/4500 条

[411/4500] 翻译进度: 9.1%
藏语原文: གསོལ་བ་ལ་སོགས་པའི་ལས་ཐམས་ཅད་ནི་འདུག་པ་ཉིད་ཀྱིས་སོ།

开始翻译流程 (尝试 1/2):
========================================
步骤1: 输入藏语文本...
输入文本时出错: Message: tab crashed
  (Session info: chrome=143.0.7499.169)

✗ 输入文本失败

开始翻译流程 (尝试 2/2):
========================================
步骤1: 输入藏语文本...
输入文本时出错: Message: tab crashed
  (Session info: chrome=143.0.7499.169)

✗ 输入文本失败
========================================
✗ 翻译失败，跳过此行
✓ 已保存到文件: 411/4500 条

[412/4500] 翻译进度: 9.2%
藏语原文: ཤིང་དྲུང་ལ་སོགས་འདུག་པའི་གནས་ཐམས་ཅད་ལ་བསླབ་པ་རྒན་ར...

开始翻译流程 (尝试 1/2):
========================================
步骤1: 输入藏语文本...
输入文本时出错: Message: tab crashed
  (Session info: chrome=143.0.7499.169)

✗ 输入文本失败

开始翻译流程 (尝试 2/2):
========================================
步骤1: 输入藏语文本...
输入文本时出错: Message: tab crashed
  (Session info: chrome=143.0.7499.169)

✗ 输入文本失败
========================================
✗ 翻译失败，跳过此行
✓ 已保存到文件: 412/4500 条

[413/4500] 翻译进度: 9.2%
藏语原文: གང་ཟག་དེ་ཚུལ་ཇི་ལྟར་འདུག་པ་ལ་བྱ་ཞེ་ན་རྩྭ་བཅད་དེ་ས་...

开始翻译流程 (尝试 1/2):
========================================
步骤1: 输入藏语文本...
输入文本时出错: Message: tab crashed
  (Session info: chrome=143.0.7499.169)

✗ 输入文本失败

开始翻译流程 (尝试 2/2):
========================================
步骤1: 输入藏语文本...
输入文本时出错: Message: tab crashed
  (Session info: chrome=143.0.7499.169)

✗ 输入文本失败
========================================
✗ 翻译失败，跳过此行
✓ 已保存到文件: 413/4500 条

[414/4500] 翻译进度: 9.2%
藏语原文: སྟན་ལ་འདུག་པར་མི་བྱའོ།

开始翻译流程 (尝试 1/2):
========================================
步骤1: 输入藏语文本...
输入文本时出错: Message: tab crashed
  (Session info: chrome=143.0.7499.169)

✗ 输入文本失败

开始翻译流程 (尝试 2/2):
========================================
步骤1: 输入藏语文本...
输入文本时出错: Message: tab crashed
  (Session info: chrome=143.0.7499.169)

✗ 输入文本失败
========================================
✗ 翻译失败，跳过此行
✓ 已保存到文件: 414/4500 条

[415/4500] 翻译进度: 9.2%
藏语原文: དེ་གཉིས་ཀྱིས་དགེ་སློང་རང་བཞིན་དུ་གནས་པའི་དྲུང་དུ་ས...

开始翻译流程 (尝试 1/2):
========================================
步骤1: 输入藏语文本...
输入文本时出错: Message: tab crashed
  (Session info: chrome=143.0.7499.169)

✗ 输入文本失败

开始翻译流程 (尝试 2/2):
========================================
步骤1: 输入藏语文本...
输入文本时出错: Message: tab crashed
  (Session info: chrome=143.0.7499.169)

✗ 输入文本失败
========================================
✗ 翻译失败，跳过此行
✓ 已保存到文件: 415/4500 条

[416/4500] 翻译进度: 9.2%
藏语原文: སྟན་མཉམ་པའམ་མཐོ་བས་འདུག་པར་མི་བྱ་ན་སྟན་གཅིག་ལ་ལྟ་ས...

开始翻译流程 (尝试 1/2):
========================================
步骤1: 输入藏语文本...
输入文本时出错: Message: tab crashed
  (Session info: chrome=143.0.7499.169)

✗ 输入文本失败

开始翻译流程 (尝试 2/2):
========================================
步骤1: 输入藏语文本...
输入文本时出错: Message: tab crashed
  (Session info: chrome=143.0.7499.169)

✗ 输入文本失败
========================================
✗ 翻译失败，跳过此行
✓ 已保存到文件: 416/4500 条

[417/4500] 翻译进度: 9.3%
藏语原文: དེ་གཉིས་ཀྱིས་དགེ་སློང་རང་བཞིན་དུ་གནས་པ་དང་ལྷན་ཅིག་...

开始翻译流程 (尝试 1/2):
========================================
步骤1: 输入藏语文本...
输入文本时出错: Message: tab crashed
  (Session info: chrome=143.0.7499.169)

✗ 输入文本失败

开始翻译流程 (尝试 2/2):
========================================
步骤1: 输入藏语文本...
输入文本时出错: Message: tab crashed
  (Session info: chrome=143.0.7499.169)

✗ 输入文本失败
========================================
✗ 翻译失败，跳过此行
✓ 已保存到文件: 417/4500 条

[418/4500] 翻译进度: 9.3%
藏语原文: དེ་གཉིས་ཀྱིས་དགེ་སློང་རང་བཞིན་གནས་པ་དེ་དང་བརྟེན་པར...

开始翻译流程 (尝试 1/2):
========================================
步骤1: 输入藏语文本...
输入文本时出错: Message: tab crashed
  (Session info: chrome=143.0.7499.169)

✗ 输入文本失败

开始翻译流程 (尝试 2/2):
========================================
步骤1: 输入藏语文本...
输入文本时出错: Message: tab crashed
  (Session info: chrome=143.0.7499.169)

✗ 输入文本失败
========================================
✗ 翻译失败，跳过此行
✓ 已保存到文件: 418/4500 条

[419/4500] 翻译进度: 9.3%
藏语原文: དགེ་སློང་སྤོ་མགུ་སྤྱོད་པ་དེ་བསྙེན་རྫོགས་ས་རང་བཞིན་...

开始翻译流程 (尝试 1/2):
========================================
步骤1: 输入藏语文本...
输入文本时出错: Message: tab crashed
  (Session info: chrome=143.0.7499.169)

✗ 输入文本失败

开始翻译流程 (尝试 2/2):
========================================
步骤1: 输入藏语文本...
输入文本时出错: Message: tab crashed
  (Session info: chrome=143.0.7499.169)

✗ 输入文本失败
========================================
✗ 翻译失败，跳过此行
✓ 已保存到文件: 419/4500 条

[420/4500] 翻译进度: 9.3%
藏语原文: དེའི་སྒྲུབ་བྱེད་ནི་ལུང་གསིལ་བུ་ལས་དགེ་སློང་མ་དག་འབ...

开始翻译流程 (尝试 1/2):
========================================
步骤1: 输入藏语文本...
输入文本时出错: Message: tab crashed
  (Session info: chrome=143.0.7499.169)

✗ 输入文本失败

开始翻译流程 (尝试 2/2):
========================================
步骤1: 输入藏语文本...
输入文本时出错: Message: tab crashed
  (Session info: chrome=143.0.7499.169)

✗ 输入文本失败
========================================
✗ 翻译失败，跳过此行
✓ 已保存到文件: 420/4500 条

[421/4500] 翻译进度: 9.4%
藏语原文: གསོ་སྦྱོང་དང་དགག་དབྱེ་གཞག་པ་ཞེས་བྱ་བ་ནི་གང་ཟག་འདི་...

开始翻译流程 (尝试 1/2):
========================================
步骤1: 输入藏语文本...
输入文本时出错: Message: tab crashed
  (Session info: chrome=143.0.7499.169)

✗ 输入文本失败

开始翻译流程 (尝试 2/2):
========================================
步骤1: 输入藏语文本...
输入文本时出错: Message: tab crashed
  (Session info: chrome=143.0.7499.169)

✗ 输入文本失败
========================================
✗ 翻译失败，跳过此行
✓ 已保存到文件: 421/4500 条

[422/4500] 翻译进度: 9.4%
藏语原文: གནས་གང་དུ་དུས་འདའ་བར་བྱ་བ་ངལ་བསོ་བའི་གནས་བསྟི་གནས་...

开始翻译流程 (尝试 1/2):
========================================
步骤1: 输入藏语文本...
输入文本时出错: Message: tab crashed
  (Session info: chrome=143.0.7499.169)

✗ 输入文本失败

开始翻译流程 (尝试 2/2):
========================================
步骤1: 输入藏语文本...
输入文本时出错: Message: tab crashed
  (Session info: chrome=143.0.7499.169)

✗ 输入文本失败
========================================
✗ 翻译失败，跳过此行
✓ 已保存到文件: 422/4500 条

[423/4500] 翻译进度: 9.4%
藏语原文: གནས་བརྟན་དེས་རྒོལ་ཕྱིར་རྒོལ་དེ་གཉིས་དང་ལྷན་ཅིག་འགྲ...

开始翻译流程 (尝试 1/2):
========================================
步骤1: 输入藏语文本...
输入文本时出错: Message: tab crashed
  (Session info: chrome=143.0.7499.169)

✗ 输入文本失败

开始翻译流程 (尝试 2/2):
========================================
步骤1: 输入藏语文本...
输入文本时出错: Message: tab crashed
  (Session info: chrome=143.0.7499.169)

✗ 输入文本失败
========================================
✗ 翻译失败，跳过此行
✓ 已保存到文件: 423/4500 条

[424/4500] 翻译进度: 9.4%
藏语原文: ས་གཞན་ན་གནས་པ་དང་ཉམས་པ་ལ་སོགས་པ་བཅུ་གསུམ་སྔར་བསྟན་...

开始翻译流程 (尝试 1/2):
========================================
步骤1: 输入藏语文本...
输入文本时出错: Message: tab crashed
  (Session info: chrome=143.0.7499.169)

✗ 输入文本失败

开始翻译流程 (尝试 2/2):
========================================
步骤1: 输入藏语文本...
输入文本时出错: Message: tab crashed
  (Session info: chrome=143.0.7499.169)

✗ 输入文本失败
========================================
✗ 翻译失败，跳过此行
✓ 已保存到文件: 424/4500 条

[425/4500] 翻译进度: 9.4%
藏语原文: ལྷོད་༣་༧བ་ཕབ་ཏུ་འདུག་པར་བྱའི་མ་བསྒོ་ན་ཙོག་པུས་སོ།

开始翻译流程 (尝试 1/2):
========================================
步骤1: 输入藏语文本...
输入文本时出错: Message: tab crashed
  (Session info: chrome=143.0.7499.169)

✗ 输入文本失败

开始翻译流程 (尝试 2/2):
========================================
步骤1: 输入藏语文本...
输入文本时出错: Message: tab crashed
  (Session info: chrome=143.0.7499.169)

✗ 输入文本失败
========================================
✗ 翻译失败，跳过此行
✓ 已保存到文件: 425/4500 条

[426/4500] 翻译进度: 9.5%
藏语原文: འདུག་པར་བྱའོ།

开始翻译流程 (尝试 1/2):
========================================
步骤1: 输入藏语文本...
输入文本时出错: Message: tab crashed
  (Session info: chrome=143.0.7499.169)

✗ 输入文本失败

开始翻译流程 (尝试 2/2):
========================================
步骤1: 输入藏语文本...
输入文本时出错: Message: tab crashed
  (Session info: chrome=143.0.7499.169)

✗ 输入文本失败
========================================
✗ 翻译失败，跳过此行
✓ 已保存到文件: 426/4500 条

[427/4500] 翻译进度: 9.5%
藏语原文: ལུང་ནོད་པར་བྱ་བའི་གཞུང་མང་བ་ཉིད་ཡིན་ན་གསར་བུ་དེས་ལ...

开始翻译流程 (尝试 1/2):
========================================
步骤1: 输入藏语文本...
输入文本时出错: Message: tab crashed
  (Session info: chrome=143.0.7499.169)

✗ 输入文本失败

开始翻译流程 (尝试 2/2):
========================================
步骤1: 输入藏语文本...
输入文本时出错: Message: tab crashed
  (Session info: chrome=143.0.7499.169)

✗ 输入文本失败
========================================
✗ 翻译失败，跳过此行
✓ 已保存到文件: 427/4500 条

[428/4500] 翻译进度: 9.5%
藏语原文: སེང་གེའི་ཁྲི་ལ་འདུག་པའི་མདུན་དུ་མེ་ཏོག་དང་བདུག་སྤོ...

开始翻译流程 (尝试 1/2):
========================================
步骤1: 输入藏语文本...
输入文本时出错: Message: tab crashed
  (Session info: chrome=143.0.7499.169)

✗ 输入文本失败

开始翻译流程 (尝试 2/2):
========================================
步骤1: 输入藏语文本...
输入文本时出错: Message: tab crashed
  (Session info: chrome=143.0.7499.169)

✗ 输入文本失败
========================================
✗ 翻译失败，跳过此行
✓ 已保存到文件: 428/4500 条

[429/4500] 翻译进度: 9.5%
藏语原文: ལུང་ལས་སྐར་ཁུང་དམའ་བར་གཏོད་པས་ཧ་ཅང་ཚ་བར་གྱུར་ནས་བཀ...

开始翻译流程 (尝试 1/2):
========================================
步骤1: 输入藏语文本...
输入文本时出错: Message: tab crashed
  (Session info: chrome=143.0.7499.169)

✗ 输入文本失败

开始翻译流程 (尝试 2/2):
========================================
步骤1: 输入藏语文本...
输入文本时出错: Message: tab crashed
  (Session info: chrome=143.0.7499.169)

✗ 输入文本失败
========================================
✗ 翻译失败，跳过此行
✓ 已保存到文件: 429/4500 条

[430/4500] 翻译进度: 9.6%
藏语原文: ཁྲིའུ་ཁྲི་ཆུང་དུ་གྲུ་བཞི་ལ་གང་ཟག་གཅིག་ཁོ་ན་འདུག་པར...

开始翻译流程 (尝试 1/2):
========================================
步骤1: 输入藏语文本...
输入文本时出错: Message: tab crashed
  (Session info: chrome=143.0.7499.169)

✗ 输入文本失败

开始翻译流程 (尝试 2/2):
========================================
步骤1: 输入藏语文本...
输入文本时出错: Message: tab crashed
  (Session info: chrome=143.0.7499.169)

✗ 输入文本失败
========================================
✗ 翻译失败，跳过此行
✓ 已保存到文件: 430/4500 条

[431/4500] 翻译进度: 9.6%
藏语原文: བསླབ་པ་གཞོན་པ་དེ་ཆེས་རྒན་པ་དང་ལྷན་ཅིག་འདུག་པ་མི་རི...

开始翻译流程 (尝试 1/2):
========================================
步骤1: 输入藏语文本...
输入文本时出错: Message: tab crashed
  (Session info: chrome=143.0.7499.169)

✗ 输入文本失败

开始翻译流程 (尝试 2/2):
========================================
步骤1: 输入藏语文本...
输入文本时出错: Message: tab crashed
  (Session info: chrome=143.0.7499.169)

✗ 输入文本失败
========================================
✗ 翻译失败，跳过此行
✓ 已保存到文件: 431/4500 条

[432/4500] 翻译进度: 9.6%
藏语原文: གང་དུ་ཡང་སྟན་གཅིག་ལ་འདུག་པར་མི་བྱའོ།

开始翻译流程 (尝试 1/2):
========================================
步骤1: 输入藏语文本...
输入文本时出错: Message: tab crashed
  (Session info: chrome=143.0.7499.169)

✗ 输入文本失败

开始翻译流程 (尝试 2/2):
========================================
步骤1: 输入藏语文本...
输入文本时出错: Message: tab crashed
  (Session info: chrome=143.0.7499.169)

✗ 输入文本失败
========================================
✗ 翻译失败，跳过此行
✓ 已保存到文件: 432/4500 条

[433/4500] 翻译进度: 9.6%
藏语原文: བསླབ་པ་བྱིན་པ་གཉིས་སྟན་གཅིག་ལ་འདུག་ཏུ་མི་རུང་ངོ་ཞེ...

开始翻译流程 (尝试 1/2):
========================================
步骤1: 输入藏语文本...
输入文本时出错: Message: tab crashed
  (Session info: chrome=143.0.7499.169)

✗ 输入文本失败

开始翻译流程 (尝试 2/2):
========================================
步骤1: 输入藏语文本...
输入文本时出错: Message: tab crashed
  (Session info: chrome=143.0.7499.169)

✗ 输入文本失败
========================================
✗ 翻译失败，跳过此行
✓ 已保存到文件: 433/4500 条

[434/4500] 翻译进度: 9.6%
藏语原文: ས་སྟེགས་སམ་ཤིང་ལེབ་བམ་༣༡༩ན་རྡོའི་སྟེང་ན་ཁྱིམ་པ་དང་...

开始翻译流程 (尝试 1/2):
========================================
步骤1: 输入藏语文本...
输入文本时出错: Message: tab crashed
  (Session info: chrome=143.0.7499.169)

✗ 输入文本失败

开始翻译流程 (尝试 2/2):
========================================
步骤1: 输入藏语文本...
输入文本时出错: Message: tab crashed
  (Session info: chrome=143.0.7499.169)

✗ 输入文本失败
========================================
✗ 翻译失败，跳过此行
✓ 已保存到文件: 434/4500 条

[435/4500] 翻译进度: 9.7%
藏语原文: གྲལ་ཐོབ་པ་ལས་གོང་དུའང་མི་འདུག་འོག་ཏུའང་མི་འདུག་བི་...

开始翻译流程 (尝试 1/2):
========================================
步骤1: 输入藏语文本...
输入文本时出错: Message: tab crashed
  (Session info: chrome=143.0.7499.169)

✗ 输入文本失败

开始翻译流程 (尝试 2/2):
========================================
步骤1: 输入藏语文本...
输入文本时出错: Message: tab crashed
  (Session info: chrome=143.0.7499.169)

✗ 输入文本失败
========================================
✗ 翻译失败，跳过此行
✓ 已保存到文件: 435/4500 条

[436/4500] 翻译进度: 9.7%
藏语原文: ཆར་པ་ཆད་ན་དྲུང་ན་འདུག་པའི་ཁྱིམ་དག་ཏུ་གདུགས་དེ་བཞག་...

开始翻译流程 (尝试 1/2):
========================================
步骤1: 输入藏语文本...
输入文本时出错: Message: tab crashed
  (Session info: chrome=143.0.7499.169)

✗ 输入文本失败

开始翻译流程 (尝试 2/2):
========================================
步骤1: 输入藏语文本...
输入文本时出错: Message: tab crashed
  (Session info: chrome=143.0.7499.169)

✗ 输入文本失败
========================================
✗ 翻译失败，跳过此行
✓ 已保存到文件: 436/4500 条

[437/4500] 翻译进度: 9.7%
藏语原文: དགེ་སློང་མ་དེས་དབྱར་ཁང་དེའི་ཕྱི་སྒོར་འདུག་པར་མི་བྱ...

开始翻译流程 (尝试 1/2):
========================================
步骤1: 输入藏语文本...
输入文本时出错: Message: tab crashed
  (Session info: chrome=143.0.7499.169)

✗ 输入文本失败

开始翻译流程 (尝试 2/2):
========================================
步骤1: 输入藏语文本...
输入文本时出错: Message: tab crashed
  (Session info: chrome=143.0.7499.169)

✗ 输入文本失败
========================================
✗ 翻译失败，跳过此行
✓ 已保存到文件: 437/4500 条

[438/4500] 翻译进度: 9.7%
藏语原文: གོས་ཐམས་ཅད་ཕུད་དེ་གཅེར་བུར་མི་འདུག་གོ་བི་།

开始翻译流程 (尝试 1/2):
========================================
步骤1: 输入藏语文本...
输入文本时出错: Message: tab crashed
  (Session info: chrome=143.0.7499.169)

✗ 输入文本失败

开始翻译流程 (尝试 2/2):
========================================
步骤1: 输入藏语文本...
输入文本时出错: Message: tab crashed
  (Session info: chrome=143.0.7499.169)

✗ 输入文本失败
========================================
✗ 翻译失败，跳过此行
✓ 已保存到文件: 438/4500 条

[439/4500] 翻译进度: 9.8%
藏语原文: དགེ་སློང་མ་གོས་མེད་པ་ཅན་གྱིས་འདུག་པར་མི་བྱ་བ་དེ་ལ་...

开始翻译流程 (尝试 1/2):
========================================
步骤1: 输入藏语文本...
输入文本时出错: Message: tab crashed
  (Session info: chrome=143.0.7499.169)

✗ 输入文本失败

开始翻译流程 (尝试 2/2):
========================================
步骤1: 输入藏语文本...
输入文本时出错: Message: tab crashed
  (Session info: chrome=143.0.7499.169)

✗ 输入文本失败
========================================
✗ 翻译失败，跳过此行
✓ 已保存到文件: 439/4500 条

[440/4500] 翻译进度: 9.8%
藏语原文: བསྡུ་སྐྱོགས་མ་བྱས་པར་བརྩམ་པར་འདུག་ན་གནས་ཇི་ལྟ་པ་བཞ...

开始翻译流程 (尝试 1/2):
========================================
步骤1: 输入藏语文本...
输入文本时出错: Message: tab crashed
  (Session info: chrome=143.0.7499.169)

✗ 输入文本失败

开始翻译流程 (尝试 2/2):
========================================
步骤1: 输入藏语文本...
输入文本时出错: Message: tab crashed
  (Session info: chrome=143.0.7499.169)

✗ 输入文本失败
========================================
✗ 翻译失败，跳过此行
✓ 已保存到文件: 440/4500 条

[441/4500] 翻译进度: 9.8%
藏语原文: ཐེག་གསུམ་རིགས་ཅན་རང་རང་སྐལ་བ་དང་།

开始翻译流程 (尝试 1/2):
========================================
步骤1: 输入藏语文本...
输入文本时出错: Message: tab crashed
  (Session info: chrome=143.0.7499.169)

✗ 输入文本失败

开始翻译流程 (尝试 2/2):
========================================
步骤1: 输入藏语文本...
输入文本时出错: Message: tab crashed
  (Session info: chrome=143.0.7499.169)

✗ 输入文本失败
========================================
✗ 翻译失败，跳过此行
✓ 已保存到文件: 441/4500 条

[442/4500] 翻译进度: 9.8%
藏语原文: རང་རང་ནུས་མཐུ་མི་ཞུམ་ཆེར་ངོམས་ཤོག།

开始翻译流程 (尝试 1/2):
========================================
步骤1: 输入藏语文本...
输入文本时出错: Message: tab crashed
  (Session info: chrome=143.0.7499.169)

✗ 输入文本失败

开始翻译流程 (尝试 2/2):
========================================
步骤1: 输入藏语文本...
输入文本时出错: Message: tab crashed
  (Session info: chrome=143.0.7499.169)

✗ 输入文本失败
========================================
✗ 翻译失败，跳过此行
✓ 已保存到文件: 442/4500 条

[443/4500] 翻译进度: 9.8%
藏语原文: ཤོག་ལྡེབ་ངོས་གཉིས་སུ་ཡི་གེ་བྲིས་འདུག་པ་དང་།

开始翻译流程 (尝试 1/2):
========================================
步骤1: 输入藏语文本...
输入文本时出错: Message: tab crashed
  (Session info: chrome=143.0.7499.169)

✗ 输入文本失败

开始翻译流程 (尝试 2/2):
========================================
步骤1: 输入藏语文本...
输入文本时出错: Message: tab crashed
  (Session info: chrome=143.0.7499.169)

✗ 输入文本失败
========================================
✗ 翻译失败，跳过此行
✓ 已保存到文件: 443/4500 条

[444/4500] 翻译进度: 9.9%
藏语原文: འ་གནས་གང་བཟང་བར་གདའ།

开始翻译流程 (尝试 1/2):
========================================
步骤1: 输入藏语文本...
输入文本时出错: Message: tab crashed
  (Session info: chrome=143.0.7499.169)

✗ 输入文本失败

开始翻译流程 (尝试 2/2):
========================================
步骤1: 输入藏语文本...
输入文本时出错: Message: tab crashed
  (Session info: chrome=143.0.7499.169)

✗ 输入文本失败
========================================
✗ 翻译失败，跳过此行
✓ 已保存到文件: 444/4500 条

[445/4500] 翻译进度: 9.9%
藏语原文: ཚུལ་ཇི་བཞིན་རྟོགས་པ་ཉུང་བར་འདུག།

开始翻译流程 (尝试 1/2):
========================================
步骤1: 输入藏语文本...
输入文本时出错: Message: tab crashed
  (Session info: chrome=143.0.7499.169)

✗ 输入文本失败

开始翻译流程 (尝试 2/2):
========================================
步骤1: 输入藏语文本...
输入文本时出错: Message: tab crashed
  (Session info: chrome=143.0.7499.169)

✗ 输入文本失败
========================================
✗ 翻译失败，跳过此行
✓ 已保存到文件: 445/4500 条

[446/4500] 翻译进度: 9.9%
藏语原文: རྒྱུད་ལེ་ལོའི་འདམ་དུ་བྱིང་འདུག་པས།

开始翻译流程 (尝试 1/2):
========================================
步骤1: 输入藏语文本...
输入文本时出错: Message: tab crashed
  (Session info: chrome=143.0.7499.169)

✗ 输入文本失败

开始翻译流程 (尝试 2/2):
========================================
步骤1: 输入藏语文本...
输入文本时出错: Message: tab crashed
  (Session info: chrome=143.0.7499.169)

✗ 输入文本失败
========================================
✗ 翻译失败，跳过此行
✓ 已保存到文件: 446/4500 条

[447/4500] 翻译进度: 9.9%
藏语原文: ཚོགས་གཉིས་ཀྱང་འདི་ཡིས་རྫོགས་པར་འདུག།

开始翻译流程 (尝试 1/2):
========================================
步骤1: 输入藏语文本...
输入文本时出错: Message: tab crashed
  (Session info: chrome=143.0.7499.169)

✗ 输入文本失败

开始翻译流程 (尝试 2/2):
========================================
步骤1: 输入藏语文本...
输入文本时出错: Message: tab crashed
  (Session info: chrome=143.0.7499.169)

✗ 输入文本失败
========================================
✗ 翻译失败，跳过此行
✓ 已保存到文件: 447/4500 条

[448/4500] 翻译进度: 10.0%
藏语原文: རང་བབས་སུ་ཞོག་དང་རང་གསལ་འཆར། ། བློ་སུས་ཀྱང་གཞལ་བར་...

开始翻译流程 (尝试 1/2):
========================================
步骤1: 输入藏语文本...
输入文本时出错: Message: tab crashed
  (Session info: chrome=143.0.7499.169)

✗ 输入文本失败

开始翻译流程 (尝试 2/2):
========================================
步骤1: 输入藏语文本...
输入文本时出错: Message: tab crashed
  (Session info: chrome=143.0.7499.169)

✗ 输入文本失败
========================================
✗ 翻译失败，跳过此行
✓ 已保存到文件: 448/4500 条

[449/4500] 翻译进度: 10.0%
藏语原文: དོན་ཕྱི་རོལ་ན་གྲུབ་པ་མི་འདུག་པས།

开始翻译流程 (尝试 1/2):
========================================
步骤1: 输入藏语文本...
输入文本时出错: Message: tab crashed
  (Session info: chrome=143.0.7499.169)

✗ 输入文本失败

开始翻译流程 (尝试 2/2):
========================================
步骤1: 输入藏语文本...
输入文本时出错: Message: tab crashed
  (Session info: chrome=143.0.7499.169)

✗ 输入文本失败
========================================
✗ 翻译失败，跳过此行
✓ 已保存到文件: 449/4500 条

[450/4500] 翻译进度: 10.0%
藏语原文: དོན་ཇི་བཞིན་རྟོགས་པ་ཉུང་བ་འདུག།

开始翻译流程 (尝试 1/2):
========================================
步骤1: 输入藏语文本...
输入文本时出错: Message: tab crashed
  (Session info: chrome=143.0.7499.169)

✗ 输入文本失败

开始翻译流程 (尝试 2/2):
========================================
步骤1: 输入藏语文本...
输入文本时出错: Message: tab crashed
  (Session info: chrome=143.0.7499.169)

✗ 输入文本失败
========================================
✗ 翻译失败，跳过此行
✓ 已保存到文件: 450/4500 条

[451/4500] 翻译进度: 10.0%
藏语原文: བློ་ཞེན་མེད་ཀྱི་ངང་དུ་འདུ་བར་འདུག།

开始翻译流程 (尝试 1/2):
========================================
步骤1: 输入藏语文本...
输入文本时出错: Message: tab crashed
  (Session info: chrome=143.0.7499.169)

✗ 输入文本失败

开始翻译流程 (尝试 2/2):
========================================
步骤1: 输入藏语文本...
输入文本时出错: Message: tab crashed
  (Session info: chrome=143.0.7499.169)

✗ 输入文本失败
========================================
✗ 翻译失败，跳过此行
✓ 已保存到文件: 451/4500 条

[452/4500] 翻译进度: 10.0%
藏语原文: གྲོགས་གཞན་ཡང་འདི་ཡིས་ཕུང་བར་འདུག་། དུས་གྲངས་མེད་གས...

开始翻译流程 (尝试 1/2):
========================================
步骤1: 输入藏语文本...
输入文本时出错: Message: tab crashed
  (Session info: chrome=143.0.7499.169)

✗ 输入文本失败

开始翻译流程 (尝试 2/2):
========================================
步骤1: 输入藏语文本...
输入文本时出错: Message: tab crashed
  (Session info: chrome=143.0.7499.169)

✗ 输入文本失败
========================================
✗ 翻译失败，跳过此行
✓ 已保存到文件: 452/4500 条

[453/4500] 翻译进度: 10.1%
藏语原文: ཡོན་ཏན་ཡང་འདི་རང་ཆེ་བར་འདུག།

开始翻译流程 (尝试 1/2):
========================================
步骤1: 输入藏语文本...
输入文本时出错: Message: tab crashed
  (Session info: chrome=143.0.7499.169)

✗ 输入文本失败

开始翻译流程 (尝试 2/2):
========================================
步骤1: 输入藏语文本...
输入文本时出错: Message: tab crashed
  (Session info: chrome=143.0.7499.169)

✗ 输入文本失败
========================================
✗ 翻译失败，跳过此行
✓ 已保存到文件: 453/4500 条

[454/4500] 翻译进度: 10.1%
藏语原文: འདི་གློད་ན་གྲོལ་ཞེས་གསུང་བར་འདུག།

开始翻译流程 (尝试 1/2):
========================================
步骤1: 输入藏语文本...
输入文本时出错: Message: tab crashed
  (Session info: chrome=143.0.7499.169)

✗ 输入文本失败

开始翻译流程 (尝试 2/2):
========================================
步骤1: 输入藏语文本...
输入文本时出错: Message: tab crashed
  (Session info: chrome=143.0.7499.169)

✗ 输入文本失败
========================================
✗ 翻译失败，跳过此行
✓ 已保存到文件: 454/4500 条

[455/4500] 翻译进度: 10.1%
藏语原文: ཡེངས་མ་ལམ་དུ་མི་ཚེ་ཟད་འདུག་པས།

开始翻译流程 (尝试 1/2):
========================================
步骤1: 输入藏语文本...
输入文本时出错: Message: tab crashed
  (Session info: chrome=143.0.7499.169)

✗ 输入文本失败

开始翻译流程 (尝试 2/2):
========================================
步骤1: 输入藏语文本...
输入文本时出错: Message: tab crashed
  (Session info: chrome=143.0.7499.169)

✗ 输入文本失败
========================================
✗ 翻译失败，跳过此行
✓ 已保存到文件: 455/4500 条

[456/4500] 翻译进度: 10.1%
藏语原文: གལ་ཏེ་སྨད་ཕྱོགས་འདིར་གཏན་ནས་འབྱོན་པའི་སྐལ་པ་མ་བྱུང...

开始翻译流程 (尝试 1/2):
========================================
步骤1: 输入藏语文本...
输入文本时出错: Message: tab crashed
  (Session info: chrome=143.0.7499.169)

✗ 输入文本失败

开始翻译流程 (尝试 2/2):
========================================
步骤1: 输入藏语文本...
输入文本时出错: Message: tab crashed
  (Session info: chrome=143.0.7499.169)

✗ 输入文本失败
========================================
✗ 翻译失败，跳过此行
✓ 已保存到文件: 456/4500 条

[457/4500] 翻译进度: 10.2%
藏语原文: ལྔ་བརྒྱ་དུས་ཀྱི་ཐ་མར་གྱུར་ཙ་ན།

开始翻译流程 (尝试 1/2):
========================================
步骤1: 输入藏语文本...
输入文本时出错: Message: tab crashed
  (Session info: chrome=143.0.7499.169)

✗ 输入文本失败

开始翻译流程 (尝试 2/2):
========================================
步骤1: 输入藏语文本...
输入文本时出错: Message: tab crashed
  (Session info: chrome=143.0.7499.169)

✗ 输入文本失败
========================================
✗ 翻译失败，跳过此行
✓ 已保存到文件: 457/4500 条

[458/4500] 翻译进度: 10.2%
藏语原文: དེ་ནས་ཞག་གསུམ་ཁྲག་དུས་ཁྲག་ལ་བབས།

开始翻译流程 (尝试 1/2):
========================================
步骤1: 输入藏语文本...
输入文本时出错: Message: tab crashed
  (Session info: chrome=143.0.7499.169)

✗ 输入文本失败

开始翻译流程 (尝试 2/2):
========================================
步骤1: 输入藏语文本...
输入文本时出错: Message: tab crashed
  (Session info: chrome=143.0.7499.169)

✗ 输入文本失败
========================================
✗ 翻译失败，跳过此行
✓ 已保存到文件: 458/4500 条

[459/4500] 翻译进度: 10.2%
藏语原文: གཉིད་ལོག་དུས་ན་ཟ་ཟི་བླ་འཆོལ་འབྱུང་།

开始翻译流程 (尝试 1/2):
========================================
步骤1: 输入藏语文本...
输入文本时出错: Message: tab crashed
  (Session info: chrome=143.0.7499.169)

✗ 输入文本失败

开始翻译流程 (尝试 2/2):
========================================
步骤1: 输入藏语文本...
输入文本时出错: Message: tab crashed
  (Session info: chrome=143.0.7499.169)

✗ 输入文本失败
========================================
✗ 翻译失败，跳过此行
✓ 已保存到文件: 459/4500 条

[460/4500] 翻译进度: 10.2%
藏语原文: ཉིན་གཅིག་མི་གཏར་བཞི་བོ་རང་རང་རྩ།

开始翻译流程 (尝试 1/2):
========================================
步骤1: 输入藏语文本...
输入文本时出错: Message: tab crashed
  (Session info: chrome=143.0.7499.169)

✗ 输入文本失败

开始翻译流程 (尝试 2/2):
========================================
步骤1: 输入藏语文本...
输入文本时出错: Message: tab crashed
  (Session info: chrome=143.0.7499.169)

✗ 输入文本失败
========================================
✗ 翻译失败，跳过此行
✓ 已保存到文件: 460/4500 条

[461/4500] 翻译进度: 10.2%
藏语原文: ཆམ་རིམས་སྨྱུང་བར་འདུག་ལ་ཆུ་སྐོལ་བཏུང་།

开始翻译流程 (尝试 1/2):
========================================
步骤1: 输入藏语文本...
输入文本时出错: Message: tab crashed
  (Session info: chrome=143.0.7499.169)

✗ 输入文本失败

开始翻译流程 (尝试 2/2):
========================================
步骤1: 输入藏语文本...
输入文本时出错: Message: tab crashed
  (Session info: chrome=143.0.7499.169)

✗ 输入文本失败
========================================
✗ 翻译失败，跳过此行
✓ 已保存到文件: 461/4500 条

[462/4500] 翻译进度: 10.3%
藏语原文: བརྩོན་པས་རང་རང་གཞུང་བཞིན་བཅོས་པར་བྱ།

开始翻译流程 (尝试 1/2):
========================================
步骤1: 输入藏语文本...
输入文本时出错: Message: tab crashed
  (Session info: chrome=143.0.7499.169)

✗ 输入文本失败

开始翻译流程 (尝试 2/2):
========================================
步骤1: 输入藏语文本...
输入文本时出错: Message: tab crashed
  (Session info: chrome=143.0.7499.169)

✗ 输入文本失败
========================================
✗ 翻译失败，跳过此行
✓ 已保存到文件: 462/4500 条

[463/4500] 翻译进度: 10.3%
藏语原文: རས་ཀྱིས་གཏུམས་ཏེ་ཉི་མ་ཕྱེད་ཙམ་དུ་གན་རྐྱལ་དུ་འདུག་པ...

开始翻译流程 (尝试 1/2):
========================================
步骤1: 输入藏语文本...
输入文本时出错: Message: tab crashed
  (Session info: chrome=143.0.7499.169)

✗ 输入文本失败

开始翻译流程 (尝试 2/2):
========================================
步骤1: 输入藏语文本...
输入文本时出错: Message: tab crashed
  (Session info: chrome=143.0.7499.169)

✗ 输入文本失败
========================================
✗ 翻译失败，跳过此行
✓ 已保存到文件: 463/4500 条

[464/4500] 翻译进度: 10.3%
藏语原文: དེ་ཡང་སྤྱོད་ལམ་མེ་དང་ཉི་མར་འདུག་པ་དང་དྲག་ཤུལ་གྱི་ལ...

开始翻译流程 (尝试 1/2):
========================================
步骤1: 输入藏语文本...
输入文本时出错: Message: tab crashed
  (Session info: chrome=143.0.7499.169)

✗ 输入文本失败

开始翻译流程 (尝试 2/2):
========================================
步骤1: 输入藏语文本...
输入文本时出错: Message: tab crashed
  (Session info: chrome=143.0.7499.169)

✗ 输入文本失败
========================================
✗ 翻译失败，跳过此行
✓ 已保存到文件: 464/4500 条

[465/4500] 翻译进度: 10.3%
藏语原文: ཚ་གྲང་རང་རང་སྐབས་ཐོབ་ལྟག་པ་སྤྲད།

开始翻译流程 (尝试 1/2):
========================================
步骤1: 输入藏语文本...
输入文本时出错: Message: tab crashed
  (Session info: chrome=143.0.7499.169)

✗ 输入文本失败

开始翻译流程 (尝试 2/2):
========================================
步骤1: 输入藏语文本...
输入文本时出错: Message: tab crashed
  (Session info: chrome=143.0.7499.169)

✗ 输入文本失败
========================================
✗ 翻译失败，跳过此行
✓ 已保存到文件: 465/4500 条

[466/4500] 翻译进度: 10.4%
藏语原文: ཉལ་འདུག་མི་ཤེས་ལུས་རྡུལ་མཆིན་རྩ་འབུར།

开始翻译流程 (尝试 1/2):
========================================
步骤1: 输入藏语文本...
输入文本时出错: Message: tab crashed
  (Session info: chrome=143.0.7499.169)

✗ 输入文本失败

开始翻译流程 (尝试 2/2):
========================================
步骤1: 输入藏语文本...
输入文本时出错: Message: tab crashed
  (Session info: chrome=143.0.7499.169)

✗ 输入文本失败
========================================
✗ 翻译失败，跳过此行
✓ 已保存到文件: 466/4500 条

[467/4500] 翻译进度: 10.4%
藏语原文: སོ་ལ་དྲེག་པ་ཆགས་ཤིང་ཉལ་འདུག་མི་ཤེས་པ་དང་ལུས་ལ་རྔུལ...

开始翻译流程 (尝试 1/2):
========================================
步骤1: 输入藏语文本...
输入文本时出错: Message: tab crashed
  (Session info: chrome=143.0.7499.169)

✗ 输入文本失败

开始翻译流程 (尝试 2/2):
========================================
步骤1: 输入藏语文本...
输入文本时出错: Message: tab crashed
  (Session info: chrome=143.0.7499.169)

✗ 输入文本失败
========================================
✗ 翻译失败，跳过此行
✓ 已保存到文件: 467/4500 条

[468/4500] 翻译进度: 10.4%
藏语原文: འབའ་ཆ་སྒོག་སྐྱ་བྱ་བྲུན་སྤུ་བས་འདུག།

开始翻译流程 (尝试 1/2):
========================================
步骤1: 输入藏语文本...
输入文本时出错: Message: tab crashed
  (Session info: chrome=143.0.7499.169)

✗ 输入文本失败

开始翻译流程 (尝试 2/2):
========================================
步骤1: 输入藏语文本...
输入文本时出错: Message: tab crashed
  (Session info: chrome=143.0.7499.169)

✗ 输入文本失败
========================================
✗ 翻译失败，跳过此行
✓ 已保存到文件: 468/4500 条

[469/4500] 翻译进度: 10.4%
藏语原文: རང་རང་སྐབས་ཐོབ་བརྩིས་པ་རིགས་པས་དཔྱད།

开始翻译流程 (尝试 1/2):
========================================
步骤1: 输入藏语文本...
输入文本时出错: Message: tab crashed
  (Session info: chrome=143.0.7499.169)

✗ 输入文本失败

开始翻译流程 (尝试 2/2):
========================================
步骤1: 输入藏语文本...
输入文本时出错: Message: tab crashed
  (Session info: chrome=143.0.7499.169)

✗ 输入文本失败
========================================
✗ 翻译失败，跳过此行
✓ 已保存到文件: 469/4500 条

[470/4500] 翻译进度: 10.4%
藏语原文: ཁྱེད་རང་རྣམས་ཀྱིས་གཉའ་བར་ཁྲི་ལ་བཏེགས་ཅེས་དང་།

开始翻译流程 (尝试 1/2):
========================================
步骤1: 输入藏语文本...
输入文本时出错: Message: tab crashed
  (Session info: chrome=143.0.7499.169)

✗ 输入文本失败

开始翻译流程 (尝试 2/2):
========================================
步骤1: 输入藏语文本...
输入文本时出错: Message: tab crashed
  (Session info: chrome=143.0.7499.169)

✗ 输入文本失败
========================================
✗ 翻译失败，跳过此行
✓ 已保存到文件: 470/4500 条

[471/4500] 翻译进度: 10.5%
藏语原文: པ་གོར་བེ་རོ་ཙ་ན།

开始翻译流程 (尝试 1/2):
========================================
步骤1: 输入藏语文本...
输入文本时出错: Message: tab crashed
  (Session info: chrome=143.0.7499.169)

✗ 输入文本失败

开始翻译流程 (尝试 2/2):
========================================
步骤1: 输入藏语文本...
输入文本时出错: Message: tab crashed
  (Session info: chrome=143.0.7499.169)

✗ 输入文本失败
========================================
✗ 翻译失败，跳过此行
✓ 已保存到文件: 471/4500 条

[472/4500] 翻译进度: 10.5%
藏语原文: མ་ཎི་བསྐོར་བ་བཅས་རྨང་གཞིར་བྱས་པའི་སྟངས་སྟབས་གསར་རྩ...

开始翻译流程 (尝试 1/2):
========================================
步骤1: 输入藏语文本...
输入文本时出错: Message: tab crashed
  (Session info: chrome=143.0.7499.169)

✗ 输入文本失败

开始翻译流程 (尝试 2/2):
========================================
步骤1: 输入藏语文本...
输入文本时出错: Message: tab crashed
  (Session info: chrome=143.0.7499.169)

✗ 输入文本失败
========================================
✗ 翻译失败，跳过此行
✓ 已保存到文件: 472/4500 条

[473/4500] 翻译进度: 10.5%
藏语原文: ཞུས་པ་དང་ཁྱད་པར་མི་འདུག་ཅེས་གླེང་མཁན་མང་།

开始翻译流程 (尝试 1/2):
========================================
步骤1: 输入藏语文本...
输入文本时出错: Message: tab crashed
  (Session info: chrome=143.0.7499.169)

✗ 输入文本失败

开始翻译流程 (尝试 2/2):
========================================
步骤1: 输入藏语文本...
输入文本时出错: Message: tab crashed
  (Session info: chrome=143.0.7499.169)

✗ 输入文本失败
========================================
✗ 翻译失败，跳过此行
✓ 已保存到文件: 473/4500 条

[474/4500] 翻译进度: 10.5%
藏语原文: ལོ་ཆེན་བེ་རོ་ཙ་ནའི་གཟིམ་ཕུག་མཁའ་འགྲོ་ཡེ་ཤེས་མཚོ་རྒ...

开始翻译流程 (尝试 1/2):
========================================
步骤1: 输入藏语文本...
输入文本时出错: Message: tab crashed
  (Session info: chrome=143.0.7499.169)

✗ 输入文本失败

开始翻译流程 (尝试 2/2):
========================================
步骤1: 输入藏语文本...
输入文本时出错: Message: tab crashed
  (Session info: chrome=143.0.7499.169)

✗ 输入文本失败
========================================
✗ 翻译失败，跳过此行
✓ 已保存到文件: 474/4500 条

[475/4500] 翻译进度: 10.6%
藏语原文: དུས་དེ་ནས་བཟུང་ལོ་ལྟར་བོད་ཟླ་ལྔ་པའི་ཚེས་གཅིག་ནས་བཟ...

开始翻译流程 (尝试 1/2):
========================================
步骤1: 输入藏语文本...
输入文本时出错: Message: tab crashed
  (Session info: chrome=143.0.7499.169)

✗ 输入文本失败

开始翻译流程 (尝试 2/2):
========================================
步骤1: 输入藏语文本...
输入文本时出错: Message: tab crashed
  (Session info: chrome=143.0.7499.169)

✗ 输入文本失败
========================================
✗ 翻译失败，跳过此行
✓ 已保存到文件: 475/4500 条

[476/4500] 翻译进度: 10.6%
藏语原文: པད་མ་གླིང་པའི་སྐུ་སྐྱེ་ཀུན་བཟང་རང་གྲོལ་བར་སྐུ་ཐོག་...

开始翻译流程 (尝试 1/2):
========================================
步骤1: 输入藏语文本...
输入文本时出错: Message: tab crashed
  (Session info: chrome=143.0.7499.169)

✗ 输入文本失败

开始翻译流程 (尝试 2/2):
========================================
步骤1: 输入藏语文本...
输入文本时出错: Message: tab crashed
  (Session info: chrome=143.0.7499.169)

✗ 输入文本失败
========================================
✗ 翻译失败，跳过此行
✓ 已保存到文件: 476/4500 条

[477/4500] 翻译进度: 10.6%
藏语原文: སྐྲག་ངང་གང་སར་བཙལ་ཡང་མ་རྙེད་པས་བཤུམ་བཞིན་དུ་ཁྱིམ་ལ...

开始翻译流程 (尝试 1/2):
========================================
步骤1: 输入藏语文本...
输入文本时出错: Message: tab crashed
  (Session info: chrome=143.0.7499.169)

✗ 输入文本失败

开始翻译流程 (尝试 2/2):
========================================
步骤1: 输入藏语文本...
输入文本时出错: Message: tab crashed
  (Session info: chrome=143.0.7499.169)

✗ 输入文本失败
========================================
✗ 翻译失败，跳过此行
✓ 已保存到文件: 477/4500 条

[478/4500] 翻译进度: 10.6%
藏语原文: དགོང་དྲོ་ཤར་ངོས་སུ་ལོག་དུས་ཀྱང་ལྟག་ཁུང་ལ་ཉི་མ་ཤར་ག...

开始翻译流程 (尝试 1/2):
========================================
步骤1: 输入藏语文本...
输入文本时出错: Message: tab crashed
  (Session info: chrome=143.0.7499.169)

✗ 输入文本失败

开始翻译流程 (尝试 2/2):
========================================
步骤1: 输入藏语文本...
输入文本时出错: Message: tab crashed
  (Session info: chrome=143.0.7499.169)

✗ 输入文本失败
========================================
✗ 翻译失败，跳过此行
✓ 已保存到文件: 478/4500 条

[479/4500] 翻译进度: 10.6%
藏语原文: དུས་བླ་བྲང་དར་ཆེན་གཉའ་ནས་ཡར་གདན་འདྲེན་ཞུ་འགྲོ་འདུག...

开始翻译流程 (尝试 1/2):
========================================
步骤1: 输入藏语文本...
输入文本时出错: Message: tab crashed
  (Session info: chrome=143.0.7499.169)

✗ 输入文本失败

开始翻译流程 (尝试 2/2):
========================================
步骤1: 输入藏语文本...
输入文本时出错: Message: tab crashed
  (Session info: chrome=143.0.7499.169)

✗ 输入文本失败
========================================
✗ 翻译失败，跳过此行
✓ 已保存到文件: 479/4500 条

[480/4500] 翻译进度: 10.7%
藏语原文: གཅིག་བལྟས་དུས་དངོས་གནས་གདན་འདྲེན་ཞུ་འགྲོ་འདུག་

开始翻译流程 (尝试 1/2):
========================================
步骤1: 输入藏语文本...
输入文本时出错: Message: tab crashed
  (Session info: chrome=143.0.7499.169)

✗ 输入文本失败

开始翻译流程 (尝试 2/2):
========================================
步骤1: 输入藏语文本...
输入文本时出错: Message: tab crashed
  (Session info: chrome=143.0.7499.169)

✗ 输入文本失败
========================================
✗ 翻译失败，跳过此行
✓ 已保存到文件: 480/4500 条

[481/4500] 翻译进度: 10.7%
藏语原文: ཁོང་གཉིས་ཕྱི་དྲོ་ཉི་མ་ནུབ་ཁ་ཙམ་ལས་ཡར་སླེབས་མི་འདུག...

开始翻译流程 (尝试 1/2):
========================================
步骤1: 输入藏语文本...
输入文本时出错: Message: tab crashed
  (Session info: chrome=143.0.7499.169)

✗ 输入文本失败

开始翻译流程 (尝试 2/2):
========================================
步骤1: 输入藏语文本...
输入文本时出错: Message: tab crashed
  (Session info: chrome=143.0.7499.169)

✗ 输入文本失败
========================================
✗ 翻译失败，跳过此行
✓ 已保存到文件: 481/4500 条

[482/4500] 翻译进度: 10.7%
藏语原文: དེར་སྒྲོམ་གཅིག་ལ་ཁྲོ་ཆུས་རྒྱས་བཏབ་པ་ཞིག་འདུག་པ་བཏེ...

开始翻译流程 (尝试 1/2):
========================================
步骤1: 输入藏语文本...
输入文本时出错: Message: tab crashed
  (Session info: chrome=143.0.7499.169)

✗ 输入文本失败

开始翻译流程 (尝试 2/2):
========================================
步骤1: 输入藏语文本...
输入文本时出错: Message: tab crashed
  (Session info: chrome=143.0.7499.169)

✗ 输入文本失败
========================================
✗ 翻译失败，跳过此行
✓ 已保存到文件: 482/4500 条

[483/4500] 翻译进度: 10.7%
藏语原文: ཁ་ཕྱེ་བས་ཐམས་ཅད་བོན་དུ་འདུག་གོ།

开始翻译流程 (尝试 1/2):
========================================
步骤1: 输入藏语文本...
输入文本时出错: Message: tab crashed
  (Session info: chrome=143.0.7499.169)

✗ 输入文本失败

开始翻译流程 (尝试 2/2):
========================================
步骤1: 输入藏语文本...
输入文本时出错: Message: tab crashed
  (Session info: chrome=143.0.7499.169)

✗ 输入文本失败
========================================
✗ 翻译失败，跳过此行
✓ 已保存到文件: 483/4500 条

[484/4500] 翻译进度: 10.8%
藏语原文: འདིར་ཡི་གེ་མ་དག་པ་མང་པོ་འདུག་པ་རང་སོར་བཞག་ཡོད།

开始翻译流程 (尝试 1/2):
========================================
步骤1: 输入藏语文本...
输入文本时出错: Message: tab crashed
  (Session info: chrome=143.0.7499.169)

✗ 输入文本失败

开始翻译流程 (尝试 2/2):
========================================
步骤1: 输入藏语文本...
输入文本时出错: Message: tab crashed
  (Session info: chrome=143.0.7499.169)

✗ 输入文本失败
========================================
✗ 翻译失败，跳过此行
✓ 已保存到文件: 484/4500 条

[485/4500] 翻译进度: 10.8%
藏语原文: དང་པོ་དམུ་བོན་དྲན་པ་ནམ་མཁའ་དུས་རབས་བརྒྱད་པ་དང་བ་གོ...

开始翻译流程 (尝试 1/2):
========================================
步骤1: 输入藏语文本...
输入文本时出错: Message: tab crashed
  (Session info: chrome=143.0.7499.169)

✗ 输入文本失败

开始翻译流程 (尝试 2/2):
========================================
步骤1: 输入藏语文本...
输入文本时出错: Message: tab crashed
  (Session info: chrome=143.0.7499.169)

✗ 输入文本失败
========================================
✗ 翻译失败，跳过此行
✓ 已保存到文件: 485/4500 条

[486/4500] 翻译进度: 10.8%
藏语原文: གདུལ་བྱ་རང་རང་སྣང་ངོ་རུ།

开始翻译流程 (尝试 1/2):
========================================
步骤1: 输入藏语文本...
输入文本时出错: Message: tab crashed
  (Session info: chrome=143.0.7499.169)

✗ 输入文本失败

开始翻译流程 (尝试 2/2):
========================================
步骤1: 输入藏语文本...
输入文本时出错: Message: tab crashed
  (Session info: chrome=143.0.7499.169)

✗ 输入文本失败
========================================
✗ 翻译失败，跳过此行
✓ 已保存到文件: 486/4500 条

[487/4500] 翻译进度: 10.8%
藏语原文: ཀུན་མཁྱེན་བསོད་གྲཌ་ཀྱིས་མཆོག་གསུམ་སྐྱབས་གནས་སུ་ཁས་...

开始翻译流程 (尝试 1/2):
========================================
步骤1: 输入藏语文本...
输入文本时出错: Message: tab crashed
  (Session info: chrome=143.0.7499.169)

✗ 输入文本失败

开始翻译流程 (尝试 2/2):
========================================
步骤1: 输入藏语文本...
输入文本时出错: Message: tab crashed
  (Session info: chrome=143.0.7499.169)

✗ 输入文本失败
========================================
✗ 翻译失败，跳过此行
✓ 已保存到文件: 487/4500 条

[488/4500] 翻译进度: 10.8%
藏语原文: ཁོ་རང་ལན་པའི་རྐྱེན་དེ་ངེས་པ་བཞིན།

开始翻译流程 (尝试 1/2):
========================================
步骤1: 输入藏语文本...
输入文本时出错: Message: tab crashed
  (Session info: chrome=143.0.7499.169)

✗ 输入文本失败

开始翻译流程 (尝试 2/2):
========================================
步骤1: 输入藏语文本...
输入文本时出错: Message: tab crashed
  (Session info: chrome=143.0.7499.169)

✗ 输入文本失败
========================================
✗ 翻译失败，跳过此行
✓ 已保存到文件: 488/4500 条

[489/4500] 翻译进度: 10.9%
藏语原文: དུས་རབས་ག་དུས་བྱུང་མིན་ལ་གསལ་པོ་ཞུ་སྤོབས་མེད་པར་དོ...

开始翻译流程 (尝试 1/2):
========================================
步骤1: 输入藏语文本...
输入文本时出错: Message: tab crashed
  (Session info: chrome=143.0.7499.169)

✗ 输入文本失败

开始翻译流程 (尝试 2/2):
========================================
步骤1: 输入藏语文本...
输入文本时出错: Message: tab crashed
  (Session info: chrome=143.0.7499.169)

✗ 输入文本失败
========================================
✗ 翻译失败，跳过此行
✓ 已保存到文件: 489/4500 条

[490/4500] 翻译进度: 10.9%
藏语原文: ཨ་ཧྥ་གྷ་ནི་སི་ཐན་ཀ་ཤི་མིར་གཙོས་ས་ཕྱོགས་འགའ་ཨུ་རུ་ས...

开始翻译流程 (尝试 1/2):
========================================
步骤1: 输入藏语文本...
输入文本时出错: Message: tab crashed
  (Session info: chrome=143.0.7499.169)

✗ 输入文本失败

开始翻译流程 (尝试 2/2):
========================================
步骤1: 输入藏语文本...
输入文本时出错: Message: tab crashed
  (Session info: chrome=143.0.7499.169)

✗ 输入文本失败
========================================
✗ 翻译失败，跳过此行
✓ 已保存到文件: 490/4500 条

[491/4500] 翻译进度: 10.9%
藏语原文: ཕུགས་བར་གཉིས་ལ་ཁྱབ་མི་ཐུབ་པའི་གོ་སྟབས་ཤིག་འདུག་པས་...

开始翻译流程 (尝试 1/2):
========================================
步骤1: 输入藏语文本...
输入文本时出错: Message: tab crashed
  (Session info: chrome=143.0.7499.169)

✗ 输入文本失败

开始翻译流程 (尝试 2/2):
========================================
步骤1: 输入藏语文本...
输入文本时出错: Message: tab crashed
  (Session info: chrome=143.0.7499.169)

✗ 输入文本失败
========================================
✗ 翻译失败，跳过此行
✓ 已保存到文件: 491/4500 条

[492/4500] 翻译进度: 10.9%
藏语原文: སཾ་སྐྲྀ་ཏ་ལྷ་སྐད་ལས་གྲོལ་ཞེས་སྐད་ཆེན་བཅུ་གཉིས་ཀྱི་...

开始翻译流程 (尝试 1/2):
========================================
步骤1: 输入藏语文本...
输入文本时出错: Message: tab crashed
  (Session info: chrome=143.0.7499.169)

✗ 输入文本失败

开始翻译流程 (尝试 2/2):
========================================
步骤1: 输入藏语文本...
输入文本时出错: Message: tab crashed
  (Session info: chrome=143.0.7499.169)

✗ 输入文本失败
========================================
✗ 翻译失败，跳过此行
✓ 已保存到文件: 492/4500 条

[493/4500] 翻译进度: 11.0%
藏语原文: ཐ་ཀ་ལི་ཟེར་བ་ཚོས་ཞང་སྐད་ལབ་ཀྱི་འདུག་ཅེས་བོན་སྒོ་ཨང...

开始翻译流程 (尝试 1/2):
========================================
步骤1: 输入藏语文本...
输入文本时出错: Message: tab crashed
  (Session info: chrome=143.0.7499.169)

✗ 输入文本失败

开始翻译流程 (尝试 2/2):
========================================
步骤1: 输入藏语文本...
输入文本时出错: Message: tab crashed
  (Session info: chrome=143.0.7499.169)

✗ 输入文本失败
========================================
✗ 翻译失败，跳过此行
✓ 已保存到文件: 493/4500 条

[494/4500] 翻译进度: 11.0%
藏语原文: གར་ལ་ཤོན་སོགས་ཞང་སྐད་དང་མཐུན་པའི་ཡུལ་སྐད་མང་པོ་ཡོད...

开始翻译流程 (尝试 1/2):
========================================
步骤1: 输入藏语文本...
输入文本时出错: Message: tab crashed
  (Session info: chrome=143.0.7499.169)

✗ 输入文本失败

开始翻译流程 (尝试 2/2):
========================================
步骤1: 输入藏语文本...
输入文本时出错: Message: tab crashed
  (Session info: chrome=143.0.7499.169)

✗ 输入文本失败
========================================
✗ 翻译失败，跳过此行
✓ 已保存到文件: 494/4500 条

[495/4500] 翻译进度: 11.0%
藏语原文: ཁྲི་ཝེར་ར་ཙ་ནི་སེམས་ཀྱི་རྒྱལ་པོ།

开始翻译流程 (尝试 1/2):
========================================
步骤1: 输入藏语文本...
输入文本时出错: Message: tab crashed
  (Session info: chrome=143.0.7499.169)

✗ 输入文本失败

开始翻译流程 (尝试 2/2):
========================================
步骤1: 输入藏语文本...
输入文本时出错: Message: tab crashed
  (Session info: chrome=143.0.7499.169)

✗ 输入文本失败
========================================
✗ 翻译失败，跳过此行
✓ 已保存到文件: 495/4500 条

[496/4500] 翻译进度: 11.0%
藏语原文: བོད་སྐད་དུ་གཙོ་བོ་ལྟ་བུར་གོདེ་བཞིན་ཇོ་ཇོ་དང་ཨ་ཇོ་ལ...

开始翻译流程 (尝试 1/2):
========================================
步骤1: 输入藏语文本...
输入文本时出错: Message: tab crashed
  (Session info: chrome=143.0.7499.169)

✗ 输入文本失败

开始翻译流程 (尝试 2/2):
========================================
步骤1: 输入藏语文本...
输入文本时出错: Message: tab crashed
  (Session info: chrome=143.0.7499.169)

✗ 输入文本失败
========================================
✗ 翻译失败，跳过此行
✓ 已保存到文件: 496/4500 条

[497/4500] 翻译进度: 11.0%
藏语原文: ཁྲི་ཝེར་ར་ཙ་ནི་སེམས་ཀྱི་རྒྱལ་པོ།

开始翻译流程 (尝试 1/2):
========================================
步骤1: 输入藏语文本...
输入文本时出错: Message: tab crashed
  (Session info: chrome=143.0.7499.169)

✗ 输入文本失败

开始翻译流程 (尝试 2/2):
========================================
步骤1: 输入藏语文本...
输入文本时出错: Message: tab crashed
  (Session info: chrome=143.0.7499.169)

✗ 输入文本失败
========================================
✗ 翻译失败，跳过此行
✓ 已保存到文件: 497/4500 条

[498/4500] 翻译进度: 11.1%
藏语原文: བོད་སྐད་དུ་གཙོ་བོ་ལྟ་བུར་གོདེ་བཞིན་ཇོ་ཇོ་དང་ཨ་ཇོ་ལ...

开始翻译流程 (尝试 1/2):
========================================
步骤1: 输入藏语文本...
输入文本时出错: Message: tab crashed
  (Session info: chrome=143.0.7499.169)

✗ 输入文本失败

开始翻译流程 (尝试 2/2):
========================================
步骤1: 输入藏语文本...
输入文本时出错: Message: tab crashed
  (Session info: chrome=143.0.7499.169)

✗ 输入文本失败
========================================
✗ 翻译失败，跳过此行
✓ 已保存到文件: 498/4500 条

[499/4500] 翻译进度: 11.1%
藏语原文: ཁྲི་དར་མ་བཀྲོངས་པ་ནི་ལྷ་ལུང་དཔལ་རྡོར་གྱི་གཟི་བརྗིད...

开始翻译流程 (尝试 1/2):
========================================
步骤1: 输入藏语文本...
输入文本时出错: Message: tab crashed
  (Session info: chrome=143.0.7499.169)

✗ 输入文本失败

开始翻译流程 (尝试 2/2):
========================================
步骤1: 输入藏语文本...
输入文本时出错: Message: tab crashed
  (Session info: chrome=143.0.7499.169)

✗ 输入文本失败
========================================
✗ 翻译失败，跳过此行
✓ 已保存到文件: 499/4500 条

[500/4500] 翻译进度: 11.1%
藏语原文: ད་ནི་འདམ་སྐུ་བཞིན་གྲག་མེད་འགུལ་མེད་དུ་འདུག་པ་ལས་ཐབ...

开始翻译流程 (尝试 1/2):
========================================
步骤1: 输入藏语文本...
输入文本时出错: Message: tab crashed
  (Session info: chrome=143.0.7499.169)

✗ 输入文本失败

开始翻译流程 (尝试 2/2):
========================================
步骤1: 输入藏语文本...
输入文本时出错: Message: tab crashed
  (Session info: chrome=143.0.7499.169)

✗ 输入文本失败
========================================
✗ 翻译失败，跳过此行
✓ 已保存到文件: 500/4500 条

[501/4500] 翻译进度: 11.1%
藏语原文: རྣམ་དཔྱོད་ཀྱིས་ཕུང་བའི་ཡིད་ཆེས་ཁོ་ནའི་སྐྱབས་འོག་ཏུ...

开始翻译流程 (尝试 1/2):
========================================
步骤1: 输入藏语文本...
输入文本时出错: Message: tab crashed
  (Session info: chrome=143.0.7499.169)

✗ 输入文本失败

开始翻译流程 (尝试 2/2):
========================================
步骤1: 输入藏语文本...
输入文本时出错: Message: tab crashed
  (Session info: chrome=143.0.7499.169)

✗ 输入文本失败
========================================
✗ 翻译失败，跳过此行
✓ 已保存到文件: 501/4500 条

[502/4500] 翻译进度: 11.2%
藏语原文: ལྷག་དོན་མཁས་གྲུབ་གོང་མ་རྣམས་ཀྱི་དགོངས་པ་ནང་འགལ་མེད...

开始翻译流程 (尝试 1/2):
========================================
步骤1: 输入藏语文本...
输入文本时出错: Message: tab crashed
  (Session info: chrome=143.0.7499.169)

✗ 输入文本失败

开始翻译流程 (尝试 2/2):
========================================
步骤1: 输入藏语文本...
输入文本时出错: Message: tab crashed
  (Session info: chrome=143.0.7499.169)

✗ 输入文本失败
========================================
✗ 翻译失败，跳过此行
✓ 已保存到文件: 502/4500 条

[503/4500] 翻译进度: 11.2%
藏语原文: འདིའི་བར་ལ་ཚིག་བཅད་བཅོ་ལྔ་ཙམ་འདུག་པ་ཡིག་ཚོགས་མང་ཕྱ...

开始翻译流程 (尝试 1/2):
========================================
步骤1: 输入藏语文本...
输入文本时出错: Message: tab crashed
  (Session info: chrome=143.0.7499.169)

✗ 输入文本失败

开始翻译流程 (尝试 2/2):
========================================
步骤1: 输入藏语文本...
输入文本时出错: Message: tab crashed
  (Session info: chrome=143.0.7499.169)

✗ 输入文本失败
========================================
✗ 翻译失败，跳过此行
✓ 已保存到文件: 503/4500 条

[504/4500] 翻译进度: 11.2%
藏语原文: དེ་གཉིས་གང་ཟག་གཅིག་ཡིན་པ་གསལ་པོར་གསུངས་འདུག་པས་སོ།

开始翻译流程 (尝试 1/2):
========================================
步骤1: 输入藏语文本...
输入文本时出错: Message: tab crashed
  (Session info: chrome=143.0.7499.169)

✗ 输入文本失败

开始翻译流程 (尝试 2/2):
========================================
步骤1: 输入藏语文本...
输入文本时出错: Message: tab crashed
  (Session info: chrome=143.0.7499.169)

✗ 输入文本失败
========================================
✗ 翻译失败，跳过此行
✓ 已保存到文件: 504/4500 条

[505/4500] 翻译进度: 11.2%
藏语原文: གཞན་ཡང་སྒྲུབ་བྱེད་དེ་ལྟ་བུའི་ལུང་རིགས་མང་པོ་འདུག་ཀ...

开始翻译流程 (尝试 1/2):
========================================
步骤1: 输入藏语文本...
输入文本时出错: Message: tab crashed
  (Session info: chrome=143.0.7499.169)

✗ 输入文本失败

开始翻译流程 (尝试 2/2):
========================================
步骤1: 输入藏语文本...
输入文本时出错: Message: tab crashed
  (Session info: chrome=143.0.7499.169)

✗ 输入文本失败
========================================
✗ 翻译失败，跳过此行
✓ 已保存到文件: 505/4500 条

[506/4500] 翻译进度: 11.2%
藏语原文: ཞེས་གང་ཟག་ཐ་དད་ཚུལ་དུ་གོ་རིམ་གསལ་པོར་བྱུང་འདུག་པས་...

开始翻译流程 (尝试 1/2):
========================================
步骤1: 输入藏语文本...
输入文本时出错: Message: tab crashed
  (Session info: chrome=143.0.7499.169)

✗ 输入文本失败

开始翻译流程 (尝试 2/2):
========================================
步骤1: 输入藏语文本...
输入文本时出错: Message: tab crashed
  (Session info: chrome=143.0.7499.169)

✗ 输入文本失败
========================================
✗ 翻译失败，跳过此行
✓ 已保存到文件: 506/4500 条

[507/4500] 翻译进度: 11.3%
藏语原文: ཡུམ་གདའ་ཟ་མཁའ་ཁྱབ་གཉིས་ཀྱི་སྲས་དམུ་གཤེན་དྲན་པ་དང་།

开始翻译流程 (尝试 1/2):
========================================
步骤1: 输入藏语文本...
输入文本时出错: Message: tab crashed
  (Session info: chrome=143.0.7499.169)

✗ 输入文本失败

开始翻译流程 (尝试 2/2):
========================================
步骤1: 输入藏语文本...
输入文本时出错: Message: tab crashed
  (Session info: chrome=143.0.7499.169)

✗ 输入文本失败
========================================
✗ 翻译失败，跳过此行
✓ 已保存到文件: 507/4500 条

[508/4500] 翻译进度: 11.3%
藏语原文: ད་འོ་ན་ཁྱེད་རང་ལ་ཡང་འདྲི་བར་བྱ་སྟེ།

开始翻译流程 (尝试 1/2):
========================================
步骤1: 输入藏语文本...
输入文本时出错: Message: tab crashed
  (Session info: chrome=143.0.7499.169)

✗ 输入文本失败

开始翻译流程 (尝试 2/2):
========================================
步骤1: 输入藏语文本...
输入文本时出错: Message: tab crashed
  (Session info: chrome=143.0.7499.169)

✗ 输入文本失败
========================================
✗ 翻译失败，跳过此行
✓ 已保存到文件: 508/4500 条

[509/4500] 翻译进度: 11.3%
藏语原文: དེ་དུས་བྷི་རོ་ཙ་ན་དང་པདྨ་འབྱུང་གནས་གཉིས་ཀྱིས།

开始翻译流程 (尝试 1/2):
========================================
步骤1: 输入藏语文本...
输入文本时出错: Message: tab crashed
  (Session info: chrome=143.0.7499.169)

✗ 输入文本失败

开始翻译流程 (尝试 2/2):
========================================
步骤1: 输入藏语文本...
输入文本时出错: Message: tab crashed
  (Session info: chrome=143.0.7499.169)

✗ 输入文本失败
========================================
✗ 翻译失败，跳过此行
✓ 已保存到文件: 509/4500 条

[510/4500] 翻译进度: 11.3%
藏语原文: བོན་གཞུང་དུ་ཞང་ཞུང་རྒྱལ་པོའི་མཚན་ལ་ལིག་མི་རྐྱ་དང་ལ...

开始翻译流程 (尝试 1/2):
========================================
步骤1: 输入藏语文本...
输入文本时出错: Message: tab crashed
  (Session info: chrome=143.0.7499.169)

✗ 输入文本失败

开始翻译流程 (尝试 2/2):
========================================
步骤1: 输入藏语文本...
输入文本时出错: Message: tab crashed
  (Session info: chrome=143.0.7499.169)

✗ 输入文本失败
========================================
✗ 翻译失败，跳过此行
✓ 已保存到文件: 510/4500 条

[511/4500] 翻译进度: 11.4%
藏语原文: དར་མ་དིར་སྟོད་སྨད་སྤྱི་སྐད་སོགས་གསུངས་པ་ལྟར་སྐད་དེ...

开始翻译流程 (尝试 1/2):
========================================
步骤1: 输入藏语文本...
输入文本时出错: Message: tab crashed
  (Session info: chrome=143.0.7499.169)

✗ 输入文本失败

开始翻译流程 (尝试 2/2):
========================================
步骤1: 输入藏语文本...
输入文本时出错: Message: tab crashed
  (Session info: chrome=143.0.7499.169)

✗ 输入文本失败
========================================
✗ 翻译失败，跳过此行
✓ 已保存到文件: 511/4500 条

[512/4500] 翻译进度: 11.4%
藏语原文: གཅིག་མཚུངས་སུ་གྱུར་འདུག་སྙམ།

开始翻译流程 (尝试 1/2):
========================================
步骤1: 输入藏语文本...
输入文本时出错: Message: tab crashed
  (Session info: chrome=143.0.7499.169)

✗ 输入文本失败

开始翻译流程 (尝试 2/2):
========================================
步骤1: 输入藏语文本...
输入文本时出错: Message: tab crashed
  (Session info: chrome=143.0.7499.169)

✗ 输入文本失败
========================================
✗ 翻译失败，跳过此行
✓ 已保存到文件: 512/4500 条

[513/4500] 翻译进度: 11.4%
藏语原文: མུ་ལེ་འདི་མཚོ་མིང་དང་མུ་ལེ་ཁ་ལེ་ལྟ་བུར་རྒྱལ་མཚན་གྱ...

开始翻译流程 (尝试 1/2):
========================================
步骤1: 输入藏语文本...
输入文本时出错: Message: tab crashed
  (Session info: chrome=143.0.7499.169)

✗ 输入文本失败

开始翻译流程 (尝试 2/2):
========================================
步骤1: 输入藏语文本...
输入文本时出错: Message: tab crashed
  (Session info: chrome=143.0.7499.169)

✗ 输入文本失败
========================================
✗ 翻译失败，跳过此行
✓ 已保存到文件: 513/4500 条

[514/4500] 翻译进度: 11.4%
藏语原文: ཡིག་རྙིང་ནང་དུ་གསས་འདི་ཉིད་ལྷར་འཇུག་པ་བསྟན་པར་མ་ཟད...

开始翻译流程 (尝试 1/2):
========================================
步骤1: 输入藏语文本...
输入文本时出错: Message: tab crashed
  (Session info: chrome=143.0.7499.169)

✗ 输入文本失败

开始翻译流程 (尝试 2/2):
========================================
步骤1: 输入藏语文本...
输入文本时出错: Message: tab crashed
  (Session info: chrome=143.0.7499.169)

✗ 输入文本失败
========================================
✗ 翻译失败，跳过此行
✓ 已保存到文件: 514/4500 条

[515/4500] 翻译进度: 11.4%
藏语原文: ཞང་རྒྱལ་གྱི་མཚན་ཟུར་གྱི་ཡི་གེ་རྒྱ་དང་རྱ་ཞེས་པའི་མཚ...

开始翻译流程 (尝试 1/2):
========================================
步骤1: 输入藏语文本...
输入文本时出错: Message: tab crashed
  (Session info: chrome=143.0.7499.169)

✗ 输入文本失败

开始翻译流程 (尝试 2/2):
========================================
步骤1: 输入藏语文本...
输入文本时出错: Message: tab crashed
  (Session info: chrome=143.0.7499.169)

✗ 输入文本失败
========================================
✗ 翻译失败，跳过此行
✓ 已保存到文件: 515/4500 条

[516/4500] 翻译进度: 11.5%
藏语原文: དེང་གསར་དུ་བསྐྲུན་པའི་དེབ་གཟུགས་རྣམས་སུ་ཐ་དག་སྲས་མ...

开始翻译流程 (尝试 1/2):
========================================
步骤1: 输入藏语文本...
输入文本时出错: Message: tab crashed
  (Session info: chrome=143.0.7499.169)

✗ 输入文本失败

开始翻译流程 (尝试 2/2):
========================================
步骤1: 输入藏语文本...
输入文本时出错: Message: tab crashed
  (Session info: chrome=143.0.7499.169)

✗ 输入文本失败
========================================
✗ 翻译失败，跳过此行
✓ 已保存到文件: 516/4500 条

[517/4500] 翻译进度: 11.5%
藏语原文: ཡུལ་ཕྱོགས་དེ་ཤེད་ཅིག་ན་ར་ཝང་ལ་ཞེས་པའི་ལ་ཞིག་ཀྱང་ཡོ...

开始翻译流程 (尝试 1/2):
========================================
步骤1: 输入藏语文本...
输入文本时出错: Message: tab crashed
  (Session info: chrome=143.0.7499.169)

✗ 输入文本失败

开始翻译流程 (尝试 2/2):
========================================
步骤1: 输入藏语文本...
输入文本时出错: Message: tab crashed
  (Session info: chrome=143.0.7499.169)

✗ 输入文本失败
========================================
✗ 翻译失败，跳过此行
✓ 已保存到文件: 517/4500 条

[518/4500] 翻译进度: 11.5%
藏语原文: དེ་བཞིན་རུ་ཐོག་ཕྱོགས་ནའང་ར་ཝང་ཟེར་བའི་རི་ཞིག་ཀྱང་ཡ...

开始翻译流程 (尝试 1/2):
========================================
步骤1: 输入藏语文本...
输入文本时出错: Message: tab crashed
  (Session info: chrome=143.0.7499.169)

✗ 输入文本失败

开始翻译流程 (尝试 2/2):
========================================
步骤1: 输入藏语文本...
输入文本时出错: Message: tab crashed
  (Session info: chrome=143.0.7499.169)

✗ 输入文本失败
========================================
✗ 翻译失败，跳过此行
✓ 已保存到文件: 518/4500 条

[519/4500] 翻译进度: 11.5%
藏语原文: རྒྱ་སྐད་རྙིང་པར་མཚོ་ལ་དང་ཞེས་པ་ཞིག་ཀྱང་འབོད་སྲོལ་ཡ...

开始翻译流程 (尝试 1/2):
========================================
步骤1: 输入藏语文本...
输入文本时出错: Message: tab crashed
  (Session info: chrome=143.0.7499.169)

✗ 输入文本失败

开始翻译流程 (尝试 2/2):
========================================
步骤1: 输入藏语文本...
输入文本时出错: Message: tab crashed
  (Session info: chrome=143.0.7499.169)

✗ 输入文本失败
========================================
✗ 翻译失败，跳过此行
✓ 已保存到文件: 519/4500 条

[520/4500] 翻译进度: 11.6%
藏语原文: ད་དུང་གར་ཞ་དང་ཁུ་ནུའི་ཕྱོགས་སུའང་དེ་སྐད་བྱ་བ་ཡོད་ཚ...

开始翻译流程 (尝试 1/2):
========================================
步骤1: 输入藏语文本...
输入文本时出错: Message: tab crashed
  (Session info: chrome=143.0.7499.169)

✗ 输入文本失败

开始翻译流程 (尝试 2/2):
========================================
步骤1: 输入藏语文本...
输入文本时出错: Message: tab crashed
  (Session info: chrome=143.0.7499.169)

✗ 输入文本失败
========================================
✗ 翻译失败，跳过此行
✓ 已保存到文件: 520/4500 条

[521/4500] 翻译进度: 11.6%
藏语原文: ལོ་ཟླ་དང་ཞག་དུས།

开始翻译流程 (尝试 1/2):
========================================
步骤1: 输入藏语文本...
输入文本时出错: Message: tab crashed
  (Session info: chrome=143.0.7499.169)

✗ 输入文本失败

开始翻译流程 (尝试 2/2):
========================================
步骤1: 输入藏语文本...
输入文本时出错: Message: tab crashed
  (Session info: chrome=143.0.7499.169)

✗ 输入文本失败
========================================
✗ 翻译失败，跳过此行
✓ 已保存到文件: 521/4500 条

[522/4500] 翻译进度: 11.6%
藏语原文: ཉི་འོད་ཀྱིས་གསལ་འདུག།

开始翻译流程 (尝试 1/2):
========================================
步骤1: 输入藏语文本...
输入文本时出错: Message: tab crashed
  (Session info: chrome=143.0.7499.169)

✗ 输入文本失败

开始翻译流程 (尝试 2/2):
========================================
步骤1: 输入藏语文本...
输入文本时出错: Message: tab crashed
  (Session info: chrome=143.0.7499.169)

✗ 输入文本失败
========================================
✗ 翻译失败，跳过此行
✓ 已保存到文件: 522/4500 条

[523/4500] 翻译进度: 11.6%
藏语原文: ཟླ་འོད་ལ་དུད་འདུག།

开始翻译流程 (尝试 1/2):
========================================
步骤1: 输入藏语文本...
输入文本时出错: Message: tab crashed
  (Session info: chrome=143.0.7499.169)

✗ 输入文本失败

开始翻译流程 (尝试 2/2):
========================================
步骤1: 输入藏语文本...
输入文本时出错: Message: tab crashed
  (Session info: chrome=143.0.7499.169)

✗ 输入文本失败
========================================
✗ 翻译失败，跳过此行
✓ 已保存到文件: 523/4500 条

[524/4500] 翻译进度: 11.6%
藏语原文: དོན་འགྲུབ་ཟེར་བ་ལོས་ཡིན།

开始翻译流程 (尝试 1/2):
========================================
步骤1: 输入藏语文本...
输入文本时出错: Message: tab crashed
  (Session info: chrome=143.0.7499.169)

✗ 输入文本失败

开始翻译流程 (尝试 2/2):
========================================
步骤1: 输入藏语文本...
输入文本时出错: Message: tab crashed
  (Session info: chrome=143.0.7499.169)

✗ 输入文本失败
========================================
✗ 翻译失败，跳过此行
✓ 已保存到文件: 524/4500 条

[525/4500] 翻译进度: 11.7%
藏语原文: གཞན་ལ་ཁྲེལ་ཡོད་ཡང་དང་རང་ཉིད་ལ།

开始翻译流程 (尝试 1/2):
========================================
步骤1: 输入藏语文本...
输入文本时出错: Message: tab crashed
  (Session info: chrome=143.0.7499.169)

✗ 输入文本失败

开始翻译流程 (尝试 2/2):
========================================
步骤1: 输入藏语文本...
输入文本时出错: Message: tab crashed
  (Session info: chrome=143.0.7499.169)

✗ 输入文本失败
========================================
✗ 翻译失败，跳过此行
✓ 已保存到文件: 525/4500 条

[526/4500] 翻译进度: 11.7%
藏语原文: གོས་བྱིན་དོན་མཐུན་གྲུར་འཇུག་གཅིག་འདུག་འགྲེང་།

开始翻译流程 (尝试 1/2):
========================================
步骤1: 输入藏语文本...
输入文本时出错: Message: tab crashed
  (Session info: chrome=143.0.7499.169)

✗ 输入文本失败

开始翻译流程 (尝试 2/2):
========================================
步骤1: 输入藏语文本...
输入文本时出错: Message: tab crashed
  (Session info: chrome=143.0.7499.169)

✗ 输入文本失败
========================================
✗ 翻译失败，跳过此行
✓ 已保存到文件: 526/4500 条

[527/4500] 翻译进度: 11.7%
藏语原文: ོར་བཅུག་ཡང་ཡང་འདུག་གནས་ལྷག་པར་ལེན།

开始翻译流程 (尝试 1/2):
========================================
步骤1: 输入藏语文本...
输入文本时出错: Message: tab crashed
  (Session info: chrome=143.0.7499.169)

✗ 输入文本失败

开始翻译流程 (尝试 2/2):
========================================
步骤1: 输入藏语文本...
输入文本时出错: Message: tab crashed
  (Session info: chrome=143.0.7499.169)

✗ 输入文本失败
========================================
✗ 翻译失败，跳过此行
✓ 已保存到文件: 527/4500 条

[528/4500] 翻译进度: 11.7%
藏语原文: འདུག་འགྲེང་གཅེར་བུ་དམག་བལྟ་ནང་དུ་གནས།

开始翻译流程 (尝试 1/2):
========================================
步骤1: 输入藏语文本...
输入文本时出错: Message: tab crashed
  (Session info: chrome=143.0.7499.169)

✗ 输入文本失败

开始翻译流程 (尝试 2/2):
========================================
步骤1: 输入藏语文本...
输入文本时出错: Message: tab crashed
  (Session info: chrome=143.0.7499.169)

✗ 输入文本失败
========================================
✗ 翻译失败，跳过此行
✓ 已保存到文件: 528/4500 条

[529/4500] 翻译进度: 11.8%
藏语原文: བརྣག་པས་ཉལ་པོ་བཤོམ་ཁྱིམ་འདུག་པ་དང་།

开始翻译流程 (尝试 1/2):
========================================
步骤1: 输入藏语文本...
输入文本时出错: Message: tab crashed
  (Session info: chrome=143.0.7499.169)

✗ 输入文本失败

开始翻译流程 (尝试 2/2):
========================================
步骤1: 输入藏语文本...
输入文本时出错: Message: tab crashed
  (Session info: chrome=143.0.7499.169)

✗ 输入文本失败
========================================
✗ 翻译失败，跳过此行
✓ 已保存到文件: 529/4500 条

[530/4500] 翻译进度: 11.8%
藏语原文: འདུག་དགུ་ཟས་བླང་བརྒྱད་དང་ཟ་ཉེར་གཅིག།

开始翻译流程 (尝试 1/2):
========================================
步骤1: 输入藏语文本...
输入文本时出错: Message: tab crashed
  (Session info: chrome=143.0.7499.169)

✗ 输入文本失败

开始翻译流程 (尝试 2/2):
========================================
步骤1: 输入藏语文本...
输入文本时出错: Message: tab crashed
  (Session info: chrome=143.0.7499.169)

✗ 输入文本失败
========================================
✗ 翻译失败，跳过此行
✓ 已保存到文件: 530/4500 条

[531/4500] 翻译进度: 11.8%
藏语原文: འགྲེང་ཉལ་དམའ་བར་འདུག་དང་ཕྱི་ནས་འོང་།

开始翻译流程 (尝试 1/2):
========================================
步骤1: 输入藏语文本...
输入文本时出错: Message: tab crashed
  (Session info: chrome=143.0.7499.169)

✗ 输入文本失败

开始翻译流程 (尝试 2/2):
========================================
步骤1: 输入藏语文本...
输入文本时出错: Message: tab crashed
  (Session info: chrome=143.0.7499.169)

✗ 输入文本失败
========================================
✗ 翻译失败，跳过此行
✓ 已保存到文件: 531/4500 条

[532/4500] 翻译进度: 11.8%
藏语原文: བསྒོ་ནས་ཐམས་ཅད་འདུག་ཅིང་མཐུན་གྱུར་ཚེ།

开始翻译流程 (尝试 1/2):
========================================
步骤1: 输入藏语文本...
输入文本时出错: Message: tab crashed
  (Session info: chrome=143.0.7499.169)

✗ 输入文本失败

开始翻译流程 (尝试 2/2):
========================================
步骤1: 输入藏语文本...
输入文本时出错: Message: tab crashed
  (Session info: chrome=143.0.7499.169)

✗ 输入文本失败
========================================
✗ 翻译失败，跳过此行
✓ 已保存到文件: 532/4500 条

[533/4500] 翻译进度: 11.8%
藏语原文: མཚམས་ནང་འདུག་ན་ཕོ་ཉ་ལས་ཐ་དད།

开始翻译流程 (尝试 1/2):
========================================
步骤1: 输入藏语文本...
输入文本时出错: Message: tab crashed
  (Session info: chrome=143.0.7499.169)

✗ 输入文本失败

开始翻译流程 (尝试 2/2):
========================================
步骤1: 输入藏语文本...
输入文本时出错: Message: tab crashed
  (Session info: chrome=143.0.7499.169)

✗ 输入文本失败
========================================
✗ 翻译失败，跳过此行
✓ 已保存到文件: 533/4500 条

[534/4500] 翻译进度: 11.9%
藏语原文: དེ་དག་དུས་རུང་ཆུ་ཤིང་སོགས་བརྒྱད་འབྲས།

开始翻译流程 (尝试 1/2):
========================================
步骤1: 输入藏语文本...
输入文本时出错: Message: tab crashed
  (Session info: chrome=143.0.7499.169)

✗ 输入文本失败

开始翻译流程 (尝试 2/2):
========================================
步骤1: 输入藏语文本...
输入文本时出错: Message: tab crashed
  (Session info: chrome=143.0.7499.169)

✗ 输入文本失败
========================================
✗ 翻译失败，跳过此行
✓ 已保存到文件: 534/4500 条

[535/4500] 翻译进度: 11.9%
藏语原文: མདུན་དུ་འདུག་སྟེ་བཤགས་སམ་ཉིན་དང་མཚན།

开始翻译流程 (尝试 1/2):
========================================
步骤1: 输入藏语文本...
输入文本时出错: Message: tab crashed
  (Session info: chrome=143.0.7499.169)

✗ 输入文本失败

开始翻译流程 (尝试 2/2):
========================================
步骤1: 输入藏语文本...
输入文本时出错: Message: tab crashed
  (Session info: chrome=143.0.7499.169)

✗ 输入文本失败
========================================
✗ 翻译失败，跳过此行
✓ 已保存到文件: 535/4500 条

[536/4500] 翻译进度: 11.9%
藏语原文: དགའ་དང་རངས་པར་འགྱུར་བ་ལུས་ཀྱིས་སྤྱད།

开始翻译流程 (尝试 1/2):
========================================
步骤1: 输入藏语文本...
输入文本时出错: Message: tab crashed
  (Session info: chrome=143.0.7499.169)

✗ 输入文本失败

开始翻译流程 (尝试 2/2):
========================================
步骤1: 输入藏语文本...
输入文本时出错: Message: tab crashed
  (Session info: chrome=143.0.7499.169)

✗ 输入文本失败
========================================
✗ 翻译失败，跳过此行
✓ 已保存到文件: 536/4500 条

[537/4500] 翻译进度: 11.9%
藏语原文: ཉན་ཐོས་ནང་འདུག་སྔགས་པ་ཡིན་ཟེར་དང་།

开始翻译流程 (尝试 1/2):
========================================
步骤1: 输入藏语文本...
输入文本时出错: Message: tab crashed
  (Session info: chrome=143.0.7499.169)

✗ 输入文本失败

开始翻译流程 (尝试 2/2):
========================================
步骤1: 输入藏语文本...
输入文本时出错: Message: tab crashed
  (Session info: chrome=143.0.7499.169)

✗ 输入文本失败
========================================
✗ 翻译失败，跳过此行
✓ 已保存到文件: 537/4500 条

[538/4500] 翻译进度: 12.0%
藏语原文: དག་པ་ཡེ་ཤེས་དམ་ཚིག་དུས་འཁོར་དུའོ།

开始翻译流程 (尝试 1/2):
========================================
步骤1: 输入藏语文本...
输入文本时出错: Message: tab crashed
  (Session info: chrome=143.0.7499.169)

✗ 输入文本失败

开始翻译流程 (尝试 2/2):
========================================
步骤1: 输入藏语文本...
输入文本时出错: Message: tab crashed
  (Session info: chrome=143.0.7499.169)

✗ 输入文本失败
========================================
✗ 翻译失败，跳过此行
✓ 已保存到文件: 538/4500 条

[539/4500] 翻译进度: 12.0%
藏语原文: མཁའ་ལ་སྐར་མ་ཟླ་ཉི་འདུག་པ་ལྟར།

开始翻译流程 (尝试 1/2):
========================================
步骤1: 输入藏语文本...
输入文本时出错: Message: tab crashed
  (Session info: chrome=143.0.7499.169)

✗ 输入文本失败

开始翻译流程 (尝试 2/2):
========================================
步骤1: 输入藏语文本...
输入文本时出错: Message: tab crashed
  (Session info: chrome=143.0.7499.169)

✗ 输入文本失败
========================================
✗ 翻译失败，跳过此行
✓ 已保存到文件: 539/4500 条

[540/4500] 翻译进度: 12.0%
藏语原文: བདག་ཅག་དུས་དང་གནས་སྐབས་ཐམས་ཅད་དུ།

开始翻译流程 (尝试 1/2):
========================================
步骤1: 输入藏语文本...
输入文本时出错: Message: tab crashed
  (Session info: chrome=143.0.7499.169)

✗ 输入文本失败

开始翻译流程 (尝试 2/2):
========================================
步骤1: 输入藏语文本...
输入文本时出错: Message: tab crashed
  (Session info: chrome=143.0.7499.169)

✗ 输入文本失败
========================================
✗ 翻译失败，跳过此行
✓ 已保存到文件: 540/4500 条

[541/4500] 翻译进度: 12.0%
藏语原文: ནང་རང་སེམས་ལ་ལྟས་ན་ཡི་མུག་ལྡང་།

开始翻译流程 (尝试 1/2):
========================================
步骤1: 输入藏语文本...
输入文本时出错: Message: tab crashed
  (Session info: chrome=143.0.7499.169)

✗ 输入文本失败

开始翻译流程 (尝试 2/2):
========================================
步骤1: 输入藏语文本...
输入文本时出错: Message: tab crashed
  (Session info: chrome=143.0.7499.169)

✗ 输入文本失败
========================================
✗ 翻译失败，跳过此行
✓ 已保存到文件: 541/4500 条

[542/4500] 翻译进度: 12.0%
藏语原文: ལར་དུད་འགྲོ་དང་ཁྱད་པར་མི་གདའ་བས།

开始翻译流程 (尝试 1/2):
========================================
步骤1: 输入藏语文本...
输入文本时出错: Message: tab crashed
  (Session info: chrome=143.0.7499.169)

✗ 输入文本失败

开始翻译流程 (尝试 2/2):
========================================
步骤1: 输入藏语文本...
输入文本时出错: Message: tab crashed
  (Session info: chrome=143.0.7499.169)

✗ 输入文本失败
========================================
✗ 翻译失败，跳过此行
✓ 已保存到文件: 542/4500 条

[543/4500] 翻译进度: 12.1%
藏语原文: བརྗོད་ཀྱི་མི་ལང་བར་གདའ་སྟེ།

开始翻译流程 (尝试 1/2):
========================================
步骤1: 输入藏语文本...
输入文本时出错: Message: tab crashed
  (Session info: chrome=143.0.7499.169)

✗ 输入文本失败

开始翻译流程 (尝试 2/2):
========================================
步骤1: 输入藏语文本...
输入文本时出错: Message: tab crashed
  (Session info: chrome=143.0.7499.169)

✗ 输入文本失败
========================================
✗ 翻译失败，跳过此行
✓ 已保存到文件: 543/4500 条

[544/4500] 翻译进度: 12.1%
藏语原文: སྐྱེ་མ་ཐག་ཏུ་ལབ་ལབ་ཤེས་པ་ཞིག་འདུག་ཟེར་བས།

开始翻译流程 (尝试 1/2):
========================================
步骤1: 输入藏语文本...
输入文本时出错: Message: tab crashed
  (Session info: chrome=143.0.7499.169)

✗ 输入文本失败

开始翻译流程 (尝试 2/2):
========================================
步骤1: 输入藏语文本...
输入文本时出错: Message: tab crashed
  (Session info: chrome=143.0.7499.169)

✗ 输入文本失败
========================================
✗ 翻译失败，跳过此行
✓ 已保存到文件: 544/4500 条

[545/4500] 翻译进度: 12.1%
藏语原文: ཤ་མཚན་དང་ལྟས་ཤིན་དུ་ངོ་མཚར་ཆེ་བ་འདུགལབ་ལབ་ནི་བསངས་...

开始翻译流程 (尝试 1/2):
========================================
步骤1: 输入藏语文本...
输入文本时出错: Message: tab crashed
  (Session info: chrome=143.0.7499.169)

✗ 输入文本失败

开始翻译流程 (尝试 2/2):
========================================
步骤1: 输入藏语文本...
输入文本时出错: Message: tab crashed
  (Session info: chrome=143.0.7499.169)

✗ 输入文本失败
========================================
✗ 翻译失败，跳过此行
✓ 已保存到文件: 545/4500 条

[546/4500] 翻译进度: 12.1%
藏语原文: ནུས་པ་ཚ་བ་ཡོད་པ་འདི་ཡང་དེ་སྐབས་སུ་སྐྱེས་པ་ཡིན་པར་འ...

开始翻译流程 (尝试 1/2):
========================================
步骤1: 输入藏语文本...
输入文本时出错: Message: tab crashed
  (Session info: chrome=143.0.7499.169)

✗ 输入文本失败

开始翻译流程 (尝试 2/2):
========================================
步骤1: 输入藏语文本...
输入文本时出错: Message: tab crashed
  (Session info: chrome=143.0.7499.169)

✗ 输入文本失败
========================================
✗ 翻译失败，跳过此行
✓ 已保存到文件: 546/4500 条

[547/4500] 翻译进度: 12.2%
藏语原文: དེ་ཡ་མཚན་པར་གདའ།

开始翻译流程 (尝试 1/2):
========================================
步骤1: 输入藏语文本...
输入文本时出错: Message: tab crashed
  (Session info: chrome=143.0.7499.169)

✗ 输入文本失败

开始翻译流程 (尝试 2/2):
========================================
步骤1: 输入藏语文本...
输入文本时出错: Message: tab crashed
  (Session info: chrome=143.0.7499.169)

✗ 输入文本失败
========================================
✗ 翻译失败，跳过此行
✓ 已保存到文件: 547/4500 条

[548/4500] 翻译进度: 12.2%
藏语原文: མངོན་ཤེས་རང་མཛད་པ་ཞིག་གདའ་བས།

开始翻译流程 (尝试 1/2):
========================================
步骤1: 输入藏语文本...
输入文本时出错: Message: tab crashed
  (Session info: chrome=143.0.7499.169)

✗ 输入文本失败

开始翻译流程 (尝试 2/2):
========================================
步骤1: 输入藏语文本...
输入文本时出错: Message: tab crashed
  (Session info: chrome=143.0.7499.169)

✗ 输入文本失败
========================================
✗ 翻译失败，跳过此行
✓ 已保存到文件: 548/4500 条

[549/4500] 翻译进度: 12.2%
藏语原文: སྙིགས་མའི་སྟོན་པ་ཞིག་འབྱོན་པར་འདུག་གསུངས་ཡོད་པ་དང་...

开始翻译流程 (尝试 1/2):
========================================
步骤1: 输入藏语文本...
输入文本时出错: Message: tab crashed
  (Session info: chrome=143.0.7499.169)

✗ 输入文本失败

开始翻译流程 (尝试 2/2):
========================================
步骤1: 输入藏语文本...
输入文本时出错: Message: tab crashed
  (Session info: chrome=143.0.7499.169)

✗ 输入文本失败
========================================
✗ 翻译失败，跳过此行
✓ 已保存到文件: 549/4500 条

[550/4500] 翻译进度: 12.2%
藏语原文: དེ་རྣམས་མཐུན་པར་གདའ་གསུངས་སོ།

开始翻译流程 (尝试 1/2):
========================================
步骤1: 输入藏语文本...
输入文本时出错: Message: tab crashed
  (Session info: chrome=143.0.7499.169)

✗ 输入文本失败

开始翻译流程 (尝试 2/2):
========================================
步骤1: 输入藏语文本...
输入文本时出错: Message: tab crashed
  (Session info: chrome=143.0.7499.169)

✗ 输入文本失败
========================================
✗ 翻译失败，跳过此行
✓ 已保存到文件: 550/4500 条

[551/4500] 翻译进度: 12.2%
藏语原文: དེ་ནས་རོང་རིན་དཔུངས་ཕྱོགས་ནི་མུན་པ་ནག་པོར་འདུག་པ་ད...

开始翻译流程 (尝试 1/2):
========================================
步骤1: 输入藏语文本...
输入文本时出错: Message: tab crashed
  (Session info: chrome=143.0.7499.169)

✗ 输入文本失败

开始翻译流程 (尝试 2/2):
========================================
步骤1: 输入藏语文本...
输入文本时出错: Message: tab crashed
  (Session info: chrome=143.0.7499.169)

✗ 输入文本失败
========================================
✗ 翻译失败，跳过此行
✓ 已保存到文件: 551/4500 条

[552/4500] 翻译进度: 12.3%
藏语原文: ནང་རང་དུ་སྦས་ཐབས་ཀྱི་སྒོ་ནས་སྐྱེད་བསྲིངས་སོ།

开始翻译流程 (尝试 1/2):
========================================
步骤1: 输入藏语文本...
输入文本时出错: Message: tab crashed
  (Session info: chrome=143.0.7499.169)

✗ 输入文本失败

开始翻译流程 (尝试 2/2):
========================================
步骤1: 输入藏语文本...
输入文本时出错: Message: tab crashed
  (Session info: chrome=143.0.7499.169)

✗ 输入文本失败
========================================
✗ 翻译失败，跳过此行
✓ 已保存到文件: 552/4500 条

[553/4500] 翻译进度: 12.3%
藏语原文: གསུང་གླེང་དེ་རྣམས་ཁོ་རང་དཔོན་སློབ་གཉིས་ཤིན་ཏུ་སྨྲ་...

开始翻译流程 (尝试 1/2):
========================================
步骤1: 输入藏语文本...
输入文本时出错: Message: tab crashed
  (Session info: chrome=143.0.7499.169)

✗ 输入文本失败

开始翻译流程 (尝试 2/2):
========================================
步骤1: 输入藏语文本...
输入文本时出错: Message: tab crashed
  (Session info: chrome=143.0.7499.169)

✗ 输入文本失败
========================================
✗ 翻译失败，跳过此行
✓ 已保存到文件: 553/4500 条

[554/4500] 翻译进度: 12.3%
藏语原文: ཇ་ཡང་ཁོ་རང་སྔོན་དུ་གསོལ།

开始翻译流程 (尝试 1/2):
========================================
步骤1: 输入藏语文本...
输入文本时出错: Message: tab crashed
  (Session info: chrome=143.0.7499.169)

✗ 输入文本失败

开始翻译流程 (尝试 2/2):
========================================
步骤1: 输入藏语文本...
输入文本时出错: Message: tab crashed
  (Session info: chrome=143.0.7499.169)

✗ 输入文本失败
========================================
✗ 翻译失败，跳过此行
✓ 已保存到文件: 554/4500 条

[555/4500] 翻译进度: 12.3%
藏语原文: དེ་ལས་སྤྲོས་པ་མིན་པ་ལ་ཁོ་རང་ཁམ་ཆེ་རྒྱུ་བྱེད་པ་ནི།

开始翻译流程 (尝试 1/2):
========================================
步骤1: 输入藏语文本...
输入文本时出错: Message: tab crashed
  (Session info: chrome=143.0.7499.169)

✗ 输入文本失败

开始翻译流程 (尝试 2/2):
========================================
步骤1: 输入藏语文本...
输入文本时出错: Message: tab crashed
  (Session info: chrome=143.0.7499.169)

✗ 输入文本失败
========================================
✗ 翻译失败，跳过此行
✓ 已保存到文件: 555/4500 条

[556/4500] 翻译进度: 12.4%
藏语原文: འདི་གང་ཡིན་པ་གདའ་ཞུས་པས།

开始翻译流程 (尝试 1/2):
========================================
步骤1: 输入藏语文本...
输入文本时出错: Message: tab crashed
  (Session info: chrome=143.0.7499.169)

✗ 输入文本失败

开始翻译流程 (尝试 2/2):
========================================
步骤1: 输入藏语文本...
输入文本时出错: Message: tab crashed
  (Session info: chrome=143.0.7499.169)

✗ 输入文本失败
========================================
✗ 翻译失败，跳过此行
✓ 已保存到文件: 556/4500 条

[557/4500] 翻译进度: 12.4%
藏语原文: ཁྱེད་ཀྱི་སྔོན་ཆད་གཙང་སྦྲ་ཐོན་པ་བྱུང་འདུག་ད་རུང་གཙང...

开始翻译流程 (尝试 1/2):
========================================
步骤1: 输入藏语文本...
输入文本时出错: Message: tab crashed
  (Session info: chrome=143.0.7499.169)

✗ 输入文本失败

开始翻译流程 (尝试 2/2):
========================================
步骤1: 输入藏语文本...
输入文本时出错: Message: tab crashed
  (Session info: chrome=143.0.7499.169)

✗ 输入文本失败
========================================
✗ 翻译失败，跳过此行
✓ 已保存到文件: 557/4500 条

[558/4500] 翻译进度: 12.4%
藏语原文: ཁྱེད་རང་ཞལ་ངོ་རྣམས་ཀྱང་ཕུན་སུམ་ཚོགས་པར་ཡོང་།

开始翻译流程 (尝试 1/2):
========================================
步骤1: 输入藏语文本...
输入文本时出错: Message: tab crashed
  (Session info: chrome=143.0.7499.169)

✗ 输入文本失败

开始翻译流程 (尝试 2/2):
========================================
步骤1: 输入藏语文本...
输入文本时出错: Message: tab crashed
  (Session info: chrome=143.0.7499.169)

✗ 输入文本失败
========================================
✗ 翻译失败，跳过此行
✓ 已保存到文件: 558/4500 条

[559/4500] 翻译进度: 12.4%
藏语原文: རང་ཤེས་སུ་འདུག་ཟེར་བའི་སྙན་གྲགས་བྱུང་བ་ནས།

开始翻译流程 (尝试 1/2):
========================================
步骤1: 输入藏语文本...
输入文本时出错: Message: tab crashed
  (Session info: chrome=143.0.7499.169)

✗ 输入文本失败

开始翻译流程 (尝试 2/2):
========================================
步骤1: 输入藏语文本...
输入文本时出错: Message: tab crashed
  (Session info: chrome=143.0.7499.169)

✗ 输入文本失败
========================================
✗ 翻译失败，跳过此行
✓ 已保存到文件: 559/4500 条

[560/4500] 翻译进度: 12.4%
藏语原文: ཤོག་ཁྲ་ཞལ་གདམས་གཉིས་ཀ་ནས་འདི་ཤིན་ཏུ་གསལ་བར་གདའ།

开始翻译流程 (尝试 1/2):
========================================
步骤1: 输入藏语文本...
输入文本时出错: Message: tab crashed
  (Session info: chrome=143.0.7499.169)

✗ 输入文本失败

开始翻译流程 (尝试 2/2):
========================================
步骤1: 输入藏语文本...
输入文本时出错: Message: tab crashed
  (Session info: chrome=143.0.7499.169)

✗ 输入文本失败
========================================
✗ 翻译失败，跳过此行
✓ 已保存到文件: 560/4500 条

[561/4500] 翻译进度: 12.5%
藏语原文: སྤུ་ཙམ་གྱི་འཁྲུལ་པ་མི་འདུག།

开始翻译流程 (尝试 1/2):
========================================
步骤1: 输入藏语文本...
输入文本时出错: Message: tab crashed
  (Session info: chrome=143.0.7499.169)

✗ 输入文本失败

开始翻译流程 (尝试 2/2):
========================================
步骤1: 输入藏语文本...
输入文本时出错: Message: tab crashed
  (Session info: chrome=143.0.7499.169)

✗ 输入文本失败
========================================
✗ 翻译失败，跳过此行
✓ 已保存到文件: 561/4500 条

[562/4500] 翻译进度: 12.5%
藏语原文: ལྷ་ཁང་བརྩིག་པའི་ཆ་མཁན་མཁས་པ་ཞིག་སྟེ་གསུམ་བོད་དུ་འབ...

开始翻译流程 (尝试 1/2):
========================================
步骤1: 输入藏语文本...
输入文本时出错: Message: tab crashed
  (Session info: chrome=143.0.7499.169)

✗ 输入文本失败

开始翻译流程 (尝试 2/2):
========================================
步骤1: 输入藏语文本...
输入文本时出错: Message: tab crashed
  (Session info: chrome=143.0.7499.169)

✗ 输入文本失败
========================================
✗ 翻译失败，跳过此行
✓ 已保存到文件: 562/4500 条

[563/4500] 翻译进度: 12.5%
藏语原文: ཁ་ཕྱེ་བའི་ནང་ན་ཆུ་སྐྱ་ཉོག་གེ་འདུག་ནས་བློན་པོ་ཀུན་ཚ...

开始翻译流程 (尝试 1/2):
========================================
步骤1: 输入藏语文本...
输入文本时出错: Message: tab crashed
  (Session info: chrome=143.0.7499.169)

✗ 输入文本失败

开始翻译流程 (尝试 2/2):
========================================
步骤1: 输入藏语文本...
输入文本时出错: Message: tab crashed
  (Session info: chrome=143.0.7499.169)

✗ 输入文本失败
========================================
✗ 翻译失败，跳过此行
✓ 已保存到文件: 563/4500 条

[564/4500] 翻译进度: 12.5%
藏语原文: བྲག་དམར་འགྲན་བཟང་དང་སྔགས་མཁན་འདི་མེ་ལ་བསྲེག་དགོས་པ...

开始翻译流程 (尝试 1/2):
========================================
步骤1: 输入藏语文本...
输入文本时出错: Message: tab crashed
  (Session info: chrome=143.0.7499.169)

✗ 输入文本失败

开始翻译流程 (尝试 2/2):
========================================
步骤1: 输入藏语文本...
输入文本时出错: Message: tab crashed
  (Session info: chrome=143.0.7499.169)

✗ 输入文本失败
========================================
✗ 翻译失败，跳过此行
✓ 已保存到文件: 564/4500 条

[565/4500] 翻译进度: 12.6%
藏语原文: དེ་ལྟར་ཐམས་ཅད་འོང་ངེས་པར་འདུག་པས།

开始翻译流程 (尝试 1/2):
========================================
步骤1: 输入藏语文本...
输入文本时出错: Message: tab crashed
  (Session info: chrome=143.0.7499.169)

✗ 输入文本失败

开始翻译流程 (尝试 2/2):
========================================
步骤1: 输入藏语文本...
输入文本时出错: Message: tab crashed
  (Session info: chrome=143.0.7499.169)

✗ 输入文本失败
========================================
✗ 翻译失败，跳过此行
✓ 已保存到文件: 565/4500 条

[566/4500] 翻译进度: 12.6%
藏语原文: ཀླུ་དང་རྒྱལ་པོ་འདི་ཕུགས་ཞེ་གནག་པར་འདུག།

开始翻译流程 (尝试 1/2):
========================================
步骤1: 输入藏语文本...
输入文本时出错: Message: tab crashed
  (Session info: chrome=143.0.7499.169)

✗ 输入文本失败

开始翻译流程 (尝试 2/2):
========================================
步骤1: 输入藏语文本...
输入文本时出错: Message: tab crashed
  (Session info: chrome=143.0.7499.169)

✗ 输入文本失败
========================================
✗ 翻译失败，跳过此行
✓ 已保存到文件: 566/4500 条

[567/4500] 翻译进度: 12.6%
藏语原文: ཕྱིས་བྱུང་རང་ཡང་བྱོན་པ་བཞིན་ནོ།

开始翻译流程 (尝试 1/2):
========================================
步骤1: 输入藏语文本...
输入文本时出错: Message: tab crashed
  (Session info: chrome=143.0.7499.169)

✗ 输入文本失败

开始翻译流程 (尝试 2/2):
========================================
步骤1: 输入藏语文本...
输入文本时出错: Message: tab crashed
  (Session info: chrome=143.0.7499.169)

✗ 输入文本失败
========================================
✗ 翻译失败，跳过此行
✓ 已保存到文件: 567/4500 条

[568/4500] 翻译进度: 12.6%
藏语原文: དེ་རྣམས་སློབ་དཔོན་གྱི་མཐའ་བསྐོར་ནས་འདུག་པ་མཐོང་ངོ།

开始翻译流程 (尝试 1/2):
========================================
步骤1: 输入藏语文本...
输入文本时出错: Message: tab crashed
  (Session info: chrome=143.0.7499.169)

✗ 输入文本失败

开始翻译流程 (尝试 2/2):
========================================
步骤1: 输入藏语文本...
输入文本时出错: Message: tab crashed
  (Session info: chrome=143.0.7499.169)

✗ 输入文本失败
========================================
✗ 翻译失败，跳过此行
✓ 已保存到文件: 568/4500 条

[569/4500] 翻译进度: 12.6%
藏语原文: གཏམ་གྱི་སྦྱོར་བ་ཉུང་ངུ་འདིས་ཀྱང་རང་བཟོའི་གླེགས་བམ་...

开始翻译流程 (尝试 1/2):
========================================
步骤1: 输入藏语文本...
输入文本时出错: Message: tab crashed
  (Session info: chrome=143.0.7499.169)

✗ 输入文本失败

开始翻译流程 (尝试 2/2):
========================================
步骤1: 输入藏语文本...
输入文本时出错: Message: tab crashed
  (Session info: chrome=143.0.7499.169)

✗ 输入文本失败
========================================
✗ 翻译失败，跳过此行
✓ 已保存到文件: 569/4500 条

[570/4500] 翻译进度: 12.7%
藏语原文: རང་དང་ལྷན་ཅིག་གནས་ཤིང་རྒྱུ་བ་གཙང་སྨྱོན་ཀུན་དགའ་དཔལ...

开始翻译流程 (尝试 1/2):
========================================
步骤1: 输入藏语文本...
输入文本时出错: Message: tab crashed
  (Session info: chrome=143.0.7499.169)

✗ 输入文本失败

开始翻译流程 (尝试 2/2):
========================================
步骤1: 输入藏语文本...
输入文本时出错: Message: tab crashed
  (Session info: chrome=143.0.7499.169)

✗ 输入文本失败
========================================
✗ 翻译失败，跳过此行
✓ 已保存到文件: 570/4500 条

[571/4500] 翻译进度: 12.7%
藏语原文: རང་རང་མ་འདྲེས་བྱ་བ་ལ།

开始翻译流程 (尝试 1/2):
========================================
步骤1: 输入藏语文本...
输入文本时出错: Message: tab crashed
  (Session info: chrome=143.0.7499.169)

✗ 输入文本失败

开始翻译流程 (尝试 2/2):
========================================
步骤1: 输入藏语文本...
输入文本时出错: Message: tab crashed
  (Session info: chrome=143.0.7499.169)

✗ 输入文本失败
========================================
✗ 翻译失败，跳过此行
✓ 已保存到文件: 571/4500 条

[572/4500] 翻译进度: 12.7%
藏语原文: ཕྱིར་ཕེབས་ཀར་རྗེ་འདིས་རྙེད་བཀུར་ལ་སྤྱན་འདྲེན་པར་མཛ...

开始翻译流程 (尝试 1/2):
========================================
步骤1: 输入藏语文本...
输入文本时出错: Message: tab crashed
  (Session info: chrome=143.0.7499.169)

✗ 输入文本失败

开始翻译流程 (尝试 2/2):
========================================
步骤1: 输入藏语文本...
输入文本时出错: Message: tab crashed
  (Session info: chrome=143.0.7499.169)

✗ 输入文本失败
========================================
✗ 翻译失败，跳过此行
✓ 已保存到文件: 572/4500 条

[573/4500] 翻译进度: 12.7%
藏语原文: ལྷ་ཆེན་བཞེངས་པའི་སྒང་ཉིད་ལ་དུས་འཁྲུག་ཆེར་བྱུང་འདུག...

开始翻译流程 (尝试 1/2):
========================================
步骤1: 输入藏语文本...
输入文本时出错: Message: tab crashed
  (Session info: chrome=143.0.7499.169)

✗ 输入文本失败

开始翻译流程 (尝试 2/2):
========================================
步骤1: 输入藏语文本...
输入文本时出错: Message: tab crashed
  (Session info: chrome=143.0.7499.169)

✗ 输入文本失败
========================================
✗ 翻译失败，跳过此行
✓ 已保存到文件: 573/4500 条

[574/4500] 翻译进度: 12.8%
藏语原文: ཕྱིས་བདག་མེད་དུ་ལུས་པ་ཞིག་བྱུང་འདུག་པ་དེ།

开始翻译流程 (尝试 1/2):
========================================
步骤1: 输入藏语文本...
输入文本时出错: Message: tab crashed
  (Session info: chrome=143.0.7499.169)

✗ 输入文本失败

开始翻译流程 (尝试 2/2):
========================================
步骤1: 输入藏语文本...
输入文本时出错: Message: tab crashed
  (Session info: chrome=143.0.7499.169)

✗ 输入文本失败
========================================
✗ 翻译失败，跳过此行
✓ 已保存到文件: 574/4500 条

[575/4500] 翻译进度: 12.8%
藏语原文: དབོན་པདྨས་མི་དེ་རྣམས་ཀྱིས་མིང་གང་ཡིན་བཀའ་སྩལ་གནང་ད...

开始翻译流程 (尝试 1/2):
========================================
步骤1: 输入藏语文本...
输入文本时出错: Message: tab crashed
  (Session info: chrome=143.0.7499.169)

✗ 输入文本失败

开始翻译流程 (尝试 2/2):
========================================
步骤1: 输入藏语文本...
输入文本时出错: Message: tab crashed
  (Session info: chrome=143.0.7499.169)

✗ 输入文本失败
========================================
✗ 翻译失败，跳过此行
✓ 已保存到文件: 575/4500 条

[576/4500] 翻译进度: 12.8%
藏语原文: མ་དག་དུས་འདིར་དགེ་སློང་སྐད་ཀྱི་ངོ་མཚར་ཅན།

开始翻译流程 (尝试 1/2):
========================================
步骤1: 输入藏语文本...
输入文本时出错: Message: tab crashed
  (Session info: chrome=143.0.7499.169)

✗ 输入文本失败

开始翻译流程 (尝试 2/2):
========================================
步骤1: 输入藏语文本...
输入文本时出错: Message: tab crashed
  (Session info: chrome=143.0.7499.169)

✗ 输入文本失败
========================================
✗ 翻译失败，跳过此行
✓ 已保存到文件: 576/4500 条

[577/4500] 翻译进度: 12.8%
藏语原文: ཆུ་བོ་ཆེན་པོ་གཅིག་ལ་ཉག་གཅིག་ཡོང་བར་འདུག་པ་ཆད་ནས་གཞ...

开始翻译流程 (尝试 1/2):
========================================
步骤1: 输入藏语文本...
输入文本时出错: Message: tab crashed
  (Session info: chrome=143.0.7499.169)

✗ 输入文本失败

开始翻译流程 (尝试 2/2):
========================================
步骤1: 输入藏语文本...
输入文本时出错: Message: tab crashed
  (Session info: chrome=143.0.7499.169)

✗ 输入文本失败
========================================
✗ 翻译失败，跳过此行
✓ 已保存到文件: 577/4500 条

[578/4500] 翻译进度: 12.8%
藏语原文: བློ་ལ་མི་འཆར་བའི་བཟོ་བཀོད་ཕུན་སུམ་ཚོགས་པར་རང་བྱུང་...

开始翻译流程 (尝试 1/2):
========================================
步骤1: 输入藏语文本...
输入文本时出错: Message: tab crashed
  (Session info: chrome=143.0.7499.169)

✗ 输入文本失败

开始翻译流程 (尝试 2/2):
========================================
步骤1: 输入藏语文本...
输入文本时出错: Message: tab crashed
  (Session info: chrome=143.0.7499.169)

✗ 输入文本失败
========================================
✗ 翻译失败，跳过此行
✓ 已保存到文件: 578/4500 条

[579/4500] 翻译进度: 12.9%
藏语原文: ཏེ་སེའི་རི་པ་རྣམས་ཀྱིས་ཞུས་པ་ལྟར་འདུག་པ་དམ་པ་འདིས་...

开始翻译流程 (尝试 1/2):
========================================
步骤1: 输入藏语文本...
输入文本时出错: Message: tab crashed
  (Session info: chrome=143.0.7499.169)

✗ 输入文本失败

开始翻译流程 (尝试 2/2):
========================================
步骤1: 输入藏语文本...
输入文本时出错: Message: tab crashed
  (Session info: chrome=143.0.7499.169)

✗ 输入文本失败
========================================
✗ 翻译失败，跳过此行
✓ 已保存到文件: 579/4500 条

[580/4500] 翻译进度: 12.9%
藏语原文: རྗེ་ཉིད་མཁའ་འགྲོ་མ་གཉིས་ཀྱིས་སྤྱན་འདྲེན་པ་ལྟར་འདུག...

开始翻译流程 (尝试 1/2):
========================================
步骤1: 输入藏语文本...
输入文本时出错: Message: tab crashed
  (Session info: chrome=143.0.7499.169)

✗ 输入文本失败

开始翻译流程 (尝试 2/2):
========================================
步骤1: 输入藏语文本...
输入文本时出错: Message: tab crashed
  (Session info: chrome=143.0.7499.169)

✗ 输入文本失败
========================================
✗ 翻译失败，跳过此行
✓ 已保存到文件: 580/4500 条

[581/4500] 翻译进度: 12.9%
藏语原文: བདག་སྐུ་དྲུང་དུ་སླེབས་ཙ་ན་སྐུ་ཁམས་ཅུང་ཟད་དུབ་པ་ཞིག...

开始翻译流程 (尝试 1/2):
========================================
步骤1: 输入藏语文本...
输入文本时出错: Message: tab crashed
  (Session info: chrome=143.0.7499.169)

✗ 输入文本失败

开始翻译流程 (尝试 2/2):
========================================
步骤1: 输入藏语文本...
输入文本时出错: Message: tab crashed
  (Session info: chrome=143.0.7499.169)

✗ 输入文本失败
========================================
✗ 翻译失败，跳过此行
✓ 已保存到文件: 581/4500 条

[582/4500] 翻译进度: 12.9%
藏语原文: སྔ་གོང་མཇལ་མ་མྱོང་འདུག་ནའང་མཆོག་ཏུ་གུས་པ་ཆེན་པོས་ཡ...

开始翻译流程 (尝试 1/2):
========================================
步骤1: 输入藏语文本...
输入文本时出错: Message: tab crashed
  (Session info: chrome=143.0.7499.169)

✗ 输入文本失败

开始翻译流程 (尝试 2/2):
========================================
步骤1: 输入藏语文本...
输入文本时出错: Message: tab crashed
  (Session info: chrome=143.0.7499.169)

✗ 输入文本失败
========================================
✗ 翻译失败，跳过此行
✓ 已保存到文件: 582/4500 条

[583/4500] 翻译进度: 13.0%
藏语原文: དེ་རྡོ་ཞིག་ལ་འཕོག་ན་ཡང་དེ་བཞིན་འགྲོ་རྒྱུ་ཡིན་འདུག་...

开始翻译流程 (尝试 1/2):
========================================
步骤1: 输入藏语文本...
输入文本时出错: Message: tab crashed
  (Session info: chrome=143.0.7499.169)

✗ 输入文本失败

开始翻译流程 (尝试 2/2):
========================================
步骤1: 输入藏语文本...
输入文本时出错: Message: tab crashed
  (Session info: chrome=143.0.7499.169)

✗ 输入文本失败
========================================
✗ 翻译失败，跳过此行
✓ 已保存到文件: 583/4500 条

[584/4500] 翻译进度: 13.0%
藏语原文: ངོར་པ་མཁན་ཆེན་སྤྱན་འདྲེན་དགོས་འདུག་ཅིང་།

开始翻译流程 (尝试 1/2):
========================================
步骤1: 输入藏语文本...
输入文本时出错: Message: tab crashed
  (Session info: chrome=143.0.7499.169)

✗ 输入文本失败

开始翻译流程 (尝试 2/2):
========================================
步骤1: 输入藏语文本...
输入文本时出错: Message: tab crashed
  (Session info: chrome=143.0.7499.169)

✗ 输入文本失败
========================================
✗ 翻译失败，跳过此行
✓ 已保存到文件: 584/4500 条

[585/4500] 翻译进度: 13.0%
藏语原文: ཁོང་གསུམ་ག་ཞལ་འཆམ་འདུག་པས་ཕེབས་མ་ཐུབ་ཅིང་།

开始翻译流程 (尝试 1/2):
========================================
步骤1: 输入藏语文本...
输入文本时出错: Message: tab crashed
  (Session info: chrome=143.0.7499.169)

✗ 输入文本失败

开始翻译流程 (尝试 2/2):
========================================
步骤1: 输入藏语文本...
输入文本时出错: Message: tab crashed
  (Session info: chrome=143.0.7499.169)

✗ 输入文本失败
========================================
✗ 翻译失败，跳过此行
✓ 已保存到文件: 585/4500 条

[586/4500] 翻译进度: 13.0%
藏语原文: སྔ་སོར་ནོར་བུ་གླིང་དུ་བཞུགས་སྐབས་རྗེ་ཉིད་ཀྱི་མནལ་ལ...

开始翻译流程 (尝试 1/2):
========================================
步骤1: 输入藏语文本...
输入文本时出错: Message: tab crashed
  (Session info: chrome=143.0.7499.169)

✗ 输入文本失败

开始翻译流程 (尝试 2/2):
========================================
步骤1: 输入藏语文本...
输入文本时出错: Message: tab crashed
  (Session info: chrome=143.0.7499.169)

✗ 输入文本失败
========================================
✗ 翻译失败，跳过此行
✓ 已保存到文件: 586/4500 条

[587/4500] 翻译进度: 13.0%
藏语原文: ཁྱེད་རང་འཕྲལ་དུ་ཡོང་པའི་ཙབ་ཙོབ་མ་བྱེད།

开始翻译流程 (尝试 1/2):
========================================
步骤1: 输入藏语文本...
输入文本时出错: Message: tab crashed
  (Session info: chrome=143.0.7499.169)

✗ 输入文本失败

开始翻译流程 (尝试 2/2):
========================================
步骤1: 输入藏语文本...
输入文本时出错: Message: tab crashed
  (Session info: chrome=143.0.7499.169)

✗ 输入文本失败
========================================
✗ 翻译失败，跳过此行
✓ 已保存到文件: 587/4500 条

[588/4500] 翻译进度: 13.1%
藏语原文: གཙུག་ལག་ཁང་ཆེ་ཞིང་ཤིང་ཆ་བཟང་བསྒྲིགས་རང་དུ་འདུག་པས་...

开始翻译流程 (尝试 1/2):
========================================
步骤1: 输入藏语文本...
输入文本时出错: Message: tab crashed
  (Session info: chrome=143.0.7499.169)

✗ 输入文本失败

开始翻译流程 (尝试 2/2):
========================================
步骤1: 输入藏语文本...
输入文本时出错: Message: tab crashed
  (Session info: chrome=143.0.7499.169)

✗ 输入文本失败
========================================
✗ 翻译失败，跳过此行
✓ 已保存到文件: 588/4500 条

[589/4500] 翻译进度: 13.1%
藏语原文: གཞིས་ཀ་རིན་སྤུངས་ནས་སྤང་མཐིང་གཏོས་ཆེ་བ་འབུལ་བ་གནང་...

开始翻译流程 (尝试 1/2):
========================================
步骤1: 输入藏语文本...
输入文本时出错: Message: tab crashed
  (Session info: chrome=143.0.7499.169)

✗ 输入文本失败

开始翻译流程 (尝试 2/2):
========================================
步骤1: 输入藏语文本...
输入文本时出错: Message: tab crashed
  (Session info: chrome=143.0.7499.169)

✗ 输入文本失败
========================================
✗ 翻译失败，跳过此行
✓ 已保存到文件: 589/4500 条

[590/4500] 翻译进度: 13.1%
藏语原文: རྗེ་བཙུན་ཐམས་ཅད་མཁྱེན་པའི་སྐུ་སྐྱེ་བཅུ་གཅིག་དུས་ཀྱ...

开始翻译流程 (尝试 1/2):
========================================
步骤1: 输入藏语文本...
输入文本时出错: Message: tab crashed
  (Session info: chrome=143.0.7499.169)

✗ 输入文本失败

开始翻译流程 (尝试 2/2):
========================================
步骤1: 输入藏语文本...
输入文本时出错: Message: tab crashed
  (Session info: chrome=143.0.7499.169)

✗ 输入文本失败
========================================
✗ 翻译失败，跳过此行
✓ 已保存到文件: 590/4500 条

[591/4500] 翻译进度: 13.1%
藏语原文: དཔོན་ས་ཡུམ་ཞིང་བརྗེས་པའི་དགོངས་རྫོགས་སུ་འདུག་པས་ཟླ...

开始翻译流程 (尝试 1/2):
========================================
步骤1: 输入藏语文本...
输入文本时出错: Message: tab crashed
  (Session info: chrome=143.0.7499.169)

✗ 输入文本失败

开始翻译流程 (尝试 2/2):
========================================
步骤1: 输入藏语文本...
输入文本时出错: Message: tab crashed
  (Session info: chrome=143.0.7499.169)

✗ 输入文本失败
========================================
✗ 翻译失败，跳过此行
✓ 已保存到文件: 591/4500 条

[592/4500] 翻译进度: 13.2%
藏语原文: དེ་ནས་ཞག་གཉིས་ནས་ཕ་བོང་ཟུར་ཅན་ཞིག་འདུག་པ་དེ་ཐོན།

开始翻译流程 (尝试 1/2):
========================================
步骤1: 输入藏语文本...
输入文本时出错: Message: tab crashed
  (Session info: chrome=143.0.7499.169)

✗ 输入文本失败

开始翻译流程 (尝试 2/2):
========================================
步骤1: 输入藏语文本...
输入文本时出错: Message: tab crashed
  (Session info: chrome=143.0.7499.169)

✗ 输入文本失败
========================================
✗ 翻译失败，跳过此行
✓ 已保存到文件: 592/4500 条

[593/4500] 翻译进度: 13.2%
藏语原文: བཀའ་བཀོད་ལ་འདིའི་བསྙེན་པ་བྱེད་པ་འཕྱིས་འདུག་ཡང་ཡང་བ...

开始翻译流程 (尝试 1/2):
========================================
步骤1: 输入藏语文本...
输入文本时出错: Message: tab crashed
  (Session info: chrome=143.0.7499.169)

✗ 输入文本失败

开始翻译流程 (尝试 2/2):
========================================
步骤1: 输入藏语文本...
输入文本时出错: Message: tab crashed
  (Session info: chrome=143.0.7499.169)

✗ 输入文本失败
========================================
✗ 翻译失败，跳过此行
✓ 已保存到文件: 593/4500 条

[594/4500] 翻译进度: 13.2%
藏语原文: དེ་ནས་ཀྱང་སྒྲ་དེ་སྙན་ལམ་ན་ལྷང་ངེ་འདུག་གསུངས།

开始翻译流程 (尝试 1/2):
========================================
步骤1: 输入藏语文本...
输入文本时出错: Message: tab crashed
  (Session info: chrome=143.0.7499.169)

✗ 输入文本失败

开始翻译流程 (尝试 2/2):
========================================
步骤1: 输入藏语文本...
输入文本时出错: Message: tab crashed
  (Session info: chrome=143.0.7499.169)

✗ 输入文本失败
========================================
✗ 翻译失败，跳过此行
✓ 已保存到文件: 594/4500 条

[595/4500] 翻译进度: 13.2%
藏语原文: ཕྱིས་ཀྱི་ཡི་གེ་འཁྲུལ་འཁོར་ཉི་ཤུ་པ་དང་ཉེར་གཅིག་ཟེར་...

开始翻译流程 (尝试 1/2):
========================================
步骤1: 输入藏语文本...
输入文本时出错: Message: tab crashed
  (Session info: chrome=143.0.7499.169)

✗ 输入文本失败

开始翻译流程 (尝试 2/2):
========================================
步骤1: 输入藏语文本...
输入文本时出错: Message: tab crashed
  (Session info: chrome=143.0.7499.169)

✗ 输入文本失败
========================================
✗ 翻译失败，跳过此行
✓ 已保存到文件: 595/4500 条

[596/4500] 翻译进度: 13.2%
藏语原文: འདུག་སྟངས་ལྔ།

开始翻译流程 (尝试 1/2):
========================================
步骤1: 输入藏语文本...
输入文本时出错: Message: tab crashed
  (Session info: chrome=143.0.7499.169)

✗ 输入文本失败

开始翻译流程 (尝试 2/2):
========================================
步骤1: 输入藏语文本...
输入文本时出错: Message: tab crashed
  (Session info: chrome=143.0.7499.169)

✗ 输入文本失败
========================================
✗ 翻译失败，跳过此行
✓ 已保存到文件: 596/4500 条

[597/4500] 翻译进度: 13.3%
藏语原文: གཅེར་བུའི་འདུག་སྟངས།

开始翻译流程 (尝试 1/2):
========================================
步骤1: 输入藏语文本...
输入文本时出错: Message: tab crashed
  (Session info: chrome=143.0.7499.169)

✗ 输入文本失败

开始翻译流程 (尝试 2/2):
========================================
步骤1: 输入藏语文本...
输入文本时出错: Message: tab crashed
  (Session info: chrome=143.0.7499.169)

✗ 输入文本失败
========================================
✗ 翻译失败，跳过此行
✓ 已保存到文件: 597/4500 条

[598/4500] 翻译进度: 13.3%
藏语原文: ཙོག་བུར་འདུག་ནས་ལག་པ་བྲང་ལ་སྣོལ།

开始翻译流程 (尝试 1/2):
========================================
步骤1: 输入藏语文本...
输入文本时出错: Message: tab crashed
  (Session info: chrome=143.0.7499.169)

✗ 输入文本失败

开始翻译流程 (尝试 2/2):
========================================
步骤1: 输入藏语文本...
输入文本时出错: Message: tab crashed
  (Session info: chrome=143.0.7499.169)

✗ 输入文本失败
========================================
✗ 翻译失败，跳过此行
✓ 已保存到文件: 598/4500 条

[599/4500] 翻译进度: 13.3%
藏语原文: གྱད་སྟོབས་པོ་ཆེའི་འདུག་སྟངས།

开始翻译流程 (尝试 1/2):
========================================
步骤1: 输入藏语文本...
输入文本时出错: Message: tab crashed
  (Session info: chrome=143.0.7499.169)

✗ 输入文本失败

开始翻译流程 (尝试 2/2):
========================================
步骤1: 输入藏语文本...
输入文本时出错: Message: tab crashed
  (Session info: chrome=143.0.7499.169)

✗ 输入文本失败
========================================
✗ 翻译失败，跳过此行
✓ 已保存到文件: 599/4500 条

[600/4500] 翻译进度: 13.3%
藏语原文: སྒེགས་པོ་འགྱུར་བའི་འདུག་སྟངས་ལངས་ཏེ་ཡང་རྐང་ངར་ས་ལ་...

开始翻译流程 (尝试 1/2):
========================================
步骤1: 输入藏语文本...
输入文本时出错: Message: tab crashed
  (Session info: chrome=143.0.7499.169)

✗ 输入文本失败

开始翻译流程 (尝试 2/2):
========================================
步骤1: 输入藏语文本...
输入文本时出错: Message: tab crashed
  (Session info: chrome=143.0.7499.169)

✗ 输入文本失败
========================================
✗ 翻译失败，跳过此行
✓ 已保存到文件: 600/4500 条

[601/4500] 翻译进度: 13.4%
藏语原文: འདུག་སྟངས་དང་།

开始翻译流程 (尝试 1/2):
========================================
步骤1: 输入藏语文本...
输入文本时出错: Message: tab crashed
  (Session info: chrome=143.0.7499.169)

✗ 输入文本失败

开始翻译流程 (尝试 2/2):
========================================
步骤1: 输入藏语文本...
输入文本时出错: Message: tab crashed
  (Session info: chrome=143.0.7499.169)

✗ 输入文本失败
========================================
✗ 翻译失败，跳过此行
✓ 已保存到文件: 601/4500 条

[602/4500] 翻译进度: 13.4%
藏语原文: སྤྱོད་ལམ་བཏང་སྙོམས་སུ་འདུག་པ་དང་།

开始翻译流程 (尝试 1/2):
========================================
步骤1: 输入藏语文本...
输入文本时出错: Message: tab crashed
  (Session info: chrome=143.0.7499.169)

✗ 输入文本失败

开始翻译流程 (尝试 2/2):
========================================
步骤1: 输入藏语文本...
输入文本时出错: Message: tab crashed
  (Session info: chrome=143.0.7499.169)

✗ 输入文本失败
========================================
✗ 翻译失败，跳过此行
✓ 已保存到文件: 602/4500 条

[603/4500] 翻译进度: 13.4%
藏语原文: འོ་མར་བཙོས་པ་མུར་ཅི་བདེར་འདུག་པ་ཞག་ལྔའམ།

开始翻译流程 (尝试 1/2):
========================================
步骤1: 输入藏语文本...
输入文本时出错: Message: tab crashed
  (Session info: chrome=143.0.7499.169)

✗ 输入文本失败

开始翻译流程 (尝试 2/2):
========================================
步骤1: 输入藏语文本...
输入文本时出错: Message: tab crashed
  (Session info: chrome=143.0.7499.169)

✗ 输入文本失败
========================================
✗ 翻译失败，跳过此行
✓ 已保存到文件: 603/4500 条

[604/4500] 翻译进度: 13.4%
藏语原文: ར་ཧུ་ལ་པ་ནི་དུར་ཁྲོད་དུ་འདུག་ཅིང་སྐུ་ཤ་སྔོ་སངས་ཡིད...

开始翻译流程 (尝试 1/2):
========================================
步骤1: 输入藏语文本...
输入文本时出错: Message: tab crashed
  (Session info: chrome=143.0.7499.169)

✗ 输入文本失败

开始翻译流程 (尝试 2/2):
========================================
步骤1: 输入藏语文本...
输入文本时出错: Message: tab crashed
  (Session info: chrome=143.0.7499.169)

✗ 输入文本失败
========================================
✗ 翻译失败，跳过此行
✓ 已保存到文件: 604/4500 条

[605/4500] 翻译进度: 13.4%
藏语原文: ཁོ་རང་བྲམ་ཟེ་གཞོན་ནུའི་ཆ་བྱད་ཅན།

开始翻译流程 (尝试 1/2):
========================================
步骤1: 输入藏语文本...
输入文本时出错: Message: tab crashed
  (Session info: chrome=143.0.7499.169)

✗ 输入文本失败

开始翻译流程 (尝试 2/2):
========================================
步骤1: 输入藏语文本...
输入文本时出错: Message: tab crashed
  (Session info: chrome=143.0.7499.169)

✗ 输入文本失败
========================================
✗ 翻译失败，跳过此行
✓ 已保存到文件: 605/4500 条

[606/4500] 翻译进度: 13.5%
藏语原文: ཁོ་རང་བྲམ་ཟེའི་ཆ་བྱད་ཅན་དུ་འབྲི།

开始翻译流程 (尝试 1/2):
========================================
步骤1: 输入藏语文本...
输入文本时出错: Message: tab crashed
  (Session info: chrome=143.0.7499.169)

✗ 输入文本失败

开始翻译流程 (尝试 2/2):
========================================
步骤1: 输入藏语文本...
输入文本时出错: Message: tab crashed
  (Session info: chrome=143.0.7499.169)

✗ 输入文本失败
========================================
✗ 翻译失败，跳过此行
✓ 已保存到文件: 606/4500 条

[607/4500] 翻译进度: 13.5%
藏语原文: གཞན་ཁྱེད་རང་ལུས་ཐང་ཤ་བཅད་དེ་ཉྭ་བཞི་སྒྲིམས་མིག་གྱེན...

开始翻译流程 (尝试 1/2):
========================================
步骤1: 输入藏语文本...
输入文本时出错: Message: tab crashed
  (Session info: chrome=143.0.7499.169)

✗ 输入文本失败

开始翻译流程 (尝试 2/2):
========================================
步骤1: 输入藏语文本...
输入文本时出错: Message: tab crashed
  (Session info: chrome=143.0.7499.169)

✗ 输入文本失败
========================================
✗ 翻译失败，跳过此行
✓ 已保存到文件: 607/4500 条

[608/4500] 翻译进度: 13.5%
藏语原文: ཁྱེད་རང་ལ་བྱིན་གྱིས་རློབས་པའི་ཚུལ་དུ་བཞུགས་སྙམ་གྱི...

开始翻译流程 (尝试 1/2):
========================================
步骤1: 输入藏语文本...
输入文本时出错: Message: tab crashed
  (Session info: chrome=143.0.7499.169)

✗ 输入文本失败

开始翻译流程 (尝试 2/2):
========================================
步骤1: 输入藏语文本...
输入文本时出错: Message: tab crashed
  (Session info: chrome=143.0.7499.169)

✗ 输入文本失败
========================================
✗ 翻译失败，跳过此行
✓ 已保存到文件: 608/4500 条

[609/4500] 翻译进度: 13.5%
藏语原文: འཇིགས་མེད་གྲུབ་པ་སོགས་འགྱུར་མི་གཅིག་པ་མང་པོ་བྱུང་འ...

开始翻译流程 (尝试 1/2):
========================================
步骤1: 输入藏语文本...
输入文本时出错: Message: tab crashed
  (Session info: chrome=143.0.7499.169)

✗ 输入文本失败

开始翻译流程 (尝试 2/2):
========================================
步骤1: 输入藏语文本...
输入文本时出错: Message: tab crashed
  (Session info: chrome=143.0.7499.169)

✗ 输入文本失败
========================================
✗ 翻译失败，跳过此行
✓ 已保存到文件: 609/4500 条

[610/4500] 翻译进度: 13.6%
藏语原文: སྟན་བདེ་བ་ལ་འདུག་མདུན་དུ་བྲིས་སྐུའི།

开始翻译流程 (尝试 1/2):
========================================
步骤1: 输入藏语文本...
输入文本时出错: Message: tab crashed
  (Session info: chrome=143.0.7499.169)

✗ 输入文本失败

开始翻译流程 (尝试 2/2):
========================================
步骤1: 输入藏语文本...
输入文本时出错: Message: tab crashed
  (Session info: chrome=143.0.7499.169)

✗ 输入文本失败
========================================
✗ 翻译失败，跳过此行
✓ 已保存到文件: 610/4500 条

[611/4500] 翻译进度: 13.6%
藏语原文: ཡང་རང་ཉིད་ལ་ནང་མཆོད་གཏོར་ཏེ།

开始翻译流程 (尝试 1/2):
========================================
步骤1: 输入藏语文本...
输入文本时出错: Message: tab crashed
  (Session info: chrome=143.0.7499.169)

✗ 输入文本失败

开始翻译流程 (尝试 2/2):
========================================
步骤1: 输入藏语文本...
输入文本时出错: Message: tab crashed
  (Session info: chrome=143.0.7499.169)

✗ 输入文本失败
========================================
✗ 翻译失败，跳过此行
✓ 已保存到文件: 611/4500 条

[612/4500] 翻译进度: 13.6%
藏语原文: གཡས་ལ་ཨོཾ་བཛྲ་བེ་རོ་ཙ་ན་ཡེ་ཧཱུཾ་ཕཊ་བརྩེགས་མའོ།

开始翻译流程 (尝试 1/2):
========================================
步骤1: 输入藏语文本...
输入文本时出错: Message: tab crashed
  (Session info: chrome=143.0.7499.169)

✗ 输入文本失败

开始翻译流程 (尝试 2/2):
========================================
步骤1: 输入藏语文本...
输入文本时出错: Message: tab crashed
  (Session info: chrome=143.0.7499.169)

✗ 输入文本失败
========================================
✗ 翻译失败，跳过此行
✓ 已保存到文件: 612/4500 条

[613/4500] 翻译进度: 13.6%
藏语原文: ཨོཾ་བཛྲ་བེ་རོ་ཙ་ནཱ་ཡེ་ཧཱུཾ་ཧཱུཾ་ཧཱུཾ་ཕཊ་ཕཊ་ཕཊ་སྭཱཧ...

开始翻译流程 (尝试 1/2):
========================================
步骤1: 输入藏语文本...
输入文本时出错: Message: tab crashed
  (Session info: chrome=143.0.7499.169)

✗ 输入文本失败

开始翻译流程 (尝试 2/2):
========================================
步骤1: 输入藏语文本...
输入文本时出错: Message: tab crashed
  (Session info: chrome=143.0.7499.169)

✗ 输入文本失败
========================================
✗ 翻译失败，跳过此行
✓ 已保存到文件: 613/4500 条

[614/4500] 翻译进度: 13.6%
藏语原文: འདི་ཁོ་ནས་རྐང་ཚུགས་པར་འདུག།

开始翻译流程 (尝试 1/2):
========================================
步骤1: 输入藏语文本...
输入文本时出错: Message: tab crashed
  (Session info: chrome=143.0.7499.169)

✗ 输入文本失败

开始翻译流程 (尝试 2/2):
========================================
步骤1: 输入藏语文本...
输入文本时出错: Message: tab crashed
  (Session info: chrome=143.0.7499.169)

✗ 输入文本失败
========================================
✗ 翻译失败，跳过此行
✓ 已保存到文件: 614/4500 条

[615/4500] 翻译进度: 13.7%
藏语原文: བརྒྱ་ཉི་ཤུ་ལ་སོགས་པའི་སྤྲོས་པ་ཅན་ཡང་བྱུང་འདུག་ལ་ཐོ...

开始翻译流程 (尝试 1/2):
========================================
步骤1: 输入藏语文本...
输入文本时出错: Message: tab crashed
  (Session info: chrome=143.0.7499.169)

✗ 输入文本失败

开始翻译流程 (尝试 2/2):
========================================
步骤1: 输入藏语文本...
输入文本时出错: Message: tab crashed
  (Session info: chrome=143.0.7499.169)

✗ 输入文本失败
========================================
✗ 翻译失败，跳过此行
✓ 已保存到文件: 615/4500 条

[616/4500] 翻译进度: 13.7%
藏语原文: འདི་ལ་སྔོན་ཆད་འཁྲིད་ཡིག་ཞལ་གསལ་ཅན་ཡི་གེར་འཁོད་པ་མི...

开始翻译流程 (尝试 1/2):
========================================
步骤1: 输入藏语文本...
输入文本时出错: Message: tab crashed
  (Session info: chrome=143.0.7499.169)

✗ 输入文本失败

开始翻译流程 (尝试 2/2):
========================================
步骤1: 输入藏语文本...
输入文本时出错: Message: tab crashed
  (Session info: chrome=143.0.7499.169)

✗ 输入文本失败
========================================
✗ 翻译失败，跳过此行
✓ 已保存到文件: 616/4500 条

[617/4500] 翻译进度: 13.7%
藏语原文: བནྡྷ་འགྲེམས་པའང་རང་སྒྲ་ཡོད།

开始翻译流程 (尝试 1/2):
========================================
步骤1: 输入藏语文本...
输入文本时出错: Message: tab crashed
  (Session info: chrome=143.0.7499.169)

✗ 输入文本失败

开始翻译流程 (尝试 2/2):
========================================
步骤1: 输入藏语文本...
输入文本时出错: Message: tab crashed
  (Session info: chrome=143.0.7499.169)

✗ 输入文本失败
========================================
✗ 翻译失败，跳过此行
✓ 已保存到文件: 617/4500 条

[618/4500] 翻译进度: 13.7%
藏语原文: དེ་དག་ཀྱང་རང་བཞིན་དང་ལམ་གྱིས་དག་པའོ།

开始翻译流程 (尝试 1/2):
========================================
步骤1: 输入藏语文本...
输入文本时出错: Message: tab crashed
  (Session info: chrome=143.0.7499.169)

✗ 输入文本失败

开始翻译流程 (尝试 2/2):
========================================
步骤1: 输入藏语文本...
输入文本时出错: Message: tab crashed
  (Session info: chrome=143.0.7499.169)

✗ 输入文本失败
========================================
✗ 翻译失败，跳过此行
✓ 已保存到文件: 618/4500 条

[619/4500] 翻译进度: 13.8%
藏语原文: ཟས་ཟ་ན་ཡང་རང་བབས་ཀྱི་ངང་ནས་ཟ།

开始翻译流程 (尝试 1/2):
========================================
步骤1: 输入藏语文本...
输入文本时出错: Message: tab crashed
  (Session info: chrome=143.0.7499.169)

✗ 输入文本失败

开始翻译流程 (尝试 2/2):
========================================
步骤1: 输入藏语文本...
输入文本时出错: Message: tab crashed
  (Session info: chrome=143.0.7499.169)

✗ 输入文本失败
========================================
✗ 翻译失败，跳过此行
✓ 已保存到文件: 619/4500 条

[620/4500] 翻译进度: 13.8%
藏语原文: གཏམ་སྨྲ་ན་ཡང་རང་བབས་ཀྱིས་ངང་ནས་མ་བྲལ་བར་བྱ་སྟེ།

开始翻译流程 (尝试 1/2):
========================================
步骤1: 输入藏语文本...
输入文本时出错: Message: tab crashed
  (Session info: chrome=143.0.7499.169)

✗ 输入文本失败

开始翻译流程 (尝试 2/2):
========================================
步骤1: 输入藏语文本...
输入文本时出错: Message: tab crashed
  (Session info: chrome=143.0.7499.169)

✗ 输入文本失败
========================================
✗ 翻译失败，跳过此行
✓ 已保存到文件: 620/4500 条

[621/4500] 翻译进度: 13.8%
藏语原文: སེམས་རྟོག་མེད་ཁོ་ན་ལ་བལྟས་ནས་སྐྱེ་འགག་གཏན་མི་བྱེད་...

开始翻译流程 (尝试 1/2):
========================================
步骤1: 输入藏语文本...
输入文本时出错: Message: tab crashed
  (Session info: chrome=143.0.7499.169)

✗ 输入文本失败

开始翻译流程 (尝试 2/2):
========================================
步骤1: 输入藏语文本...
输入文本时出错: Message: tab crashed
  (Session info: chrome=143.0.7499.169)

✗ 输入文本失败
========================================
✗ 翻译失败，跳过此行
✓ 已保存到文件: 621/4500 条

[622/4500] 翻译进度: 13.8%
藏语原文: སྐྱེ་འགག་བྱེད་ན་ཇི་ལྟར་སྐྱེ་ཡིན་འདུག།

开始翻译流程 (尝试 1/2):
========================================
步骤1: 输入藏语文本...
输入文本时出错: Message: tab crashed
  (Session info: chrome=143.0.7499.169)

✗ 输入文本失败

开始翻译流程 (尝试 2/2):
========================================
步骤1: 输入藏语文本...
输入文本时出错: Message: tab crashed
  (Session info: chrome=143.0.7499.169)

✗ 输入文本失败
========================================
✗ 翻译失败，跳过此行
✓ 已保存到文件: 622/4500 条

[623/4500] 翻译进度: 13.8%
藏语原文: ཕྱི་ནང་གང་ན་འདུག།

开始翻译流程 (尝试 1/2):
========================================
步骤1: 输入藏语文本...
输入文本时出错: Message: tab crashed
  (Session info: chrome=143.0.7499.169)

✗ 输入文本失败

开始翻译流程 (尝试 2/2):
========================================
步骤1: 输入藏语文本...
输入文本时出错: Message: tab crashed
  (Session info: chrome=143.0.7499.169)

✗ 输入文本失败
========================================
✗ 翻译失败，跳过此行
✓ 已保存到文件: 623/4500 条

[624/4500] 翻译进度: 13.9%
藏语原文: ཐ་དད་ཁྱད་ཅི་འདུག་ཞིབ་ཏུ་དཔྱད།

开始翻译流程 (尝试 1/2):
========================================
步骤1: 输入藏语文本...
输入文本时出错: Message: tab crashed
  (Session info: chrome=143.0.7499.169)

✗ 输入文本失败

开始翻译流程 (尝试 2/2):
========================================
步骤1: 输入藏语文本...
输入文本时出错: Message: tab crashed
  (Session info: chrome=143.0.7499.169)

✗ 输入文本失败
========================================
✗ 翻译失败，跳过此行
✓ 已保存到文件: 624/4500 条

[625/4500] 翻译进度: 13.9%
藏语原文: སྐྱེས་ནས་མ་འགགས་པའི་སྐབས་ཡོད་ལུགས་ག་འདྲ་ཞིག་འདུག།

开始翻译流程 (尝试 1/2):
========================================
步骤1: 输入藏语文本...
输入文本时出错: Message: tab crashed
  (Session info: chrome=143.0.7499.169)

✗ 输入文本失败

开始翻译流程 (尝试 2/2):
========================================
步骤1: 输入藏语文本...
输入文本时出错: Message: tab crashed
  (Session info: chrome=143.0.7499.169)

✗ 输入文本失败
========================================
✗ 翻译失败，跳过此行
✓ 已保存到文件: 625/4500 条

[626/4500] 翻译进度: 13.9%
藏语原文: འགག་ཙ་ན་འགག་ལུགས་ཅི་འདྲ་ཞིག་འདུག་ཞིབ་ཏུ་བརྟགས་ཏེ།

开始翻译流程 (尝试 1/2):
========================================
步骤1: 输入藏语文本...
输入文本时出错: Message: tab crashed
  (Session info: chrome=143.0.7499.169)

✗ 输入文本失败

开始翻译流程 (尝试 2/2):
========================================
步骤1: 输入藏语文本...
输入文本时出错: Message: tab crashed
  (Session info: chrome=143.0.7499.169)

✗ 输入文本失败
========================================
✗ 翻译失败，跳过此行
✓ 已保存到文件: 626/4500 条

[627/4500] 翻译进度: 13.9%
藏语原文: དེ་ལ་གནས་འགྱུ་ཐམས་ཅད་རང་ངོ་ཤེས་ཙམ་ན་རང་བཞིན་སྟོང་ག...

开始翻译流程 (尝试 1/2):
========================================
步骤1: 输入藏语文本...
输入文本时出错: Message: tab crashed
  (Session info: chrome=143.0.7499.169)

✗ 输入文本失败

开始翻译流程 (尝试 2/2):
========================================
步骤1: 输入藏语文本...
输入文本时出错: Message: tab crashed
  (Session info: chrome=143.0.7499.169)

✗ 输入文本失败
========================================
✗ 翻译失败，跳过此行
✓ 已保存到文件: 627/4500 条

[628/4500] 翻译进度: 14.0%
藏语原文: རང་སེམས་ཀྱི་ངོ་བོ་ལའང་ཁྱད་མི་འདུག་པས་ལས་འབྲས་སྤང་བ...

开始翻译流程 (尝试 1/2):
========================================
步骤1: 输入藏语文本...
输入文本时出错: Message: tab crashed
  (Session info: chrome=143.0.7499.169)

✗ 输入文本失败

开始翻译流程 (尝试 2/2):
========================================
步骤1: 输入藏语文本...
输入文本时出错: Message: tab crashed
  (Session info: chrome=143.0.7499.169)

✗ 输入文本失败
========================================
✗ 翻译失败，跳过此行
✓ 已保存到文件: 628/4500 条

[629/4500] 翻译进度: 14.0%
藏语原文: སྡུག་བསྔལ་དེ་ཡང་ཟད་མི་ཤེས་ཤིང་ཐར་བར་དཀའ་བ་རྒྱ་མཚོ་...

开始翻译流程 (尝试 1/2):
========================================
步骤1: 输入藏语文本...
输入文本时出错: Message: tab crashed
  (Session info: chrome=143.0.7499.169)

✗ 输入文本失败

开始翻译流程 (尝试 2/2):
========================================
步骤1: 输入藏语文本...
输入文本时出错: Message: tab crashed
  (Session info: chrome=143.0.7499.169)

✗ 输入文本失败
========================================
✗ 翻译失败，跳过此行
✓ 已保存到文件: 629/4500 条

[630/4500] 翻译进度: 14.0%
藏语原文: ངེས་པར་ཐར་དགོས་པར་འདུག།

开始翻译流程 (尝试 1/2):
========================================
步骤1: 输入藏语文本...
输入文本时出错: Message: tab crashed
  (Session info: chrome=143.0.7499.169)

✗ 输入文本失败

开始翻译流程 (尝试 2/2):
========================================
步骤1: 输入藏语文本...
输入文本时出错: Message: tab crashed
  (Session info: chrome=143.0.7499.169)

✗ 输入文本失败
========================================
✗ 翻译失败，跳过此行
✓ 已保存到文件: 630/4500 条

[631/4500] 翻译进度: 14.0%
藏语原文: ཨོཾ་བཛྲ་བེ་རོ་ཙ་ན་ཡེ་ཧཱུཾ་ཧཱུཾ་ཕཊ་སྭཱཧཱ།

开始翻译流程 (尝试 1/2):
========================================
步骤1: 输入藏语文本...
输入文本时出错: Message: tab crashed
  (Session info: chrome=143.0.7499.169)

✗ 输入文本失败

开始翻译流程 (尝试 2/2):
========================================
步骤1: 输入藏语文本...
输入文本时出错: Message: tab crashed
  (Session info: chrome=143.0.7499.169)

✗ 输入文本失败
========================================
✗ 翻译失败，跳过此行
✓ 已保存到文件: 631/4500 条

[632/4500] 翻译进度: 14.0%
藏语原文: བཛྲ་ཝརྞཱ་ནི་ཡེ་བཛྲ་བེ་རོ་ཙ་ནཱི་ཡེ་ཧཱུཾ་ཧཱུཾ་ཧཱུཾ་ཕ...

开始翻译流程 (尝试 1/2):
========================================
步骤1: 输入藏语文本...
输入文本时出错: Message: tab crashed
  (Session info: chrome=143.0.7499.169)

✗ 输入文本失败

开始翻译流程 (尝试 2/2):
========================================
步骤1: 输入藏语文本...
输入文本时出错: Message: tab crashed
  (Session info: chrome=143.0.7499.169)

✗ 输入文本失败
========================================
✗ 翻译失败，跳过此行
✓ 已保存到文件: 632/4500 条

[633/4500] 翻译进度: 14.1%
藏语原文: ཁྱེད་རང་རྣམས་ལྷ་སྐུ་ཡབ་ཡུམ་ཞལ་སྦྱོར་གྱིས་རྣམ་པར་གན...

开始翻译流程 (尝试 1/2):
========================================
步骤1: 输入藏语文本...
输入文本时出错: Message: tab crashed
  (Session info: chrome=143.0.7499.169)

✗ 输入文本失败

开始翻译流程 (尝试 2/2):
========================================
步骤1: 输入藏语文本...
输入文本时出错: Message: tab crashed
  (Session info: chrome=143.0.7499.169)

✗ 输入文本失败
========================================
✗ 翻译失败，跳过此行
✓ 已保存到文件: 633/4500 条

[634/4500] 翻译进度: 14.1%
藏语原文: ཁྱེད་རང་རྣམས་ཀྱི་སྤྱི་བོར་ཨོཾ་དཀར་པོ་དེ་ལས་འོད་ཟེར...

开始翻译流程 (尝试 1/2):
========================================
步骤1: 输入藏语文本...
输入文本时出错: Message: tab crashed
  (Session info: chrome=143.0.7499.169)

✗ 输入文本失败

开始翻译流程 (尝试 2/2):
========================================
步骤1: 输入藏语文本...
输入文本时出错: Message: tab crashed
  (Session info: chrome=143.0.7499.169)

✗ 输入文本失败
========================================
✗ 翻译失败，跳过此行
✓ 已保存到文件: 634/4500 条

[635/4500] 翻译进度: 14.1%
藏语原文: དེའི་འོད་ཀྱིས་ལུས་གང་བས་ཁྱེད་རང་རྣམས་ཀྱི་ལུས་ཀྱང་འ...

开始翻译流程 (尝试 1/2):
========================================
步骤1: 输入藏语文本...
输入文本时出错: Message: tab crashed
  (Session info: chrome=143.0.7499.169)

✗ 输入文本失败

开始翻译流程 (尝试 2/2):
========================================
步骤1: 输入藏语文本...
输入文本时出错: Message: tab crashed
  (Session info: chrome=143.0.7499.169)

✗ 输入文本失败
========================================
✗ 翻译失败，跳过此行
✓ 已保存到文件: 635/4500 条

[636/4500] 翻译进度: 14.1%
藏语原文: ཁྱེད་རང་རྣམས་ཀྱི་མགྲིན་པར་ཨཱ་དམར་པོ་དེ་ལས་འོད་ཟེར་...

开始翻译流程 (尝试 1/2):
========================================
步骤1: 输入藏语文本...
输入文本时出错: Message: tab crashed
  (Session info: chrome=143.0.7499.169)

✗ 输入文本失败

开始翻译流程 (尝试 2/2):
========================================
步骤1: 输入藏语文本...
输入文本时出错: Message: tab crashed
  (Session info: chrome=143.0.7499.169)

✗ 输入文本失败
========================================
✗ 翻译失败，跳过此行
✓ 已保存到文件: 636/4500 条

[637/4500] 翻译进度: 14.2%
藏语原文: དེའི་འོད་ཀྱིས་ལུས་གང་བས་ཁྱེད་རང་རྣམས་ཀྱི་ལུས་ཀྱང་འ...

开始翻译流程 (尝试 1/2):
========================================
步骤1: 输入藏语文本...
输入文本时出错: Message: tab crashed
  (Session info: chrome=143.0.7499.169)

✗ 输入文本失败

开始翻译流程 (尝试 2/2):
========================================
步骤1: 输入藏语文本...
输入文本时出错: Message: tab crashed
  (Session info: chrome=143.0.7499.169)

✗ 输入文本失败
========================================
✗ 翻译失败，跳过此行
✓ 已保存到文件: 637/4500 条

[638/4500] 翻译进度: 14.2%
藏语原文: ཁྱེད་རང་རྣམས་ཀྱི་ལུས་ཀྱང་འོད་སྔོན་པོའི་ངོ་བོར་ལྡེམ...

开始翻译流程 (尝试 1/2):
========================================
步骤1: 输入藏语文本...
输入文本时出错: Message: tab crashed
  (Session info: chrome=143.0.7499.169)

✗ 输入文本失败

开始翻译流程 (尝试 2/2):
========================================
步骤1: 输入藏语文本...
输入文本时出错: Message: tab crashed
  (Session info: chrome=143.0.7499.169)

✗ 输入文本失败
========================================
✗ 翻译失败，跳过此行
✓ 已保存到文件: 638/4500 条

[639/4500] 翻译进度: 14.2%
藏语原文: ཁྱེད་རང་རྣམས་ཀྱི་ལྟེ་བར་ཏྲཾ་སེར་པོ་དེ་ལས་འོད་ཟེར་ས...

开始翻译流程 (尝试 1/2):
========================================
步骤1: 输入藏语文本...
输入文本时出错: Message: tab crashed
  (Session info: chrome=143.0.7499.169)

✗ 输入文本失败

开始翻译流程 (尝试 2/2):
========================================
步骤1: 输入藏语文本...
输入文本时出错: Message: tab crashed
  (Session info: chrome=143.0.7499.169)

✗ 输入文本失败
========================================
✗ 翻译失败，跳过此行
✓ 已保存到文件: 639/4500 条

[640/4500] 翻译进度: 14.2%
藏语原文: ཁྱེད་རང་རྣམས་ཀྱི་ལུས་ཀྱང་འོད་སེར་པོའི་ངོ་བོར་ལྡེམ་...

开始翻译流程 (尝试 1/2):
========================================
步骤1: 输入藏语文本...
输入文本时出错: Message: tab crashed
  (Session info: chrome=143.0.7499.169)

✗ 输入文本失败

开始翻译流程 (尝试 2/2):
========================================
步骤1: 输入藏语文本...
输入文本时出错: Message: tab crashed
  (Session info: chrome=143.0.7499.169)

✗ 输入文本失败
========================================
✗ 翻译失败，跳过此行
✓ 已保存到文件: 640/4500 条

[641/4500] 翻译进度: 14.2%
藏语原文: ཁྱེད་རང་རྣམས་ཀྱི་སྤྱི་བོར་ཨ་ལྗང་ཁུ་དེ་ལས་འོད་ཟེར་ལ...

开始翻译流程 (尝试 1/2):
========================================
步骤1: 输入藏语文本...
输入文本时出错: Message: tab crashed
  (Session info: chrome=143.0.7499.169)

✗ 输入文本失败

开始翻译流程 (尝试 2/2):
========================================
步骤1: 输入藏语文本...
输入文本时出错: Message: tab crashed
  (Session info: chrome=143.0.7499.169)

✗ 输入文本失败
========================================
✗ 翻译失败，跳过此行
✓ 已保存到文件: 641/4500 条

[642/4500] 翻译进度: 14.3%
藏语原文: དེ་ལྟར་ན་ཁྱེད་རང་རྣམས་ཀྱི་སེམས་ཉིད་དྭངས་མ་ཡེ་ཤེས་ལ...

开始翻译流程 (尝试 1/2):
========================================
步骤1: 输入藏语文本...
输入文本时出错: Message: tab crashed
  (Session info: chrome=143.0.7499.169)

✗ 输入文本失败

开始翻译流程 (尝试 2/2):
========================================
步骤1: 输入藏语文本...
输入文本时出错: Message: tab crashed
  (Session info: chrome=143.0.7499.169)

✗ 输入文本失败
========================================
✗ 翻译失败，跳过此行
✓ 已保存到文件: 642/4500 条

[643/4500] 翻译进度: 14.3%
藏语原文: ཁྱེད་རང་རྣམས་ཀྱི་སྨིན་ཕྲག་ཏུ་ཐིམ།

开始翻译流程 (尝试 1/2):
========================================
步骤1: 输入藏语文本...
输入文本时出错: Message: tab crashed
  (Session info: chrome=143.0.7499.169)

✗ 输入文本失败

开始翻译流程 (尝试 2/2):
========================================
步骤1: 输入藏语文本...
输入文本时出错: Message: tab crashed
  (Session info: chrome=143.0.7499.169)

✗ 输入文本失败
========================================
✗ 翻译失败，跳过此行
✓ 已保存到文件: 643/4500 条

[644/4500] 翻译进度: 14.3%
藏语原文: ལུས་ཀྱི་སྡིག་སྒྲིབ་དག་ཁྱེད་རང་རྣམས་ཀྱི་ལུས་ལྷ་སྐུ་...

开始翻译流程 (尝试 1/2):
========================================
步骤1: 输入藏语文本...
输入文本时出错: Message: tab crashed
  (Session info: chrome=143.0.7499.169)

✗ 输入文本失败

开始翻译流程 (尝试 2/2):
========================================
步骤1: 输入藏语文本...
输入文本时出错: Message: tab crashed
  (Session info: chrome=143.0.7499.169)

✗ 输入文本失败
========================================
✗ 翻译失败，跳过此行
✓ 已保存到文件: 644/4500 条

[645/4500] 翻译进度: 14.3%
藏语原文: ཁྱེད་རང་རྣམས་ཀྱི་ལྕེ་ལ་ཐིམ་པས།

开始翻译流程 (尝试 1/2):
========================================
步骤1: 输入藏语文本...
输入文本时出错: Message: tab crashed
  (Session info: chrome=143.0.7499.169)

✗ 输入文本失败

开始翻译流程 (尝试 2/2):
========================================
步骤1: 输入藏语文本...
输入文本时出错: Message: tab crashed
  (Session info: chrome=143.0.7499.169)

✗ 输入文本失败
========================================
✗ 翻译失败，跳过此行
✓ 已保存到文件: 645/4500 条

[646/4500] 翻译进度: 14.4%
藏语原文: ཁྱེད་རང་རྣམས་ཀྱི་ལུས་སེམས་ཁོང་ཀློད་ལ་གཤིས་ཅིར་ཡང་མ...

开始翻译流程 (尝试 1/2):
========================================
步骤1: 输入藏语文本...
输入文本时出错: Message: tab crashed
  (Session info: chrome=143.0.7499.169)

✗ 输入文本失败

开始翻译流程 (尝试 2/2):
========================================
步骤1: 输入藏语文本...
输入文本时出错: Message: tab crashed
  (Session info: chrome=143.0.7499.169)

✗ 输入文本失败
========================================
✗ 翻译失败，跳过此行
✓ 已保存到文件: 646/4500 条

[647/4500] 翻译进度: 14.4%
藏语原文: ཐམས་ཅད་འོད་དུ་ལྡེམ་ལྡེམ་འདུག་པ་ལ།

开始翻译流程 (尝试 1/2):
========================================
步骤1: 输入藏语文本...
输入文本时出错: Message: tab crashed
  (Session info: chrome=143.0.7499.169)

✗ 输入文本失败

开始翻译流程 (尝试 2/2):
========================================
步骤1: 输入藏语文本...
输入文本时出错: Message: tab crashed
  (Session info: chrome=143.0.7499.169)

✗ 输入文本失败
========================================
✗ 翻译失败，跳过此行
✓ 已保存到文件: 647/4500 条

[648/4500] 翻译进度: 14.4%
藏语原文: ཡང་ཁྱེད་རང་རྣམས་ལྷ་སྐུར་གསལ་བའི་ལུས་ཀྱི་དབུས་སུ།

开始翻译流程 (尝试 1/2):
========================================
步骤1: 输入藏语文本...
输入文本时出错: Message: tab crashed
  (Session info: chrome=143.0.7499.169)

✗ 输入文本失败

开始翻译流程 (尝试 2/2):
========================================
步骤1: 输入藏语文本...
输入文本时出错: Message: tab crashed
  (Session info: chrome=143.0.7499.169)

✗ 输入文本失败
========================================
✗ 翻译失败，跳过此行
✓ 已保存到文件: 648/4500 条

[649/4500] 翻译进度: 14.4%
藏语原文: ཡང་ཁྱེད་རང་རྣམས་བདེ་མཆོག་ལྷན་ཅིག་སྐྱེས་པའི་སྐུ་འཇའ...

开始翻译流程 (尝试 1/2):
========================================
步骤1: 输入藏语文本...
输入文本时出错: Message: tab crashed
  (Session info: chrome=143.0.7499.169)

✗ 输入文本失败

开始翻译流程 (尝试 2/2):
========================================
步骤1: 输入藏语文本...
输入文本时出错: Message: tab crashed
  (Session info: chrome=143.0.7499.169)

✗ 输入文本失败
========================================
✗ 翻译失败，跳过此行
✓ 已保存到文件: 649/4500 条

[650/4500] 翻译进度: 14.4%
藏语原文: ཐ་དད་དུ་འདུག།

开始翻译流程 (尝试 1/2):
========================================
步骤1: 输入藏语文本...
输入文本时出错: Message: tab crashed
  (Session info: chrome=143.0.7499.169)

✗ 输入文本失败

开始翻译流程 (尝试 2/2):
========================================
步骤1: 输入藏语文本...
输入文本时出错: Message: tab crashed
  (Session info: chrome=143.0.7499.169)

✗ 输入文本失败
========================================
✗ 翻译失败，跳过此行
✓ 已保存到文件: 650/4500 条

[651/4500] 翻译进度: 14.5%
藏语原文: གཟུགས་སུ་འདུག་གམ།

开始翻译流程 (尝试 1/2):
========================================
步骤1: 输入藏语文本...
输入文本时出错: Message: tab crashed
  (Session info: chrome=143.0.7499.169)

✗ 输入文本失败

开始翻译流程 (尝试 2/2):
========================================
步骤1: 输入藏语文本...
输入文本时出错: Message: tab crashed
  (Session info: chrome=143.0.7499.169)

✗ 输入文本失败
========================================
✗ 翻译失败，跳过此行
✓ 已保存到文件: 651/4500 条

[652/4500] 翻译进度: 14.5%
藏语原文: གནས་རུང་འགྱུ་རུང་རང་སྟོང་རྩ་བྲལ་དུ་ཐག་ལེ་བ།

开始翻译流程 (尝试 1/2):
========================================
步骤1: 输入藏语文本...
输入文本时出错: Message: tab crashed
  (Session info: chrome=143.0.7499.169)

✗ 输入文本失败

开始翻译流程 (尝试 2/2):
========================================
步骤1: 输入藏语文本...
输入文本时出错: Message: tab crashed
  (Session info: chrome=143.0.7499.169)

✗ 输入文本失败
========================================
✗ 翻译失败，跳过此行
✓ 已保存到文件: 652/4500 条

[653/4500] 翻译进度: 14.5%
藏语原文: ཡང་ཡང་རང་བཞིན་དེ་སྒོམ་བྱ།

开始翻译流程 (尝试 1/2):
========================================
步骤1: 输入藏语文本...
输入文本时出错: Message: tab crashed
  (Session info: chrome=143.0.7499.169)

✗ 输入文本失败

开始翻译流程 (尝试 2/2):
========================================
步骤1: 输入藏语文本...
输入文本时出错: Message: tab crashed
  (Session info: chrome=143.0.7499.169)

✗ 输入文本失败
========================================
✗ 翻译失败，跳过此行
✓ 已保存到文件: 653/4500 条

[654/4500] 翻译进度: 14.5%
藏语原文: བློ་ལྡན་ཁྱིམ་ན་འདུག་གམ།

开始翻译流程 (尝试 1/2):
========================================
步骤1: 输入藏语文本...
输入文本时出错: Message: tab crashed
  (Session info: chrome=143.0.7499.169)

✗ 输入文本失败

开始翻译流程 (尝试 2/2):
========================================
步骤1: 输入藏语文本...
输入文本时出错: Message: tab crashed
  (Session info: chrome=143.0.7499.169)

✗ 输入文本失败
========================================
✗ 翻译失败，跳过此行
✓ 已保存到文件: 654/4500 条

[655/4500] 翻译进度: 14.6%
藏语原文: དེ་ལྟར་མ་བསྡོམ་པ་ཁྱིམ་པ་ལ་སོགས་པ་དང་ལྷན་ཅིག་ཏུ་འདུ...

开始翻译流程 (尝试 1/2):
========================================
步骤1: 输入藏语文本...
输入文本时出错: Message: tab crashed
  (Session info: chrome=143.0.7499.169)

✗ 输入文本失败

开始翻译流程 (尝试 2/2):
========================================
步骤1: 输入藏语文本...
输入文本时出错: Message: tab crashed
  (Session info: chrome=143.0.7499.169)

✗ 输入文本失败
========================================
✗ 翻译失败，跳过此行
✓ 已保存到文件: 655/4500 条

[656/4500] 翻译进度: 14.6%
藏语原文: ཁྱིམ་ན་འདུག་གམ་ཡང་ན་བས་མཐར་འདུག་ཀྱང་རུང་སྟེ།

开始翻译流程 (尝试 1/2):
========================================
步骤1: 输入藏语文本...
输入文本时出错: Message: tab crashed
  (Session info: chrome=143.0.7499.169)

✗ 输入文本失败

开始翻译流程 (尝试 2/2):
========================================
步骤1: 输入藏语文本...
输入文本时出错: Message: tab crashed
  (Session info: chrome=143.0.7499.169)

✗ 输入文本失败
========================================
✗ 翻译失败，跳过此行
✓ 已保存到文件: 656/4500 条

[657/4500] 翻译进度: 14.6%
藏语原文: ལུས་ཀྱི་འདུག་སྟངས་འཁྲུལ་འཁོར་གྱིས།

开始翻译流程 (尝试 1/2):
========================================
步骤1: 输入藏语文本...
输入文本时出错: Message: tab crashed
  (Session info: chrome=143.0.7499.169)

✗ 输入文本失败

开始翻译流程 (尝试 2/2):
========================================
步骤1: 输入藏语文本...
输入文本时出错: Message: tab crashed
  (Session info: chrome=143.0.7499.169)

✗ 输入文本失败
========================================
✗ 翻译失败，跳过此行
✓ 已保存到文件: 657/4500 条

[658/4500] 翻译进度: 14.6%
藏语原文: ཉེར་གཅིག་ཟེར་བ་གཉིས་གདའ་ནའང་།

开始翻译流程 (尝试 1/2):
========================================
步骤1: 输入藏语文本...
输入文本时出错: Message: tab crashed
  (Session info: chrome=143.0.7499.169)

✗ 输入文本失败

开始翻译流程 (尝试 2/2):
========================================
步骤1: 输入藏语文本...
输入文本时出错: Message: tab crashed
  (Session info: chrome=143.0.7499.169)

✗ 输入文本失败
========================================
✗ 翻译失败，跳过此行
✓ 已保存到文件: 658/4500 条

[659/4500] 翻译进度: 14.6%
藏语原文: དེ་ནས་དེ་ཡང་རང་སེམས་སུ་ཤེས་བཞིན་པས་ཕཊ་ཅེས་དབྱིངས་ར...

开始翻译流程 (尝试 1/2):
========================================
步骤1: 输入藏语文本...
输入文本时出错: Message: tab crashed
  (Session info: chrome=143.0.7499.169)

✗ 输入文本失败

开始翻译流程 (尝试 2/2):
========================================
步骤1: 输入藏语文本...
输入文本时出错: Message: tab crashed
  (Session info: chrome=143.0.7499.169)

✗ 输入文本失败
========================================
✗ 翻译失败，跳过此行
✓ 已保存到文件: 659/4500 条

[660/4500] 翻译进度: 14.7%
藏语原文: དེ་ནས་ཡང་སྔར་གྱི་ཤུལ་དུ་འདུག་སྟེ།

开始翻译流程 (尝试 1/2):
========================================
步骤1: 输入藏语文本...
输入文本时出错: Message: tab crashed
  (Session info: chrome=143.0.7499.169)

✗ 输入文本失败

开始翻译流程 (尝试 2/2):
========================================
步骤1: 输入藏语文本...
输入文本时出错: Message: tab crashed
  (Session info: chrome=143.0.7499.169)

✗ 输入文本失败
========================================
✗ 翻译失败，跳过此行
✓ 已保存到文件: 660/4500 条

[661/4500] 翻译进度: 14.7%
藏语原文: མ་སྐྱེ་མེད་བཟོད་པ་བསྒོམ་ཙ་ན།

开始翻译流程 (尝试 1/2):
========================================
步骤1: 输入藏语文本...
输入文本时出错: Message: tab crashed
  (Session info: chrome=143.0.7499.169)

✗ 输入文本失败

开始翻译流程 (尝试 2/2):
========================================
步骤1: 输入藏语文本...
输入文本时出错: Message: tab crashed
  (Session info: chrome=143.0.7499.169)

✗ 输入文本失败
========================================
✗ 翻译失败，跳过此行
✓ 已保存到文件: 661/4500 条

[662/4500] 翻译进度: 14.7%
藏语原文: མ་མཉམ་ཉིད་ངང་ལ་བཞུགས་ཙ་ན།

开始翻译流程 (尝试 1/2):
========================================
步骤1: 输入藏语文本...
输入文本时出错: Message: tab crashed
  (Session info: chrome=143.0.7499.169)

✗ 输入文本失败

开始翻译流程 (尝试 2/2):
========================================
步骤1: 输入藏语文本...
输入文本时出错: Message: tab crashed
  (Session info: chrome=143.0.7499.169)

✗ 输入文本失败
========================================
✗ 翻译失败，跳过此行
✓ 已保存到文件: 662/4500 条

[663/4500] 翻译进度: 14.7%
藏语原文: མ་མཉམ་ཉིད་ངང་ལ་བཞུགས་ཙ་ན།

开始翻译流程 (尝试 1/2):
========================================
步骤1: 输入藏语文本...
输入文本时出错: Message: tab crashed
  (Session info: chrome=143.0.7499.169)

✗ 输入文本失败

开始翻译流程 (尝试 2/2):
========================================
步骤1: 输入藏语文本...
输入文本时出错: Message: tab crashed
  (Session info: chrome=143.0.7499.169)

✗ 输入文本失败
========================================
✗ 翻译失败，跳过此行
✓ 已保存到文件: 663/4500 条

[664/4500] 翻译进度: 14.8%
藏语原文: མ་དགོངས་པ་ཤར་དུ་བསྐྱོད་ཙ་ན།

开始翻译流程 (尝试 1/2):
========================================
步骤1: 输入藏语文本...
输入文本时出错: Message: tab crashed
  (Session info: chrome=143.0.7499.169)

✗ 输入文本失败

开始翻译流程 (尝试 2/2):
========================================
步骤1: 输入藏语文本...
输入文本时出错: Message: tab crashed
  (Session info: chrome=143.0.7499.169)

✗ 输入文本失败
========================================
✗ 翻译失败，跳过此行
✓ 已保存到文件: 664/4500 条

[665/4500] 翻译进度: 14.8%
藏语原文: མ་དགོངས་པ་ལྷོ་རུ་སྐྱོད་ཙ་ན།

开始翻译流程 (尝试 1/2):
========================================
步骤1: 输入藏语文本...
输入文本时出错: Message: tab crashed
  (Session info: chrome=143.0.7499.169)

✗ 输入文本失败

开始翻译流程 (尝试 2/2):
========================================
步骤1: 输入藏语文本...
输入文本时出错: Message: tab crashed
  (Session info: chrome=143.0.7499.169)

✗ 输入文本失败
========================================
✗ 翻译失败，跳过此行
✓ 已保存到文件: 665/4500 条

[666/4500] 翻译进度: 14.8%
藏语原文: མ་དགོངས་པ་ནུབ་ཏུ་བསྐྱོད་ཙ་ན།

开始翻译流程 (尝试 1/2):
========================================
步骤1: 输入藏语文本...
输入文本时出错: Message: tab crashed
  (Session info: chrome=143.0.7499.169)

✗ 输入文本失败

开始翻译流程 (尝试 2/2):
========================================
步骤1: 输入藏语文本...
输入文本时出错: Message: tab crashed
  (Session info: chrome=143.0.7499.169)

✗ 输入文本失败
========================================
✗ 翻译失败，跳过此行
✓ 已保存到文件: 666/4500 条

[667/4500] 翻译进度: 14.8%
藏语原文: མ་དགོངས་པ་བྱང་དུ་བསྐྱོད་ཙ་ན།

开始翻译流程 (尝试 1/2):
========================================
步骤1: 输入藏语文本...
输入文本时出错: Message: tab crashed
  (Session info: chrome=143.0.7499.169)

✗ 输入文本失败

开始翻译流程 (尝试 2/2):
========================================
步骤1: 输入藏语文本...
输入文本时出错: Message: tab crashed
  (Session info: chrome=143.0.7499.169)

✗ 输入文本失败
========================================
✗ 翻译失败，跳过此行
✓ 已保存到文件: 667/4500 条

[668/4500] 翻译进度: 14.8%
藏语原文: མ་དགོངས་པ་དབུས་སུ་བསྐྱོད་ཙ་ན།

开始翻译流程 (尝试 1/2):
========================================
步骤1: 输入藏语文本...
输入文本时出错: Message: tab crashed
  (Session info: chrome=143.0.7499.169)

✗ 输入文本失败

开始翻译流程 (尝试 2/2):
========================================
步骤1: 输入藏语文本...
输入文本时出错: Message: tab crashed
  (Session info: chrome=143.0.7499.169)

✗ 输入文本失败
========================================
✗ 翻译失败，跳过此行
✓ 已保存到文件: 668/4500 条

[669/4500] 翻译进度: 14.9%
藏语原文: སྔགས་རྙིང་མའི་ལུགས་དང་མཐུན་པའི་གྱེར་བྱེད་པར་གདའ།

开始翻译流程 (尝试 1/2):
========================================
步骤1: 输入藏语文本...
输入文本时出错: Message: tab crashed
  (Session info: chrome=143.0.7499.169)

✗ 输入文本失败

开始翻译流程 (尝试 2/2):
========================================
步骤1: 输入藏语文本...
输入文本时出错: Message: tab crashed
  (Session info: chrome=143.0.7499.169)

✗ 输入文本失败
========================================
✗ 翻译失败，跳过此行
✓ 已保存到文件: 669/4500 条

[670/4500] 翻译进度: 14.9%
藏语原文: འདིའི་སྔོན་དུ་བགེགས་གཏོར་གཏོང་བའི་ལུགས་ཀྱང་འདུག་པས...

开始翻译流程 (尝试 1/2):
========================================
步骤1: 输入藏语文本...
输入文本时出错: Message: tab crashed
  (Session info: chrome=143.0.7499.169)

✗ 输入文本失败

开始翻译流程 (尝试 2/2):
========================================
步骤1: 输入藏语文本...
输入文本时出错: Message: tab crashed
  (Session info: chrome=143.0.7499.169)

✗ 输入文本失败
========================================
✗ 翻译失败，跳过此行
✓ 已保存到文件: 670/4500 条

[671/4500] 翻译进度: 14.9%
藏语原文: འགྲིལ་ནས་གསང་གནས་སུ་ཅུང་ཟད་འདུག།

开始翻译流程 (尝试 1/2):
========================================
步骤1: 输入藏语文本...
输入文本时出错: Message: tab crashed
  (Session info: chrome=143.0.7499.169)

✗ 输入文本失败

开始翻译流程 (尝试 2/2):
========================================
步骤1: 输入藏语文本...
输入文本时出错: Message: tab crashed
  (Session info: chrome=143.0.7499.169)

✗ 输入文本失败
========================================
✗ 翻译失败，跳过此行
✓ 已保存到文件: 671/4500 条

[672/4500] 翻译进度: 14.9%
藏语原文: སྤྱི་གཙུག་ཚངས་པའི་བུ་ག་ནས་འདོན་ལ་ཁད་ཁད་འདུག་པ་ལ།

开始翻译流程 (尝试 1/2):
========================================
步骤1: 输入藏语文本...
输入文本时出错: Message: tab crashed
  (Session info: chrome=143.0.7499.169)

✗ 输入文本失败

开始翻译流程 (尝试 2/2):
========================================
步骤1: 输入藏语文本...
输入文本时出错: Message: tab crashed
  (Session info: chrome=143.0.7499.169)

✗ 输入文本失败
========================================
✗ 翻译失败，跳过此行
✓ 已保存到文件: 672/4500 条

[673/4500] 翻译进度: 15.0%
藏语原文: ཁྱེད་རང་རྣམས་ལ་ཐིམ་པས།

开始翻译流程 (尝试 1/2):
========================================
步骤1: 输入藏语文本...
输入文本时出错: Message: tab crashed
  (Session info: chrome=143.0.7499.169)

✗ 输入文本失败

开始翻译流程 (尝试 2/2):
========================================
步骤1: 输入藏语文本...
输入文本时出错: Message: tab crashed
  (Session info: chrome=143.0.7499.169)

✗ 输入文本失败
========================================
✗ 翻译失败，跳过此行
✓ 已保存到文件: 673/4500 条

[674/4500] 翻译进度: 15.0%
藏语原文: རྒྱ་མཚོའི་ལ་ཆར་བབ་པ་བཞིན་དུ་ཁྱེད་རང་ལ་སིབ་སིབ་ཐིམ།

开始翻译流程 (尝试 1/2):
========================================
步骤1: 输入藏语文本...
输入文本时出错: Message: tab crashed
  (Session info: chrome=143.0.7499.169)

✗ 输入文本失败

开始翻译流程 (尝试 2/2):
========================================
步骤1: 输入藏语文本...
输入文本时出错: Message: tab crashed
  (Session info: chrome=143.0.7499.169)

✗ 输入文本失败
========================================
✗ 翻译失败，跳过此行
✓ 已保存到文件: 674/4500 条

[675/4500] 翻译进度: 15.0%
藏语原文: ཁོ་རང་སྔར་བསྒོམ་མྱོང་བ་དེ་བསྒོམ་དུ་བཅུག་པས་ཆོག།

开始翻译流程 (尝试 1/2):
========================================
步骤1: 输入藏语文本...
输入文本时出错: Message: tab crashed
  (Session info: chrome=143.0.7499.169)

✗ 输入文本失败

开始翻译流程 (尝试 2/2):
========================================
步骤1: 输入藏语文本...
输入文本时出错: Message: tab crashed
  (Session info: chrome=143.0.7499.169)

✗ 输入文本失败
========================================
✗ 翻译失败，跳过此行
✓ 已保存到文件: 675/4500 条

[676/4500] 翻译进度: 15.0%
藏语原文: སྔར་གོ་བ་ཡོད་ཀྱང་དེ་དུས་རིག་པ་གསལ་དྭངས་ཉམས་འདུག་ན།

开始翻译流程 (尝试 1/2):
========================================
步骤1: 输入藏语文本...
输入文本时出错: Message: tab crashed
  (Session info: chrome=143.0.7499.169)

✗ 输入文本失败

开始翻译流程 (尝试 2/2):
========================================
步骤1: 输入藏语文本...
输入文本时出错: Message: tab crashed
  (Session info: chrome=143.0.7499.169)

✗ 输入文本失败
========================================
✗ 翻译失败，跳过此行
✓ 已保存到文件: 676/4500 条

[677/4500] 翻译进度: 15.0%
藏语原文: ཕྱོགས་གཅིག་དུ་འདུག་གེ།

开始翻译流程 (尝试 1/2):
========================================
步骤1: 输入藏语文本...
输入文本时出错: Message: tab crashed
  (Session info: chrome=143.0.7499.169)

✗ 输入文本失败

开始翻译流程 (尝试 2/2):
========================================
步骤1: 输入藏语文本...
输入文本时出错: Message: tab crashed
  (Session info: chrome=143.0.7499.169)

✗ 输入文本失败
========================================
✗ 翻译失败，跳过此行
✓ 已保存到文件: 677/4500 条

[678/4500] 翻译进度: 15.1%
藏语原文: བཅོམ་ལྡན་འདས་དེལ་ལུས་ཐ་དད་པ་ན་ཡང་གདའ།

开始翻译流程 (尝试 1/2):
========================================
步骤1: 输入藏语文本...
输入文本时出错: Message: tab crashed
  (Session info: chrome=143.0.7499.169)

✗ 输入文本失败

开始翻译流程 (尝试 2/2):
========================================
步骤1: 输入藏语文本...
输入文本时出错: Message: tab crashed
  (Session info: chrome=143.0.7499.169)

✗ 输入文本失败
========================================
✗ 翻译失败，跳过此行
✓ 已保存到文件: 678/4500 条

[679/4500] 翻译进度: 15.1%
藏语原文: ཕྱོགས་གཅིག་ཏུ་འདུག་གོ།

开始翻译流程 (尝试 1/2):
========================================
步骤1: 输入藏语文本...
输入文本时出错: Message: tab crashed
  (Session info: chrome=143.0.7499.169)

✗ 输入文本失败

开始翻译流程 (尝试 2/2):
========================================
步骤1: 输入藏语文本...
输入文本时出错: Message: tab crashed
  (Session info: chrome=143.0.7499.169)

✗ 输入文本失败
========================================
✗ 翻译失败，跳过此行
✓ 已保存到文件: 679/4500 条

[680/4500] 翻译进度: 15.1%
藏语原文: ཕྱོགས་གཅིག་ཏུའདུག་གོ།

开始翻译流程 (尝试 1/2):
========================================
步骤1: 输入藏语文本...
输入文本时出错: Message: tab crashed
  (Session info: chrome=143.0.7499.169)

✗ 输入文本失败

开始翻译流程 (尝试 2/2):
========================================
步骤1: 输入藏语文本...
输入文本时出错: Message: tab crashed
  (Session info: chrome=143.0.7499.169)

✗ 输入文本失败
========================================
✗ 翻译失败，跳过此行
✓ 已保存到文件: 680/4500 条

[681/4500] 翻译进度: 15.1%
藏语原文: ཕྱོགས་གཅིག་ཏུ་འདུག་པ་དང་།

开始翻译流程 (尝试 1/2):
========================================
步骤1: 输入藏语文本...
输入文本时出错: Message: tab crashed
  (Session info: chrome=143.0.7499.169)

✗ 输入文本失败

开始翻译流程 (尝试 2/2):
========================================
步骤1: 输入藏语文本...
输入文本时出错: Message: tab crashed
  (Session info: chrome=143.0.7499.169)

✗ 输入文本失败
========================================
✗ 翻译失败，跳过此行
✓ 已保存到文件: 681/4500 条

[682/4500] 翻译进度: 15.2%
藏语原文: བཅོམ་ལྡན་འདས་དེའི་སླན་སར་འདུག་ནས་འདི་སྐད་ཅེས་གསོལ་...

开始翻译流程 (尝试 1/2):
========================================
步骤1: 输入藏语文本...
输入文本时出错: Message: tab crashed
  (Session info: chrome=143.0.7499.169)

✗ 输入文本失败

开始翻译流程 (尝试 2/2):
========================================
步骤1: 输入藏语文本...
输入文本时出错: Message: tab crashed
  (Session info: chrome=143.0.7499.169)

✗ 输入文本失败
========================================
✗ 翻译失败，跳过此行
✓ 已保存到文件: 682/4500 条

[683/4500] 翻译进度: 15.2%
藏语原文: ཕྱོགས་གཅིག་ཏུའདུག་གོ།

开始翻译流程 (尝试 1/2):
========================================
步骤1: 输入藏语文本...
输入文本时出错: Message: tab crashed
  (Session info: chrome=143.0.7499.169)

✗ 输入文本失败

开始翻译流程 (尝试 2/2):
========================================
步骤1: 输入藏语文本...
输入文本时出错: Message: tab crashed
  (Session info: chrome=143.0.7499.169)

✗ 输入文本失败
========================================
✗ 翻译失败，跳过此行
✓ 已保存到文件: 683/4500 条

[684/4500] 翻译进度: 15.2%
藏语原文: ཕྱོགས་གཅིག་ཏུ་འདུག་ནས།

开始翻译流程 (尝试 1/2):
========================================
步骤1: 输入藏语文本...
输入文本时出错: Message: tab crashed
  (Session info: chrome=143.0.7499.169)

✗ 输入文本失败

开始翻译流程 (尝试 2/2):
========================================
步骤1: 输入藏语文本...
输入文本时出错: Message: tab crashed
  (Session info: chrome=143.0.7499.169)

✗ 输入文本失败
========================================
✗ 翻译失败，跳过此行
✓ 已保存到文件: 684/4500 条

[685/4500] 翻译进度: 15.2%
藏语原文: དེའི་ཚེ་འཁོར་དེ་ཉིད་དུ་བསྣུན་པའི་བློ་༧ གྲེས་གཞོན་ན...

开始翻译流程 (尝试 1/2):
========================================
步骤1: 输入藏语文本...
输入文本时出错: Message: tab crashed
  (Session info: chrome=143.0.7499.169)

✗ 输入文本失败

开始翻译流程 (尝试 2/2):
========================================
步骤1: 输入藏语文本...
输入文本时出错: Message: tab crashed
  (Session info: chrome=143.0.7499.169)

✗ 输入文本失败
========================================
✗ 翻译失败，跳过此行
✓ 已保存到文件: 685/4500 条

[686/4500] 翻译进度: 15.2%
藏语原文: འཇིག་རྟེན་གྱི་ཁམས་མམཇེད་འདིར་འདུག་གོ།

开始翻译流程 (尝试 1/2):
========================================
步骤1: 输入藏语文本...
输入文本时出错: Message: tab crashed
  (Session info: chrome=143.0.7499.169)

✗ 输入文本失败

开始翻译流程 (尝试 2/2):
========================================
步骤1: 输入藏语文本...
输入文本时出错: Message: tab crashed
  (Session info: chrome=143.0.7499.169)

✗ 输入文本失败
========================================
✗ 翻译失败，跳过此行
✓ 已保存到文件: 686/4500 条

[687/4500] 翻译进度: 15.3%
藏语原文: ཕྱོགས་གཅིག་ཏུ་འདུག་གོ།

开始翻译流程 (尝试 1/2):
========================================
步骤1: 输入藏语文本...
输入文本时出错: Message: tab crashed
  (Session info: chrome=143.0.7499.169)

✗ 输入文本失败

开始翻译流程 (尝试 2/2):
========================================
步骤1: 输入藏语文本...
输入文本时出错: Message: tab crashed
  (Session info: chrome=143.0.7499.169)

✗ 输入文本失败
========================================
✗ 翻译失败，跳过此行
✓ 已保存到文件: 687/4500 条

[688/4500] 翻译进度: 15.3%
藏语原文: ཕྱོགས་གཅིག་ཏུ་འདུག་ནས་ཀྱང་།

开始翻译流程 (尝试 1/2):
========================================
步骤1: 输入藏语文本...
输入文本时出错: Message: tab crashed
  (Session info: chrome=143.0.7499.169)

✗ 输入文本失败

开始翻译流程 (尝试 2/2):
========================================
步骤1: 输入藏语文本...
输入文本时出错: Message: tab crashed
  (Session info: chrome=143.0.7499.169)

✗ 输入文本失败
========================================
✗ 翻译失败，跳过此行
✓ 已保存到文件: 688/4500 条

[689/4500] 翻译进度: 15.3%
藏语原文: རང་རང་གྱི་ཐབས་ལ་མཁས་པ་གསལ་བར་བྱ་བའི་ཕྱིར།

开始翻译流程 (尝试 1/2):
========================================
步骤1: 输入藏语文本...
输入文本时出错: Message: tab crashed
  (Session info: chrome=143.0.7499.169)

✗ 输入文本失败

开始翻译流程 (尝试 2/2):
========================================
步骤1: 输入藏语文本...
输入文本时出错: Message: tab crashed
  (Session info: chrome=143.0.7499.169)

✗ 输入文本失败
========================================
✗ 翻译失败，跳过此行
✓ 已保存到文件: 689/4500 条

[690/4500] 翻译进度: 15.3%
藏语原文: འོད་གདའ་བ་དེ་སུའི་ལགས་དེ་སྐད་ཅེས་གསོལ་པ་དད།

开始翻译流程 (尝试 1/2):
========================================
步骤1: 输入藏语文本...
输入文本时出错: Message: tab crashed
  (Session info: chrome=143.0.7499.169)

✗ 输入文本失败

开始翻译流程 (尝试 2/2):
========================================
步骤1: 输入藏语文本...
输入文本时出错: Message: tab crashed
  (Session info: chrome=143.0.7499.169)

✗ 输入文本失败
========================================
✗ 翻译失败，跳过此行
✓ 已保存到文件: 690/4500 条

[691/4500] 翻译进度: 15.4%
藏语原文: འཇིག་རྟེནགྱི་ཁམས་མི་མཇེད་དུ་འདུག་གོ།

开始翻译流程 (尝试 1/2):
========================================
步骤1: 输入藏语文本...
输入文本时出错: Message: tab crashed
  (Session info: chrome=143.0.7499.169)

✗ 输入文本失败

开始翻译流程 (尝试 2/2):
========================================
步骤1: 输入藏语文本...
输入文本时出错: Message: tab crashed
  (Session info: chrome=143.0.7499.169)

✗ 输入文本失败
========================================
✗ 翻译失败，跳过此行
✓ 已保存到文件: 691/4500 条

[692/4500] 翻译进度: 15.4%
藏语原文: ཕྱོགས་གཅིག་དུ་འདུག་གོ།

开始翻译流程 (尝试 1/2):
========================================
步骤1: 输入藏语文本...
输入文本时出错: Message: tab crashed
  (Session info: chrome=143.0.7499.169)

✗ 输入文本失败

开始翻译流程 (尝试 2/2):
========================================
步骤1: 输入藏语文本...
输入文本时出错: Message: tab crashed
  (Session info: chrome=143.0.7499.169)

✗ 输入文本失败
========================================
✗ 翻译失败，跳过此行
✓ 已保存到文件: 692/4500 条

[693/4500] 翻译进度: 15.4%
藏语原文: ར་། ཕྱོགས་གཅིག་དུ་འདུག་གནས་ཀྱང་།

开始翻译流程 (尝试 1/2):
========================================
步骤1: 输入藏语文本...
输入文本时出错: Message: tab crashed
  (Session info: chrome=143.0.7499.169)

✗ 输入文本失败

开始翻译流程 (尝试 2/2):
========================================
步骤1: 输入藏语文本...
输入文本时出错: Message: tab crashed
  (Session info: chrome=143.0.7499.169)

✗ 输入文本失败
========================================
✗ 翻译失败，跳过此行
✓ 已保存到文件: 693/4500 条

[694/4500] 翻译进度: 15.4%
藏语原文: འཇིག་རྟེན་གྱི་ཁམས་མི་མཇེད་དུ་འདུག་གེ།

开始翻译流程 (尝试 1/2):
========================================
步骤1: 输入藏语文本...
输入文本时出错: Message: tab crashed
  (Session info: chrome=143.0.7499.169)

✗ 输入文本失败

开始翻译流程 (尝试 2/2):
========================================
步骤1: 输入藏语文本...
输入文本时出错: Message: tab crashed
  (Session info: chrome=143.0.7499.169)

✗ 输入文本失败
========================================
✗ 翻译失败，跳过此行
✓ 已保存到文件: 694/4500 条

[695/4500] 翻译进度: 15.4%
藏语原文: ཕྱོགས་གཅིག་ཏུ་འདུག་གོ།

开始翻译流程 (尝试 1/2):
========================================
步骤1: 输入藏语文本...
输入文本时出错: Message: tab crashed
  (Session info: chrome=143.0.7499.169)

✗ 输入文本失败

开始翻译流程 (尝试 2/2):
========================================
步骤1: 输入藏语文本...
输入文本时出错: Message: tab crashed
  (Session info: chrome=143.0.7499.169)

✗ 输入文本失败
========================================
✗ 翻译失败，跳过此行
✓ 已保存到文件: 695/4500 条

[696/4500] 翻译进度: 15.5%
藏语原文: ཡུད་ཙམ་དེས་འཇིག་རྟེན་གྱི་ཁམས་མི་མཇེད་འདིར་འདུག་སྟེ...

开始翻译流程 (尝试 1/2):
========================================
步骤1: 输入藏语文本...
输入文本时出错: Message: tab crashed
  (Session info: chrome=143.0.7499.169)

✗ 输入文本失败

开始翻译流程 (尝试 2/2):
========================================
步骤1: 输入藏语文本...
输入文本时出错: Message: tab crashed
  (Session info: chrome=143.0.7499.169)

✗ 输入文本失败
========================================
✗ 翻译失败，跳过此行
✓ 已保存到文件: 696/4500 条

[697/4500] 翻译进度: 15.5%
藏语原文: ཕྱོགས་གཅིག་དུ་འདུག་ནས་ཀྱང་།

开始翻译流程 (尝试 1/2):
========================================
步骤1: 输入藏语文本...
输入文本时出错: Message: tab crashed
  (Session info: chrome=143.0.7499.169)

✗ 输入文本失败

开始翻译流程 (尝试 2/2):
========================================
步骤1: 输入藏语文本...
输入文本时出错: Message: tab crashed
  (Session info: chrome=143.0.7499.169)

✗ 输入文本失败
========================================
✗ 翻译失败，跳过此行
✓ 已保存到文件: 697/4500 条

[698/4500] 翻译进度: 15.5%
藏语原文: ཕྱོགས་གཅིག་ཏུ་འདུག་ནས་ཀྱང་།

开始翻译流程 (尝试 1/2):
========================================
步骤1: 输入藏语文本...
输入文本时出错: Message: tab crashed
  (Session info: chrome=143.0.7499.169)

✗ 输入文本失败

开始翻译流程 (尝试 2/2):
========================================
步骤1: 输入藏语文本...
输入文本时出错: Message: tab crashed
  (Session info: chrome=143.0.7499.169)

✗ 输入文本失败
========================================
✗ 翻译失败，跳过此行
✓ 已保存到文件: 698/4500 条

[699/4500] 翻译进度: 15.5%
藏语原文: ཐང་ཅིག་དང་ཡུད་ཙམ་དེས་འཇིག་རྟེན་གྱི་ཁམས་ན་མཇེད་འདིར...

开始翻译流程 (尝试 1/2):
========================================
步骤1: 输入藏语文本...
输入文本时出错: Message: tab crashed
  (Session info: chrome=143.0.7499.169)

✗ 输入文本失败

开始翻译流程 (尝试 2/2):
========================================
步骤1: 输入藏语文本...
输入文本时出错: Message: tab crashed
  (Session info: chrome=143.0.7499.169)

✗ 输入文本失败
========================================
✗ 翻译失败，跳过此行
✓ 已保存到文件: 699/4500 条

[700/4500] 翻译进度: 15.6%
藏语原文: ཕྱོགས་གཅིག་ཏུ་འདུགགོ།

开始翻译流程 (尝试 1/2):
========================================
步骤1: 输入藏语文本...
输入文本时出错: Message: tab crashed
  (Session info: chrome=143.0.7499.169)

✗ 输入文本失败

开始翻译流程 (尝试 2/2):
========================================
步骤1: 输入藏语文本...
输入文本时出错: Message: tab crashed
  (Session info: chrome=143.0.7499.169)

✗ 输入文本失败
========================================
✗ 翻译失败，跳过此行
✓ 已保存到文件: 700/4500 条

[701/4500] 翻译进度: 15.6%
藏语原文: ཕྱོགས་གཅིག་ཏུའདུག་ནས་ཀྱང་།

开始翻译流程 (尝试 1/2):
========================================
步骤1: 输入藏语文本...
输入文本时出错: Message: tab crashed
  (Session info: chrome=143.0.7499.169)

✗ 输入文本失败

开始翻译流程 (尝试 2/2):
========================================
步骤1: 输入藏语文本...
输入文本时出错: Message: tab crashed
  (Session info: chrome=143.0.7499.169)

✗ 输入文本失败
========================================
✗ 翻译失败，跳过此行
✓ 已保存到文件: 701/4500 条

[702/4500] 翻译进度: 15.6%
藏语原文: འཇིགརྟེན་གྱི་ཁམས་མི་མཇེད་འདིར་འདུག་གོ།

开始翻译流程 (尝试 1/2):
========================================
步骤1: 输入藏语文本...
输入文本时出错: Message: tab crashed
  (Session info: chrome=143.0.7499.169)

✗ 输入文本失败

开始翻译流程 (尝试 2/2):
========================================
步骤1: 输入藏语文本...
输入文本时出错: Message: tab crashed
  (Session info: chrome=143.0.7499.169)

✗ 输入文本失败
========================================
✗ 翻译失败，跳过此行
✓ 已保存到文件: 702/4500 条

[703/4500] 翻译进度: 15.6%
藏语原文: བཅོམ་ལྡན་འདས་འོད་ཀུན་ཏུ་གདའ་བདར།

开始翻译流程 (尝试 1/2):
========================================
步骤1: 输入藏语文本...
输入文本时出错: Message: tab crashed
  (Session info: chrome=143.0.7499.169)

✗ 输入文本失败

开始翻译流程 (尝试 2/2):
========================================
步骤1: 输入藏语文本...
输入文本时出错: Message: tab crashed
  (Session info: chrome=143.0.7499.169)

✗ 输入文本失败
========================================
✗ 翻译失败，跳过此行
✓ 已保存到文件: 703/4500 条

[704/4500] 翻译进度: 15.6%
藏语原文: འཇིགརྟེན་གྱི་ཁམས་མི་མཇེད་འདིར་འདུག་སྟེ།

开始翻译流程 (尝试 1/2):
========================================
步骤1: 输入藏语文本...
输入文本时出错: Message: tab crashed
  (Session info: chrome=143.0.7499.169)

✗ 输入文本失败

开始翻译流程 (尝试 2/2):
========================================
步骤1: 输入藏语文本...
输入文本时出错: Message: tab crashed
  (Session info: chrome=143.0.7499.169)

✗ 输入文本失败
========================================
✗ 翻译失败，跳过此行
✓ 已保存到文件: 704/4500 条

[705/4500] 翻译进度: 15.7%
藏语原文: ཕྱོགས་གཅིག་ཏུ་འདུག་གོ།

开始翻译流程 (尝试 1/2):
========================================
步骤1: 输入藏语文本...
输入文本时出错: Message: tab crashed
  (Session info: chrome=143.0.7499.169)

✗ 输入文本失败

开始翻译流程 (尝试 2/2):
========================================
步骤1: 输入藏语文本...
输入文本时出错: Message: tab crashed
  (Session info: chrome=143.0.7499.169)

✗ 输入文本失败
========================================
✗ 翻译失败，跳过此行
✓ 已保存到文件: 705/4500 条

[706/4500] 翻译进度: 15.7%
藏语原文: འཇིག་རྟེན་གྱི་ཁམས་མི་མཇེད་འདིར་འདུག་ཏེ།

开始翻译流程 (尝试 1/2):
========================================
步骤1: 输入藏语文本...
输入文本时出错: Message: tab crashed
  (Session info: chrome=143.0.7499.169)

✗ 输入文本失败

开始翻译流程 (尝试 2/2):
========================================
步骤1: 输入藏语文本...
输入文本时出错: Message: tab crashed
  (Session info: chrome=143.0.7499.169)

✗ 输入文本失败
========================================
✗ 翻译失败，跳过此行
✓ 已保存到文件: 706/4500 条

[707/4500] 翻译进度: 15.7%
藏语原文: ཕྱོགས་གཅིག་ཏུའདུག་གེ།

开始翻译流程 (尝试 1/2):
========================================
步骤1: 输入藏语文本...
输入文本时出错: Message: tab crashed
  (Session info: chrome=143.0.7499.169)

✗ 输入文本失败

开始翻译流程 (尝试 2/2):
========================================
步骤1: 输入藏语文本...
输入文本时出错: Message: tab crashed
  (Session info: chrome=143.0.7499.169)

✗ 输入文本失败
========================================
✗ 翻译失败，跳过此行
✓ 已保存到文件: 707/4500 条

[708/4500] 翻译进度: 15.7%
藏语原文: བཅོམ་ལྡན་འདས་འོད་གདའ་བ་དེ་དང་།

开始翻译流程 (尝试 1/2):
========================================
步骤1: 输入藏语文本...
输入文本时出错: Message: tab crashed
  (Session info: chrome=143.0.7499.169)

✗ 输入文本失败

开始翻译流程 (尝试 2/2):
========================================
步骤1: 输入藏语文本...
输入文本时出错: Message: tab crashed
  (Session info: chrome=143.0.7499.169)

✗ 输入文本失败
========================================
✗ 翻译失败，跳过此行
✓ 已保存到文件: 708/4500 条

[709/4500] 翻译进度: 15.8%
藏语原文: ཕྱགས་གཅིག་ཏུ་འདུག་ནས་ཀྱང་བཅོམ་ལྡན་འདས་ལ་འདི་སྐད་ཅེ...

开始翻译流程 (尝试 1/2):
========================================
步骤1: 输入藏语文本...
输入文本时出错: Message: tab crashed
  (Session info: chrome=143.0.7499.169)

✗ 输入文本失败

开始翻译流程 (尝试 2/2):
========================================
步骤1: 输入藏语文本...
输入文本时出错: Message: tab crashed
  (Session info: chrome=143.0.7499.169)

✗ 输入文本失败
========================================
✗ 翻译失败，跳过此行
✓ 已保存到文件: 709/4500 条

[710/4500] 翻译进度: 15.8%
藏语原文: སྤྱན་སྔར་འདུག་སྟེ།

开始翻译流程 (尝试 1/2):
========================================
步骤1: 输入藏语文本...
输入文本时出错: Message: tab crashed
  (Session info: chrome=143.0.7499.169)

✗ 输入文本失败

开始翻译流程 (尝试 2/2):
========================================
步骤1: 输入藏语文本...
输入文本时出错: Message: tab crashed
  (Session info: chrome=143.0.7499.169)

✗ 输入文本失败
========================================
✗ 翻译失败，跳过此行
✓ 已保存到文件: 710/4500 条

[711/4500] 翻译进度: 15.8%
藏语原文: རྒྱལ་པོའི་གཞོན་ནུ་དྲན་ང་རྙེད་ཕྱོགས་གཅིག་ཏུ་འདུག་པ་...

开始翻译流程 (尝试 1/2):
========================================
步骤1: 输入藏语文本...
输入文本时出错: Message: tab crashed
  (Session info: chrome=143.0.7499.169)

✗ 输入文本失败

开始翻译流程 (尝试 2/2):
========================================
步骤1: 输入藏语文本...
输入文本时出错: Message: tab crashed
  (Session info: chrome=143.0.7499.169)

✗ 输入文本失败
========================================
✗ 翻译失败，跳过此行
✓ 已保存到文件: 711/4500 条

[712/4500] 翻译进度: 15.8%
藏语原文: ལམ་དུ་འདུག་ནས་གཞོན་ལ་སྨྲ་བྱེད་པ།

开始翻译流程 (尝试 1/2):
========================================
步骤1: 输入藏语文本...
输入文本时出错: Message: tab crashed
  (Session info: chrome=143.0.7499.169)

✗ 输入文本失败

开始翻译流程 (尝试 2/2):
========================================
步骤1: 输入藏语文本...
输入文本时出错: Message: tab crashed
  (Session info: chrome=143.0.7499.169)

✗ 输入文本失败
========================================
✗ 翻译失败，跳过此行
✓ 已保存到文件: 712/4500 条

[713/4500] 翻译进度: 15.8%
藏语原文: ཕྱོགས་གཅིག་དུ་འདུག་གེ།

开始翻译流程 (尝试 1/2):
========================================
步骤1: 输入藏语文本...
输入文本时出错: Message: tab crashed
  (Session info: chrome=143.0.7499.169)

✗ 输入文本失败

开始翻译流程 (尝试 2/2):
========================================
步骤1: 输入藏语文本...
输入文本时出错: Message: tab crashed
  (Session info: chrome=143.0.7499.169)

✗ 输入文本失败
========================================
✗ 翻译失败，跳过此行
✓ 已保存到文件: 713/4500 条

[714/4500] 翻译进度: 15.9%
藏语原文: ཕྱག་གཅིག་ཏུའདུགནས་ཀྱངའམ་ཀར་བདོད་དེ་དང་གཏམ་ཇི་སྙེད་...

开始翻译流程 (尝试 1/2):
========================================
步骤1: 输入藏语文本...
输入文本时出错: Message: tab crashed
  (Session info: chrome=143.0.7499.169)

✗ 输入文本失败

开始翻译流程 (尝试 2/2):